district,block,sr_no,gram_panchayat,reservation,caste_reservation,woman_reserved,winner,father_husband,unopposed,vacant,reservation_raw,script,printings_agree,notification,source_pdf
Ambala,Ambala-I,1,Ado Majra,Other than Woman,NONE,0,Sarjant Singh,Joginder Singh,0,0,Unreserved,latin,,1992,Ambala.pdf
Ambala,Ambala-I,2,Ahema,SC Other than Woman,SC,0,Ram Kumar,Gurnam Singh,0,0,Scheduled Caste,latin,,1992,Ambala.pdf
Ambala,Ambala-I,3,Amipur,Woman,NONE,1,Sushma,Surinder Singh,0,0,Women,latin,,1992,Ambala.pdf
Ambala,Ambala-I,4,Anandpur Jalbera,Other than Woman,NONE,0,Avtar Singh,Dharampal,0,0,Unreserved,latin,,1992,Ambala.pdf
Ambala,Ambala-I,5,Babaheri,Woman,NONE,1,Minakshi,Gorav Sharma,0,0,Women,latin,,1992,Ambala.pdf
Ambala,Ambala-I,6,Baknour,SC Other than Woman,SC,0,Keema Ram,Karam Chand,0,0,Scheduled Caste,latin,,1992,Ambala.pdf
Ambala,Ambala-I,7,Ballana,Other than Woman,NONE,0,Labh Singh,Fagga Singh,0,0,Unreserved,latin,,1992,Ambala.pdf
Ambala,Ambala-I,8,Balapur,Other than Woman,NONE,0,Sohan Lal,Puran Chand,0,0,Unreserved,latin,,1992,Ambala.pdf
Ambala,Ambala-I,9,Bara,Other than Woman,NONE,0,Vikas Behgal,Nahar Singh,0,0,Unreserved,latin,,1992,Ambala.pdf
Ambala,Ambala-I,10,Baroula,SC Woman,SC,1,Kavita,Baldev Raj,0,0,Schedulded Caste (Women),latin,,1992,Ambala.pdf
Ambala,Ambala-I,11,Barouli,SC Other than Woman,SC,0,Paramjit Kaur,Ranbir Singh,0,0,Scheduled Caste,latin,,1992,Ambala.pdf
Ambala,Ambala-I,12,Batrohan,Other than Woman,NONE,0,Gurjant Singh,Sahab Singh,0,0,Unreserved,latin,,1992,Ambala.pdf
Ambala,Ambala-I,13,Bedsan,Other than Woman,NONE,0,Neelam,Ram Kumar,0,0,Unreserved,latin,,1992,Ambala.pdf
Ambala,Ambala-I,14,Bego Majra,Woman,NONE,1,Bhupinder Kaur,Jagdeep Singh,0,0,Women,latin,,1992,Ambala.pdf
Ambala,Ambala-I,15,Behbalpur,Other than Woman,NONE,0,Maya Ram,Parsa Ram,0,0,Unreserved,latin,,1992,Ambala.pdf
Ambala,Ambala-I,16,Bhanokheri,SC Woman,SC,1,Urmila Devi,Vijay Singh,0,0,Schedulded Caste (Women),latin,,1992,Ambala.pdf
Ambala,Ambala-I,17,Bhanpur- Nakatpur,Woman,NONE,1,Sarabjeet Kaur,Balwinder Singh,0,0,Women,latin,,1992,Ambala.pdf
Ambala,Ambala-I,18,Bhari,Woman,NONE,1,Rajvinder Kaur,Baljeet Singh,0,0,Women,latin,,1992,Ambala.pdf
Ambala,Ambala-I,19,Bhunni,Woman,NONE,1,Rajvinder Kaur,Gurvinder Singh,0,0,Women,latin,,1992,Ambala.pdf
Ambala,Ambala-I,20,Bhurangpu r,Woman,NONE,1,Rajwinder Kaur,Baljit Singh,0,0,Women,latin,,1992,Ambala.pdf
Ambala,Ambala-I,21,Bhura Majra,SC Woman,SC,1,Sukhbir Kaur,Raj Singh,0,0,Schedulded Caste (Women),latin,,1992,Ambala.pdf
Ambala,Ambala-I,22,Bishangarh,Woman,NONE,1,Kuljeet Kaur,Hawa Singh,0,0,Women,latin,,1992,Ambala.pdf
Ambala,Ambala-I,23,Chhapra,SC Other than Woman,SC,0,Neha Kumari,Labh Singh,0,0,Scheduled Caste,latin,,1992,Ambala.pdf
Ambala,Ambala-I,24,Chhota Baroula,Woman,NONE,1,Saravjeet Kaur,Chetav Singh,0,0,Women,latin,,1992,Ambala.pdf
Ambala,Ambala-I,25,Dangerian,Woman,NONE,1,Kulwinder Kaur,Shamsher Singh,0,0,Women,latin,,1992,Ambala.pdf
Ambala,Ambala-I,26,Danipur,Other than Woman,NONE,0,Krishan Singh,Joginder Singh,0,0,Unreserved,latin,,1992,Ambala.pdf
Ambala,Ambala-I,27,Delu Majra,Other than Woman,NONE,0,Nirmal Singh,Dev Singh,0,0,Unreserved,latin,,1992,Ambala.pdf
Ambala,Ambala-I,28,Dhanoura,Other than Woman,NONE,0,Jasdeep Kaur,Gurmeet Singh,0,0,Unreserved,latin,,1992,Ambala.pdf
Ambala,Ambala-I,29,Dhanouri,SC Other than Woman,SC,0,Ravi Kant,Yaad Ram,0,0,Scheduled Caste,latin,,1992,Ambala.pdf
Ambala,Ambala-I,30,Dhurala,Other than Woman,NONE,0,Nirmal Singh,Jarnail Singh,0,0,Unreserved,latin,,1992,Ambala.pdf
Ambala,Ambala-I,31,Dhurkara,Other than Woman,NONE,0,Gurlal Singh,Mohan Singh,0,0,Unreserved,latin,,1992,Ambala.pdf
Ambala,Ambala-I,32,Dukheri,Other than Woman,NONE,0,Rajkaran,Mamraj Singh,0,0,Unreserved,latin,,1992,Ambala.pdf
Ambala,Ambala-I,33,Durana,Woman,NONE,1,Raj Rani,Subash Chand,0,0,Women,latin,,1992,Ambala.pdf
Ambala,Ambala-I,34,Farouli,SC Other than Woman,SC,0,Sunil Kumar,Jaypal,0,0,Scheduled Caste,latin,,1992,Ambala.pdf
Ambala,Ambala-I,35,Fazailpur,Woman,NONE,1,Anita Rani,Satpal,0,0,Women,latin,,1992,Ambala.pdf
Ambala,Ambala-I,36,Gorsian,SC Woman,SC,1,Shikha Rani,Mahinder Singh,0,0,Schedulded Caste (Women),latin,,1992,Ambala.pdf
Ambala,Ambala-I,37,Humayunp ur,Woman,NONE,1,Rupinder Kaur,Davinder Singh,0,0,Women,latin,,1992,Ambala.pdf
Ambala,Ambala-I,38,Ismailpur,SC Other than Woman,SC,0,Karam Chand,Swaran Singh,0,0,Scheduled Caste,latin,,1992,Ambala.pdf
Ambala,Ambala-I,39,Jagouli,Other than Woman,NONE,0,Satinder Kaur,Balkar Singh,0,0,Unreserved,latin,,1992,Ambala.pdf
Ambala,Ambala-I,40,Jaitpura,SC Woman,SC,1,Jaswinder Kaur,Sukhvir Singh,0,0,Schedulded Caste (Women),latin,,1992,Ambala.pdf
Ambala,Ambala-I,41,Jalalpur,Other than Woman,NONE,0,Parmod Kumar,Suresh Kumar,0,0,Unreserved,latin,,1992,Ambala.pdf
Ambala,Ambala-I,42,Jandheri,Woman,NONE,1,Raj Bala,Krishan Lal,0,0,Women,latin,,1992,Ambala.pdf
Ambala,Ambala-I,43,Jansua,Other than Woman,NONE,0,Lakhwinder Kaur,Manjeet Singh,0,0,Unreserved,latin,,1992,Ambala.pdf
Ambala,Ambala-I,44,Jansui,Woman,NONE,1,Sunita Rani,Surender Kumar,0,0,Women,latin,,1992,Ambala.pdf
Ambala,Ambala-I,45,Jodhpur,Other than Woman,NONE,0,Surender Singh,Teja Singh,0,0,Unreserved,latin,,1992,Ambala.pdf
Ambala,Ambala-I,46,Kalawar,Other than Woman,NONE,0,Paramjit Singh,Bant Ram,0,0,Unreserved,latin,,1992,Ambala.pdf
Ambala,Ambala-I,47,Kaleran,Other than Woman,NONE,0,Jaspal Singh,Pritam Singh,0,0,Unreserved,latin,,1992,Ambala.pdf
Ambala,Ambala-I,48,Kangwal,Woman,NONE,1,Paramjeet Kaur,Hardeep Singh,0,0,Women,latin,,1992,Ambala.pdf
Ambala,Ambala-I,49,Kathgarh,Other than Woman,NONE,0,Om Parkash,Ajmer,0,0,Unreserved,latin,,1992,Ambala.pdf
Ambala,Ambala-I,50,Khaira,Other than Woman,NONE,0,Dalbir Singh,Nasib Singh,0,0,Unreserved,latin,,1992,Ambala.pdf
Ambala,Ambala-I,51,Khanna Majra,Other than Woman,NONE,0,Narinder Kaur,Surinder Singh,1,0,Unreserved,latin,,1992,Ambala.pdf
Ambala,Ambala-I,52,Khaspura,Other than Woman,NONE,0,Balwant Singh,Sarwan Singh,0,0,Unreserved,latin,,1992,Ambala.pdf
Ambala,Ambala-I,53,Khurchanp ur,Other than Woman,NONE,0,Gurmeet Kaur,Jasbir Singh,0,0,Unreserved,latin,,1992,Ambala.pdf
Ambala,Ambala-I,54,Konkpur,Other than Woman,NONE,0,Kharati Lal,Rangi Ram,0,0,Unreserved,latin,,1992,Ambala.pdf
Ambala,Ambala-I,55,Kot Kachwa Kalan,Other than Woman,NONE,0,Kulwinder Singh,Sukhdev Singh,0,0,Unreserved,latin,,1992,Ambala.pdf
Ambala,Ambala-I,56,Kot Kachwa Khurd,Other than Woman,NONE,0,Jatin Chhabra,Surinder Chhabra,0,0,Unreserved,latin,,1992,Ambala.pdf
Ambala,Ambala-I,57,Kurbanpur,Other than Woman,NONE,0,Kulbir Singh,Baldev Singh,0,0,Unreserved,latin,,1992,Ambala.pdf
Ambala,Ambala-I,58,Ladana,SC Other than Woman,SC,0,Jagtar Singh,Harnek Singh,0,0,Scheduled Caste,latin,,1992,Ambala.pdf
Ambala,Ambala-I,59,Lakhnour Sahib,Woman,NONE,1,Amarjeet Kaur,Inderpal Singh,0,0,Women,latin,,1992,Ambala.pdf
Ambala,Ambala-I,60,Lalana,Other than Woman,NONE,0,Karambir,Balwant Singh,0,0,Unreserved,latin,,1992,Ambala.pdf
Ambala,Ambala-I,61,Loutan,Other than Woman,NONE,0,Naib Singh,Gurdev Singh,0,0,Unreserved,latin,,1992,Ambala.pdf
Ambala,Ambala-I,62,Majri,Other than Woman,NONE,0,Yashpal,Deep Chand,0,0,Unreserved,latin,,1992,Ambala.pdf
Ambala,Ambala-I,63,Mallour,Other than Woman,NONE,0,Harminder Singh,Gulab Singh,0,0,Unreserved,latin,,1992,Ambala.pdf
Ambala,Ambala-I,64,Malwa,Woman,NONE,1,Kemta,Subhash Chand,0,0,Women,latin,,1992,Ambala.pdf
Ambala,Ambala-I,65,Mardon Sahib,SC Other than Woman,SC,0,Jagpreet Singh,Karamjeet Singh,0,0,Scheduled Caste,latin,,1992,Ambala.pdf
Ambala,Ambala-I,66,Mastpur,SC Other than Woman,SC,0,Jagtar Singh,Gurdev Singh,0,0,Scheduled Caste,latin,,1992,Ambala.pdf
Ambala,Ambala-I,67,Matheri Jattan,Other than Woman,NONE,0,Randhir Singh,Saroop Singh,0,0,Unreserved,latin,,1992,Ambala.pdf
Ambala,Ambala-I,68,Matheri Shekhan,SC Other than Woman,SC,0,Sanjeev Kumar,Surta Ram,0,0,Scheduled Caste,latin,,1992,Ambala.pdf
Ambala,Ambala-I,69,Mehlan,SC Other than Woman,SC,0,Harmeet Singh,Mala Ram,0,0,Scheduled Caste,latin,,1992,Ambala.pdf
Ambala,Ambala-I,70,Metlan,Woman,NONE,1,Nisha,Kashmiri Lal,0,0,Women,latin,,1992,Ambala.pdf
Ambala,Ambala-I,71,Mirzapur,Other than Woman,NONE,0,Sukhjinder Singh,Bahadur Singh,0,0,Unreserved,latin,,1992,Ambala.pdf
Ambala,Ambala-I,72,Miyan Majra,Other than Woman,NONE,0,Surjit Singh,Amar Chand,0,0,Unreserved,latin,,1992,Ambala.pdf
Ambala,Ambala-I,73,Mohra,Other than Woman,NONE,0,Amarjit Singh,Jethu Ram,0,0,Unreserved,latin,,1992,Ambala.pdf
Ambala,Ambala-I,74,Mohri,Woman,NONE,1,Kulwinder Kaur,Hardeep Singh,0,0,Women,latin,,1992,Ambala.pdf
Ambala,Ambala-I,75,Mokha Majra,SC Woman,SC,1,Reeta Rani,Preet Pal,0,0,Schedulded Caste (Women),latin,,1992,Ambala.pdf
Ambala,Ambala-I,76,Muzafra,SC Other than Woman,SC,0,Harvinder Singh,Roshan Lal,0,0,Scheduled Caste,latin,,1992,Ambala.pdf
Ambala,Ambala-I,77,Nadiyali,Other than Woman,NONE,0,Manjit Singh,Gyan Singh,0,0,Unreserved,latin,,1992,Ambala.pdf
Ambala,Ambala-I,78,Naggal,Other than Woman,NONE,0,Rakesh Kumar,Joginder Singh,0,0,Unreserved,latin,,1992,Ambala.pdf
Ambala,Ambala-I,79,Naneola,Other than Woman,NONE,0,Kiranjeet Kaur,Nirmal Singh,0,0,Unreserved,latin,,1992,Ambala.pdf
Ambala,Ambala-I,80,Niharsa,Other than Woman,NONE,0,Des Raj,Pathan Chand,0,0,Unreserved,latin,,1992,Ambala.pdf
Ambala,Ambala-I,81,Niharsi,SC Other than Woman,SC,0,Lal Chand,Joginder Ram,0,0,Scheduled Caste,latin,,1992,Ambala.pdf
Ambala,Ambala-I,82,Nurpur,Woman,NONE,1,Pooja Devi,Amarjeet Singh,0,0,Women,latin,,1992,Ambala.pdf
Ambala,Ambala-I,83,Ojalan,Other than Woman,NONE,0,Sukhjinder Singh,Mal Singh,0,0,Unreserved,latin,,1992,Ambala.pdf
Ambala,Ambala-I,84,Panjola,Other than Woman,NONE,0,Rajwinder Kaur,Gurtej Singh,0,0,Unreserved,latin,,1992,Ambala.pdf
Ambala,Ambala-I,85,Rawalon,Other than Woman,NONE,0,Daljeet Singh,Sant Singh,0,0,Unreserved,latin,,1992,Ambala.pdf
Ambala,Ambala-I,86,Roshanpur,Other than Woman,NONE,0,Prithvi Singh,Joginder Singh,0,0,Unreserved,latin,,1992,Ambala.pdf
Ambala,Ambala-I,87,Rupo Majra,Other than Woman,NONE,0,Harjinder Kaur,Baljit Singh,0,0,Unreserved,latin,,1992,Ambala.pdf
Ambala,Ambala-I,88,Sahibpura,Other than Woman,NONE,0,Rajvir,Mam Chand,0,0,Unreserved,latin,,1992,Ambala.pdf
Ambala,Ambala-I,89,Sakrahon,Woman,NONE,1,Parwinder Kaur,Randhir Singh,0,0,Women,latin,,1992,Ambala.pdf
Ambala,Ambala-I,90,Sarangpur,Other than Woman,NONE,0,Sohan Lal,Gyan Chand,0,0,Unreserved,latin,,1992,Ambala.pdf
Ambala,Ambala-I,91,Segta,Woman,NONE,1,Saravjeet Kaur,Baljeet Singh,0,0,Women,latin,,1992,Ambala.pdf
Ambala,Ambala-I,92,Segti,Other than Woman,NONE,0,Sahil,Yudhister Kumar,0,0,Unreserved,latin,,1992,Ambala.pdf
Ambala,Ambala-I,93,Shekhupur,Woman,NONE,1,Daljit Kaur,Tarsem Singh,0,0,Women,latin,,1992,Ambala.pdf
Ambala,Ambala-I,94,Sounta,SC Woman,SC,1,Bhupinder Kaur,Naresh Kumar,0,0,Schedulded Caste (Women),latin,,1992,Ambala.pdf
Ambala,Ambala-I,95,Sounti,Woman,NONE,1,Hardeep Kaur,Sukhbir Singh,0,0,Women,latin,,1992,Ambala.pdf
Ambala,Ambala-I,96,Sullar,Other than Woman,NONE,0,Gurmeet Kaur,Harkesh Singh,0,0,Unreserved,latin,,1992,Ambala.pdf
Ambala,Ambala-I,97,Tar,Other than Woman,NONE,0,Binder Singh,Sampuran Singh,0,0,Unreserved,latin,,1992,Ambala.pdf
Ambala,Ambala-I,98,Tejan,Other than Woman,NONE,0,Trilochan Singh,Gurcharan Singh,0,0,Unreserved,latin,,1992,Ambala.pdf
Ambala,Ambala-I,99,Tharwa,Other than Woman,NONE,0,Mastan Singh,Gurcharan Singh,0,0,Unreserved,latin,,1992,Ambala.pdf
Ambala,Ambala-I,100,Udaipur,Woman,NONE,1,Anita Rani,Naresh Kumar,1,0,Women,latin,,1992,Ambala.pdf
Ambala,Ambala-I,101,Ugara,Woman,NONE,1,Harinder Kaur,Jaswinder Singh,0,0,Women,latin,,1992,Ambala.pdf
Ambala,Ambala-II,1,Barnala,SC Other than Woman,SC,0,Harjit Singh,Nirmal Singh,0,0,Scheduled Caste,latin,,1994,Ambala.pdf
Ambala,Ambala-II,4,Dadiyana,Woman,NONE,1,Amandeep Kaur,Iqbal Singh,0,0,Women,latin,,1994,Ambala.pdf
Ambala,Ambala-II,6,Devi Nagar,SC Other than Woman,SC,0,Anil Kumar,Krishan Lal,0,0,Scheduled Caste,latin,,1994,Ambala.pdf
Ambala,Ambala-II,8,Garnala,SC Woman,SC,1,Navjot Kaur,Jaswinder Singh,0,0,Scheduled Caste (Women),latin,,1994,Ambala.pdf
Ambala,Ambala-II,9,Ghel Kalan,Woman,NONE,1,Saroj,Madan Mohan Singh,0,0,Women,latin,,1994,Ambala.pdf
Ambala,Ambala-II,12,Kalu Majra,Woman,NONE,1,Nisha,Sahab Singh,0,0,Women,latin,,1994,Ambala.pdf
Ambala,Ambala-II,17,Lohgarh,SC Other than Woman,SC,0,Avtar Singh,Prem Singh,0,0,Scheduled Caste,latin,,1994,Ambala.pdf
Ambala,Ambala-II,19,Manglai,Woman,NONE,1,Kiranbala,Sukhpal Chauhan,0,0,Women,latin,,1994,Ambala.pdf
Ambala,Ambala-II,20,Munnarheri,Woman,NONE,1,Baljeet,Balkar Singh,0,0,Women,latin,,1994,Ambala.pdf
Ambala,Ambala-II,21,Nizampur,SC Other than Woman,SC,0,Rakesh Kumar,Ajmer Singh,0,0,Scheduled Caste,latin,,1994,Ambala.pdf
Ambala,Ambala-II,23,Rattanheri,Woman,NONE,1,Renu Sharma,Shiv Kumar,0,0,Women,latin,,1994,Ambala.pdf
Ambala,Ambala-II,26,Sapera,Woman,NONE,1,Rajni Devi,Sukhwinder Singh,0,0,Women,latin,,1994,Ambala.pdf
Ambala,Ambala-II,27,Tundli,SC Woman,SC,1,Jaswinder Kaur,Daler Singh,0,0,Scheduled Caste (Women),latin,,1994,Ambala.pdf
Ambala,Barara,1,Abdulgarh,Other than Woman,NONE,0,Raspal Singh,Ekbal Singh,0,0,Unreserved,latin,,1996,Ambala.pdf
Ambala,Barara,2,Adhoi,Other than Woman,NONE,0,Navjot Singh,Jagtar Singh,0,0,Unreserved,latin,,1996,Ambala.pdf
Ambala,Barara,3,Adhoya M,SC Other than Woman,SC,0,Anil Kumar,Ram Sharan Dass,0,0,Scheduled Caste,latin,,1996,Ambala.pdf
Ambala,Barara,4,Adhoya H,Other than Woman,NONE,0,Avnish Chouhan,Vijay Mohan,0,0,Unreserved,latin,,1996,Ambala.pdf
Ambala,Barara,5,Akalgarh,Other than Woman,NONE,0,Ranjit Singh,Baldev Singh,1,0,Unreserved,latin,,1996,Ambala.pdf
Ambala,Barara,6,Aliyaspur,Other than Woman,NONE,0,Sandeep Singh,Shamsher Singh,0,0,Unreserved,latin,,1996,Ambala.pdf
Ambala,Barara,7,Alipur,Other than Woman,NONE,0,Vikram Chouhan,Chaman Singh,0,0,Unreserved,latin,,1996,Ambala.pdf
Ambala,Barara,8,Allawalpur,Woman,NONE,1,Geeta Rani,Chander Bhan,0,0,Women,latin,,1996,Ambala.pdf
Ambala,Barara,9,Budion,Woman,NONE,1,Pardeep Kumar,Jatinder Singh,0,0,Women,latin,,1996,Ambala.pdf
Ambala,Barara,10,Bikampur,Woman,NONE,1,Paramjeet Kaur,Varyam Singh,1,0,Women,latin,,1996,Ambala.pdf
Ambala,Barara,11,Binjalpur,Woman,NONE,1,Saruchi,Varun Tyagi,0,0,Women,latin,,1996,Ambala.pdf
Ambala,Barara,12,Dadupur,Woman,NONE,1,Deepika Rani,Kamaljeet Singh,0,0,Women,latin,,1996,Ambala.pdf
Ambala,Barara,13,Dahiya Majra,SC Woman,SC,1,Ruma Devi,Pardeep Kumar,0,0,Scheduled Caste (Women),latin,,1996,Ambala.pdf
Ambala,Barara,14,Dera Salimpur,Other than Woman,NONE,0,Tarsem Lal,Kesar Das,0,0,Unreserved,latin,,1996,Ambala.pdf
Ambala,Barara,15,Dhanaori,Woman,NONE,1,Sudesh Rani,Kulwant Singh,0,0,Women,latin,,1996,Ambala.pdf
Ambala,Barara,16,Dhanora,Other than Woman,NONE,0,Sukhbir Singh,Bharat Singh,0,0,Unreserved,latin,,1996,Ambala.pdf
Ambala,Barara,17,Dheen,Other than Woman,NONE,0,Navneet Kumar,Subhash Chand,0,0,Unreserved,latin,,1996,Ambala.pdf
Ambala,Barara,18,Duliyana,Woman,NONE,1,Bharti Sharma,Ravinder Sharma,0,0,Women,latin,,1996,Ambala.pdf
Ambala,Barara,19,Dulyani,Other than Woman,NONE,0,Rajwant Kaur,Sukhwinder Singh,0,0,Unreserved,latin,,1996,Ambala.pdf
Ambala,Barara,20,Foxa,Other than Woman,NONE,0,Surender Kumar,Prem Chand,0,0,Unreserved,latin,,1996,Ambala.pdf
Ambala,Barara,21,Gaganpur,Woman,NONE,1,Kajal Rani,Sushil Kumar,0,0,Women,latin,,1996,Ambala.pdf
Ambala,Barara,22,Ghelri,Other than Woman,NONE,0,Parveen Kumar,Kuldeep Singh,0,0,Unreserved,latin,,1996,Ambala.pdf
Ambala,Barara,23,Hemamajra,SC Woman,SC,1,Usha Rani,Kuldeep Kumar,0,0,Scheduled Caste (Women),latin,,1996,Ambala.pdf
Ambala,Barara,24,Holi,Other than Woman,NONE,0,Jai Bhagwan,Amar Singh,0,0,Unreserved,latin,,1996,Ambala.pdf
Ambala,Barara,25,Jahangirpur,Other than Woman,NONE,0,Yaspal,Vedparkash,0,0,Unreserved,latin,,1996,Ambala.pdf
Ambala,Barara,26,Jalubi,SC Other than Woman,SC,0,Kirpal Singh,Bachan Ram,0,0,Scheduled Caste,latin,,1996,Ambala.pdf
Ambala,Barara,27,Kambass,Woman,NONE,1,Anita Rani,Dharmpal,0,0,Women,latin,,1996,Ambala.pdf
Ambala,Barara,28,Kambasi,SC Woman,SC,1,Birmati,Surender Kumar,0,0,Scheduled Caste (Women),latin,,1996,Ambala.pdf
Ambala,Barara,29,Kansapur,Woman,NONE,1,Gurcharan Kaur,Surender Singh,0,0,Women,latin,,1996,Ambala.pdf
Ambala,Barara,30,Kaserla Kalan,Woman,NONE,1,Neetu,Dharambir,0,0,Women,latin,,1996,Ambala.pdf
Ambala,Barara,31,Kaserla Khurad,Other than Woman,NONE,0,Sukhwinder Kaur,Ajaib Singh,0,0,Unreserved,latin,,1996,Ambala.pdf
Ambala,Barara,32,Khanahmad pur,Woman,NONE,1,Rajinder Kaur,Harvinder Singh,0,0,Women,latin,,1996,Ambala.pdf
Ambala,Barara,33,Khanpura,SC Other than Woman,SC,0,Rajender Kumar,Pala Ram,0,0,Scheduled Caste,latin,,1996,Ambala.pdf
Ambala,Barara,34,Malikpur T,Other than Woman,NONE,0,Pawan Kumar,Mela Ram,0,0,Unreserved,latin,,1996,Ambala.pdf
Ambala,Barara,35,Manka,Woman,NONE,1,Deepika,Mohit Sharma,0,0,Women,latin,,1996,Ambala.pdf
Ambala,Barara,36,Manki,Other than Woman,NONE,0,Krishan Chand,Rulia Ram,0,0,Unreserved,latin,,1996,Ambala.pdf
Ambala,Barara,37,Manu Majra,Other than Woman,NONE,0,Nawab Singh,Mahinder Singh,0,0,Unreserved,latin,,1996,Ambala.pdf
Ambala,Barara,38,Milakdhan Kota,Woman,NONE,1,Paramjeet Kaur,Dalbir Singh,0,0,Women,latin,,1996,Ambala.pdf
Ambala,Barara,39,Milak Shekhan,Other than Woman,NONE,0,Gurmeet Kaur,Arvinder Singh,0,0,Unreserved,latin,,1996,Ambala.pdf
Ambala,Barara,40,Mullana,Other than Woman,NONE,0,Naresh Chauhan,Som Parkash,0,0,Unreserved,latin,,1996,Ambala.pdf
Ambala,Barara,41,Nahra,Other than Woman,NONE,0,Surinder Kaur,Satinder Pal Singh,0,0,Unreserved,latin,,1996,Ambala.pdf
Ambala,Barara,42,Ponti,Other than Woman,NONE,0,Satish Kumar,Joginder Singh,0,0,Unreserved,latin,,1996,Ambala.pdf
Ambala,Barara,43,Rajo Kheri,SC Other than Woman,SC,0,Pawan Kumar,Ram Sawroop,0,0,Scheduled Caste,latin,,1996,Ambala.pdf
Ambala,Barara,44,Rajoli,Other than Woman,NONE,0,Pawan Kumar,Telu Ram,0,0,Unreserved,latin,,1996,Ambala.pdf
Ambala,Barara,45,Rao Majra,Other than Woman,NONE,0,Angrej Singh,Balwant Singh,0,0,Unreserved,latin,,1996,Ambala.pdf
Ambala,Barara,46,Rukri,Other than Woman,NONE,0,Dharmender Singh,Basant Singh,0,0,Unreserved,latin,,1996,Ambala.pdf
Ambala,Barara,47,Sajan Majri,Woman,NONE,1,Saranjeet Kaur,Amarjeet Singh,0,0,Women,latin,,1996,Ambala.pdf
Ambala,Barara,48,Sarakpur,Woman,NONE,1,Nirmal Kaur,Sukhwiner Singh,0,0,Women,latin,,1996,Ambala.pdf
Ambala,Barara,49,Sardehri,Other than Woman,NONE,0,Jal Singh,Bharat Singh,0,0,Unreserved,latin,,1996,Ambala.pdf
Ambala,Barara,50,Sehla,SC Other than Woman,SC,0,Om Parkash,Lachman Das,0,0,Scheduled Caste,latin,,1996,Ambala.pdf
Ambala,Barara,51,Salehpur,Other than Woman,NONE,0,Mohit Kassal,Narender Nath,0,0,Unreserved,latin,,1996,Ambala.pdf
Ambala,Barara,52,Sherpur,Other than Woman,NONE,0,Balwinder Kaur,Rajinder Singh,0,0,Unreserved,latin,,1996,Ambala.pdf
Ambala,Barara,53,Simbla,SC Woman,SC,1,Rukmani Devi,Vidya Lal,0,0,Scheduled Caste (Women),latin,,1996,Ambala.pdf
Ambala,Barara,54,Sirasgarh,Other than Woman,NONE,0,Netar Pal,Mool Singh,0,0,Unreserved,latin,,1996,Ambala.pdf
Ambala,Barara,55,Siwan Majra,Other than Woman,NONE,0,Balwinder Kaur,Gurmeet Singh,0,0,Unreserved,latin,,1996,Ambala.pdf
Ambala,Barara,56,Sohana,Woman,NONE,1,Neelam,Vikas Chauhan,0,0,Women,latin,,1996,Ambala.pdf
Ambala,Barara,57,Sohata,SC Other than Woman,SC,0,Jaswinder Singh,Ram Sharan,0,0,Scheduled Caste,latin,,1996,Ambala.pdf
Ambala,Barara,58,Subhri,Other than Woman,NONE,0,Nidhi,Sachin Kumar,0,0,Unreserved,latin,,1996,Ambala.pdf
Ambala,Barara,59,Sulkhani,Other than Woman,NONE,0,Sanjeev Kumar,Purshotam Lal,0,0,Unreserved,latin,,1996,Ambala.pdf
Ambala,Barara,60,Talheri R,Other than Woman,NONE,0,Harish Kumar,Hukam Chand,0,0,Unreserved,latin,,1996,Ambala.pdf
Ambala,Barara,61,Tandwal,SC Other than Woman,SC,0,Ravinder Kumar,Aman Kumar,0,0,Scheduled Caste,latin,,1996,Ambala.pdf
Ambala,Barara,62,Tandwali,Other than Woman,NONE,0,Didar Singh,Fakir Singh,0,0,Unreserved,latin,,1996,Ambala.pdf
Ambala,Barara,63,Tangail,Other than Woman,NONE,0,Anurag Chadda,Anil Kumar,0,0,Unreserved,latin,,1996,Ambala.pdf
Ambala,Barara,64,Thamber,Woman,NONE,1,Usha Rani,Naresh Kumar,0,0,Women,latin,,1996,Ambala.pdf
Ambala,Barara,65,Ugala,SC Other than Woman,SC,0,Mohan Lal,Munshi Ram,0,0,Scheduled Caste,latin,,1996,Ambala.pdf
Ambala,Barara,66,Jafarpur,SC Other than Woman,SC,0,Ram Singh,Natha Singh,0,0,Scheduled Caste,latin,,1996,Ambala.pdf
Ambala,Naraingarh,1,Ajampur,Other than Woman,NONE,0,Kiran Kumar,Pritam Lal,1,0,Unreserved,latin,,1998,Ambala.pdf
Ambala,Naraingarh,2,Akbarpur,SC Woman,SC,1,Chand Roshani,Pawan Kumar,0,0,Scheduled Caste (Women),latin,,1998,Ambala.pdf
Ambala,Naraingarh,3,Ambli,Other than Woman,NONE,0,Shyam Nath,Shish Ram,0,0,Unreserved,latin,,1998,Ambala.pdf
Ambala,Naraingarh,4,Andheri,Woman,NONE,1,Karamjeet Kaur,Chhatar Pal Singh,0,0,Women,latin,,1998,Ambala.pdf
Ambala,Naraingarh,5,Badhauli,Woman,NONE,1,Lalita Devi,Vijya Pal,0,0,Women,latin,,1998,Ambala.pdf
Ambala,Naraingarh,6,Bakarpur,Woman,NONE,1,Sushma Devi,Ashok Kumar,0,0,Women,latin,,1998,Ambala.pdf
Ambala,Naraingarh,7,Bakhtua,Other than Woman,NONE,0,Jaswinder Singh,Hari Singh,0,0,Unreserved,latin,,1998,Ambala.pdf
Ambala,Naraingarh,8,Ballopur,Woman,NONE,1,Baljinder Kaur,Sukhbir Singh,0,0,Women,latin,,1998,Ambala.pdf
Ambala,Naraingarh,9,Balti,Other than Woman,NONE,0,Sukhwinder Singh,Kashmiri Lal,0,0,Unreserved,latin,,1998,Ambala.pdf
Ambala,Naraingarh,10,Baragaon,Other than Woman,NONE,0,Rekha Rani,Session Judge,0,0,Unreserved,latin,,1998,Ambala.pdf
Ambala,Naraingarh,11,Bari Rasour,Other than Woman,NONE,0,Surender Kumar,Kishori Lal,0,0,Unreserved,latin,,1998,Ambala.pdf
Ambala,Naraingarh,12,Barouli,Woman,NONE,1,Reeta Devi,Rampal,0,0,Women,latin,,1998,Ambala.pdf
Ambala,Naraingarh,13,Barsu Majra,Other than Woman,NONE,0,Gyan Chand,Punnu Ram,0,0,Unreserved,latin,,1998,Ambala.pdf
Ambala,Naraingarh,14,Batora,Other than Woman,NONE,0,Babita,Arunpal Singh,0,0,Unreserved,latin,,1998,Ambala.pdf
Ambala,Naraingarh,15,Berkheri,SC Woman,SC,1,Reeta Rani,Rohit Kumar,0,0,Scheduled Caste (Women),latin,,1998,Ambala.pdf
Ambala,Naraingarh,16,Bhareri Kalan,Woman,NONE,1,Charno Devi,Maan Ghat,0,0,Women,latin,,1998,Ambala.pdf
Ambala,Naraingarh,17,Bhareri Khurd,SC Other than Woman,SC,0,Shyamo Devi,Raj Kumar,0,0,Scheduled Caste,latin,,1998,Ambala.pdf
Ambala,Naraingarh,18,Bhukhari,Other than Woman,NONE,0,Narender Kumar,Barkha Ram,0,0,Unreserved,latin,,1998,Ambala.pdf
Ambala,Naraingarh,19,Bhurewala,Other than Woman,NONE,0,Randhir Singh,Faqir Singh,0,0,Unreserved,latin,,1998,Ambala.pdf
Ambala,Naraingarh,20,Brahaman Majra,SC Woman,SC,1,Pavitar Kaur,Baljit Singh,0,0,Scheduled Caste (Women),latin,,1998,Ambala.pdf
Ambala,Naraingarh,21,Budha Khera,SC Other than Woman,SC,0,Mangat Ram,Sardara Singh,0,0,Scheduled Caste,latin,,1998,Ambala.pdf
Ambala,Naraingarh,22,Chandsoli,SC Other than Woman,SC,0,Mange Ram,Sardha Ram,0,0,Scheduled Caste,latin,,1998,Ambala.pdf
Ambala,Naraingarh,23,Chechi Majra,Other than Woman,NONE,0,Nar Singh,Jagdish Ram,0,0,Unreserved,latin,,1998,Ambala.pdf
Ambala,Naraingarh,24,Chhajal Majra,Other than Woman,NONE,0,Janak Raj Singh,Babu Ram,0,0,Unreserved,latin,,1998,Ambala.pdf
Ambala,Naraingarh,25,Chhoti Kohri,Woman,NONE,1,Sushma,Manish Kumar,1,0,Women,latin,,1998,Ambala.pdf
Ambala,Naraingarh,26,Chhoti Rasaur,Other than Woman,NONE,0,Rajesh Kumar,Hem Raj,0,0,Unreserved,latin,,1998,Ambala.pdf
Ambala,Naraingarh,27,Chotti Bassi,Other than Woman,NONE,0,Jaspal Kaur,Jaspal Singh,0,0,Unreserved,latin,,1998,Ambala.pdf
Ambala,Naraingarh,28,Danoura,Other than Woman,NONE,0,Ashok Kumar,Shajada Ram,0,0,Unreserved,latin,,1998,Ambala.pdf
Ambala,Naraingarh,29,Dehar,Woman,NONE,1,Kusum Lata,Kuldeep Singh,0,0,Women,latin,,1998,Ambala.pdf
Ambala,Naraingarh,30,Dera,Woman,NONE,1,Nisha Rani,Pardeep,0,0,Women,latin,,1998,Ambala.pdf
Ambala,Naraingarh,31,Dudhali,Woman,NONE,1,Sunita Devi,Sushil Kumar,0,0,Women,latin,,1998,Ambala.pdf
Ambala,Naraingarh,32,Fatehpur- 126,Other than Woman,NONE,0,Ashok Kumar,Nar Singh,0,0,Unreserved,latin,,1998,Ambala.pdf
Ambala,Naraingarh,33,Fatehpur-80,SC Woman,SC,1,Rajinder Kaur,Balwinder Singh,0,0,Scheduled Caste (Women),latin,,1998,Ambala.pdf
Ambala,Naraingarh,34,Firozpur,SC Other than Woman,SC,0,Gursev,Bhulu Ram,0,0,Scheduled Caste,latin,,1998,Ambala.pdf
Ambala,Naraingarh,35,Firozpur Kath,Other than Woman,NONE,0,Manjor Khan,Ali Sher,0,0,Unreserved,latin,,1998,Ambala.pdf
Ambala,Naraingarh,36,Gadhouli,Other than Woman,NONE,0,Sukhdev Singh,Lajja Ram,0,0,Unreserved,latin,,1998,Ambala.pdf
Ambala,Naraingarh,37,Ganauli,Other than Woman,NONE,0,Vinod Kumar,Mukhtiyar Singh,0,0,Unreserved,latin,,1998,Ambala.pdf
Ambala,Naraingarh,38,Hamidpur,SC Other than Woman,SC,0,Dharampal,Shankaru Ram,0,0,Scheduled Caste,latin,,1998,Ambala.pdf
Ambala,Naraingarh,39,Harbon,Other than Woman,NONE,0,Arvinder Singh,Rajinder Singh,0,0,Unreserved,latin,,1998,Ambala.pdf
Ambala,Naraingarh,40,Hasanpur,Other than Woman,NONE,0,Ram Pal,Puran Chand,0,0,Unreserved,latin,,1998,Ambala.pdf
Ambala,Naraingarh,41,Hussaini,Other than Woman,NONE,0,Ram Karan,Rasaal Singh,0,0,Unreserved,latin,,1998,Ambala.pdf
Ambala,Naraingarh,42,Jangu Majra,Other than Woman,NONE,0,Ram Kumar,Jagir Ram,0,0,Unreserved,latin,,1998,Ambala.pdf
Ambala,Naraingarh,43,Jeoli,Other than Woman,NONE,0,Ashok Kumar,Mahinder Pal,0,0,Unreserved,latin,,1998,Ambala.pdf
Ambala,Naraingarh,44,Jhiriwala,Other than Woman,NONE,0,Ramrattan,Inder Singh,0,0,Unreserved,latin,,1998,Ambala.pdf
Ambala,Naraingarh,45,Kala Amb (M),Other than Woman,NONE,0,Ashok Kumar,Ajmer Singh,0,0,Unreserved,latin,,1998,Ambala.pdf
Ambala,Naraingarh,46,Kalyana,Other than Woman,NONE,0,Ram Singh,Babu Ram,0,0,Unreserved,latin,,1998,Ambala.pdf
Ambala,Naraingarh,47,Kanjala,SC Other than Woman,SC,0,Ved Parkash,Jeet Ram,0,0,Scheduled Caste,latin,,1998,Ambala.pdf
Ambala,Naraingarh,48,Kathe Majra,SC Other than Woman,SC,0,Sukhwinder,Pahal Singh,0,0,Scheduled Caste,latin,,1998,Ambala.pdf
Ambala,Naraingarh,49,Khanpur Labana,Woman,NONE,1,Sarvjeet Kaur,Labh Singh,0,0,Women,latin,,1998,Ambala.pdf
Ambala,Naraingarh,50,Khanpur Rajputan,Other than Woman,NONE,0,Mahinder Singh,Balayti Ram,0,0,Unreserved,latin,,1998,Ambala.pdf
Ambala,Naraingarh,51,Kherki Jattan,Other than Woman,NONE,0,Rajinder Singh,Chuhar Singh,0,0,Unreserved,latin,,1998,Ambala.pdf
Ambala,Naraingarh,52,Kohrabhura,Woman,NONE,1,Sudesh Kumari,Jagan Nath,0,0,Women,latin,,1998,Ambala.pdf
Ambala,Naraingarh,53,Kullarpur,Other than Woman,NONE,0,Charan Singh,Vdhawa Singh,0,0,Unreserved,latin,,1998,Ambala.pdf
Ambala,Naraingarh,54,Kurali,Woman,NONE,1,Sushma Devi,Sanjeev Kumar,0,0,Women,latin,,1998,Ambala.pdf
Ambala,Naraingarh,55,Laha,Other than Woman,NONE,0,Virender Singh,Iqbal Singh,0,0,Unreserved,latin,,1998,Ambala.pdf
Ambala,Naraingarh,56,Lakhnoura,Other than Woman,NONE,0,Rajeev Mehta,Yashpal Mehta,0,0,Unreserved,latin,,1998,Ambala.pdf
Ambala,Naraingarh,57,Lalpur,Other than Woman,NONE,0,Banarsi Dass,Chohal Ram,0,0,Unreserved,latin,,1998,Ambala.pdf
Ambala,Naraingarh,58,Lotton,Other than Woman,NONE,0,Sanjeev Kumar,Ram Kishan,0,0,Unreserved,latin,,1998,Ambala.pdf
Ambala,Naraingarh,59,Mahuwa Kheri,SC Other than Woman,SC,0,Surender Kumar,Singh Ram,0,0,Scheduled Caste,latin,,1998,Ambala.pdf
Ambala,Naraingarh,60,Milk,Woman,NONE,1,Rekha Walia,Sachin Walia,0,0,Women,latin,,1998,Ambala.pdf
Ambala,Naraingarh,61,Mirjapur Kath,Woman,NONE,1,Rajni Devi,Sanjeev Kumar,0,0,Women,latin,,1998,Ambala.pdf
Ambala,Naraingarh,62,Mirpur,Other than Woman,NONE,0,Manoj Kumar,Ram Sawrup,0,0,Unreserved,latin,,1998,Ambala.pdf
Ambala,Naraingarh,63,Miyanpur,SC Other than Woman,SC,0,Karam Chand,Baru Ram,0,0,Scheduled Caste,latin,,1998,Ambala.pdf
Ambala,Naraingarh,64,Mugal Majra,Other than Woman,NONE,0,Baby,Manish Kumar,0,0,Unreserved,latin,,1998,Ambala.pdf
Ambala,Naraingarh,65,Munna Majra,Other than Woman,NONE,0,Rajesh Kumar,Manfool Singh,0,0,Unreserved,latin,,1998,Ambala.pdf
Ambala,Naraingarh,66,Nabipur,Woman,NONE,1,Sudesh Rani,Ramkaran,0,0,Women,latin,,1998,Ambala.pdf
Ambala,Naraingarh,67,Nagawan,SC Woman,SC,1,Pinder Kaur,Virender Singh,0,0,Scheduled Caste (Women),latin,,1998,Ambala.pdf
Ambala,Naraingarh,68,Nagla Rajputana,SC Woman,SC,1,Reena Rani,Sohan Lal,0,0,Scheduled Caste (Women),latin,,1998,Ambala.pdf
Ambala,Naraingarh,69,Nagouli,Woman,NONE,1,Neha,Joginder Pal Singh,0,0,Women,latin,,1998,Ambala.pdf
Ambala,Naraingarh,70,Nakhrouli,Other than Woman,NONE,0,Mamta Devi,Sapttar Singh,0,0,Unreserved,latin,,1998,Ambala.pdf
Ambala,Naraingarh,71,Nanduwali,Woman,NONE,1,Suresh Kumari,Mohinder Pal,0,0,Women,latin,,1998,Ambala.pdf
Ambala,Naraingarh,72,Nanhera,SC Other than Woman,SC,0,Vinod Kumar,Baljeet Singh,0,0,Scheduled Caste,latin,,1998,Ambala.pdf
Ambala,Naraingarh,73,Okhal,Other than Woman,NONE,0,Jitender Singh,Avtar Singh,0,0,Unreserved,latin,,1998,Ambala.pdf
Ambala,Naraingarh,74,Panjlasa,Woman,NONE,1,Nitu,Sanjeev Kumar,0,0,Women,latin,,1998,Ambala.pdf
Ambala,Naraingarh,75,Pullewala,Other than Woman,NONE,0,Lal Chand,Mukhram,0,0,Unreserved,latin,,1998,Ambala.pdf
Ambala,Naraingarh,76,Rajju Majra,Woman,NONE,1,Anju Rani,Jaswinder Kumar,0,0,Women,latin,,1998,Ambala.pdf
Ambala,Naraingarh,77,Rampur,Woman,NONE,1,Ritu Rani,Surjeet Singh,0,0,Women,latin,,1998,Ambala.pdf
Ambala,Naraingarh,78,Sainmajra,Other than Woman,NONE,0,Amarjeet Kaur,Gurdeep Singh,0,0,Unreserved,latin,,1998,Ambala.pdf
Ambala,Naraingarh,79,Sakarpura,Other than Woman,NONE,0,Vikram Singh,Jagpal Singh,0,0,Unreserved,latin,,1998,Ambala.pdf
Ambala,Naraingarh,80,Sambhalwa,Woman,NONE,1,Suman Devi,Jaipal,1,0,Women,latin,,1998,Ambala.pdf
Ambala,Naraingarh,81,Sangrani,SC Other than Woman,SC,0,Rakesh Kumar,Maghi Ram,0,0,Scheduled Caste,latin,,1998,Ambala.pdf
Ambala,Naraingarh,82,Shahpur,Other than Woman,NONE,0,Ram Singh,Mehar Chand,1,0,Unreserved,latin,,1998,Ambala.pdf
Ambala,Naraingarh,83,Shahpur Nurd,Other than Woman,NONE,0,Pawan Kumar,Raj Kishan,0,0,Unreserved,latin,,1998,Ambala.pdf
Ambala,Naraingarh,84,Taprian Rulduki,Other than Woman,NONE,0,Deep Chand,Mam Raj,0,0,Unreserved,latin,,1998,Ambala.pdf
Ambala,Naraingarh,85,Toka,Other than Woman,NONE,0,Rajbir,Prem Chand,0,0,Unreserved,latin,,1998,Ambala.pdf
Ambala,Naraingarh,86,Ujjal Majri,SC Other than Woman,SC,0,Lakhwinder Singh,Karnail Singh,0,0,Scheduled Caste,latin,,1998,Ambala.pdf
Ambala,Saha,1,Akbarpur,Other than Woman,NONE,0,Mukesh Kumar,Som Nath,0,0,Unreserved,latin,,2000,Ambala.pdf
Ambala,Saha,2,Allapur,Other than Woman,NONE,0,Gulbadan Singh,Harbishan Singh,0,0,Unreserved,latin,,2000,Ambala.pdf
Ambala,Saha,3,Bajidpur,SC Other than Woman,SC,0,Amit Kumar,Lajja Ram,0,0,Scheduled Caste,latin,,2000,Ambala.pdf
Ambala,Saha,4,Bihta,Other than Woman,NONE,0,Naveen Chauhan,Dilbag Singh,0,0,Unreserved,latin,,2000,Ambala.pdf
Ambala,Saha,5,Chhanni,SC Other than Woman,SC,0,Gurcharan Singh,Labh Singh,0,0,Scheduled Caste,latin,,2000,Ambala.pdf
Ambala,Saha,6,Chhapra,Woman,NONE,1,Jogindero Devi,Jasbir Singh,0,0,Women,latin,,2000,Ambala.pdf
Ambala,Saha,7,Chudiala,Woman,NONE,1,Beant Kaur,Rajinder Singh,0,0,Women,latin,,2000,Ambala.pdf
Ambala,Saha,8,Chudiali,Other than Woman,NONE,0,Hemant Kumar,Brij Mohan,0,0,Unreserved,latin,,2000,Ambala.pdf
Ambala,Saha,9,Dhakaula,Other than Woman,NONE,0,Devinder Singh,Pritam Singh,0,0,Unreserved,latin,,2000,Ambala.pdf
Ambala,Saha,10,Dhurala,Other than Woman,NONE,0,Surinder Singh,Pal Singh,0,0,Unreserved,latin,,2000,Ambala.pdf
Ambala,Saha,11,Dinarpur,Other than Woman,NONE,0,Gurdev Singh,Gurbakash,0,0,Unreserved,latin,,2000,Ambala.pdf
Ambala,Saha,12,Dubli,Other than Woman,NONE,0,Davinder Singh,Charan Singh,0,0,Unreserved,latin,,2000,Ambala.pdf
Ambala,Saha,13,Gaganheri,Other than Woman,NONE,0,Lakshmi Devi,Ram Kumar,0,0,Unreserved,latin,,2000,Ambala.pdf
Ambala,Saha,14,Ghasitpur,SC Other than Woman,SC,0,Surinder Kumar,Rulda Ram,0,0,Scheduled Caste,latin,,2000,Ambala.pdf
Ambala,Saha,15,Gokalgarh,SC Woman,SC,1,Renu Bala,Gulshan,0,0,Scheduled Caste (Women),latin,,2000,Ambala.pdf
Ambala,Saha,16,Gola,Other than Woman,NONE,0,Gurdayal Singh,Janga Ram,0,0,Unreserved,latin,,2000,Ambala.pdf
Ambala,Saha,17,Haldri,Other than Woman,NONE,0,Shamsher Singh,Parbhu Ram,0,0,Unreserved,latin,,2000,Ambala.pdf
Ambala,Saha,18,Hamidpur,Other than Woman,NONE,0,Jasbir Singh,Meen Singh,0,0,Unreserved,latin,,2000,Ambala.pdf
Ambala,Saha,19,Harda,Woman,NONE,1,Anupriya,Tanvir,0,0,Women,latin,,2000,Ambala.pdf
Ambala,Saha,20,Haryoli,Other than Woman,NONE,0,Zile Singh,Teg Singh,0,0,Unreserved,latin,,2000,Ambala.pdf
Ambala,Saha,21,Jawahargarh,Woman,NONE,1,Paramjit Kaur,Jaswinder Singh,0,0,Women,latin,,2000,Ambala.pdf
Ambala,Saha,22,Jharumajra,Other than Woman,NONE,0,Gurnam Singh,Rai Singh,0,0,Unreserved,latin,,2000,Ambala.pdf
Ambala,Saha,23,Kakarkunda,Other than Woman,NONE,0,Jagir Singh,Kartara Singh,0,0,Unreserved,latin,,2000,Ambala.pdf
Ambala,Saha,24,Kalpi,Woman,NONE,1,Nisha Rani,Satpal,0,0,Women,latin,,2000,Ambala.pdf
Ambala,Saha,25,Keshopur,Woman,NONE,1,Kamlesh Devi,Nawab Singh,0,0,Women,latin,,2000,Ambala.pdf
Ambala,Saha,26,Kesri,SC Other than Woman,SC,0,Mam Raj,Bachna Ram,0,0,Scheduled Caste,latin,,2000,Ambala.pdf
Ambala,Saha,27,Khanpur,SC Woman,SC,1,Urvashi,Kanwar Sher,0,0,Scheduled Caste (Women),latin,,2000,Ambala.pdf
Ambala,Saha,28,Kharukhera,Woman,NONE,1,Anju Rani,Ravi Kumar,0,0,Women,latin,,2000,Ambala.pdf
Ambala,Saha,29,Khera,Woman,NONE,1,Naresh Kumari,Ranbir Singh,0,0,Women,latin,,2000,Ambala.pdf
Ambala,Saha,30,Landa,SC Other than Woman,SC,0,Manjeet Singh,Shamsher Singh,0,0,Scheduled Caste,latin,,2000,Ambala.pdf
Ambala,Saha,31,Langer,Other than Woman,NONE,0,Gurbir Singh,Pyara Singh,0,0,Unreserved,latin,,2000,Ambala.pdf
Ambala,Saha,32,Malikpur,Other than Woman,NONE,0,Gurvinder Kaur,Gulshan,0,0,Unreserved,latin,,2000,Ambala.pdf
Ambala,Saha,33,Mehmoodpur,SC Other than Woman,SC,0,Surjeet Singh,Joginder Singh,0,0,Scheduled Caste,latin,,2000,Ambala.pdf
Ambala,Saha,34,Mehtabgarh,Other than Woman,NONE,0,Satvinder Singh,Ravel Singh,0,0,Unreserved,latin,,2000,Ambala.pdf
Ambala,Saha,35,Mithapur,Woman,NONE,1,Sneh Lata,Ashok Kumar,0,0,Women,latin,,2000,Ambala.pdf
Ambala,Saha,36,Nagla Jattan,Other than Woman,NONE,0,Ram Singh,Ratna Ram,0,0,Unreserved,latin,,2000,Ambala.pdf
Ambala,Saha,37,Naraingarh Majra,Other than Woman,NONE,0,Sukhbir Singh,Baljit Singh,0,0,Unreserved,latin,,2000,Ambala.pdf
Ambala,Saha,38,Nahoni,Woman,NONE,1,Seema Rani,Arun Kumar,0,0,Women,latin,,2000,Ambala.pdf
Ambala,Saha,39,Nurd,Other than Woman,NONE,0,Rajbir Singh,Guljar Singh,0,0,Unreserved,latin,,2000,Ambala.pdf
Ambala,Saha,40,Panjail,Woman,NONE,1,Nirmal Kaur,Balbir Singh,0,0,Women,latin,,2000,Ambala.pdf
Ambala,Saha,41,Paplotha,Other than Woman,NONE,0,Ram Pal,Mehar Singh,0,0,Unreserved,latin,,2000,Ambala.pdf
Ambala,Saha,42,Pasiala,Other than Woman,NONE,0,Sandeep Kumar,Ram Singh,0,0,Unreserved,latin,,2000,Ambala.pdf
Ambala,Saha,43,Phulelmajra,Other than Woman,NONE,0,Vijay Kumar,Shiv Ram,0,0,Unreserved,latin,,2000,Ambala.pdf
Ambala,Saha,44,Pilkhani,SC Woman,SC,1,Anju Bala,Sunil Kumar,0,0,Scheduled Caste (Women),latin,,2000,Ambala.pdf
Ambala,Saha,45,Ramgarh,SC Woman,SC,1,Sunita Devi,Jatinder Kumar,0,0,Scheduled Caste (Women),latin,,2000,Ambala.pdf
Ambala,Saha,46,Rampur,SC Other than Woman,SC,0,Satish Kumar,Mam Chand,0,0,Scheduled Caste,latin,,2000,Ambala.pdf
Ambala,Saha,47,Sabanpur,Woman,NONE,1,Mamtesh Rani,Ravel Singh,0,0,Women,latin,,2000,Ambala.pdf
Ambala,Saha,48,Sabga,Other than Woman,NONE,0,Amarjit,Rikhi Ram,0,0,Unreserved,latin,,2000,Ambala.pdf
Ambala,Saha,49,Saha,Other than Woman,NONE,0,Chander Mohan,Girdhari Lal,0,0,Unreserved,latin,,2000,Ambala.pdf
Ambala,Saha,50,Samlehri,Other than Woman,NONE,0,Parvesh Kumar,Balwant Singh,0,0,Unreserved,latin,,2000,Ambala.pdf
Ambala,Saha,51,Sambhalkha,Woman,NONE,1,Jatinder Kaur,Harjot Singh,0,0,Women,latin,,2000,Ambala.pdf
Ambala,Saha,52,Shergarh,Other than Woman,NONE,0,Vinod Kumar,Prem Singh,0,0,Unreserved,latin,,2000,Ambala.pdf
Ambala,Saha,53,Tammouli,Woman,NONE,1,Amanpreet Kaur,Malkit Singh,0,0,Women,latin,,2000,Ambala.pdf
Ambala,Saha,54,Taprian,Other than Woman,NONE,0,Janak Raj,Hari Ram,0,0,Unreserved,latin,,2000,Ambala.pdf
Ambala,Saha,55,Talheri (G),Woman,NONE,1,Sushma Devi,Jagir Singh,0,0,Women,latin,,2000,Ambala.pdf
Ambala,Saha,56,Tepla,Other than Woman,NONE,0,Sumneet Kaur,Inderjeet Singh,0,0,Unreserved,latin,,2000,Ambala.pdf
Ambala,Saha,57,Thakurpura,Other than Woman,NONE,0,Gita Rani,Anil Kumar,0,0,Unreserved,latin,,2000,Ambala.pdf
Ambala,Saha,58,Tharwa,SC Other than Woman,SC,0,Baldev Singh,Ajmer Singh,0,0,Scheduled Caste,latin,,2000,Ambala.pdf
Ambala,Saha,59,Toba,Woman,NONE,1,Nitu,Vijay Kumar,0,0,Women,latin,,2000,Ambala.pdf
Ambala,Saha,60,Uplana,Other than Woman,NONE,0,Sukhbir Singh,Bachna Ram,0,0,Unreserved,latin,,2000,Ambala.pdf
Ambala,Shahzadpur,1,Behloli,Woman,NONE,1,Manjeet Kaur,Bhupinder Singh,0,0,Women,latin,,2002,Ambala.pdf
Ambala,Shahzadpur,2,Banundi,Woman,NONE,1,Reeta Devi,Ranjor Singh,0,0,Women,latin,,2002,Ambala.pdf
Ambala,Shahzadpur,3,Bapoli,Other than Woman,NONE,0,Malkeet Singh,Nathu Ram,0,0,Unreserved,latin,,2002,Ambala.pdf
Ambala,Shahzadpur,4,Baragarh,Other than Woman,NONE,0,Anil Kumar,Bajinder Singh,0,0,Unreserved,latin,,2002,Ambala.pdf
Ambala,Shahzadpur,5,Bari Bassi,Other than Woman,NONE,0,Harpal Singh,Mani Ram,0,0,Unreserved,latin,,2002,Ambala.pdf
Ambala,Shahzadpur,6,Bari Kohri,Other than Woman,NONE,0,Sarvjeet Kaur,Bhajan Lal,0,0,Unreserved,latin,,2002,Ambala.pdf
Ambala,Shahzadpur,7,Bheron,Other than Woman,NONE,0,Geeta Rani,Shish Pal,0,0,Unreserved,latin,,2002,Ambala.pdf
Ambala,Shahzadpur,8,Bhur Majri,SC Other than Woman,SC,0,Sudesh Rani,Jagmal,0,0,Scheduled Caste,latin,,2002,Ambala.pdf
Ambala,Shahzadpur,9,Bharanpur,SC Other than Woman,SC,0,Rajesh Kumar,Lachman Dass,0,0,Scheduled Caste,latin,,2002,Ambala.pdf
Ambala,Shahzadpur,10,Bharog,Other than Woman,NONE,0,Sanjeev Kumar,Ramdiya,0,0,Unreserved,latin,,2002,Ambala.pdf
Ambala,Shahzadpur,11,Berpura,Other than Woman,NONE,0,Rajwinder Kaur,Jaswinder Singh,0,0,Unreserved,latin,,2002,Ambala.pdf
Ambala,Shahzadpur,12,Bibipur,Other than Woman,NONE,0,Babita,Vikram Singh,0,0,Unreserved,latin,,2002,Ambala.pdf
Ambala,Shahzadpur,13,Bichpari,Woman,NONE,1,Meenu,Naib Singh,0,0,Women,latin,,2002,Ambala.pdf
Ambala,Shahzadpur,14,Buraj Sahid,Other than Woman,NONE,0,Kuldeep Singh,Latt Singh,0,0,Unreserved,latin,,2002,Ambala.pdf
Ambala,Shahzadpur,15,Bilaspur,Other than Woman,NONE,0,Bharat Bhushan,Kulbhushan,0,0,Unreserved,latin,,2002,Ambala.pdf
Ambala,Shahzadpur,16,Chetan,Other than Woman,NONE,0,Meena Rani,Satish Kumar,0,0,Unreserved,latin,,2002,Ambala.pdf
Ambala,Shahzadpur,17,Chajju Majra,Other than Woman,NONE,0,Manjeet Singh,Joginder Singh,0,0,Unreserved,latin,,2002,Ambala.pdf
Ambala,Shahzadpur,18,Dehari,SC Woman,SC,1,Veena Rani,Kulbir Singh,0,0,Scheduled Caste (Women),latin,,2002,Ambala.pdf
Ambala,Shahzadpur,19,Dhamouli Upparli,SC Woman,SC,1,Preeto Devi,Jaswinder Singh,0,0,Scheduled Caste (Women),latin,,2002,Ambala.pdf
Ambala,Shahzadpur,20,Dhamouli Bichli,Other than Woman,NONE,0,Meena Kumari,Suresh Kumar,0,0,Unreserved,latin,,2002,Ambala.pdf
Ambala,Shahzadpur,21,Dhamouli Majri,Other than Woman,NONE,0,Chanderrani,Omparkash,0,0,Unreserved,latin,,2002,Ambala.pdf
Ambala,Shahzadpur,22,Dhananna,Other than Woman,NONE,0,Kehar Singh,Jeet Ram,0,0,Unreserved,latin,,2002,Ambala.pdf
Ambala,Shahzadpur,23,Fatehgarh,Woman,NONE,1,Suman Sharma,Vikrant Sharma,0,0,Women,latin,,2002,Ambala.pdf
Ambala,Shahzadpur,24,Gazipur,Other than Woman,NONE,0,Vikas Kumar,Amrik Singh,0,0,Unreserved,latin,,2002,Ambala.pdf
Ambala,Shahzadpur,25,Ganeshpur,Woman,NONE,1,Gurvinder Kaur,Janbahadur Singh,0,0,Women,latin,,2002,Ambala.pdf
Ambala,Shahzadpur,26,Gharouli,Other than Woman,NONE,0,Jaswinder Kaur,Karnail Singh,0,0,Unreserved,latin,,2002,Ambala.pdf
Ambala,Shahzadpur,27,Jatwar,SC Other than Woman,SC,0,Mam Raj,Bishna Ram,0,0,Scheduled Caste,latin,,2002,Ambala.pdf
Ambala,Shahzadpur,28,Gobindpur,Woman,NONE,1,Rajesh Rani,Sandeep Kumar,0,0,Women,latin,,2002,Ambala.pdf
Ambala,Shahzadpur,29,Handi Khera,Other than Woman,NONE,0,Kulvinder Kaur,Harvinder Singh,0,0,Unreserved,latin,,2002,Ambala.pdf
Ambala,Shahzadpur,30,Jangu Majra,Woman,NONE,1,Nirmal Singh,Brijpal Singh,0,0,Women,latin,,2002,Ambala.pdf
Ambala,Shahzadpur,31,Kakkar Majra,Woman,NONE,1,Shashi Bala,Hari Babu,0,0,Women,latin,,2002,Ambala.pdf
Ambala,Shahzadpur,32,Kalal Majra,Other than Woman,NONE,0,Ashok Kumar,Jaswant Singh,0,0,Unreserved,latin,,2002,Ambala.pdf
Ambala,Shahzadpur,33,Kalal Majri,Woman,NONE,1,Kavita,Dinesh Kumar,0,0,Women,latin,,2002,Ambala.pdf
Ambala,Shahzadpur,34,Karasan,Other than Woman,NONE,0,Rameshwar Dass,Suresh Kumar,0,0,Unreserved,latin,,2002,Ambala.pdf
Ambala,Shahzadpur,35,Khanpur Bramna,SC Other than Woman,SC,0,Darshan Lal,Prem Chand,0,0,Scheduled Caste,latin,,2002,Ambala.pdf
Ambala,Shahzadpur,36,Korwa Kalan,Other than Woman,NONE,0,Sukhveer Singh,Jagir Singh,0,0,Unreserved,latin,,2002,Ambala.pdf
Ambala,Shahzadpur,37,Korwa Khurd,SC Woman,SC,1,Manjeet Kaur,Sushil Kumar,0,0,Scheduled Caste (Women),latin,,2002,Ambala.pdf
Ambala,Shahzadpur,38,Kherki Manakpur,Woman,NONE,1,Usha Rani,Balvinder Singh,0,0,Women,latin,,2002,Ambala.pdf
Ambala,Shahzadpur,39,Khurd,SC Other than Woman,SC,0,Manju Bala,Gurmeet Singh,0,0,Scheduled Caste,latin,,2002,Ambala.pdf
Ambala,Shahzadpur,40,Khera Bora,Woman,NONE,1,Neelam Devi,Rajesh Kumar,0,0,Women,latin,,2002,Ambala.pdf
Ambala,Shahzadpur,41,Khera Ganni,Other than Woman,NONE,0,Jaswinder Singh,Punnu Ram,0,0,Unreserved,latin,,2002,Ambala.pdf
Ambala,Shahzadpur,42,Maggarpura,Other than Woman,NONE,0,Kavita,Satnam,0,0,Unreserved,latin,,2002,Ambala.pdf
Ambala,Shahzadpur,43,Majra,SC Woman,SC,1,Kamlesh Kumari,Ravinder Mohan,0,0,Scheduled Caste (Women),latin,,2002,Ambala.pdf
Ambala,Shahzadpur,44,Manglor,Other than Woman,NONE,0,Vakil Chand,Chunni Lal,0,0,Unreserved,latin,,2002,Ambala.pdf
Ambala,Shahzadpur,45,Mukandpur,SC Other than Woman,SC,0,Rajesh Kumar,Lal Chand,0,0,Scheduled Caste,latin,,2002,Ambala.pdf
Ambala,Shahzadpur,46,Nagla Jattan,Woman,NONE,1,Jasveer Kaur,Chetan Singh,0,0,Women,latin,,2002,Ambala.pdf
Ambala,Shahzadpur,47,Nasrouli,SC Other than Woman,SC,0,Gurmukh Singh,Niranjan Singh,0,0,Scheduled Caste,latin,,2002,Ambala.pdf
Ambala,Shahzadpur,48,Neknawan,Other than Woman,NONE,0,Anil Kumar,Gian Singh,0,0,Unreserved,latin,,2002,Ambala.pdf
Ambala,Shahzadpur,49,Panjeton,Other than Woman,NONE,0,Om Parkash,Mangat Ram,0,0,Unreserved,latin,,2002,Ambala.pdf
Ambala,Shahzadpur,50,Pathreri,Other than Woman,NONE,0,Parmod Kumar,Roop Chand,0,0,Unreserved,latin,,2002,Ambala.pdf
Ambala,Shahzadpur,51,Patvi,Woman,NONE,1,Rajinder Kaur,Gurvinder Singh,0,0,Women,latin,,2002,Ambala.pdf
Ambala,Shahzadpur,52,Prail,Woman,NONE,1,Karamjeet,Gurvinder Singh,0,0,Women,latin,,2002,Ambala.pdf
Ambala,Shahzadpur,53,Rachheri,Woman,NONE,1,Baljinder Kaur,Gursartaj Singh,0,0,Women,latin,,2002,Ambala.pdf
Ambala,Shahzadpur,54,Rator,Other than Woman,NONE,0,Sandeep Kumar,Beeru Ram,0,0,Unreserved,latin,,2002,Ambala.pdf
Ambala,Shahzadpur,55,Raiwali,Woman,NONE,1,Gurmeet Kaur,Kamaljeet Singh,0,0,Women,latin,,2002,Ambala.pdf
Ambala,Shahzadpur,56,Rajouli,Woman,NONE,1,Reetu Saini,Sanjeev Saini,0,0,Women,latin,,2002,Ambala.pdf
Ambala,Shahzadpur,57,Rajjpura,Other than Woman,NONE,0,Rishi Pal,Kashi Ram,1,0,Unreserved,latin,,2002,Ambala.pdf
Ambala,Shahzadpur,58,Rasidpur,SC Other than Woman,SC,0,Gulzara Ram,Jyoti Ram,1,0,Scheduled Caste,latin,,2002,Ambala.pdf
Ambala,Shahzadpur,59,Sadikpur,Other than Woman,NONE,0,Labh Singh,Sardar Singh,0,0,Unreserved,latin,,2002,Ambala.pdf
Ambala,Shahzadpur,60,Salola,SC Woman,SC,1,Shakuntla,Narender Kumar,0,0,Scheduled Caste (Women),latin,,2002,Ambala.pdf
Ambala,Shahzadpur,61,Santokhi,Other than Woman,NONE,0,Jasminder Singh,Darbara Singh,0,0,Unreserved,latin,,2002,Ambala.pdf
Ambala,Shahzadpur,62,Shahzadpur,SC Other than Woman,SC,0,Somnath,Ami Chand,0,0,Scheduled Caste,latin,,2002,Ambala.pdf
Ambala,Shahzadpur,63,Sherpur,Other than Woman,NONE,0,Jatinder Singh,Bant Singh,0,0,Unreserved,latin,,2002,Ambala.pdf
Ambala,Shahzadpur,64,Sauntlee,Other than Woman,NONE,0,Ashok Kumar,Amarnath,0,0,Unreserved,latin,,2002,Ambala.pdf
Ambala,Shahzadpur,65,Shamru,Other than Woman,NONE,0,Jasbeer Singh,Trilok Singh,0,0,Unreserved,latin,,2002,Ambala.pdf
Ambala,Shahzadpur,66,Tandwal,Woman,NONE,1,Anju Bala,Shashi Bhushan,0,0,Women,latin,,2002,Ambala.pdf
Ambala,Shahzadpur,67,Tasrouli,Woman,NONE,1,Paramjeet,Dharender Singh,0,0,Women,latin,,2002,Ambala.pdf
Ambala,Shahzadpur,68,Wsalpur,Other than Woman,NONE,0,Jibodeen,Nawaza,0,0,Unreserved,latin,,2002,Ambala.pdf
Bhiwani,Badhra,1,Aryanagar,SC Other than Woman,SC,0,Hosiyar Singh,Choturam,0,0,Scheduled Caste,latin,,2005,Bhiwani.pdf
Bhiwani,Badhra,2,Badhra,Other than Woman,NONE,0,Rakesh,Ramkishan,0,0,Unreserved,latin,,2005,Bhiwani.pdf
Bhiwani,Badhra,3,Badrai,Woman,NONE,1,Beermati,Dharambir,0,0,Women,latin,,2005,Bhiwani.pdf
Bhiwani,Badhra,4,Berla,Other than Woman,NONE,0,Jagat Singh,Ramkishan,0,0,Unreserved,latin,,2005,Bhiwani.pdf
Bhiwani,Badhra,5,Bhandwa,SC Other than Woman,SC,0,Rakesh Kumar,Juglal,0,0,Scheduled Caste,latin,,2005,Bhiwani.pdf
Bhiwani,Badhra,6,Bindraban,SC Other than Woman,SC,0,Surender Singh,Shersingh,0,0,Scheduled Caste,latin,,2005,Bhiwani.pdf
Bhiwani,Badhra,7,Bilawal,Other than Woman,NONE,0,Somvir Singh,Ishwar Singh,0,0,Unreserved,latin,,2005,Bhiwani.pdf
Bhiwani,Badhra,8,Chandwas,Woman,NONE,1,Bhateri,Surender,0,0, (Women),latin,,2005,Bhiwani.pdf
Bhiwani,Badhra,9,Dagroli,Other than Woman,NONE,0,Surender Singh,Attarsingh,0,0,Unreserved,latin,,2005,Bhiwani.pdf
Bhiwani,Badhra,10,Dalawas,Woman,NONE,1,Shyama Devi,Partap Singh,0,0, (Women),latin,,2005,Bhiwani.pdf
Bhiwani,Badhra,11,Dandma,Woman,NONE,1,Neetu,Sambir Singh,0,0,Women,latin,,2005,Bhiwani.pdf
Bhiwani,Badhra,12,Dawarka,Other than Woman,NONE,0,Kuldeep,Surajbhan,0,0,Unreserved,latin,,2005,Bhiwani.pdf
Bhiwani,Badhra,13,Dhanasri,Other than Woman,NONE,0,Suresh Kumar,Ishwar Singh,0,0,Unreserved,latin,,2005,Bhiwani.pdf
Bhiwani,Badhra,14,Dohka Deena,Other than Woman,NONE,0,Anil Kumar,Atar Singh,0,0,Unreserved,latin,,2005,Bhiwani.pdf
Bhiwani,Badhra,15,Dohka Hriya,Other than Woman,NONE,0,Ajit,Pyarelal,0,0,Unreserved,latin,,2005,Bhiwani.pdf
Bhiwani,Badhra,16,Dohka Moji,Other than Woman,NONE,0,Jai Lal,Harichand,0,0,Unreserved,latin,,2005,Bhiwani.pdf
Bhiwani,Badhra,17,Dohka Moji,SC Other than Woman,SC,0,Rajkumar,Banwarilal,0,0,Scheduled Caste,latin,,2005,Bhiwani.pdf
Bhiwani,Badhra,18,Dohka Moji,Woman,NONE,1,Pooja Devi,Jai Bhagwan,0,0,Women,latin,,2005,Bhiwani.pdf
Bhiwani,Badhra,19,Gopalwas,Other than Woman,NONE,0,Rajkumar,Challuram,0,0,Unreserved,latin,,2005,Bhiwani.pdf
Bhiwani,Badhra,20,Gopi,Woman,NONE,1,Suman,Satywan,0,0,Women,latin,,2005,Bhiwani.pdf
Bhiwani,Badhra,21,Govindpura,Other than Woman,NONE,0,Balwan,Ishwar Singh,0,0,Unreserved,latin,,2005,Bhiwani.pdf
Bhiwani,Badhra,22,Govindpura,Other than Woman,NONE,0,Dinesh Kumar,Satyveer Singh,0,0,Unreserved,latin,,2005,Bhiwani.pdf
Bhiwani,Badhra,23,Govindpura,Woman,NONE,1,Urmila Devi,Pawan Kumar,0,0,Women,latin,,2005,Bhiwani.pdf
Bhiwani,Badhra,24,Hui,Other than Woman,NONE,0,Pardeep Kumar,Kashmir Singh,0,0,Unreserved,latin,,2005,Bhiwani.pdf
Bhiwani,Badhra,25,Jagrambas,Woman,NONE,1,Rekha Devi,Bansilal,0,0,Women,latin,,2005,Bhiwani.pdf
Bhiwani,Badhra,26,Jewali,Other than Woman,NONE,0,Prem Kumar,Rawat Singh,0,0,Unreserved,latin,,2005,Bhiwani.pdf
Bhiwani,Badhra,27,Jitpura,Other than Woman,NONE,0,Anil Kumar,Amir Singh,0,0,Unreserved,latin,,2005,Bhiwani.pdf
Bhiwani,Badhra,28,Kadma,Woman,NONE,1,Suman,Karan Singh,0,0, (Women),latin,,2005,Bhiwani.pdf
Bhiwani,Badhra,29,Kakroli Hatti,Other than Woman,NONE,0,Ajit Singh,Laxman,0,0,Unreserved,latin,,2005,Bhiwani.pdf
Bhiwani,Badhra,30,Kakroli Hatti,Other than Woman,NONE,0,Vikram Singh,Devender Singh,0,0,Unreserved,latin,,2005,Bhiwani.pdf
Bhiwani,Badhra,31,Kakroli Hatti,Woman,NONE,1,Sanjesh,Sanjeev Kumar,0,0,Women,latin,,2005,Bhiwani.pdf
Bhiwani,Badhra,32,Kanhra,Other than Woman,NONE,0,Sandeep Kumar,Laxmichand,0,0,Unreserved,latin,,2005,Bhiwani.pdf
Bhiwani,Badhra,33,Kari Adu,Other than Woman,NONE,0,Harikishan,Surat Singh,0,0,Unreserved,latin,,2005,Bhiwani.pdf
Bhiwani,Badhra,34,Kari Dharni,Woman,NONE,1,Kamlesh,Rajesh,0,0,Women,latin,,2005,Bhiwani.pdf
Bhiwani,Badhra,35,Kari Das,Woman,NONE,1,Babita,Naveen Kumar,0,0, (Women),latin,,2005,Bhiwani.pdf
Bhiwani,Badhra,36,Kari Mod,Other than Woman,NONE,0,Subesingh,Dhansingh,0,0,Unreserved,latin,,2005,Bhiwani.pdf
Bhiwani,Badhra,37,Kari Rupa Das,Other than Woman,NONE,0,Ajit,Dhanpat Singh,0,0,Unreserved,latin,,2005,Bhiwani.pdf
Bhiwani,Badhra,38,Kari Tokha,Other than Woman,NONE,0,Krishan Kumar,Hari Singh,0,0,Unreserved,latin,,2005,Bhiwani.pdf
Bhiwani,Badhra,39,Khorda,Woman,NONE,1,Minakshi,Bijender Singh,0,0,Women,latin,,2005,Bhiwani.pdf
Bhiwani,Badhra,40,Kishakanda,Other than Woman,NONE,0,Kuldeep,Balbir Singh,0,0,Unreserved,latin,,2005,Bhiwani.pdf
Bhiwani,Badhra,41,Kubjanagar,Woman,NONE,1,Anita,Sukhvinder,0,0,Women,latin,,2005,Bhiwani.pdf
Bhiwani,Badhra,42,Lad,Other than Woman,NONE,0,Rakesh Kumar,Omparkash,0,0,Unreserved,latin,,2005,Bhiwani.pdf
Bhiwani,Badhra,43,Ladawas,Other than Woman,NONE,0,Rajveer,Maansingh,0,0,Unreserved,latin,,2005,Bhiwani.pdf
Bhiwani,Badhra,44,Mai Kalan,SC Other than Woman,SC,0,Pawan Singh,Dhansingh,0,0,Scheduled Caste,latin,,2005,Bhiwani.pdf
Bhiwani,Badhra,45,Mai Khurd,Other than Woman,NONE,0,Anil,Ramanand,0,0,Unreserved,latin,,2005,Bhiwani.pdf
Bhiwani,Badhra,46,Mandhi Hariya,Other than Woman,NONE,0,Chatershen,Deshram,0,0,Unreserved,latin,,2005,Bhiwani.pdf
Bhiwani,Badhra,47,Madhi Kehar,Woman,NONE,1,Anshul Kumari,Manoj Kumar,0,0,Women,latin,,2005,Bhiwani.pdf
Bhiwani,Badhra,48,Mandhi Piranu,Other than Woman,NONE,0,Dalbir Singh,Nihal Singh,0,0,Unreserved,latin,,2005,Bhiwani.pdf
Bhiwani,Badhra,49,Nandha,Other than Woman,NONE,0,Mamta,Dinesh Kumar,0,0,Unreserved,latin,,2005,Bhiwani.pdf
Bhiwani,Badhra,50,Nihalgarh,Woman,NONE,1,Suman,Mahesh Kumar,0,0,Women,latin,,2005,Bhiwani.pdf
Bhiwani,Badhra,51,Nihalgarh,Woman,NONE,1,Jyoti,Vikarm Singh,0,0,Women,latin,,2005,Bhiwani.pdf
Bhiwani,Badhra,52,Panchgaon,Other than Woman,NONE,0,Rajesh,Mahavir Singh,0,0,Unreserved,latin,,2005,Bhiwani.pdf
Bhiwani,Badhra,53,Panchgaon,Other than Woman,NONE,0,Vijender Singh,Om Kumar,0,0,Unreserved,latin,,2005,Bhiwani.pdf
Bhiwani,Badhra,54,Pichopa Kalan,Woman,NONE,1,Khazani Devi,Rajbir Singh,0,0,Women,latin,,2005,Bhiwani.pdf
Bhiwani,Badhra,55,Pichopa Kalan,Woman,NONE,1,Meena,Rambir,0,0,Women,latin,,2005,Bhiwani.pdf
Bhiwani,Badhra,56,Rahrodi,Other than Woman,NONE,0,Anil,Basau,0,0,Unreserved,latin,,2005,Bhiwani.pdf
Bhiwani,Badhra,57,Rambas,Other than Woman,NONE,0,Meva Singh,Mahender Singh,0,0,Unreserved,latin,,2005,Bhiwani.pdf
Bhiwani,Badhra,58,Rampura,SC Other than Woman,SC,0,Sher Singh,Manoharlal,0,0,Scheduled Caste,latin,,2005,Bhiwani.pdf
Bhiwani,Badhra,59,Rudrol,Woman,NONE,1,Babita,Mahender Singh,0,0,Women,latin,,2005,Bhiwani.pdf
Bhiwani,Badhra,60,Shyam Kalan,Woman,NONE,1,Soniya,Rajesh Kumar,0,0, (Women),latin,,2005,Bhiwani.pdf
Bhiwani,Badhra,61,Sirsli,Other than Woman,NONE,0,Ajit Singh,Laxminarain,0,0,Unreserved,latin,,2005,Bhiwani.pdf
Bhiwani,Badhra,62,Surajgarh,SC Other than Woman,SC,0,Subha Chand,Jethuram,0,0,Scheduled Caste,latin,,2005,Bhiwani.pdf
Bhiwani,Badhra,63,Todi,Woman,NONE,1,Kamla,Lokram,0,0,Women,latin,,2005,Bhiwani.pdf
Bhiwani,Badhra,64,Umarwas,SC Other than Woman,SC,0,Umed Singh,Ranjeet Singh,0,0,Scheduled Caste,latin,,2005,Bhiwani.pdf
Bhiwani,Badhra,65,Unn,Other than Woman,NONE,0,Satyveer,Ganpat Sharma,0,0,Unreserved,latin,,2005,Bhiwani.pdf
Bhiwani,Bawani Khera,1,Alakhpura,SC Other than Woman,SC,0,Sanjay Kumar,Ram Kishan,0,0,Scheduled Caste,latin,,2007,Bhiwani.pdf
Bhiwani,Bawani Khera,2,Aurang Nagar,Woman,NONE,1,Pinki Devi,Basant Kumar,0,0,Women,latin,,2007,Bhiwani.pdf
Bhiwani,Bawani Khera,3,Baliyali,Other than Woman,NONE,0,Suresh Kumar,Laxman,0,0,Unreserved,latin,,2007,Bhiwani.pdf
Bhiwani,Bawani Khera,4,Barsi Gujran,Woman,NONE,1,Sunita,Sajjan Singh,0,0,Women,latin,,2007,Bhiwani.pdf
Bhiwani,Bawani Khera,5,Barsi Jattan,Other than Woman,NONE,0,Fateh Singh,Mukha,0,0,Unreserved,latin,,2007,Bhiwani.pdf
Bhiwani,Bawani Khera,6,Barsi Jattan,Woman,NONE,1,Sushil Kumari,Sumesh,0,0, (Women),latin,,2007,Bhiwani.pdf
Bhiwani,Bawani Khera,7,Bhaini Jatan,SC Other than Woman,SC,0,Roshan Lal,Shri Parkash,0,0,Scheduled Caste,latin,,2007,Bhiwani.pdf
Bhiwani,Bawani Khera,8,Bhurtana,Other than Woman,NONE,0,Krishan Lal,Surat Singh,0,0,Unreserved,latin,,2007,Bhiwani.pdf
Bhiwani,Bawani Khera,9,Bohal,SC Other than Woman,SC,0,Sadhu Ram,Guljari Lal,0,0,Scheduled Caste,latin,,2007,Bhiwani.pdf
Bhiwani,Bawani Khera,10,Chortapur,Other than Woman,NONE,0,Satish Kumar,Omparkash,0,0,Unreserved,latin,,2007,Bhiwani.pdf
Bhiwani,Bawani Khera,11,Dhani Kushal,Woman,NONE,1,Nisha Devi,Balwan Singh,0,0,Women,latin,,2007,Bhiwani.pdf
Bhiwani,Bawani Khera,12,Durjanpur,Woman,NONE,1,Ritu Rani,Mahesh Kumar,0,0,Women,latin,,2007,Bhiwani.pdf
Bhiwani,Bawani Khera,13,Jamalpur,Other than Woman,NONE,0,Suvitra,Satbir,0,0,Unreserved,latin,,2007,Bhiwani.pdf
Bhiwani,Bawani Khera,14,Jamalpur II,Other than Woman,NONE,0,Rajesh,Mahender Singh,0,0,Unreserved,latin,,2007,Bhiwani.pdf
Bhiwani,Bawani Khera,15,Jeeta Kheri,Woman,NONE,1,Sukhvinder Kaur,Bhagat Singh,0,0, (Women),latin,,2007,Bhiwani.pdf
Bhiwani,Bawani Khera,16,Jeeta Kheri,Woman,NONE,1,Darshna,Anil Kumar,1,0,Women,latin,,2007,Bhiwani.pdf
Bhiwani,Bawani Khera,17,Kirawar,Other than Woman,NONE,0,Kala Ram,Dhanpat,0,0,Unreserved,latin,,2007,Bhiwani.pdf
Bhiwani,Bawani Khera,18,Kungar,Other than Woman,NONE,0,Satender Kumar,Rajbir Singh,0,0,Unreserved,latin,,2007,Bhiwani.pdf
Bhiwani,Bawani Khera,19,Kungar,Woman,NONE,1,Kavita,Ramesh,0,0,Women,latin,,2007,Bhiwani.pdf
Bhiwani,Bawani Khera,20,Lohari Jattu,Other than Woman,NONE,0,Naresh Kumar,Maatu Singh,0,0,Unreserved,latin,,2007,Bhiwani.pdf
Bhiwani,Bawani Khera,21,Milakpur,Woman,NONE,1,Pinki Rani,Amit Kumar,0,0, (Women),latin,,2007,Bhiwani.pdf
Bhiwani,Bawani Khera,22,Paposa,Other than Woman,NONE,0,Anil Kumar,Dalbir Singh,0,0,Unreserved,latin,,2007,Bhiwani.pdf
Bhiwani,Bawani Khera,23,Pur,SC Other than Woman,SC,0,Sher Singh,Ghasi Ram,0,0,Scheduled Caste,latin,,2007,Bhiwani.pdf
Bhiwani,Bawani Khera,24,Ramupura,Woman,NONE,1,Kusumlta,Sandeep Kumar,0,0,Women,latin,,2007,Bhiwani.pdf
Bhiwani,Bawani Khera,25,Ratera,Other than Woman,NONE,0,Chetan Parkash,Meharchand,0,0,Unreserved,latin,,2007,Bhiwani.pdf
Bhiwani,Bawani Khera,26,Rohnat,Other than Woman,NONE,0,Reenu,Ravinder Kumar,0,0,Unreserved,latin,,2007,Bhiwani.pdf
Bhiwani,Bawani Khera,27,Sikanderpur,Other than Woman,NONE,0,Omparkash,Chiranji Lal,0,0,Unreserved,latin,,2007,Bhiwani.pdf
Bhiwani,Bawani Khera,28,Sipper,Woman,NONE,1,Harjot Kaur,Harnaam,0,0,Women,latin,,2007,Bhiwani.pdf
Bhiwani,Bawani Khera,29,Siwana,Other than Woman,NONE,0,Wazir Chand,Bhagat Ram,1,0,Unreserved,latin,,2007,Bhiwani.pdf
Bhiwani,Bawani Khera,30,Siwara,Other than Woman,NONE,0,Manphool,Ramkishan,0,0,Unreserved,latin,,2007,Bhiwani.pdf
Bhiwani,Bawani Khera,31,Sui,Other than Woman,NONE,0,Parveen Kumar,Sube Singh,0,0,Unreserved,latin,,2007,Bhiwani.pdf
Bhiwani,Bawani Khera,32,Sukhpura,Other than Woman,NONE,0,Jasbir Singh,Rishal Singh,1,0,Unreserved,latin,,2007,Bhiwani.pdf
Bhiwani,Bawani Khera,33,Sumra Khera,Other than Woman,NONE,0,Satpal,Dharam Chand,0,0,Unreserved,latin,,2007,Bhiwani.pdf
Bhiwani,Behal,1,Bairan,Other than Woman,NONE,0,Mewa Singh,Baktawar Singh,0,0,Unreserved,latin,,2009,Bhiwani.pdf
Bhiwani,Behal,2,Behal,Other than Woman,NONE,0,Gajanand,Tarachand,0,0,Unreserved,latin,,2009,Bhiwani.pdf
Bhiwani,Behal,3,Bidhnoi,Other than Woman,NONE,0,Kuldeep Singh,Jagmal,0,0,Unreserved,latin,,2009,Bhiwani.pdf
Bhiwani,Behal,4,Budheri,Other than Woman,NONE,0,Mukesh Kumar,Sishram,0,0,Unreserved,latin,,2009,Bhiwani.pdf
Bhiwani,Behal,5,Chehar Kalan,SC Other than Woman,SC,0,Balbir Singh,Chandraram,0,0,Scheduled Caste,latin,,2009,Bhiwani.pdf
Bhiwani,Behal,6,Chehar Khurd,Woman,NONE,1,Bimla,Manoj Kumar,0,0,Women,latin,,2009,Bhiwani.pdf
Bhiwani,Behal,7,Gokalpura,Woman,NONE,1,Silochana Kumari,Rakesh,0,0,Women,latin,,2009,Bhiwani.pdf
Bhiwani,Behal,8,Gopalwas,SC Woman,SC,1,Yashwanti,Vinod,0,0,Scheduled Caste (Women),latin,,2009,Bhiwani.pdf
Bhiwani,Behal,9,Hariyawas,Other than Woman,NONE,0,Sunil Kumar,Rajbir,0,0,Unreserved,latin,,2009,Bhiwani.pdf
Bhiwani,Behal,10,Kasni Kalan,SC Other than Woman,SC,0,Ishwar Singh,Sukhlal,0,0,Scheduled Caste,latin,,2009,Bhiwani.pdf
Bhiwani,Behal,11,Kasni Khurd,Other than Woman,NONE,0,Sandeep Kumar,Dalip Singh,0,0,Unreserved,latin,,2009,Bhiwani.pdf
Bhiwani,Behal,12,Ladawas,Woman,NONE,1,Sheelarani,Jalesingh,1,0,Women,latin,,2009,Bhiwani.pdf
Bhiwani,Behal,13,Ladawas,Other than Woman,NONE,0,Satpal,Mahender Singh,0,0,Unreserved,latin,,2009,Bhiwani.pdf
Bhiwani,Behal,14,Nangal,SC Woman,SC,1,Shalurani,Dharamvir,1,0,Scheduled Caste (Women),latin,,2009,Bhiwani.pdf
Bhiwani,Behal,15,Noonsar,Other than Woman,NONE,0,Rajkumar,Norangram,0,0,Unreserved,latin,,2009,Bhiwani.pdf
Bhiwani,Behal,16,Obra,SC Other than Woman,SC,0,Hawasingh,Prahlad,0,0,Scheduled Caste,latin,,2009,Bhiwani.pdf
Bhiwani,Behal,17,Paju,SC Other than Woman,SC,0,Ramesh Kumar,Subash Chand,0,0,Scheduled Caste,latin,,2009,Bhiwani.pdf
Bhiwani,Behal,18,Patwan,Other than Woman,NONE,0,Balwan,Hirasingh,0,0,Unreserved,latin,,2009,Bhiwani.pdf
Bhiwani,Behal,19,Salempur,Woman,NONE,1,Parmila,Suresh Kumar,0,0,Women,latin,,2009,Bhiwani.pdf
Bhiwani,Behal,20,Serla,Woman,NONE,1,Sandeep Singh,,0,0,Women,latin,,2009,Bhiwani.pdf
Bhiwani,Behal,21,Sheharyarpur,Other than Woman,NONE,0,Ramkumar,Chandgiram,0,0,Unreserved,latin,,2009,Bhiwani.pdf
Bhiwani,Behal,22,Sidhanwa,Other than Woman,NONE,0,Anju,Bablu,0,0,Unreserved,latin,,2009,Bhiwani.pdf
Bhiwani,Behal,23,Sirsi,Other than Woman,NONE,0,Rajesh Kumar,Ransingh,0,0,Unreserved,latin,,2009,Bhiwani.pdf
Bhiwani,Behal,24,Sorda Jadid,Woman,NONE,1,Urmila,Devender Singh,0,0,Women,latin,,2009,Bhiwani.pdf
Bhiwani,Behal,25,Sorda Kadim,Woman,NONE,1,Chanderpal,,0,0,Women,latin,,2009,Bhiwani.pdf
Bhiwani,Behal,26,Sudhiwas,Woman,NONE,1,Suman,Azad Kumar,0,0,Women,latin,,2009,Bhiwani.pdf
Bhiwani,Behal,27,Surpura Kalan,Other than Woman,NONE,0,Ramkishan,Gordhan Dass,0,0,Unreserved,latin,,2009,Bhiwani.pdf
Bhiwani,Behal,28,Surpura Kalan,Other than Woman,NONE,0,Ramniwas,Zile Singh,0,0,Unreserved,latin,,2009,Bhiwani.pdf
Bhiwani,Bhiwani,1,Ajitpur,Other than Woman,NONE,0,Vikram Singh,Sube Singh,0,0,Unreserved,latin,,2011,Bhiwani.pdf
Bhiwani,Bhiwani,2,Asalwas Dubia,SC Other than Woman,SC,0,Rajender Singh,Arjun Singh,0,0,Scheduled Caste,latin,,2011,Bhiwani.pdf
Bhiwani,Bhiwani,3,Asalwas Marhata,SC Other than Woman,SC,0,Sombir,Totaram,0,0,Scheduled Caste,latin,,2011,Bhiwani.pdf
Bhiwani,Bhiwani,4,Azad Nagar,Other than Woman,NONE,0,Om Parkash,Nihal Singh,1,0,Unreserved,latin,,2011,Bhiwani.pdf
Bhiwani,Bhiwani,5,Badala,Other than Woman,NONE,0,Anant Ram,Umed Singh,0,0,Unreserved,latin,,2011,Bhiwani.pdf
Bhiwani,Bhiwani,6,Badesra,Other than Woman,NONE,0,Sudesh Kumari,Anand,0,0,Unreserved,latin,,2011,Bhiwani.pdf
Bhiwani,Bhiwani,7,Bamla - I,SC Other than Woman,SC,0,Anita,Pawan Kumar,0,0,Scheduled Caste,latin,,2011,Bhiwani.pdf
Bhiwani,Bhiwani,8,Bamla -II,Woman,NONE,1,Soniya,Vijay Kumar,0,0,Women,latin,,2011,Bhiwani.pdf
Bhiwani,Bhiwani,9,Bapora,Other than Woman,NONE,0,Naresh Kumar,Dharmpal,0,0,Unreserved,latin,,2011,Bhiwani.pdf
Bhiwani,Bhiwani,10,Bhakhra,SC Woman,SC,1,Seema,Suraj Bhan,0,0,Scheduled Caste (Women),latin,,2011,Bhiwani.pdf
Bhiwani,Bhiwani,11,Biran,Other than Woman,NONE,0,Tara Chand,Sher Singh,0,0,Unreserved,latin,,2011,Bhiwani.pdf
Bhiwani,Bhiwani,12,Chang,Other than Woman,NONE,0,Devender Kumar,Ramsawroop,0,0,Unreserved,latin,,2011,Bhiwani.pdf
Bhiwani,Bhiwani,13,Devsar,SC Other than Woman,SC,0,Radhey Shyam,Surjan Singh,0,0,Scheduled Caste,latin,,2011,Bhiwani.pdf
Bhiwani,Bhiwani,14,Dhana Ladanpur,Woman,NONE,1,Anita,Ajit Singh,0,0,Women,latin,,2011,Bhiwani.pdf
Bhiwani,Bhiwani,15,Dhana Narsan,SC Other than Woman,SC,0,Surender Singh,Badlu Ram,0,0,Scheduled Caste,latin,,2011,Bhiwani.pdf
Bhiwani,Bhiwani,16,Dhanana -I,Other than Woman,NONE,0,Sunita,Roshan Lal,0,0,Unreserved,latin,,2011,Bhiwani.pdf
Bhiwani,Bhiwani,17,Dhanana -II,Other than Woman,NONE,0,Prem,Chandu Lal,0,0,Unreserved,latin,,2011,Bhiwani.pdf
Bhiwani,Bhiwani,18,Dhanana -III,Other than Woman,NONE,0,Ramesh,Ajit Singh,0,0,Unreserved,latin,,2011,Bhiwani.pdf
Bhiwani,Bhiwani,19,Dhani Biran,Woman,NONE,1,Suratbai,Rajesh Kumar,0,0,Women,latin,,2011,Bhiwani.pdf
Bhiwani,Bhiwani,20,Dhani Brahmanan,Woman,NONE,1,Manju Bala,Dinesh,0,0,Women,latin,,2011,Bhiwani.pdf
Bhiwani,Bhiwani,21,Dhani Chang,Woman,NONE,1,Neelam Kumari,Surender,0,0,Women,latin,,2011,Bhiwani.pdf
Bhiwani,Bhiwani,22,Dhani Harsukh,SC Woman,SC,1,Manisha,Dharmender Kumar,0,0,Scheduled Caste (Women),latin,,2011,Bhiwani.pdf
Bhiwani,Bhiwani,23,Dhani Janga,Other than Woman,NONE,0,Om Parkash,Chunni Lal,1,0,Unreserved,latin,,2011,Bhiwani.pdf
Bhiwani,Bhiwani,24,Dhareru,Other than Woman,NONE,0,Vijay Kumar,Bhana Ram,0,0,Unreserved,latin,,2011,Bhiwani.pdf
Bhiwani,Bhiwani,25,Dhirana Kalan,Other than Woman,NONE,0,Ram Bhagat,Ramchander,0,0,Unreserved,latin,,2011,Bhiwani.pdf
Bhiwani,Bhiwani,26,Dhirana Majra Devsar,Other than Woman,NONE,0,Anil Kumar,Sant Lal,0,0,Unreserved,latin,,2011,Bhiwani.pdf
Bhiwani,Bhiwani,27,Dinod,Other than Woman,NONE,0,Rajpal Singh,Ratiram,0,0,Unreserved,latin,,2011,Bhiwani.pdf
Bhiwani,Bhiwani,28,Ghuskani,Woman,NONE,1,Pinki Devi,Tasvir,0,0,Women,latin,,2011,Bhiwani.pdf
Bhiwani,Bhiwani,29,Golpura,Woman,NONE,1,Suman Lata,Pardeep Kumar,0,0,Women,latin,,2011,Bhiwani.pdf
Bhiwani,Bhiwani,30,Goripur,SC Woman,SC,1,Jyoti,Sonu,0,0,Scheduled Caste (Women),latin,,2011,Bhiwani.pdf
Bhiwani,Bhiwani,31,Govindpura,Woman,NONE,1,Manju Devi,Bir Singh,0,0,Women,latin,,2011,Bhiwani.pdf
Bhiwani,Bhiwani,32,Gujrani,Woman,NONE,1,Manjulata Urf Manju Bala,Ravinder,0,0,Women,latin,,2011,Bhiwani.pdf
Bhiwani,Bhiwani,33,Haluwas,Other than Woman,NONE,0,Harish Kumar,Gom Singh,0,0,Unreserved,latin,,2011,Bhiwani.pdf
Bhiwani,Bhiwani,34,Haluwas Majra Devser,Other than Woman,NONE,0,Sandeep,Sukh Pal,0,0,Unreserved,latin,,2011,Bhiwani.pdf
Bhiwani,Bhiwani,35,Haripur,Other than Woman,NONE,0,Hanuman Parsad,Ramdhari,0,0,Unreserved,latin,,2011,Bhiwani.pdf
Bhiwani,Bhiwani,36,Jatai,Other than Woman,NONE,0,Vijay Singh,Rattan Singh,0,0,Unreserved,latin,,2011,Bhiwani.pdf
Bhiwani,Bhiwani,37,Jharwai,SC Other than Woman,SC,0,Rohtash,Nihal Singh,0,0,Scheduled Caste,latin,,2011,Bhiwani.pdf
Bhiwani,Bhiwani,38,Kalinga Pana Amru,Other than Woman,NONE,0,Dinesh,Om Parkash,0,0,Unreserved,latin,,2011,Bhiwani.pdf
Bhiwani,Bhiwani,39,Kalinga Pana Raju,Other than Woman,NONE,0,Om Singh,Ramchander,0,0,Unreserved,latin,,2011,Bhiwani.pdf
Bhiwani,Bhiwani,40,Kalinga Pana Sawai,Other than Woman,NONE,0,Ram Bhool,Shish Ram,0,0,Unreserved,latin,,2011,Bhiwani.pdf
Bhiwani,Bhiwani,41,Kaluwas,Other than Woman,NONE,0,Naresh,Krishan,0,0,Unreserved,latin,,2011,Bhiwani.pdf
Bhiwani,Bhiwani,42,Kayla,Woman,NONE,1,Sharda Devi,Madanpal Singh,0,0,Women,latin,,2011,Bhiwani.pdf
Bhiwani,Bhiwani,43,Kharak Kalan,Other than Woman,NONE,0,Anil,Nasib Singh,0,0,Unreserved,latin,,2011,Bhiwani.pdf
Bhiwani,Bhiwani,44,Kharak Kalan Khandan Pana,SC Woman,SC,1,Soniya,Vikash,0,0,Scheduled Caste (Women),latin,,2011,Bhiwani.pdf
Bhiwani,Bhiwani,45,Kharak Kalan Rajan Pana,SC Other than Woman,SC,0,Rajesh Kumar,Daya Chand,0,0,Scheduled Caste,latin,,2011,Bhiwani.pdf
Bhiwani,Bhiwani,46,Kharak Khurd,Other than Woman,NONE,0,Sandeep Singh,Dalel Singh,0,0,Unreserved,latin,,2011,Bhiwani.pdf
Bhiwani,Bhiwani,47,Kitlana,Woman,NONE,1,Ravina Kumari,Pawan Kumar,0,0,Women,latin,,2011,Bhiwani.pdf
Bhiwani,Bhiwani,48,Kohar,Other than Woman,NONE,0,Ramesh,Gopal,0,0,Unreserved,latin,,2011,Bhiwani.pdf
Bhiwani,Bhiwani,49,Kount,Other than Woman,NONE,0,Harvinder,Gaje Singh,0,0,Unreserved,latin,,2011,Bhiwani.pdf
Bhiwani,Bhiwani,50,Madhmadhvi,Other than Woman,NONE,0,Jagat Singh,Pal Singh,0,0,Unreserved,latin,,2011,Bhiwani.pdf
Bhiwani,Bhiwani,51,Mandhana,SC Other than Woman,SC,0,Satbir,Jaiveer,0,0,Scheduled Caste,latin,,2011,Bhiwani.pdf
Bhiwani,Bhiwani,52,Manheru,SC Other than Woman,SC,0,Suresh Kumar,Dalip Singh,0,0,Scheduled Caste,latin,,2011,Bhiwani.pdf
Bhiwani,Bhiwani,53,Mitathal,Woman,NONE,1,Nirmala,Bhisham,0,0,Women,latin,,2011,Bhiwani.pdf
Bhiwani,Bhiwani,54,Mundhal Kalan,Woman,NONE,1,Priyanka Sharma,Ravinder,0,0,Women,latin,,2011,Bhiwani.pdf
Bhiwani,Bhiwani,55,Mundhal Khurd,Other than Woman,NONE,0,Vijay Pal,Ram Narayan,0,0,Unreserved,latin,,2011,Bhiwani.pdf
Bhiwani,Bhiwani,56,Nandgaon,Woman,NONE,1,Shilochana,Anil,0,0,Women,latin,,2011,Bhiwani.pdf
Bhiwani,Bhiwani,57,Nangal,Other than Woman,NONE,0,Rajiv,Ramniwas,0,0,Unreserved,latin,,2011,Bhiwani.pdf
Bhiwani,Bhiwani,58,Nangla,Woman,NONE,1,Anita,Dalbir,0,0,Women,latin,,2011,Bhiwani.pdf
Bhiwani,Bhiwani,59,Nathuwas,Other than Woman,NONE,0,Azad Singh,Mahender Singh,0,0,Unreserved,latin,,2011,Bhiwani.pdf
Bhiwani,Bhiwani,60,Naurangabad,Other than Woman,NONE,0,Nasib,Badan Singh,0,0,Unreserved,latin,,2011,Bhiwani.pdf
Bhiwani,Bhiwani,61,Navagaon,Woman,NONE,1,Kusum,Jaibir Singh,0,0,Women,latin,,2011,Bhiwani.pdf
Bhiwani,Bhiwani,62,Nimriwali,SC Woman,SC,1,Anita Devi,Dharamraj,0,0,Scheduled Caste (Women),latin,,2011,Bhiwani.pdf
Bhiwani,Bhiwani,63,Ninan,Other than Woman,NONE,0,Ramkumar,Ishar Ram,0,0,Unreserved,latin,,2011,Bhiwani.pdf
Bhiwani,Bhiwani,64,Paluwas,Woman,NONE,1,Sunita,Naresh Kumar,0,0,Women,latin,,2011,Bhiwani.pdf
Bhiwani,Bhiwani,65,Patharwali,Other than Woman,NONE,0,Radhey Shyam,Ramchander,0,0,Unreserved,latin,,2011,Bhiwani.pdf
Bhiwani,Bhiwani,66,Pehladgarh,Other than Woman,NONE,0,Vinod Kumar,Ramanand,0,0,Unreserved,latin,,2011,Bhiwani.pdf
Bhiwani,Bhiwani,67,Phoolpura,Other than Woman,NONE,0,Amit Parmar,Maman Singh,0,0,Unreserved,latin,,2011,Bhiwani.pdf
Bhiwani,Bhiwani,68,Prem Nagar,Woman,NONE,1,Suman,Bijender Singh,0,0,Women,latin,,2011,Bhiwani.pdf
Bhiwani,Bhiwani,69,Puranpura,Woman,NONE,1,Manju,Sandeep,0,0,Women,latin,,2011,Bhiwani.pdf
Bhiwani,Bhiwani,70,Rajgarh,Other than Woman,NONE,0,Phool Kumar,Chandi Ram,0,0,Unreserved,latin,,2011,Bhiwani.pdf
Bhiwani,Bhiwani,71,Rajpura Kharkari,Other than Woman,NONE,0,Rinku Sharma,Suresh Sharma,0,0,Unreserved,latin,,2011,Bhiwani.pdf
Bhiwani,Bhiwani,72,Rewari Khera,Other than Woman,NONE,0,Jaibhagwan,Dariya Singh,0,0,Unreserved,latin,,2011,Bhiwani.pdf
Bhiwani,Bhiwani,73,Roopgarh,Woman,NONE,1,Saroj,Bir Singh,0,0,Women,latin,,2011,Bhiwani.pdf
Bhiwani,Bhiwani,74,Sai,SC Woman,SC,1,Nitu Rani,Naresh,0,0,Scheduled Caste (Women),latin,,2011,Bhiwani.pdf
Bhiwani,Bhiwani,75,Sanga,Woman,NONE,1,Santosh Bala,Rajesh,0,0,Women,latin,,2011,Bhiwani.pdf
Bhiwani,Bhiwani,76,Sarsa Ghogra,Other than Woman,NONE,0,Udhey Singh,Phool Singh,0,0,Unreserved,latin,,2011,Bhiwani.pdf
Bhiwani,Bhiwani,77,Talu,SC Other than Woman,SC,0,Amir Singh,Mahender Singh,0,0,Scheduled Caste,latin,,2011,Bhiwani.pdf
Bhiwani,Bhiwani,78,Tigrana,Other than Woman,NONE,0,Pardeep Kumar,Jaipal Singh,0,0,Unreserved,latin,,2011,Bhiwani.pdf
Bhiwani,Bhiwani,79,Umrawat,Other than Woman,NONE,0,Dinesh,Puranmal,0,0,Unreserved,latin,,2011,Bhiwani.pdf
Bhiwani,Dadri-I,1,Achina,SC Other than Woman,SC,0,Prem Singh,Bakhtawar,0,0,Scheduled Caste,latin,,2013,Bhiwani.pdf
Bhiwani,Dadri-I,2,Bass,Other than Woman,NONE,0,Vinod Kumar,Omprakash,0,0,Unreserved,latin,,2013,Bhiwani.pdf
Bhiwani,Dadri-I,3,Bhageshwari,Other than Woman,NONE,0,Hukam Chand,Dharambir,0,0,Unreserved,latin,,2013,Bhiwani.pdf
Bhiwani,Dadri-I,4,Bhagvi,Woman,NONE,1,Darshna Devi,Lok Ram,0,0,Women,latin,,2013,Bhiwani.pdf
Bhiwani,Dadri-I,5,Bigowa,Other than Woman,NONE,0,Rajpal Singh,Amir Singh,0,0,Unreserved,latin,,2013,Bhiwani.pdf
Bhiwani,Dadri-I,6,Bond Kalan,Woman,NONE,1,Anita Devi,Govind Singh,0,0,Women,latin,,2013,Bhiwani.pdf
Bhiwani,Dadri-I,7,Bond Khurd,Other than Woman,NONE,0,Radhe Shyam,Rajpal,0,0,Unreserved,latin,,2013,Bhiwani.pdf
Bhiwani,Dadri-I,8,Dhani Phogat,Other than Woman,NONE,0,Mandeep,Jagvir Singh,0,0,Unreserved,latin,,2013,Bhiwani.pdf
Bhiwani,Dadri-I,9,Ghasola,SC Other than Woman,SC,0,Suresh Kumar,Banwari Lal,0,0,Scheduled Caste,latin,,2013,Bhiwani.pdf
Bhiwani,Dadri-I,10,Gothra,SC Other than Woman,SC,0,Rattan Singh,Harnam,0,0,Scheduled Caste,latin,,2013,Bhiwani.pdf
Bhiwani,Dadri-I,11,Hindol,Woman,NONE,1,Babita,Rajesh,0,0,Women,latin,,2013,Bhiwani.pdf
Bhiwani,Dadri-I,12,Imlota,Woman,NONE,1,Sushila Devi,Omprakash,0,0,Women,latin,,2013,Bhiwani.pdf
Bhiwani,Dadri-I,13,Jaishree,Woman,NONE,1,Rajkumar,Hari Ram,0,0,Women,latin,,2013,Bhiwani.pdf
Bhiwani,Dadri-I,14,Jhinjhar,Other than Woman,NONE,0,Ramotar,Umed Singh,0,0,Unreserved,latin,,2013,Bhiwani.pdf
Bhiwani,Dadri-I,15,Kamod,Other than Woman,NONE,0,Sudarshan Kumar,Kapoor Singh,0,0,Unreserved,latin,,2013,Bhiwani.pdf
Bhiwani,Dadri-I,16,Kanheti,Other than Woman,NONE,0,Naresh Kumar,Devi Sahai,0,0,Unreserved,latin,,2013,Bhiwani.pdf
Bhiwani,Dadri-I,17,Kasni,Other than Woman,NONE,0,Indervesh,Hira Lal,0,0,Unreserved,latin,,2013,Bhiwani.pdf
Bhiwani,Dadri-I,18,Khatiwas,SC Other than Woman,SC,0,Ramkumar,Ramsawroop,0,0,Scheduled Caste,latin,,2013,Bhiwani.pdf
Bhiwani,Dadri-I,19,Kheri Sanwal,SC Other than Woman,SC,0,Aazad Singh,Jugti Ram,0,0,Scheduled Caste,latin,,2013,Bhiwani.pdf
Bhiwani,Dadri-I,20,Kohlawas,Other than Woman,NONE,0,Rajkumar,Lakhi Ram,0,0,Unreserved,latin,,2013,Bhiwani.pdf
Bhiwani,Dadri-I,21,Lamba,Other than Woman,NONE,0,Manoj Kumar,Daleep Singh,0,0,Unreserved,latin,,2013,Bhiwani.pdf
Bhiwani,Dadri-I,22,Loharwada,Other than Woman,NONE,0,Somvir,Omprakash,0,0,Unreserved,latin,,2013,Bhiwani.pdf
Bhiwani,Dadri-I,23,Makrani,Other than Woman,NONE,0,Mahavir Parsad,Ramphal,0,0,Unreserved,latin,,2013,Bhiwani.pdf
Bhiwani,Dadri-I,24,Makrana,SC Woman,SC,1,Sarita,Suresh Kumar,0,0,Scheduled Caste (Women),latin,,2013,Bhiwani.pdf
Bhiwani,Dadri-I,25,Malkosh,Woman,NONE,1,Sunil,Narender,0,0,Women,latin,,2013,Bhiwani.pdf
Bhiwani,Dadri-I,26,Meharana,Other than Woman,NONE,0,Bhupender Singh,Prem Singh,0,0,Unreserved,latin,,2013,Bhiwani.pdf
Bhiwani,Dadri-I,27,Mirch,Other than Woman,NONE,0,Manju Devi,Devender Singh,0,0,Unreserved,latin,,2013,Bhiwani.pdf
Bhiwani,Dadri-I,28,Misri,Woman,NONE,1,Anita Devi,Brham Parkash,0,0,Women,latin,,2013,Bhiwani.pdf
Bhiwani,Dadri-I,29,Mori,Other than Woman,NONE,0,Omprakash,Maghraj,0,0,Unreserved,latin,,2013,Bhiwani.pdf
Bhiwani,Dadri-I,30,Morwala,SC Other than Woman,SC,0,Jai Kishan,Khetiyaram,0,0,Scheduled Caste,latin,,2013,Bhiwani.pdf
Bhiwani,Dadri-I,31,Nimli,Other than Woman,NONE,0,Trilok Singh,Balbir Singh,0,0,Unreserved,latin,,2013,Bhiwani.pdf
Bhiwani,Dadri-I,32,Nimri,Other than Woman,NONE,0,Manbir Singh,Moluram,0,0,Unreserved,latin,,2013,Bhiwani.pdf
Bhiwani,Dadri-I,33,Patuwas,Woman,NONE,1,Mukesh,Dinesh Kumar,0,0,Women,latin,,2013,Bhiwani.pdf
Bhiwani,Dadri-I,34,Phogat,Other than Woman,NONE,0,Jaipal,Jugti Ram,0,0,Unreserved,latin,,2013,Bhiwani.pdf
Bhiwani,Dadri-I,35,Ramnagar Kapoori,Other than Woman,NONE,0,Rajeev Yadav,Satyparkash,0,0,Unreserved,latin,,2013,Bhiwani.pdf
Bhiwani,Dadri-I,36,Ranila,Woman,NONE,1,Sharmila,Sameer Kumar,0,0,Women,latin,,2013,Bhiwani.pdf
Bhiwani,Dadri-I,37,Rankoli,Woman,NONE,1,Shashibala,Udey Singh,0,0,Women,latin,,2013,Bhiwani.pdf
Bhiwani,Dadri-I,38,Rawaldhi,Woman,NONE,1,Rajbala,Rajesh,0,0,Women,latin,,2013,Bhiwani.pdf
Bhiwani,Dadri-I,39,Samaspur,Other than Woman,NONE,0,Jagbir,Tek Chand,0,0,Unreserved,latin,,2013,Bhiwani.pdf
Bhiwani,Dadri-I,40,Sanjarwas,SC Woman,SC,1,Rimpi Rani,Vikash,0,0,Scheduled Caste (Women),latin,,2013,Bhiwani.pdf
Bhiwani,Dadri-I,41,Sankroad,Other than Woman,NONE,0,Sunil,Ranjeet Singh,0,0,Unreserved,latin,,2013,Bhiwani.pdf
Bhiwani,Dadri-I,42,Santokhpura,SC Woman,SC,1,Sunita,Dilbag Singh,0,0,Scheduled Caste (Women),latin,,2013,Bhiwani.pdf
Bhiwani,Dadri-I,43,Santor,Other than Woman,NONE,0,Satbir Singh,Shish Ram,0,0,Unreserved,latin,,2013,Bhiwani.pdf
Bhiwani,Dadri-I,44,Sanwar,Other than Woman,NONE,0,Madan Singh,Hamir Singh,0,0,Unreserved,latin,,2013,Bhiwani.pdf
Bhiwani,Dadri-I,45,Sarupgrah,Woman,NONE,1,Kamlesh,Rajesh,0,0,Women,latin,,2013,Bhiwani.pdf
Bhiwani,Dadri-I,46,Sonf,Woman,NONE,1,Sunita Devi,Rajpal,0,0,Women,latin,,2013,Bhiwani.pdf
Bhiwani,Dadri-I,47,Tikan Kalan,Woman,NONE,1,Anguri Devi,Shri Bhagwan,0,0,Women,latin,,2013,Bhiwani.pdf
Bhiwani,Dadri-I,48,Unn,Other than Woman,NONE,0,Shri Krishan,Subhachand,0,0,Unreserved,latin,,2013,Bhiwani.pdf
Bhiwani,Dadri-II,1,Abidpura,Woman,NONE,1,Kavita,Ravi Kumar,0,0,Women,latin,,2015,Bhiwani.pdf
Bhiwani,Dadri-II,2,Akhtyarpura,Woman,NONE,1,Reetu Rani,Rohtash,0,0,Women,latin,,2015,Bhiwani.pdf
Bhiwani,Dadri-II,3,Ashawari,Woman,NONE,1,Shakuntla Devi,Brij Bhan,0,0,Women,latin,,2015,Bhiwani.pdf
Bhiwani,Dadri-II,4,Atela Kalan,Other than Woman,NONE,0,Krishan Kumar,Amilal,0,0,Unreserved,latin,,2015,Bhiwani.pdf
Bhiwani,Dadri-II,5,Atela Khurd,Woman,NONE,1,Poonam Devi,Permender,0,0,Women,latin,,2015,Bhiwani.pdf
Bhiwani,Dadri-II,6,Atela Naya,Woman,NONE,1,Neelam,Surender Singh,0,0,Women,latin,,2015,Bhiwani.pdf
Bhiwani,Dadri-II,7,Badal,Woman,NONE,1,Munni,Manoj Kumar,0,0,Women,latin,,2015,Bhiwani.pdf
Bhiwani,Dadri-II,8,Badhwana,SC Other than Woman,SC,0,Manoj Kumar,Rajbir,0,0,Scheduled Caste,latin,,2015,Bhiwani.pdf
Bhiwani,Dadri-II,9,Balali,Other than Woman,NONE,0,Amit Kumar,Kartar Singh,0,0,Unreserved,latin,,2015,Bhiwani.pdf
Bhiwani,Dadri-II,10,Balkara,Woman,NONE,1,Sheela,Sombir,0,0,Women,latin,,2015,Bhiwani.pdf
Bhiwani,Dadri-II,11,Balrod,Other than Woman,NONE,0,Mukesh Kumar,Sant Lal,0,0,Unreserved,latin,,2015,Bhiwani.pdf
Bhiwani,Dadri-II,12,Barsana,SC Other than Woman,SC,0,Om Parkash,Jagdish,0,0,Scheduled Caste,latin,,2015,Bhiwani.pdf
Bhiwani,Dadri-II,13,Bijna,SC Other than Woman,SC,0,Krishan Kumar,Jagram,0,0,Scheduled Caste,latin,,2015,Bhiwani.pdf
Bhiwani,Dadri-II,14,Birhi Kalan,Other than Woman,NONE,0,Bimla,Kuldeep,0,0,Unreserved,latin,,2015,Bhiwani.pdf
Bhiwani,Dadri-II,15,Chandeni,Woman,NONE,1,Mamta,Hitesh,1,0,Women,latin,,2015,Bhiwani.pdf
Bhiwani,Dadri-II,16,Changrod,Woman,NONE,1,Suman Devi,Sunder Singh,0,0,Women,latin,,2015,Bhiwani.pdf
Bhiwani,Dadri-II,17,Charkhi,SC Other than Woman,SC,0,Gulzari Lal,Lakha Ram,0,0,Scheduled Caste,latin,,2015,Bhiwani.pdf
Bhiwani,Dadri-II,18,Chhapar,Other than Woman,NONE,0,Dilbagh Singh,Hosiyar Singh,0,0,Unreserved,latin,,2015,Bhiwani.pdf
Bhiwani,Dadri-II,19,Chiriya,Other than Woman,NONE,0,Ajit Singh,Hoshiar Singh,0,0,Unreserved,latin,,2015,Bhiwani.pdf
Bhiwani,Dadri-II,20,Dadhi Bana,Woman,NONE,1,Sushila,Chhaju Ram,0,0,Women,latin,,2015,Bhiwani.pdf
Bhiwani,Dadri-II,21,Dadhi Chhillar,Other than Woman,NONE,0,Ram Niwas,Sheonath,0,0,Unreserved,latin,,2015,Bhiwani.pdf
Bhiwani,Dadri-II,22,Datoli,Other than Woman,NONE,0,Dayanand,Maan Singh,0,0,Unreserved,latin,,2015,Bhiwani.pdf
Bhiwani,Dadri-II,23,Dohki,Other than Woman,NONE,0,Rakesh Kumar,Roshan Singh,0,0,Unreserved,latin,,2015,Bhiwani.pdf
Bhiwani,Dadri-II,24,Dudhwa,SC Woman,SC,1,Urmila Devi,Jai Bhagwan,0,0,Scheduled Caste (Women),latin,,2015,Bhiwani.pdf
Bhiwani,Dadri-II,25,Fatehgarh,Woman,NONE,1,Suman Devi,Narender Singh,0,0,Women,latin,,2015,Bhiwani.pdf
Bhiwani,Dadri-II,26,Ghikara,Other than Woman,NONE,0,Somesh,Satyvir,0,0,Unreserved,latin,,2015,Bhiwani.pdf
Bhiwani,Dadri-II,27,Gokal,Other than Woman,NONE,0,Umed Singh,Maan Singh,0,0,Unreserved,latin,,2015,Bhiwani.pdf
Bhiwani,Dadri-II,28,Gudana,Other than Woman,NONE,0,Ramesh Kumar,Kamal Singh,0,0,Unreserved,latin,,2015,Bhiwani.pdf
Bhiwani,Dadri-II,29,Jawa,SC Woman,SC,1,Suman Kumari,Suresh,0,0,Scheduled Caste (Women),latin,,2015,Bhiwani.pdf
Bhiwani,Dadri-II,30,Jhojhu Kalan,Other than Woman,NONE,0,Dalbir Singh,Bharat Singh,0,0,Unreserved,latin,,2015,Bhiwani.pdf
Bhiwani,Dadri-II,31,Jhojhu Khurd,Other than Woman,NONE,0,Manoj Kumar,Jagat Singh,0,0,Unreserved,latin,,2015,Bhiwani.pdf
Bhiwani,Dadri-II,32,Kalali,Other than Woman,NONE,0,Rajpal Singh,Hazari Lal,0,0,Unreserved,latin,,2015,Bhiwani.pdf
Bhiwani,Dadri-II,33,Kaliyana,Woman,NONE,1,Neelam,Mukesh Kumar,0,0,Women,latin,,2015,Bhiwani.pdf
Bhiwani,Dadri-II,34,Kheri Battar,Woman,NONE,1,Rekha,Jitender,0,0,Women,latin,,2015,Bhiwani.pdf
Bhiwani,Dadri-II,35,Kheri Bura,SC Other than Woman,SC,0,Jogender Kumar,Om Parkash,0,0,Scheduled Caste,latin,,2015,Bhiwani.pdf
Bhiwani,Dadri-II,36,Mandola,Woman,NONE,1,Neelam Kumari,Manjeet,0,0,Women,latin,,2015,Bhiwani.pdf
Bhiwani,Dadri-II,37,Mandoli,Other than Woman,NONE,0,Surender,Man Ful,0,0,Unreserved,latin,,2015,Bhiwani.pdf
Bhiwani,Dadri-II,38,Mankawas,Other than Woman,NONE,0,Manoj Kumar,Rishal Singh,0,0,Unreserved,latin,,2015,Bhiwani.pdf
Bhiwani,Dadri-II,39,Mehra,Woman,NONE,1,Suman Devi,Sudhir,0,0,Women,latin,,2015,Bhiwani.pdf
Bhiwani,Dadri-II,40,Narsingwas,SC Other than Woman,SC,0,Neerkailesh,Badri Prashad,0,0,Scheduled Caste,latin,,2015,Bhiwani.pdf
Bhiwani,Dadri-II,41,Norangawas Jattan,Other than Woman,NONE,0,Narender,Kapur Singh,0,0,Unreserved,latin,,2015,Bhiwani.pdf
Bhiwani,Dadri-II,42,Norangawas Rajputan,Other than Woman,NONE,0,Mahesh,Gugan Singh,0,0,Unreserved,latin,,2015,Bhiwani.pdf
Bhiwani,Dadri-II,43,Noswa,SC Other than Woman,SC,0,Dharamender,Sawant Ram,0,0,Scheduled Caste,latin,,2015,Bhiwani.pdf
Bhiwani,Dadri-II,44,Paintawas Kalan,Other than Woman,NONE,0,Dhirpal,Ishwar Singh,0,0,Unreserved,latin,,2015,Bhiwani.pdf
Bhiwani,Dadri-II,45,Paintawas Khurd,Other than Woman,NONE,0,Anand Kumar,Dharampal,0,0,Unreserved,latin,,2015,Bhiwani.pdf
Bhiwani,Dadri-II,46,Palri,SC Woman,SC,1,Suman Bala,Attar Singh,0,0,Scheduled Caste (Women),latin,,2015,Bhiwani.pdf
Bhiwani,Dadri-II,47,Pandwan,Other than Woman,NONE,0,Raj Karan,Balwant Singh,0,0,Unreserved,latin,,2015,Bhiwani.pdf
Bhiwani,Dadri-II,48,Ramalwas,Other than Woman,NONE,0,Surender,Jaichand,0,0,Unreserved,latin,,2015,Bhiwani.pdf
Bhiwani,Dadri-II,49,Rasiwas,Other than Woman,NONE,0,Harender,Ajit Singh,0,0,Unreserved,latin,,2015,Bhiwani.pdf
Bhiwani,Dadri-II,50,Sahuwas,Other than Woman,NONE,0,Sandeep Kumar,Preet Singh,0,0,Unreserved,latin,,2015,Bhiwani.pdf
Bhiwani,Dadri-II,51,Sarangpur,Other than Woman,NONE,0,Suresh Kumar,Ram Rattan,0,0,Unreserved,latin,,2015,Bhiwani.pdf
Bhiwani,Dadri-II,52,Shishwala,Other than Woman,NONE,0,Ankur,Ashok Kumar,0,0,Unreserved,latin,,2015,Bhiwani.pdf
Bhiwani,Dadri-II,53,Tiwala,Other than Woman,NONE,0,Manju,Jagjeet,0,0,Unreserved,latin,,2015,Bhiwani.pdf
Bhiwani,Kairu,1,Babarwas,Woman,NONE,1,Maya Kumari Sharma,Gajanand Sharma,1,0,Women Unreserved,latin,,2017,Bhiwani.pdf
Bhiwani,Kairu,2,Bhangarh,SC Woman,SC,1,Suman,Krishan,0,0,Scheduled Caste (Women),latin,,2017,Bhiwani.pdf
Bhiwani,Kairu,3,Bijlanawas,Other than Woman,NONE,0,Mir Singh,Ramsawroop,1,0,Unreserved,latin,,2017,Bhiwani.pdf
Bhiwani,Kairu,4,Chandawas,Other than Woman,NONE,0,Satbir Singh,Munshi Ram,0,0,Unreserved,latin,,2017,Bhiwani.pdf
Bhiwani,Kairu,5,Devrala,Woman,NONE,1,Parmila,Shayam Sunder,0,0,Women,latin,,2017,Bhiwani.pdf
Bhiwani,Kairu,6,Dhab Dhani,SC Woman,SC,1,Poonam,Vazir Singh,0,0,Scheduled Caste (Women),latin,,2017,Bhiwani.pdf
Bhiwani,Kairu,7,Dhangar,SC Woman,SC,1,Nirma Devi,Vazir Singh,0,0,Scheduled Caste (Women),latin,,2017,Bhiwani.pdf
Bhiwani,Kairu,8,Dharwanwas,SC Other than Woman,SC,0,Kavita,Ramesh Kumar,0,0,Scheduled Caste,latin,,2017,Bhiwani.pdf
Bhiwani,Kairu,9,Golagarh,Other than Woman,NONE,0,Sandeep,Man Singh,0,0,Unreserved,latin,,2017,Bhiwani.pdf
Bhiwani,Kairu,10,Golagarh,Woman,NONE,1,Pushpa,Mahender Singh,0,0,Women,latin,,2017,Bhiwani.pdf
Bhiwani,Kairu,11,Indiwali,Other than Woman,NONE,0,Saroj Kanwar,Sarjeet,0,0,Unreserved,latin,,2017,Bhiwani.pdf
Bhiwani,Kairu,12,Jitwanwas,Other than Woman,NONE,0,Jitender Singh,Dharampal,0,0,Unreserved,latin,,2017,Bhiwani.pdf
Bhiwani,Kairu,13,Jui Bichli,Other than Woman,NONE,0,Somveer Singh,Jaimal,0,0,Unreserved Unreserved,latin,,2017,Bhiwani.pdf
Bhiwani,Kairu,14,Jui Kalan,Other than Woman,NONE,0,Ranbir Singh,Chhaju Ram,0,0,Unreserved,latin,,2017,Bhiwani.pdf
Bhiwani,Kairu,15,Jui Khurd,Woman,NONE,1,Rooppati,Ramesh Kumar,0,0,Women,latin,,2017,Bhiwani.pdf
Bhiwani,Kairu,16,Jui Khurd,Other than Woman,NONE,0,Kalash Chander,Hanuman Parsad,0,0,Unreserved,latin,,2017,Bhiwani.pdf
Bhiwani,Kairu,17,Kairu-2,SC Other than Woman,SC,0,Omparkash,Puran Chand,0,0,Scheduled Caste,latin,,2017,Bhiwani.pdf
Bhiwani,Kairu,18,Keharpura,Other than Woman,NONE,0,Virender Singh,Pritam Singh,0,0,Unreserved,latin,,2017,Bhiwani.pdf
Bhiwani,Kairu,19,Khairpura,Other than Woman,NONE,0,Krishan Kumar,Mani Ram,0,0,Unreserved,latin,,2017,Bhiwani.pdf
Bhiwani,Kairu,20,Khapadwas,SC Other than Woman,SC,0,Madan Lal,Subh Ram,0,0,Scheduled Caste,latin,,2017,Bhiwani.pdf
Bhiwani,Kairu,21,Khariyawas,Other than Woman,NONE,0,Madan Lal,Ram Singh,0,0,Unreserved,latin,,2017,Bhiwani.pdf
Bhiwani,Kairu,22,Kusumbhi,SC Other than Woman,SC,0,Satywan,Omparkash,0,0,Scheduled Caste,latin,,2017,Bhiwani.pdf
Bhiwani,Kairu,23,Ladiyawali,Other than Woman,NONE,0,Naresh Kumar,Mahabir,1,0,Unreserved,latin,,2017,Bhiwani.pdf
Bhiwani,Kairu,24,Lalawas,Other than Woman,NONE,0,Dharmpal,Roopchand,0,0,Unreserved,latin,,2017,Bhiwani.pdf
Bhiwani,Kairu,25,Lahlana,Woman,NONE,1,Sunita,Mukhtyar,0,0,Women,latin,,2017,Bhiwani.pdf
Bhiwani,Kairu,26,Legha Bhanan,Woman,NONE,1,Neelam,Shyam Sunder,0,0,Women,latin,,2017,Bhiwani.pdf
Bhiwani,Kairu,27,Legha Hetwan,Other than Woman,NONE,0,Ratan Singh,Shish Ram,0,0,Unreserved,latin,,2017,Bhiwani.pdf
Bhiwani,Kairu,28,Lohani,Woman,NONE,1,Indu,Ashok Kumar,0,0,Women,latin,,2017,Bhiwani.pdf
Bhiwani,Kairu,29,Malwas Devsar,Other than Woman,NONE,0,Rajkumar,Roshan Lal,0,0,Unreserved,latin,,2017,Bhiwani.pdf
Bhiwani,Kairu,30,Malwas Kohar,Woman,NONE,1,Nirmla,Pawan Kumar,0,0,Women,latin,,2017,Bhiwani.pdf
Bhiwani,Kairu,31,Mansarwass,Other than Woman,NONE,0,Satbir Urf Sanbir,Ramswroop,0,0,Unreserved,latin,,2017,Bhiwani.pdf
Bhiwani,Kairu,32,Pohkarwas,Other than Woman,NONE,0,Jaishankar,Raja Ram,0,0,Unreserved,latin,,2017,Bhiwani.pdf
Bhiwani,Kairu,33,Shimiliwas,Woman,NONE,1,Kamla,Hawa Singh,0,0,Women,latin,,2017,Bhiwani.pdf
Bhiwani,Kairu,34,Sungerpur,Other than Woman,NONE,0,Umed Singh,Ram Kumar,0,0,Unreserved,latin,,2017,Bhiwani.pdf
Bhiwani,Kairu,35,Titani,Other than Woman,NONE,0,Rajesh,Sombir,0,0,Unreserved,latin,,2017,Bhiwani.pdf
Bhiwani,Loharu,1,Ahmadwas,Other than Woman,NONE,0,Mohan,Kuldeep,0,0,Unreserved,latin,,2019,Bhiwani.pdf
Bhiwani,Loharu,2,Alloudinpur,Other than Woman,NONE,0,Suresh Kumar,Ramnarayan,0,0,Unreserved,latin,,2019,Bhiwani.pdf
Bhiwani,Loharu,3,Amirwas,Woman,NONE,1,Manju,Sunil Kumar,1,0,Women,latin,,2019,Bhiwani.pdf
Bhiwani,Loharu,4,Baralu,SC Other than Woman,SC,0,Jhuthar Singh,Sohan Singh,0,0,Scheduled Caste,latin,,2019,Bhiwani.pdf
Bhiwani,Loharu,6,Bardu Dhirja,Other than Woman,NONE,0,Om Parkash,Kheta Ram,0,0,Unreserved Unreserved,latin,,2019,Bhiwani.pdf
Bhiwani,Loharu,7,Bardu Mugal,SC Other than Woman,SC,0,Mahipal,Bhana Ram,0,0,Scheduled Caste,latin,,2019,Bhiwani.pdf
Bhiwani,Loharu,8,Barwas,Woman,NONE,1,Shashi Bala,Naveen Kumar,0,0,Women,latin,,2019,Bhiwani.pdf
Bhiwani,Loharu,9,Bass Kural,Other than Woman,NONE,0,Suraj Bhan,Shrichand,0,0,Unreserved,latin,,2019,Bhiwani.pdf
Bhiwani,Loharu,10,Bisalwas,SC Woman,SC,1,Surendera Devi,Ram Phal,0,0,Scheduled Caste (Women),latin,,2019,Bhiwani.pdf
Bhiwani,Loharu,11,Bithan,Woman,NONE,1,Suman,Dilbag,0,0,Women,latin,,2019,Bhiwani.pdf
Bhiwani,Loharu,13,Damkora,Other than Woman,NONE,0,Inder Singh,Ramwshwer,0,0,Unreserved,latin,,2019,Bhiwani.pdf
Bhiwani,Loharu,14,Dhana Jogi,Other than Woman,NONE,0,Jai Bhagwan,Parbhu Dayal,0,0,Unreserved,latin,,2019,Bhiwani.pdf
Bhiwani,Loharu,15,Dhani Dhola,SC Woman,SC,1,Sushila Devi,Naresh Kumar,0,0,Scheduled Caste (Women),latin,,2019,Bhiwani.pdf
Bhiwani,Loharu,17,Dhani Toda,Other than Woman,NONE,0,Surender,Budh Ram,0,0,Unreserved,latin,,2019,Bhiwani.pdf
Bhiwani,Loharu,20,Fartia Bhima,SC Woman,SC,1,Suman,Ombir,0,0,Scheduled Caste (Women),latin,,2019,Bhiwani.pdf
Bhiwani,Loharu,21,Fartia Tal,Other than Woman,NONE,0,Surender Singh,Hira Singh,0,0,Unreserved,latin,,2019,Bhiwani.pdf
Bhiwani,Loharu,23,Gagarwas,Woman,NONE,1,Suman,Sunil,0,0,Women,latin,,2019,Bhiwani.pdf
Bhiwani,Loharu,24,Gignow,Other than Woman,NONE,0,Lacchi Ram,Ganesharam,0,0,Unreserved,latin,,2019,Bhiwani.pdf
Bhiwani,Loharu,25,Gothra,Woman,NONE,1,Parmila,Khajan Singh,0,0,Women,latin,,2019,Bhiwani.pdf
Bhiwani,Loharu,30,Kharkari,Other than Woman,NONE,0,Subhash Chand,Moti Lal,0,0,Unreserved,latin,,2019,Bhiwani.pdf
Bhiwani,Loharu,31,Kural,Other than Woman,NONE,0,Rajesh Kumari,Anil Kumar,0,0,Unreserved,latin,,2019,Bhiwani.pdf
Bhiwani,Loharu,32,Kushalpura,Other than Woman,NONE,0,Satyawan,Ram Singh,1,0,Unreserved,latin,,2019,Bhiwani.pdf
Bhiwani,Loharu,35,Pahari,SC Other than Woman,SC,0,Santu Ram,Dalu Ram,0,0,Scheduled Caste,latin,,2019,Bhiwani.pdf
Bhiwani,Loharu,36,Sehar,SC Other than Woman,SC,0,Ashok Kumar,Krishan Kumar,0,0,Scheduled Caste,latin,,2019,Bhiwani.pdf
Bhiwani,Loharu,37,Singhani,Other than Woman,NONE,0,Surender Singh,Satbir,0,0,Unreserved,latin,,2019,Bhiwani.pdf
Bhiwani,Loharu,38,Sohansra,SC Other than Woman,SC,0,Randhir Singh,Megh Singh,0,0,Unreserved Scheduled Caste,latin,,2019,Bhiwani.pdf
Bhiwani,Siwani,1,Bakhtawarpura,SC Other than Woman,SC,0,Jagdish,,0,0,Scheduled Caste,latin,,2021,Bhiwani.pdf
Bhiwani,Siwani,2,Barwa,Woman,NONE,1,Nirmala Devi,Nand Kishore,0,0,Women,latin,,2021,Bhiwani.pdf
Bhiwani,Siwani,3,Bhera,Other than Woman,NONE,0,Jaibir Singh,Phool Singh,0,0,Unreserved,latin,,2021,Bhiwani.pdf
Bhiwani,Siwani,4,Bidhwan,Other than Woman,NONE,0,Ravinder,Randhir Singh,0,0,Unreserved,latin,,2021,Bhiwani.pdf
Bhiwani,Siwani,5,Budhshelly,Other than Woman,NONE,0,Ram Niwas,Ram Sawroop,0,0,Unreserved,latin,,2021,Bhiwani.pdf
Bhiwani,Siwani,6,Chanana,SC Woman,SC,1,Krishana,Krishan Kumar,1,0,Scheduled Caste (Women),latin,,2021,Bhiwani.pdf
Bhiwani,Siwani,7,Dariayapur,Other than Woman,NONE,0,Attar Singh,Ram Kumar,0,0,Unreserved,latin,,2021,Bhiwani.pdf
Bhiwani,Siwani,8,Devsar,Other than Woman,NONE,0,Joginder,,0,0,Unreserved,latin,,2021,Bhiwani.pdf
Bhiwani,Siwani,9,Dhani Balhara,Other than Woman,NONE,0,Jai Singh,Jai Ram,0,0,Unreserved,latin,,2021,Bhiwani.pdf
Bhiwani,Siwani,10,Dhani Bhakhra,Woman,NONE,1,Babita,Parveen,0,0,Women,latin,,2021,Bhiwani.pdf
Bhiwani,Siwani,11,Dhani Dariyapur,Other than Woman,NONE,0,Mangli Urf,,0,0,Unreserved,latin,,2021,Bhiwani.pdf
Bhiwani,Siwani,12,Dhani Dhirja,Woman,NONE,1,Rajbala,Kuldeep,0,0,Women,latin,,2021,Bhiwani.pdf
Bhiwani,Siwani,13,Dhani Ramjas,SC Woman,SC,1,Manju,Vinod Kumar,1,0,Scheduled Caste (Women),latin,,2021,Bhiwani.pdf
Bhiwani,Siwani,14,Dhani Silawali,Woman,NONE,1,Ompati,Suresh Kumar,1,0,Women,latin,,2021,Bhiwani.pdf
Bhiwani,Siwani,15,Dhulkot,Other than Woman,NONE,0,Neetu,Jogender,0,0,Unreserved,latin,,2021,Bhiwani.pdf
Bhiwani,Siwani,16,Gadwa Kharkari,Other than Woman,NONE,0,,,0,1,Unreserved,latin,,2021,Bhiwani.pdf
Bhiwani,Siwani,17,Gaindawas,Other than Woman,NONE,0,Rughbir Singh,Harlal,1,0,Unreserved,latin,,2021,Bhiwani.pdf
Bhiwani,Siwani,18,Garwa,Woman,NONE,1,Soniya,Kuldeep,0,0,Women,latin,,2021,Bhiwani.pdf
Bhiwani,Siwani,19,Ghanghala,Other than Woman,NONE,0,Rajesh Kumar,Mangtu Ram,0,0,Unreserved,latin,,2021,Bhiwani.pdf
Bhiwani,Siwani,20,Gudha,Woman,NONE,1,Bakhtawri,Amar Singh,0,0,Women,latin,,2021,Bhiwani.pdf
Bhiwani,Siwani,21,Gurera,Other than Woman,NONE,0,Chhatarpal,Mani Ram,0,0,Unreserved,latin,,2021,Bhiwani.pdf
Bhiwani,Siwani,22,Jhumpa Kalan,Other than Woman,NONE,0,Chander,,0,0,Unreserved,latin,,2021,Bhiwani.pdf
Bhiwani,Siwani,23,Jhumpa Khurd,Woman,NONE,1,Jiwani Devi,Dalip Singh,0,0,Women,latin,,2021,Bhiwani.pdf
Bhiwani,Siwani,24,Kalali,SC Woman,SC,1,Poonam,Rajkumar,0,0,Scheduled Caste (Women),latin,,2021,Bhiwani.pdf
Bhiwani,Siwani,25,Kalod,Woman,NONE,1,Nirmala,Umed Singh,0,0,Women,latin,,2021,Bhiwani.pdf
Bhiwani,Siwani,26,Khera,Woman,NONE,1,Parmila Devi,Mahender,0,0,Women,latin,,2021,Bhiwani.pdf
Bhiwani,Siwani,27,Kikral,Woman,NONE,1,Dayawati,Manoj Kumar,0,0,Women,latin,,2021,Bhiwani.pdf
Bhiwani,Siwani,28,Lilus,SC Other than Woman,SC,0,Raja Ram,Ram Partap,1,0,Scheduled Caste,latin,,2021,Bhiwani.pdf
Bhiwani,Siwani,29,Mandholi Khurd,Other than Woman,NONE,0,,,0,1,Unreserved,latin,,2021,Bhiwani.pdf
Bhiwani,Siwani,30,Matani,Other than Woman,NONE,0,Dharam Singh,Ami Lal,0,0,Unreserved,latin,,2021,Bhiwani.pdf
Bhiwani,Siwani,31,Mithi,Other than Woman,NONE,0,Rohtash,Tek Chand,0,0,Unreserved,latin,,2021,Bhiwani.pdf
Bhiwani,Siwani,32,Mohila,Other than Woman,NONE,0,Suman,Surender,0,0,Unreserved,latin,,2021,Bhiwani.pdf
Bhiwani,Siwani,33,Morka,Other than Woman,NONE,0,Babli,Raj Kumar,0,0,Unreserved,latin,,2021,Bhiwani.pdf
Bhiwani,Siwani,34,Motipura,Other than Woman,NONE,0,Rambhagat,Sohan Lal,0,0,Unreserved,latin,,2021,Bhiwani.pdf
Bhiwani,Siwani,35,Naloi,Other than Woman,NONE,0,Suraj Bhan,Rishal Singh,0,0,Unreserved,latin,,2021,Bhiwani.pdf
Bhiwani,Siwani,36,Rupana,Woman,NONE,1,Laxmi Devi,Pawan Kumar,0,0,Women,latin,,2021,Bhiwani.pdf
Bhiwani,Siwani,37,Sainiwas,Other than Woman,NONE,0,Jai Singh,Ram Partap,1,0,Unreserved,latin,,2021,Bhiwani.pdf
Bhiwani,Siwani,38,Sherpura,SC Other than Woman,SC,0,Rohtash Kumar,Sheochand,0,0,Scheduled Caste,latin,,2021,Bhiwani.pdf
Bhiwani,Siwani,39,Siwach,SC Other than Woman,SC,0,Pinki,Rajesh,0,0,Scheduled Caste,latin,,2021,Bhiwani.pdf
Bhiwani,Siwani,40,Talwani,SC Other than Woman,SC,0,Samunder,,0,0,Scheduled Caste,latin,,2021,Bhiwani.pdf
Bhiwani,Tosham,1,Alakhpura,Other than Woman,NONE,0,Ranbir Singh,Banwari Lal,0,0,Unreserved,latin,,2023,Bhiwani.pdf
Bhiwani,Tosham,2,Alampur,Other than Woman,NONE,0,Narender,Nafe Singh,0,0,Unreserved,latin,,2023,Bhiwani.pdf
Bhiwani,Tosham,3,Badalwala,SC Other than Woman,SC,0,Satish Kumar,Bhalle Ram,1,0,Scheduled Caste,latin,,2023,Bhiwani.pdf
Bhiwani,Tosham,4,Baganwala,Other than Woman,NONE,0,Naresh Kumar,Rampal,0,0,Unreserved,latin,,2023,Bhiwani.pdf
Bhiwani,Tosham,5,Bajina,Woman,NONE,1,Pinky Devi,Rajesh,0,0,Women,latin,,2023,Bhiwani.pdf
Bhiwani,Tosham,6,Bhariwas,Other than Woman,NONE,0,Anil Kumari,Darshan Singh,0,0,Unreserved,latin,,2023,Bhiwani.pdf
Bhiwani,Tosham,7,Bidola,Other than Woman,NONE,0,Randhir Singh,Rajkumar,0,0,Unreserved,latin,,2023,Bhiwani.pdf
Bhiwani,Tosham,8,Bushan,SC Other than Woman,SC,0,Bir Singh,Phool Singh,1,0,Scheduled Caste,latin,,2023,Bhiwani.pdf
Bhiwani,Tosham,9,Chhapar Jogian,SC Woman,SC,1,Priya,Raj Kumar,1,0,Scheduled Caste (Women),latin,,2023,Bhiwani.pdf
Bhiwani,Tosham,10,Chhapar Rangran,Woman,NONE,1,Dhanmaya,Krishan Kumar,0,0,Women,latin,,2023,Bhiwani.pdf
Bhiwani,Tosham,11,Dadam,Other than Woman,NONE,0,Ramphal,Jai Singh,0,0,Unreserved,latin,,2023,Bhiwani.pdf
Bhiwani,Tosham,12,Dang Kalan,Woman,NONE,1,Upasana,Bhagwan,0,0,Women,latin,,2023,Bhiwani.pdf
Bhiwani,Tosham,13,Dang Khurd,Other than Woman,NONE,0,Sohan Lal,Mahipal,0,0,Unreserved,latin,,2023,Bhiwani.pdf
Bhiwani,Tosham,14,Devawas,Other than Woman,NONE,0,Ramdhari,Jagat Singh,0,0,Unreserved,latin,,2023,Bhiwani.pdf
Bhiwani,Tosham,15,Dhani Katwar,Other than Woman,NONE,0,Rajbir,Dharam Singh,0,0,Unreserved,latin,,2023,Bhiwani.pdf
Bhiwani,Tosham,16,Dhani Mahu,Woman,NONE,1,Suman Devi,Mukesh Kumar,0,0,Women,latin,,2023,Bhiwani.pdf
Bhiwani,Tosham,17,Dhani Miran,SC Woman,SC,1,Shella,Sandeep,1,0,Scheduled Caste (Women),latin,,2023,Bhiwani.pdf
Bhiwani,Tosham,18,Dhani Riwasa,Other than Woman,NONE,0,Bhagat Singh,Chander Parkash,0,0,Unreserved,latin,,2023,Bhiwani.pdf
Bhiwani,Tosham,19,Dhani Saral,Other than Woman,NONE,0,Krishan Kumar,Pitram,1,0,Unreserved,latin,,2023,Bhiwani.pdf
Bhiwani,Tosham,20,Dharan,Other than Woman,NONE,0,Naresh Kumar,Ram Kishan,0,0,Unreserved,latin,,2023,Bhiwani.pdf
Bhiwani,Tosham,21,Dulheri,Woman,NONE,1,Manisha Saini,Sanjay Kumar,0,0,Women,latin,,2023,Bhiwani.pdf
Bhiwani,Tosham,22,Garanpura Kalan,SC Other than Woman,SC,0,Ramdhan,Ram Kuamar,0,0,Scheduled Caste,latin,,2023,Bhiwani.pdf
Bhiwani,Tosham,23,Garanpura Khurd,Other than Woman,NONE,0,Vijay Kumar,Ram Chander,0,0,Unreserved,latin,,2023,Bhiwani.pdf
Bhiwani,Tosham,24,Hassan,SC Woman,SC,1,Anita,Partap Singh,0,0,Scheduled Caste (Women),latin,,2023,Bhiwani.pdf
Bhiwani,Tosham,25,Isharwal,Woman,NONE,1,Meena,Vijay Kumar,0,0,Women,latin,,2023,Bhiwani.pdf
Bhiwani,Tosham,26,Jainawas,Other than Woman,NONE,0,Sajjan Singh,Bhimaram,1,0,Unreserved,latin,,2023,Bhiwani.pdf
Bhiwani,Tosham,27,Jhanwari,Other than Woman,NONE,0,Shankar,Rajeram,0,0,Unreserved,latin,,2023,Bhiwani.pdf
Bhiwani,Tosham,28,Jhully,Woman,NONE,1,Urmila Devi,Ajit Singh,0,0,Women,latin,,2023,Bhiwani.pdf
Bhiwani,Tosham,29,Katwar,Woman,NONE,1,Rajbala,Amit Kumar,1,0,Women,latin,,2023,Bhiwani.pdf
Bhiwani,Tosham,30,Khanak,Other than Woman,NONE,0,Ramesh Kumar,Krishan Kumar,0,0,Unreserved,latin,,2023,Bhiwani.pdf
Bhiwani,Tosham,31,Kharkari Makhwan,Woman,NONE,1,Renu,Bijdender,0,0,Women,latin,,2023,Bhiwani.pdf
Bhiwani,Tosham,32,Kharkari Sohan,Other than Woman,NONE,0,Sandeep Kumar,Balraj Singh,0,0,Unreserved,latin,,2023,Bhiwani.pdf
Bhiwani,Tosham,33,Khawa,Other than Woman,NONE,0,Sandeep Kumar,Dharampal Singh,0,0,Unreserved,latin,,2023,Bhiwani.pdf
Bhiwani,Tosham,34,Laxmanpura,Other than Woman,NONE,0,Joginder,Ramkishan,0,0,Unreserved,latin,,2023,Bhiwani.pdf
Bhiwani,Tosham,35,Mandhan,Other than Woman,NONE,0,Dilawar Singh,Dhan Singh,0,0,Unreserved,latin,,2023,Bhiwani.pdf
Bhiwani,Tosham,36,Miran,SC Woman,SC,1,Silochana,Ashok,0,0,Scheduled Caste (Women),latin,,2023,Bhiwani.pdf
Bhiwani,Tosham,37,Nigana Kalan,Woman,NONE,1,Neetu Kumari,Naresh Kuamr,0,0,Women,latin,,2023,Bhiwani.pdf
Bhiwani,Tosham,38,Nigana Khurd,Other than Woman,NONE,0,Satpal,Sarven,0,0,Unreserved,latin,,2023,Bhiwani.pdf
Bhiwani,Tosham,39,Patodi Kalan,SC Other than Woman,SC,0,Rohtash,Mandroop,0,0,Scheduled Caste,latin,,2023,Bhiwani.pdf
Bhiwani,Tosham,40,Patodi Khurd,Woman,NONE,1,Sarmilla,Randhir,0,0,Women,latin,,2023,Bhiwani.pdf
Bhiwani,Tosham,41,Pinjokhera,Other than Woman,NONE,0,Dharambir,Mahabir Singh,0,0,Unreserved,latin,,2023,Bhiwani.pdf
Bhiwani,Tosham,42,Riwasa,Other than Woman,NONE,0,Subash,Amar Singh,0,0,Unreserved,latin,,2023,Bhiwani.pdf
Bhiwani,Tosham,43,Rodhan,Other than Woman,NONE,0,Rughbir,Birbal,0,0,Unreserved,latin,,2023,Bhiwani.pdf
Bhiwani,Tosham,44,Sagwan,Other than Woman,NONE,0,Suresh Kumar,Rugharam,0,0,Unreserved,latin,,2023,Bhiwani.pdf
Bhiwani,Tosham,45,Sahlewala,Woman,NONE,1,Kanta,Jaibir,0,0,Women,latin,,2023,Bhiwani.pdf
Bhiwani,Tosham,46,Sandwa,SC Other than Woman,SC,0,Hawa Singh,Shish Ram,0,0,Scheduled Caste,latin,,2023,Bhiwani.pdf
Bhiwani,Tosham,47,Saral,Woman,NONE,1,Anju,Krishan Kumar,0,0,Women,latin,,2023,Bhiwani.pdf
Bhiwani,Tosham,48,Sidhan,Other than Woman,NONE,0,Sushilla,Sombir,0,0,Unreserved,latin,,2023,Bhiwani.pdf
Bhiwani,Tosham,49,Thilor,SC Other than Woman,SC,0,Krishan Kumar,Maniram,0,0,Scheduled Caste,latin,,2023,Bhiwani.pdf
Faridabad,Ballabhgarh,1,Alipur,Other than Woman,NONE,0,Ashok Kumar,Ratan Pal,0,0,Unreserved,latin,,2026,Faridabad.pdf
Faridabad,Ballabhgarh,2,Arua,Other than Woman,NONE,0,Devender Kumar,Mohan Lal,0,0,Unreserved,latin,,2026,Faridabad.pdf
Faridabad,Ballabhgarh,3,Aterna,Other than Woman,NONE,0,Akhtar Hussain,Safed Khan,0,0,Unreserved,latin,,2026,Faridabad.pdf
Faridabad,Ballabhgarh,4,Atali,Other than Woman,NONE,0,Prahlad Singh,Pyare Lal,0,0,Unreserved,latin,,2026,Faridabad.pdf
Faridabad,Ballabhgarh,5,Badrola,Other than Woman,NONE,0,Jaivinder,Layakram,1,0,Unreserved,latin,,2026,Faridabad.pdf
Faridabad,Ballabhgarh,6,Behbalpur,Other than Woman,NONE,0,Anil,Bir Singh,0,0,Unreserved,latin,,2026,Faridabad.pdf
Faridabad,Ballabhgarh,7,Bijopur,Other than Woman,NONE,0,Nasir Khan,Shahid Ahmed,0,0,Unreserved,latin,,2026,Faridabad.pdf
Faridabad,Ballabhgarh,8,Bhanakpur,SC Other than Woman,SC,0,Sachin,Ram Singh,0,0,Scheduled Caste,latin,,2026,Faridabad.pdf
Faridabad,Ballabhgarh,9,Bahadarpur,SC Other than Woman,SC,0,Satbir,Baliram,0,0,Scheduled Caste,latin,,2026,Faridabad.pdf
Faridabad,Ballabhgarh,10,Bukharpur,Other than Woman,NONE,0,Sunita,Dhirender,0,0,Unreserved,latin,,2026,Faridabad.pdf
Faridabad,Ballabhgarh,11,Chandawali,Woman,NONE,1,Anju Rani,Girraj Singh,0,0,Women,latin,,2026,Faridabad.pdf
Faridabad,Ballabhgarh,12,Chandpur,SC Woman,SC,1,Preeti,Mukesh,0,0,Scheduled Caste (Women),latin,,2026,Faridabad.pdf
Faridabad,Ballabhgarh,13,Chhainsa,SC Other than Woman,SC,0,Kaluram,Rajvir,0,0,Scheduled Caste,latin,,2026,Faridabad.pdf
Faridabad,Ballabhgarh,14,Dayalpur,Other than Woman,NONE,0,Krishna Kumari,Yashpal,0,0,Unreserved,latin,,2026,Faridabad.pdf
Faridabad,Ballabhgarh,15,Deeg,Other than Woman,NONE,0,Babita,Narender Kumar,0,0,Unreserved,latin,,2026,Faridabad.pdf
Faridabad,Ballabhgarh,16,Firojpur Kalan,Woman,NONE,1,Mukesh Devi,Deepchand,0,0,Women,latin,,2026,Faridabad.pdf
Faridabad,Ballabhgarh,17,Faizupur Khadar,Other than Woman,NONE,0,Manju Bala,Virishbhan Bhati,0,0,Unreserved,latin,,2026,Faridabad.pdf
Faridabad,Ballabhgarh,18,Fatehpur Billoch,Other than Woman,NONE,0,Mahender Kumar,Kiran Chand,0,0,Unreserved,latin,,2026,Faridabad.pdf
Faridabad,Ballabhgarh,19,Gharora,SC Other than Woman,SC,0,Birender,Ramkaran,0,0,Scheduled Caste,latin,,2026,Faridabad.pdf
Faridabad,Ballabhgarh,20,Ghudasan,Other than Woman,NONE,0,Rinkesh,Sachin,0,0,Unreserved,latin,,2026,Faridabad.pdf
Faridabad,Ballabhgarh,21,Garkhera,Other than Woman,NONE,0,Deepika,Chaman Prakash,0,0,Unreserved,latin,,2026,Faridabad.pdf
Faridabad,Ballabhgarh,22,Hirapur,SC Woman,SC,1,Rajbala,Mukesh Kumar,0,0,Scheduled Caste (Women),latin,,2026,Faridabad.pdf
Faridabad,Ballabhgarh,23,Harphala,Other than Woman,NONE,0,Rajesh Sharma,Satyadev,0,0,Unreserved,latin,,2026,Faridabad.pdf
Faridabad,Ballabhgarh,24,Immamuddin Pur,Other than Woman,NONE,0,Subhash,Hari Chand,0,0,Unreserved,latin,,2026,Faridabad.pdf
Faridabad,Ballabhgarh,25,Jhuggi Chhainsa,Woman,NONE,1,Suman Kaur,Jagir Singh,0,0,Women,latin,,2026,Faridabad.pdf
Faridabad,Ballabhgarh,26,Jawan,Other than Woman,NONE,0,Ramesh Chand,Ram Prasad,0,0,Unreserved,latin,,2026,Faridabad.pdf
Faridabad,Ballabhgarh,27,Junhera,Other than Woman,NONE,0,Ramesh,Jai Bhagwan,0,0,Unreserved,latin,,2026,Faridabad.pdf
Faridabad,Ballabhgarh,28,Jajru,Other than Woman,NONE,0,Prem Singh,Chokhram,0,0,Unreserved,latin,,2026,Faridabad.pdf
Faridabad,Ballabhgarh,29,Jakopur,Woman,NONE,1,Samina Khalida,Parvez Wasim,0,0,Women,latin,,2026,Faridabad.pdf
Faridabad,Ballabhgarh,30,Kailgaon,SC Other than Woman,SC,0,Sagar,Babulal,0,0,Scheduled Caste,latin,,2026,Faridabad.pdf
Faridabad,Ballabhgarh,31,Karnera,Woman,NONE,1,Anuradha,Rajbir,0,0,Women,latin,,2026,Faridabad.pdf
Faridabad,Ballabhgarh,32,Kabulpur Banger,SC Other than Woman,SC,0,Kalpana,Ranbir,0,0,Scheduled Caste,latin,,2026,Faridabad.pdf
Faridabad,Ballabhgarh,33,Khandawali,Other than Woman,NONE,0,Nissar Ahmed,Abdul Mazid,0,0,Unreserved,latin,,2026,Faridabad.pdf
Faridabad,Ballabhgarh,34,Kaurali,Other than Woman,NONE,0,Surender Singh,Badan Singh,0,0,Unreserved,latin,,2026,Faridabad.pdf
Faridabad,Ballabhgarh,35,Ladhiapur,Other than Woman,NONE,0,Mohd. Rahish,Najar Mohd.,0,0,Unreserved,latin,,2026,Faridabad.pdf
Faridabad,Ballabhgarh,36,Ladoli,Other than Woman,NONE,0,Bhup Singh,Shivlal,0,0,Unreserved,latin,,2026,Faridabad.pdf
Faridabad,Ballabhgarh,37,Mehmadpur,SC Other than Woman,SC,0,Rajkumar,Jaipal,0,0,Scheduled Caste,latin,,2026,Faridabad.pdf
Faridabad,Ballabhgarh,38,Mohla,Other than Woman,NONE,0,Sangita,Ravinder,0,0,Unreserved,latin,,2026,Faridabad.pdf
Faridabad,Ballabhgarh,39,Machhgar,Other than Woman,NONE,0,Naresh,Surajmal,0,0,Unreserved,latin,,2026,Faridabad.pdf
Faridabad,Ballabhgarh,40,Manjhawali,Other than Woman,NONE,0,Rakesh,Lakhmi Chand,0,0,Unreserved,latin,,2026,Faridabad.pdf
Faridabad,Ballabhgarh,41,Mohna,Other than Woman,NONE,0,Ranjit Singh,Sher Singh,0,0,Unreserved,latin,,2026,Faridabad.pdf
Faridabad,Ballabhgarh,42,Malerna,Other than Woman,NONE,0,Krishan Pal,Dullichand,0,0,Unreserved,latin,,2026,Faridabad.pdf
Faridabad,Ballabhgarh,43,Mujeri,SC Other than Woman,SC,0,Rani,Narender,0,0,Scheduled Caste,latin,,2026,Faridabad.pdf
Faridabad,Ballabhgarh,44,Maujpur,Other than Woman,NONE,0,Nirottam,Gyan Chand,0,0,Unreserved,latin,,2026,Faridabad.pdf
Faridabad,Ballabhgarh,45,Mothuka,Other than Woman,NONE,0,Jayawati,Amar Singh,0,0,Unreserved,latin,,2026,Faridabad.pdf
Faridabad,Ballabhgarh,46,Mirzapur,BC-A Other than Woman,BC_A,0,Mahipal,Ishwar Singh,0,0,Backward Class,latin,,2026,Faridabad.pdf
Faridabad,Ballabhgarh,47,Nariala,Other than Woman,NONE,0,Yogender Kumar,Gopal Krishan,0,0,Unreserved,latin,,2026,Faridabad.pdf
Faridabad,Ballabhgarh,48,Narhawali,Other than Woman,NONE,0,Vinod Bhati,Nawal Kishore Bhati,0,0,Unreserved,latin,,2026,Faridabad.pdf
Faridabad,Ballabhgarh,49,Nawada Tigaon,Other than Woman,NONE,0,Begraj,Mangluram,0,0,Unreserved,latin,,2026,Faridabad.pdf
Faridabad,Ballabhgarh,50,Nangla Jogian,Other than Woman,NONE,0,Gulshan,Sukhbir,0,0,Unreserved,latin,,2026,Faridabad.pdf
Faridabad,Ballabhgarh,51,Pehladpur Majra Deeg,Other than Woman,NONE,0,Sushila,Mahesh Kumar,0,0,Unreserved,latin,,2026,Faridabad.pdf
Faridabad,Ballabhgarh,52,Pehladpur Majra Badrola,Woman,NONE,1,Priti,Rakesh (Rocky),1,0,Women,latin,,2026,Faridabad.pdf
Faridabad,Ballabhgarh,53,Panhera Kalan,Other than Woman,NONE,0,Manoj Kumar,Girraj Singh,0,0,Unreserved,latin,,2026,Faridabad.pdf
Faridabad,Ballabhgarh,54,Panhera Khurd,SC Woman,SC,1,Bimlesh Kumari,Manoj Kumar,0,0,Scheduled Caste (Women),latin,,2026,Faridabad.pdf
Faridabad,Ballabhgarh,55,Piala,Other than Woman,NONE,0,Tekchand,Jaipal,0,0,Unreserved,latin,,2026,Faridabad.pdf
Faridabad,Ballabhgarh,56,Raipur Kalan,Other than Woman,NONE,0,Ashok Kumar,Trilok Chand,0,0,Unreserved,latin,,2026,Faridabad.pdf
Faridabad,Ballabhgarh,57,Sunper,Other than Woman,NONE,0,Bharti,Rajesh,0,0,Unreserved,latin,,2026,Faridabad.pdf
Faridabad,Ballabhgarh,58,Sikrona,Other than Woman,NONE,0,Sheelta,Gurudutt,0,0,Unreserved,latin,,2026,Faridabad.pdf
Faridabad,Ballabhgarh,59,Samaypur,Other than Woman,NONE,0,Kamlesh,Naresh Sirohi,0,0,Unreserved,latin,,2026,Faridabad.pdf
Faridabad,Ballabhgarh,60,Sotai,Other than Woman,NONE,0,Kanwarpal,Ranjit,0,0,Unreserved,latin,,2026,Faridabad.pdf
Faridabad,Ballabhgarh,61,Sahupura,SC Woman,SC,1,Monika,Robin Singh,0,0,Scheduled Caste (Women),latin,,2026,Faridabad.pdf
Faridabad,Ballabhgarh,62,Shahjahanpur,Other than Woman,NONE,0,Nahar Singh,Dharmvir Singh,0,0,Unreserved,latin,,2026,Faridabad.pdf
Faridabad,Ballabhgarh,63,Sagarpur,Other than Woman,NONE,0,Kshama Rani,Karamvir,0,0,Unreserved,latin,,2026,Faridabad.pdf
Faridabad,Ballabhgarh,64,Shahpur Kalan,SC Other than Woman,SC,0,Rajender Kumar,Ramchandi,0,0,Scheduled Caste,latin,,2026,Faridabad.pdf
Faridabad,Ballabhgarh,65,Sahupura Khadar,Other than Woman,NONE,0,Tarachand,Chanderbhan,0,0,Unreserved,latin,,2026,Faridabad.pdf
Faridabad,Ballabhgarh,66,Shahpur Khurd,Other than Woman,NONE,0,Inderaj,Sohanpal,0,0,Unreserved,latin,,2026,Faridabad.pdf
Faridabad,Ballabhgarh,67,Sikri,Other than Woman,NONE,0,Inderesh,Anil,0,0,Unreserved,latin,,2026,Faridabad.pdf
Faridabad,Faridabad,1,Alampur,Woman,NONE,1,Khalida Bano,Washim Khan,0,0,Women Women,latin,,2028,Faridabad.pdf
Faridabad,Faridabad,2,Alipur Sikargah,Woman,NONE,1,Indresh,Vinod,0,0,Women,latin,,2028,Faridabad.pdf
Faridabad,Faridabad,3,Amipur,Other than Woman,NONE,0,Vedpal,Rattan,0,0,Unreserved,latin,,2028,Faridabad.pdf
Faridabad,Faridabad,4,Badarpur Siad,SC Woman,SC,1,Rachna,Jitender Singh,0,0,Scheduled Caste (Women),latin,,2028,Faridabad.pdf
Faridabad,Faridabad,5,Badoli,SC Other than Woman,SC,0,Santosh,Ashok,0,0,Scheduled Caste,latin,,2028,Faridabad.pdf
Faridabad,Faridabad,6,Bhainsrawali,Other than Woman,NONE,0,Bhudutt,Jeetram,0,0,Unreserved,latin,,2028,Faridabad.pdf
Faridabad,Faridabad,7,Bhaskola,Woman,NONE,1,Satyawati,Bhan Singh,0,0,Women,latin,,2028,Faridabad.pdf
Faridabad,Faridabad,8,Bhatola,Other than Woman,NONE,0,Ajay Kumar,Singh Ram,0,0,Unreserved,latin,,2028,Faridabad.pdf
Faridabad,Faridabad,9,Bhuapur,Other than Woman,NONE,0,Umed,Munsi Ram,0,0,Unreserved,latin,,2028,Faridabad.pdf
Faridabad,Faridabad,10,Bhupani,Other than Woman,NONE,0,Sanjay,Bhudha Singh,0,0,Unreserved,latin,,2028,Faridabad.pdf
Faridabad,Faridabad,11,Chirsi,Other than Woman,NONE,0,Meenakshi,Sube Singh,0,0,Unreserved,latin,,2028,Faridabad.pdf
Faridabad,Faridabad,12,Dadasiya,Woman,NONE,1,Preeti Kaushik,Vivek Kaushik,0,0,Women,latin,,2028,Faridabad.pdf
Faridabad,Faridabad,13,Dhauj,Woman,NONE,1,Najma,Aarif Mohammad,0,0,Women,latin,,2028,Faridabad.pdf
Faridabad,Faridabad,14,Dhekola,Woman,NONE,1,Rohtash Singh,Duli Chand,0,0,Unreserved Women,latin,,2028,Faridabad.pdf
Faridabad,Faridabad,15,Faridpur,Woman,NONE,1,Savita,Dayachand,0,0,Women,latin,,2028,Faridabad.pdf
Faridabad,Faridabad,16,Fatehpur Taga,Other than Woman,NONE,0,Zaid/ Zahid,Kamlu,0,0,Unreserved,latin,,2028,Faridabad.pdf
Faridabad,Faridabad,17,Fatupura,Other than Woman,NONE,0,Sangeeta,Manoj Kumar,0,0,Unreserved,latin,,2028,Faridabad.pdf
Faridabad,Faridabad,18,Gothra Mohabtabad,Other than Woman,NONE,0,Birender,Mawasi Ram,0,0,Unreserved,latin,,2028,Faridabad.pdf
Faridabad,Faridabad,19,Jasana,Other than Woman,NONE,0,Kuldeep,Ishwer Singh,0,0,Unreserved,latin,,2028,Faridabad.pdf
Faridabad,Faridabad,20,Kanwara,Other than Woman,NONE,0,Keshav,Kishan,0,0,Unreserved,latin,,2028,Faridabad.pdf
Faridabad,Faridabad,21,Kheri Gujran,Woman,NONE,1,Seema,Rohit Kumar,0,0,Women,latin,,2028,Faridabad.pdf
Faridabad,Faridabad,22,Kheri Kalan,Woman,NONE,1,Sangeeta,Harbir,0,0,Women,latin,,2028,Faridabad.pdf
Faridabad,Faridabad,23,Khori,SC Other than Woman,SC,0,Dayachand,Sohan Lal,0,0,Scheduled Caste,latin,,2028,Faridabad.pdf
Faridabad,Faridabad,24,Kot,Woman,NONE,1,Mundresh Devi,Kesar Singh,0,0,Women,latin,,2028,Faridabad.pdf
Faridabad,Faridabad,25,Lalpur,Woman,NONE,1,Sudesh,Pradeep Chouhan,1,0,Women,latin,,2028,Faridabad.pdf
Faridabad,Faridabad,26,Lehndola,SC Woman,SC,1,Sonia,Gajender,0,0,Scheduled Caste (Women),latin,,2028,Faridabad.pdf
Faridabad,Faridabad,27,Madalpur,Other than Woman,NONE,0,Yusuf,Chav Khan,0,0,Unreserved,latin,,2028,Faridabad.pdf
Faridabad,Faridabad,28,Mandhawali,Other than Woman,NONE,0,Ashok,Girdharilal,0,0,Unreserved,latin,,2028,Faridabad.pdf
Faridabad,Faridabad,29,Mangar,Other than Woman,NONE,0,Karambir,Khachedu,0,0,Unreserved,latin,,2028,Faridabad.pdf
Faridabad,Faridabad,30,Mehmudpur,Other than Woman,NONE,0,Ramchand,Rumalsingh,0,0,Unreserved,latin,,2028,Faridabad.pdf
Faridabad,Faridabad,31,Nacholi,Other than Woman,NONE,0,Sudhir Kumar,Hukam Singh,0,0,Unreserved,latin,,2028,Faridabad.pdf
Faridabad,Faridabad,32,Neemka,Other than Woman,NONE,0,Keshram,FatehSingh,0,0,Unreserved,latin,,2028,Faridabad.pdf
Faridabad,Faridabad,33,Nekpur,SC Woman,SC,1,Yogwati,Jai Kumar,0,0,Scheduled Caste (Women),latin,,2028,Faridabad.pdf
Faridabad,Faridabad,34,Pakhal,SC Woman,SC,1,Varnika,Bharat Singh,0,0,Scheduled Caste (Women),latin,,2028,Faridabad.pdf
Faridabad,Faridabad,35,Pali,SC Other than Woman,SC,0,Sunder,Lile,0,0,Scheduled Caste,latin,,2028,Faridabad.pdf
Faridabad,Faridabad,36,Palwali,Woman,NONE,1,Dayawati,Virender,0,0,Women,latin,,2028,Faridabad.pdf
Faridabad,Faridabad,37,Pawta,SC Other than Woman,SC,0,Jiya Ram,dilsukh,0,0,Scheduled Caste,latin,,2028,Faridabad.pdf
Faridabad,Faridabad,38,Rajpur Kalan,Woman,NONE,1,Mithlesh,Nawal Singh,0,0,Women,latin,,2028,Faridabad.pdf
Faridabad,Faridabad,39,Sadpura,SC Other than Woman,SC,0,Shiv Kumar,Mediram,0,0,Scheduled Caste,latin,,2028,Faridabad.pdf
Faridabad,Faridabad,40,Sarurpur,Other than Woman,NONE,0,Ran Singh,Sukhbir Singh,0,0,Unreserved,latin,,2028,Faridabad.pdf
Faridabad,Faridabad,41,Shahbad,Other than Woman,NONE,0,Ajab Singh,Rampal,0,0,Unreserved,latin,,2028,Faridabad.pdf
Faridabad,Faridabad,42,Sidhola,SC Other than Woman,SC,0,Ramesh Chand,Mahabir,0,0,Scheduled Caste,latin,,2028,Faridabad.pdf
Faridabad,Faridabad,43,Sirohi,Woman,NONE,1,Sabiha Khan,Azruddin,0,0,Women,latin,,2028,Faridabad.pdf
Faridabad,Faridabad,44,Tajupur,Other than Woman,NONE,0,Sanjeev Singh,Mehkaar Singh,0,0,Unreserved,latin,,2028,Faridabad.pdf
Faridabad,Faridabad,45,Tigaon,Other than Woman,NONE,0,Gyanender Singh,Ramji Lal,0,0,Unreserved,latin,,2028,Faridabad.pdf
Faridabad,Faridabad,46,Tigaon Adhana patti,Other than Woman,NONE,0,Bhagat Singh,Devender Singh,0,0,Unreserved,latin,,2028,Faridabad.pdf
Faridabad,Faridabad,47,Tikawali,Other than Woman,NONE,0,Preeti,Sanjay Chauhan,0,0,Unreserved,latin,,2028,Faridabad.pdf
Faridabad,Faridabad,48,Tikri Khera,Other than Woman,NONE,0,Tayub Hussain,Mohd. Khan,0,0,Unreserved,latin,,2028,Faridabad.pdf
Faridabad,Faridabad,49,Tilpat,Other than Woman,NONE,0,Nand Kishore,Narottam,0,0,Unreserved,latin,,2028,Faridabad.pdf
Fatehabad,Bhattu Kalan,1,Banawali,Other than Woman,NONE,0,Ram Murti,Jhandu Ram,0,0,Unreserved,latin,,2031,Fatehabad.pdf
Fatehabad,Bhattu Kalan,2,Banmandori,SC Other than Woman,SC,0,Surender Singh,Vijay Singh,0,0,Scheduled Caste,latin,,2031,Fatehabad.pdf
Fatehabad,Bhattu Kalan,3,Bhattu Kalan,Other than Woman,NONE,0,Roshan Lal,Rajkaran,0,0,Unreserved,latin,,2031,Fatehabad.pdf
Fatehabad,Bhattu Kalan,4,Bhattu Mandi,Other than Woman,NONE,0,Bansi Lal,Sadhu Ram,0,0,Unreserved,latin,,2031,Fatehabad.pdf
Fatehabad,Bhattu Kalan,5,Bodiwali,Woman,NONE,1,Urmila,Sohan Lal,0,0,Women,latin,,2031,Fatehabad.pdf
Fatehabad,Bhattu Kalan,6,Dayer,Woman,NONE,1,Sulochna urf Silochana,Jaibir,0,0,Women,latin,,2031,Fatehabad.pdf
Fatehabad,Bhattu Kalan,7,Dhabi Kalan,Woman,NONE,1,Pramila,Jagdish Chander,0,0,Women,latin,,2031,Fatehabad.pdf
Fatehabad,Bhattu Kalan,8,Dhabi Khurd,Other than Woman,NONE,0,Mulchand,Nihal Singh,0,0,Unreserved,latin,,2031,Fatehabad.pdf
Fatehabad,Bhattu Kalan,9,Dhand,Other than Woman,NONE,0,Gayatri Devi,Manoj Kumar,0,0,Unreserved,latin,,2031,Fatehabad.pdf
Fatehabad,Bhattu Kalan,10,Dhani Chanan Ram,Other than Woman,NONE,0,Anil Kumar,Rajkumar,0,0,Unreserved,latin,,2031,Fatehabad.pdf
Fatehabad,Bhattu Kalan,11,Dhingsara,Other than Woman,NONE,0,Ashok Kumar,Chhotu Ram,0,0,Unreserved,latin,,2031,Fatehabad.pdf
Fatehabad,Bhattu Kalan,12,Gadli,Other than Woman,NONE,0,Guljari Lal,Jainarayan,0,0,Unreserved,latin,,2031,Fatehabad.pdf
Fatehabad,Bhattu Kalan,13,Jandawala Bagar,Other than Woman,NONE,0,Rakesh,Mahender Singh,0,0,Unreserved,latin,,2031,Fatehabad.pdf
Fatehabad,Bhattu Kalan,14,Khabra Kalan,Woman,NONE,1,Suman,Manish,0,0,Women,latin,,2031,Fatehabad.pdf
Fatehabad,Bhattu Kalan,15,Kirdhan,SC Woman,SC,1,Rekha,Ugersain,0,0,Scheduled Caste (Women),latin,,2031,Fatehabad.pdf
Fatehabad,Bhattu Kalan,16,Kukranwali,Woman,NONE,1,Renu,Sanjay,0,0,Women,latin,,2031,Fatehabad.pdf
Fatehabad,Bhattu Kalan,17,Mehuwala,SC Other than Woman,SC,0,Pal Singh,Balbir Singh,0,0,Scheduled Caste,latin,,2031,Fatehabad.pdf
Fatehabad,Bhattu Kalan,18,Pilimandori,SC Woman,SC,1,Anita Kumari,Sandeep Kumar,0,0,Scheduled Caste (Women),latin,,2031,Fatehabad.pdf
Fatehabad,Bhattu Kalan,19,Ramsara,Other than Woman,NONE,0,Sunita,Ramesh,0,0,Unreserved,latin,,2031,Fatehabad.pdf
Fatehabad,Bhattu Kalan,20,Sarwarpur,Other than Woman,NONE,0,Nihal Singh,Ramkumar,0,0,Unreserved,latin,,2031,Fatehabad.pdf
Fatehabad,Bhattu Kalan,21,Shekhupur Daroli,SC Other than Woman,SC,0,Bhaira Ram,Gopal,0,0,Scheduled Caste,latin,,2031,Fatehabad.pdf
Fatehabad,Bhattu Kalan,22,Sirdhan,Other than Woman,NONE,0,Devender Kumar,Gharsi Ram,0,0,Unreserved,latin,,2031,Fatehabad.pdf
Fatehabad,Bhattu Kalan,23,Sulikhera,Woman,NONE,1,Sarita Devi,Vikrant Kumar,0,0,Women,latin,,2031,Fatehabad.pdf
Fatehabad,Bhattu Kalan,24,Thuian,Other than Woman,NONE,0,Ravinder Singh,Mahender Singh,0,0,Unreserved,latin,,2031,Fatehabad.pdf
Fatehabad,Bhuna,1,Baijalpur,SC Other than Woman,SC,0,Shamsher Singh,Birbal Ram,0,0,Scheduled Caste,latin,,2033,Fatehabad.pdf
Fatehabad,Bhuna,2,Bhundra,Other than Woman,NONE,0,Karamjeet Kaur,Dalbir Singh,1,0,Unreserved,latin,,2033,Fatehabad.pdf
Fatehabad,Bhuna,3,Bhattu,Woman,NONE,1,Raj Kumari,Balwan Singh,0,0,Women,latin,,2033,Fatehabad.pdf
Fatehabad,Bhuna,4,Bhuthan Khurd,SC Other than Woman,SC,0,Surjeet Singh,Dara Singh,0,0,Scheduled Caste,latin,,2033,Fatehabad.pdf
Fatehabad,Bhuna,5,Bosti,Other than Woman,NONE,0,Jagdish Chander,Bhan Singh,0,0,Unreserved,latin,,2033,Fatehabad.pdf
Fatehabad,Bhuna,6,Buwan,Other than Woman,NONE,0,Hira Ram,Chaudhary Ram,1,0,Unreserved,latin,,2033,Fatehabad.pdf
Fatehabad,Bhuna,7,Chandrawal,Other than Woman,NONE,0,Virender,Satbir Singh,0,0,Unreserved,latin,,2033,Fatehabad.pdf
Fatehabad,Bhuna,8,Chaubara,Other than Woman,NONE,0,Rohtash Kumar,Jhindu Ram,0,0,Unreserved,latin,,2033,Fatehabad.pdf
Fatehabad,Bhuna,9,Dehman,Woman,NONE,1,Kiran,Sher Singh,0,0,Women,latin,,2033,Fatehabad.pdf
Fatehabad,Bhuna,10,Dholu,Woman,NONE,1,Santosh Rani,Ramesh Kumar,0,0,Women,latin,,2033,Fatehabad.pdf
Fatehabad,Bhuna,11,Digoh,Other than Woman,NONE,0,Pardeep Singh,Surender Singh,0,0,Unreserved,latin,,2033,Fatehabad.pdf
Fatehabad,Bhuna,12,Dult,Woman,NONE,1,Daljeet Kaur,Sukhwinder,0,0,Women,latin,,2033,Fatehabad.pdf
Fatehabad,Bhuna,13,Dhani Bhojraj,Other than Woman,NONE,0,Sadhu Ram,Harbhaj,0,0,Unreserved,latin,,2033,Fatehabad.pdf
Fatehabad,Bhuna,14,Dhani Dult,Other than Woman,NONE,0,Jaiparkash,Jhandu Ram,0,0,Unreserved,latin,,2033,Fatehabad.pdf
Fatehabad,Bhuna,15,Dhani Gopal,Woman,NONE,1,Sudesh,Sharvan Kumar,0,0,Women,latin,,2033,Fatehabad.pdf
Fatehabad,Bhuna,16,Dhani Sanchla,Other than Woman,NONE,0,Sadhu Ram,Nihal Singh,1,0,Unreserved,latin,,2033,Fatehabad.pdf
Fatehabad,Bhuna,17,Gorakhpur,Woman,NONE,1,Soniya,Krishan Kumar,0,0,Women,latin,,2033,Fatehabad.pdf
Fatehabad,Bhuna,18,Ghotru,Other than Woman,NONE,0,Ramesher Dass,Sohan Lal,1,0,Unreserved,latin,,2033,Fatehabad.pdf
Fatehabad,Bhuna,19,Jandli Kalan,Other than Woman,NONE,0,Ishwer Singh,Sanhasi Ram,0,0,Unreserved,latin,,2033,Fatehabad.pdf
Fatehabad,Bhuna,20,Jandli Khurd,SC Woman,SC,1,Seema,Vikram Singh,0,0,Scheduled Caste (Women),latin,,2033,Fatehabad.pdf
Fatehabad,Bhuna,21,Khasa Pathana,Other than Woman,NONE,0,Sunita Rani,Rajesh Kumar,0,0,Unreserved,latin,,2033,Fatehabad.pdf
Fatehabad,Bhuna,22,Kani Kheri,SC Other than Woman,SC,0,Geeta Rani,Sube Singh,0,0,Scheduled Caste,latin,,2033,Fatehabad.pdf
Fatehabad,Bhuna,23,Lehrain,Woman,NONE,1,Urmila,Sant Lal,0,0,Women,latin,,2033,Fatehabad.pdf
Fatehabad,Bhuna,24,Mochiwali,Other than Woman,NONE,0,Sarjeet,Daya Ram,0,0,Unreserved,latin,,2033,Fatehabad.pdf
Fatehabad,Bhuna,25,Nadhori,Other than Woman,NONE,0,Sumit Kumar,Ramnarayan,0,0,Unreserved,latin,,2033,Fatehabad.pdf
Fatehabad,Bhuna,26,Nehla,Woman,NONE,1,Neelam,Kuldeep,0,0,Women,latin,,2033,Fatehabad.pdf
Fatehabad,Bhuna,27,Rehan Kheri,Other than Woman,NONE,0,Sukhvinder,Pala Singh,0,0,Unreserved,latin,,2033,Fatehabad.pdf
Fatehabad,Bhuna,28,Sinthla,SC Other than Woman,SC,0,Bansi Lal,Parbhati Ram,1,0,Scheduled Caste,latin,,2033,Fatehabad.pdf
Fatehabad,Bhuna,29,Tibbi,SC Woman,SC,1,Indra Rani,Vinod Kumar,0,0,Scheduled Caste (Women),latin,,2033,Fatehabad.pdf
Fatehabad,Fatehabad,1,Ahlisadar,Woman,NONE,1,Reshma Rani,Nanak Chand,0,0,Women,latin,,2035,Fatehabad.pdf
Fatehabad,Fatehabad,2,Akanwali,Other than Woman,NONE,0,Balwant Singh,Amar Singh,0,0,Unreserved,latin,,2035,Fatehabad.pdf
Fatehabad,Fatehabad,3,Ayalki,Woman,NONE,1,Indra Vati Urf Indra Devi,Krishan Lal,0,0,Women,latin,,2035,Fatehabad.pdf
Fatehabad,Fatehabad,4,Azad Nagar,Other than Woman,NONE,0,Vijender Kumar,Nihal Singh,0,0,Unreserved,latin,,2035,Fatehabad.pdf
Fatehabad,Fatehabad,5,Badopal,Other than Woman,NONE,0,Sharda Devi,Joginder Singh,0,0,Unreserved,latin,,2035,Fatehabad.pdf
Fatehabad,Fatehabad,6,Bahal Bhomia Rampura,Woman,NONE,1,Sapna Kumari,Jitender Kumar,0,0,Women,latin,,2035,Fatehabad.pdf
Fatehabad,Fatehabad,7,Banawali Sottar,Other than Woman,NONE,0,Harjinder Kumar,Hari Chand,1,0,Unreserved,latin,,2035,Fatehabad.pdf
Fatehabad,Fatehabad,8,Bangaon,SC Woman,SC,1,Sunita,Satbir Singh,0,0,Scheduled Caste (Women),latin,,2035,Fatehabad.pdf
Fatehabad,Fatehabad,9,Barseen,Other than Woman,NONE,0,Roshan Lal,Desh Raj,0,0,Unreserved,latin,,2035,Fatehabad.pdf
Fatehabad,Fatehabad,10,Basti Bhiwan,Woman,NONE,1,Paramjeet Kaur,Khairat Singh,0,0,Women,latin,,2035,Fatehabad.pdf
Fatehabad,Fatehabad,11,Behbalpur,Other than Woman,NONE,0,Amrender Pal Singh,Pirthvi Pal Singh,0,0,Unreserved,latin,,2035,Fatehabad.pdf
Fatehabad,Fatehabad,12,Bharolanwali,Other than Woman,NONE,0,Baldev Singh,Malkeet Singh,0,0,Unreserved,latin,,2035,Fatehabad.pdf
Fatehabad,Fatehabad,13,Bhattu Khurd,Other than Woman,NONE,0,Virender Singh,Madan Lal,0,0,Unreserved,latin,,2035,Fatehabad.pdf
Fatehabad,Fatehabad,14,Bhirdana,Other than Woman,NONE,0,Subhash Chander,Mani Ram,0,0,Unreserved,latin,,2035,Fatehabad.pdf
Fatehabad,Fatehabad,15,Bhoda Hoshnak,Woman,NONE,1,Anuradha,Satbir Singh,0,0,Women,latin,,2035,Fatehabad.pdf
Fatehabad,Fatehabad,16,Bhodia Khera,Other than Woman,NONE,0,Hawa Singh,Hem Raj,0,0,Unreserved,latin,,2035,Fatehabad.pdf
Fatehabad,Fatehabad,17,Bhuthan Kalan,Other than Woman,NONE,0,Mahender Singh,Bhagtu Ram,0,0,Unreserved,latin,,2035,Fatehabad.pdf
Fatehabad,Fatehabad,18,Bighar,Other than Woman,NONE,0,Jaspal Singh,Amir Singh,0,0,Unreserved,latin,,2035,Fatehabad.pdf
Fatehabad,Fatehabad,19,Bighar I,SC Woman,SC,1,Chander Kala,Madan Lal,0,0,Scheduled Caste (Women),latin,,2035,Fatehabad.pdf
Fatehabad,Fatehabad,20,Bighar II,SC Other than Woman,SC,0,Dharambir,Lakhmi Chand,1,0,Scheduled Caste,latin,,2035,Fatehabad.pdf
Fatehabad,Fatehabad,21,Bisla,Other than Woman,NONE,0,Balwant Singh,Hanuman Singh,0,0,Unreserved,latin,,2035,Fatehabad.pdf
Fatehabad,Fatehabad,22,Boswal,SC Woman,SC,1,Meena Rani,Pawan Kumar,0,0,Scheduled Caste (Women),latin,,2035,Fatehabad.pdf
Fatehabad,Fatehabad,23,Chankothi,Other than Woman,NONE,0,Kuldeep Singh,Ajaib Singh,0,0,Unreserved,latin,,2035,Fatehabad.pdf
Fatehabad,Fatehabad,24,Chapla Mori,SC Woman,SC,1,Rekha Rani Urf Sunita Rani,Bansi Lal,0,0,Scheduled Caste (Women),latin,,2035,Fatehabad.pdf
Fatehabad,Fatehabad,25,Chinder,Other than Woman,NONE,0,Bala Devi,Pardhan Singh,0,0,Unreserved,latin,,2035,Fatehabad.pdf
Fatehabad,Fatehabad,26,Daryapur,Other than Woman,NONE,0,Om Parkash,Machhi Ram,1,0,Unreserved,latin,,2035,Fatehabad.pdf
Fatehabad,Fatehabad,27,Daulatpur,Other than Woman,NONE,0,Om Parkash,Nathu Ram,0,0,Unreserved,latin,,2035,Fatehabad.pdf
Fatehabad,Fatehabad,28,Dhangar,Other than Woman,NONE,0,Prem Kumar,Rameshwar Dass,0,0,Unreserved,latin,,2035,Fatehabad.pdf
Fatehabad,Fatehabad,29,Dhani Binja Lamba,Other than Woman,NONE,0,Baljeet Singh,Sita Ram,0,0,Unreserved,latin,,2035,Fatehabad.pdf
Fatehabad,Fatehabad,30,Dhani Chhattrian,SC Other than Woman,SC,0,Sunil Kumar,Shish Pal,0,0,Scheduled Caste,latin,,2035,Fatehabad.pdf
Fatehabad,Fatehabad,31,Dhani Ishar,SC Woman,SC,1,Rajina Devi,Subhash Chand,0,0,Scheduled Caste (Women),latin,,2035,Fatehabad.pdf
Fatehabad,Fatehabad,32,Dhani Majra,Woman,NONE,1,Sunita Rani,Vinod Kumar,0,0,Women,latin,,2035,Fatehabad.pdf
Fatehabad,Fatehabad,33,Dhani Tahliwali,Other than Woman,NONE,0,Kuldeep Singh,Sukhdev Singh,0,0,Unreserved,latin,,2035,Fatehabad.pdf
Fatehabad,Fatehabad,34,Dhani Thoba,Woman,NONE,1,Sumitra,Rohtash Kumar,0,0,Women,latin,,2035,Fatehabad.pdf
Fatehabad,Fatehabad,35,Dharnia,SC Other than Woman,SC,0,Ramesh Chander,Bhoop Singh,0,0,Scheduled Caste,latin,,2035,Fatehabad.pdf
Fatehabad,Fatehabad,36,Gillan Khera,Other than Woman,NONE,0,Dheeraj Kumar,Jasbir Singh,0,0,Unreserved,latin,,2035,Fatehabad.pdf
Fatehabad,Fatehabad,37,Haripura,Woman,NONE,1,Sumita,Mahender Singh,0,0,Women,latin,,2035,Fatehabad.pdf
Fatehabad,Fatehabad,38,Hizrawan Kalan,Other than Woman,NONE,0,Dharampal,Jagan Nath,0,0,Unreserved,latin,,2035,Fatehabad.pdf
Fatehabad,Fatehabad,39,Hizrawan Khurd,Woman,NONE,1,Raj Rani,Raj Kumar,0,0,Women,latin,,2035,Fatehabad.pdf
Fatehabad,Fatehabad,40,Jhalania,Woman,NONE,1,Kavita Rani,Sumit Kumar,0,0,Women,latin,,2035,Fatehabad.pdf
Fatehabad,Fatehabad,41,Kajal Heri,Other than Woman,NONE,0,Bhoop Singh,Manphool Singh,0,0,Unreserved,latin,,2035,Fatehabad.pdf
Fatehabad,Fatehabad,42,Karian,SC Other than Woman,SC,0,Suresh Kumar,Santa Ram,1,0,Scheduled Caste,latin,,2035,Fatehabad.pdf
Fatehabad,Fatehabad,43,Karnauli,Other than Woman,NONE,0,Jasvir Kaur,Satbir Singh,0,0,Unreserved,latin,,2035,Fatehabad.pdf
Fatehabad,Fatehabad,44,Kata Kheri,Woman,NONE,1,Satinder Kaur,Avtar Singh,0,0,Women,latin,,2035,Fatehabad.pdf
Fatehabad,Fatehabad,45,Khairati Khera,Other than Woman,NONE,0,Kuldeep Kumar,Ami Chand,0,0,Unreserved,latin,,2035,Fatehabad.pdf
Fatehabad,Fatehabad,46,Khajuri Jatti,Other than Woman,NONE,0,Chanderpal,Narsi Ram,0,0,Unreserved,latin,,2035,Fatehabad.pdf
Fatehabad,Fatehabad,47,Khan Mohammad,SC Other than Woman,SC,0,Ajay Kumar Urf Tota Ram,Hans Raj,0,0,Scheduled Caste,latin,,2035,Fatehabad.pdf
Fatehabad,Fatehabad,48,Khara Kheri,Other than Woman,NONE,0,Rajender Kumar,Hanuman,0,0,Unreserved,latin,,2035,Fatehabad.pdf
Fatehabad,Fatehabad,49,Khumber,Other than Woman,NONE,0,Satbir Singh,Balvir Singh,0,0,Unreserved,latin,,2035,Fatehabad.pdf
Fatehabad,Fatehabad,50,Kumharia,Other than Woman,NONE,0,Mahender Singh,Ravat Ram,0,0,Unreserved,latin,,2035,Fatehabad.pdf
Fatehabad,Fatehabad,51,Majra,Other than Woman,NONE,0,Jagdish,Sohan Lal,0,0,Unreserved,latin,,2035,Fatehabad.pdf
Fatehabad,Fatehabad,52,Malhar,Woman,NONE,1,Roshani Devi,Rajkumar,0,0,Women,latin,,2035,Fatehabad.pdf
Fatehabad,Fatehabad,53,Manawali,Other than Woman,NONE,0,Diwan Singh,Shankar Lal,0,0,Unreserved,latin,,2035,Fatehabad.pdf
Fatehabad,Fatehabad,54,Matana,Other than Woman,NONE,0,Sanjeev Kumar,Sobhraj,0,0,Unreserved,latin,,2035,Fatehabad.pdf
Fatehabad,Fatehabad,55,Mohmmadpur Rohi 2,Other than Woman,NONE,0,Joginder Singh,Santa Singh,0,0,Unreserved,latin,,2035,Fatehabad.pdf
Fatehabad,Fatehabad,56,Mohmadpur Rohi-1,Woman,NONE,1,Suman Devi,Ramesh Chander,0,0,Women,latin,,2035,Fatehabad.pdf
Fatehabad,Fatehabad,57,Musa Ahli,Other than Woman,NONE,0,Balwant Singh,Natha Singh,1,0,Unreserved,latin,,2035,Fatehabad.pdf
Fatehabad,Fatehabad,58,Nagpur,Woman,NONE,1,Sunita,Radheshyam,0,0,Women,latin,,2035,Fatehabad.pdf
Fatehabad,Fatehabad,59,Nakhatia,Woman,NONE,1,Manmohan Kaur,Nirmal Singh,0,0,Women,latin,,2035,Fatehabad.pdf
Fatehabad,Fatehabad,60,Nakta,Other than Woman,NONE,0,Baljinder Singh,Gurdev Singh,0,0,Unreserved,latin,,2035,Fatehabad.pdf
Fatehabad,Fatehabad,61,Noorki Ahli,SC Other than Woman,SC,0,Balkrishan,Teja Ram,0,0,Scheduled Caste,latin,,2035,Fatehabad.pdf
Fatehabad,Fatehabad,62,Rajabad,Other than Woman,NONE,0,Jyoti Chandel,Kiran Pal,0,0,Unreserved,latin,,2035,Fatehabad.pdf
Fatehabad,Fatehabad,63,Ratta Tibba,Woman,NONE,1,Bhola Devi,Jagtar Singh,0,0,Women,latin,,2035,Fatehabad.pdf
Fatehabad,Fatehabad,64,Salam Khera,SC Other than Woman,SC,0,Guljar Singh,Prithvi Singh,0,0,Scheduled Caste,latin,,2035,Fatehabad.pdf
Fatehabad,Fatehabad,65,Shahidanwali,Woman,NONE,1,Suman,Rohtash,0,0,Women,latin,,2035,Fatehabad.pdf
Fatehabad,Fatehabad,66,Tamaspura,SC Other than Woman,SC,0,Balam Singh,Chanchal Singh,0,0,Scheduled Caste,latin,,2035,Fatehabad.pdf
Fatehabad,Fatehabad,67,Theiri,Woman,NONE,1,Kuldeep Kaur,Jogender Singh,0,0,Women,latin,,2035,Fatehabad.pdf
Fatehabad,Jakhal,1,Chandpura,SC Other than Woman,SC,0,Baldev Singh,Avtar Singh,0,0,Scheduled Caste,latin,,2037,Fatehabad.pdf
Fatehabad,Jakhal,2,Chuharpur,Other than Woman,NONE,0,Sukhchain Singh,Gurjeet Singh,0,0,Unreserved,latin,,2037,Fatehabad.pdf
Fatehabad,Jakhal,3,Dher,Other than Woman,NONE,0,Aman Singh,Jarnail Singh,0,0,Unreserved,latin,,2037,Fatehabad.pdf
Fatehabad,Jakhal,4,Diwana,Other than Woman,NONE,0,Poonam Rani,Jagjit Kumar,0,0,Unreserved,latin,,2037,Fatehabad.pdf
Fatehabad,Jakhal,5,Gullarwala,Other than Woman,NONE,0,Harjeet Singh,Ranbir Singh,0,0,Unreserved,latin,,2037,Fatehabad.pdf
Fatehabad,Jakhal,6,Jakhal Village,Other than Woman,NONE,0,Harpreet Singh,Jagbir Singh,0,0,Unreserved,latin,,2037,Fatehabad.pdf
Fatehabad,Jakhal,7,Kana Khera,Other than Woman,NONE,0,Beant Singh,Mal Singh,0,0,Unreserved,latin,,2037,Fatehabad.pdf
Fatehabad,Jakhal,8,Karandi,SC Woman,SC,1,Kulwinder Kaur,Rughvir Singh,0,0,Scheduled Caste (Women),latin,,2037,Fatehabad.pdf
Fatehabad,Jakhal,9,Kudni,Woman,NONE,1,Jaswant Kaur,Harjinder Singh,0,0,Women,latin,,2037,Fatehabad.pdf
Fatehabad,Jakhal,10,Meyond Begamwali,Other than Woman,NONE,0,Gurjeevan,Randir Singh,0,0,Unreserved,latin,,2037,Fatehabad.pdf
Fatehabad,Jakhal,11,Meyond Boganwali,Woman,NONE,1,Ravinder Kaur,Rohit Singh,0,0,Women,latin,,2037,Fatehabad.pdf
Fatehabad,Jakhal,12,Mudaliyan,SC Other than Woman,SC,0,Savita,Mangat Ram,0,0,Scheduled Caste,latin,,2037,Fatehabad.pdf
Fatehabad,Jakhal,13,Mussa Khera,Other than Woman,NONE,0,Mukesh Kumar,Hardev Singh,1,0,Unreserved,latin,,2037,Fatehabad.pdf
Fatehabad,Jakhal,14,Narel,Woman,NONE,1,Harmeet Kaur,Jagjit Singh,1,0,Women,latin,,2037,Fatehabad.pdf
Fatehabad,Jakhal,15,Nathuwal,Woman,NONE,1,Palvinder Kaur,Jasvindar Singh,1,0,Women,latin,,2037,Fatehabad.pdf
Fatehabad,Jakhal,16,Ratta Theh,Other than Woman,NONE,0,Buta Singh,Gurdev Singh,0,0,Unreserved,latin,,2037,Fatehabad.pdf
Fatehabad,Jakhal,17,Rupanwali,Other than Woman,NONE,0,Kuldeep Singh,Nachhater Singh,0,0,Unreserved,latin,,2037,Fatehabad.pdf
Fatehabad,Jakhal,18,Sadhanwas,Other than Woman,NONE,0,Ramesh Singh,Mala Ram,0,0,Unreserved,latin,,2037,Fatehabad.pdf
Fatehabad,Jakhal,19,Shakarpura,Other than Woman,NONE,0,Hans Raj,Ranjha Ram,0,0,Unreserved,latin,,2037,Fatehabad.pdf
Fatehabad,Jakhal,20,Sidhani,SC Other than Woman,SC,0,Viker Singh,Jethu Singh,0,0,Scheduled Caste,latin,,2037,Fatehabad.pdf
Fatehabad,Jakhal,21,Talwara,Woman,NONE,1,Sukwinder,Pardeep Sharma,0,0,Women,latin,,2037,Fatehabad.pdf
Fatehabad,Jakhal,22,Talwari,Other than Woman,NONE,0,Satish Kumar,Bant Singh,0,0,Unreserved,latin,,2037,Fatehabad.pdf
Fatehabad,Jakhal,23,Udeypur,Woman,NONE,1,Ramjit Kaur,Karam Singh,0,0,Women,latin,,2037,Fatehabad.pdf
Fatehabad,Ratia,1,Aherwan,Other than Woman,NONE,0,Narveer Singh,Karam Singh,0,0,Unreserved,latin,,2039,Fatehabad.pdf
Fatehabad,Ratia,2,Alawalwas,Woman,NONE,1,Priyanka Rani,Pardeep Kumar,0,0,Women,latin,,2039,Fatehabad.pdf
Fatehabad,Ratia,3,Alikan,Woman,NONE,1,Mohan Devi,Madan Lal,0,0,Women,latin,,2039,Fatehabad.pdf
Fatehabad,Ratia,4,Alipur Barota,Woman,NONE,1,Maina Rani Urf Maina Devi,Sunil Kumar,0,0,Women,latin,,2039,Fatehabad.pdf
Fatehabad,Ratia,5,Babanpur,Other than Woman,NONE,0,Kulwinder Kaur Urf Charanjeet Kaur,Lakhwinder Singh,0,0,Unreserved,latin,,2039,Fatehabad.pdf
Fatehabad,Ratia,6,Badalgarh,Other than Woman,NONE,0,Neelam Rani,Ramesh Kumar,0,0,Unreserved,latin,,2039,Fatehabad.pdf
Fatehabad,Ratia,7,Brahmanwala,Woman,NONE,1,Saravjeet Kaur,Chamkaur Singh,0,0,Women,latin,,2039,Fatehabad.pdf
Fatehabad,Ratia,8,Baliala,Woman,NONE,1,Usha Rani,Mangat Ram,0,0,Women,latin,,2039,Fatehabad.pdf
Fatehabad,Ratia,9,Bara,Woman,NONE,1,Basdeep Kaur,Rajbir Singh,1,0,Women,latin,,2039,Fatehabad.pdf
Fatehabad,Ratia,10,Bhanikhera,SC Woman,SC,1,Baljeet Kaur Urf Geeta Devi,Darshan Singh,0,0,Scheduled Caste (Women),latin,,2039,Fatehabad.pdf
Fatehabad,Ratia,11,Bharpur,Other than Woman,NONE,0,Dharampal,Jetha Ram,0,0,Unreserved,latin,,2039,Fatehabad.pdf
Fatehabad,Ratia,12,Bhunderwas,Other than Woman,NONE,0,Dharampal,Kewal Ram,1,0,Unreserved,latin,,2039,Fatehabad.pdf
Fatehabad,Ratia,13,Birabadi,Woman,NONE,1,Komaldeep Kaur Urf Komaljeet Kaur (D/O),Surjeet Singh,0,0,Women,latin,,2039,Fatehabad.pdf
Fatehabad,Ratia,14,Bora,SC Woman,SC,1,Lakhvir Kaur,Buta Singh,0,0,Scheduled Caste (Women),latin,,2039,Fatehabad.pdf
Fatehabad,Ratia,15,Burj,Woman,NONE,1,Harvinder Kaur,Majer Singh,0,0,Women,latin,,2039,Fatehabad.pdf
Fatehabad,Ratia,16,Chandokalan,Other than Woman,NONE,0,Gursevak Singh,Mejar Singh,1,0,Unreserved,latin,,2039,Fatehabad.pdf
Fatehabad,Ratia,17,Chandokhurd,Woman,NONE,1,Pinki (D/O),Roshan Lal,1,0,Women,latin,,2039,Fatehabad.pdf
Fatehabad,Ratia,18,Chimmo,SC Woman,SC,1,Usha Rani,Raj Kumar,0,0,Scheduled Caste (Women),latin,,2039,Fatehabad.pdf
Fatehabad,Ratia,19,Dadupur,Other than Woman,NONE,0,Radheshyam,Ram Kumar,0,0,Unreserved,latin,,2039,Fatehabad.pdf
Fatehabad,Ratia,20,Dhani Babanpur,Other than Woman,NONE,0,Jagraj Singh,Jagmail Singh,1,0,Unreserved,latin,,2039,Fatehabad.pdf
Fatehabad,Ratia,21,Dhani Bilaspur,SC Other than Woman,SC,0,Gyan Singh,Dina Ram,1,0,Scheduled Caste,latin,,2039,Fatehabad.pdf
Fatehabad,Ratia,22,Dhani Dadupur,Other than Woman,NONE,0,Pargat Singh,Major Singh,0,0,Unreserved,latin,,2039,Fatehabad.pdf
Fatehabad,Ratia,23,Dhani Jakhandadi,Woman,NONE,1,Manpreet Kaur,Sukhpal Singh,0,0,Women,latin,,2039,Fatehabad.pdf
Fatehabad,Ratia,24,Ganda,SC Other than Woman,SC,0,Lakhwinder Ram,Vakil Chand,0,0,Scheduled Caste,latin,,2039,Fatehabad.pdf
Fatehabad,Ratia,25,Ghaswa,Other than Woman,NONE,0,Gurdeep Singh,Gurjant Singh,1,0,Unreserved,latin,,2039,Fatehabad.pdf
Fatehabad,Ratia,26,Gurusar,SC Other than Woman,SC,0,Jagsir Singh,Nirmal Singh,0,0,Scheduled Caste,latin,,2039,Fatehabad.pdf
Fatehabad,Ratia,27,Hamjapur,Other than Woman,NONE,0,Jagvinder Singh,Mukhtyar Singh,0,0,Unreserved,latin,,2039,Fatehabad.pdf
Fatehabad,Ratia,28,Hanspur,Other than Woman,NONE,0,Parmjeet Kaur,Palwinder Singh,0,0,Unreserved,latin,,2039,Fatehabad.pdf
Fatehabad,Ratia,29,Haroli,Other than Woman,NONE,0,Gulshan Kumar,Tikan Lal,0,0,Unreserved,latin,,2039,Fatehabad.pdf
Fatehabad,Ratia,30,Hassinga,Other than Woman,NONE,0,Surender,Ram Partap,0,0,Unreserved,latin,,2039,Fatehabad.pdf
Fatehabad,Ratia,31,Hukmawali,Other than Woman,NONE,0,Satnam Singh,Balam Singh,1,0,Unreserved,latin,,2039,Fatehabad.pdf
Fatehabad,Ratia,32,Jallopur,Other than Woman,NONE,0,Anoop Kumar,Hawa Singh,1,0,Unreserved,latin,,2039,Fatehabad.pdf
Fatehabad,Ratia,33,Jandwala Sotter,Other than Woman,NONE,0,Suresh Kumar,Sardara Ram,0,0,Unreserved,latin,,2039,Fatehabad.pdf
Fatehabad,Ratia,34,Kalotha,SC Other than Woman,SC,0,Sarjeet Singh,Chanan Singh,0,0,Scheduled Caste,latin,,2039,Fatehabad.pdf
Fatehabad,Ratia,35,Kamana,Woman,NONE,1,Amandeep Kaur Urf Kulvir Kaur,Gurmeet Singh,0,0,Women,latin,,2039,Fatehabad.pdf
Fatehabad,Ratia,36,Kanwalgarh,SC Other than Woman,SC,0,Manjeet Kumar,Chand Lal,0,0,Scheduled Caste,latin,,2039,Fatehabad.pdf
Fatehabad,Ratia,37,Khai,Woman,NONE,1,Sunita Rani Urf Amarjeet Kaur,Krishan Lal Urf Krishan Kumar,0,0,Women,latin,,2039,Fatehabad.pdf
Fatehabad,Ratia,38,Khairpur,Woman,NONE,1,Sushma Rani,Jai Chand,1,0,Women,latin,,2039,Fatehabad.pdf
Fatehabad,Ratia,39,Khundan,SC Other than Woman,SC,0,Sukhwinder Singh,Mohan Singh,0,0,Scheduled Caste,latin,,2039,Fatehabad.pdf
Fatehabad,Ratia,40,Kunal,SC Other than Woman,SC,0,Subhash Chand,Buta Chand,1,0,Scheduled Caste,latin,,2039,Fatehabad.pdf
Fatehabad,Ratia,41,Ladhuwas,Woman,NONE,1,Satveer Kaur Urf Balvir Kaur,Najam Singh,0,0,Women,latin,,2039,Fatehabad.pdf
Fatehabad,Ratia,42,Lali,Woman,NONE,1,Reena Rani,Sunil Kumar,0,0,Women,latin,,2039,Fatehabad.pdf
Fatehabad,Ratia,43,Lamba,Other than Woman,NONE,0,Jitender Singh,Mukhtyar Singh,0,0,Unreserved,latin,,2039,Fatehabad.pdf
Fatehabad,Ratia,44,Luthera,Woman,NONE,1,Jagjeet Kaur,Bhupender Singh,0,0,Women,latin,,2039,Fatehabad.pdf
Fatehabad,Ratia,45,Madh,Other than Woman,NONE,0,Mahesh Kumar,Khoob Chand,0,0,Unreserved,latin,,2039,Fatehabad.pdf
Fatehabad,Ratia,46,Malwala,Other than Woman,NONE,0,Kulvinder Singh Urf Kalwinder Singh,Malkeet Singh Urf Malkiyat Singh,1,0,Unreserved,latin,,2039,Fatehabad.pdf
Fatehabad,Ratia,47,Mehmadki,Other than Woman,NONE,0,Rajender Kumar,Amar Chand,0,0,Unreserved,latin,,2039,Fatehabad.pdf
Fatehabad,Ratia,48,Mehmara,Other than Woman,NONE,0,Ranga Singh,Jaila Singh,0,0,Unreserved,latin,,2039,Fatehabad.pdf
Fatehabad,Ratia,49,Mirana,Other than Woman,NONE,0,Sukhraj Singh,Mangal Singh,0,0,Unreserved,latin,,2039,Fatehabad.pdf
Fatehabad,Ratia,50,Mohammedpur Sotter,Other than Woman,NONE,0,Bimla Rani,Balwant Singh,0,0,Unreserved,latin,,2039,Fatehabad.pdf
Fatehabad,Ratia,51,Munshiwali,Other than Woman,NONE,0,Rajinder Kaur,Harpal Singh,0,0,Unreserved,latin,,2039,Fatehabad.pdf
Fatehabad,Ratia,52,Nangal,Woman,NONE,1,Iqbal Kaur urf Akpal Kaur,Bhupinder Singh,0,0,Women,latin,,2039,Fatehabad.pdf
Fatehabad,Ratia,53,Nathwan,Other than Woman,NONE,0,Gurpreet Singh,Gurvinder Singh,0,0,Unreserved,latin,,2039,Fatehabad.pdf
Fatehabad,Ratia,54,Nikuana,Other than Woman,NONE,0,Nath Chand,Tahla Ram,0,0,Unreserved,latin,,2039,Fatehabad.pdf
Fatehabad,Ratia,55,Palsar,Other than Woman,NONE,0,Gurdeep Singh,Puran Singh,0,0,Unreserved,latin,,2039,Fatehabad.pdf
Fatehabad,Ratia,56,Phoolan,Other than Woman,NONE,0,Hawa Singh,Mangat Ram,0,0,Unreserved,latin,,2039,Fatehabad.pdf
Fatehabad,Ratia,57,Pilchhian,SC Woman,SC,1,Veerpal Kaur,Jeevan Kumar,0,0,Scheduled Caste (Women),latin,,2039,Fatehabad.pdf
Fatehabad,Ratia,58,Raipur,Other than Woman,NONE,0,Kuldeep Singh,Joginder Singh,0,0,Unreserved,latin,,2039,Fatehabad.pdf
Fatehabad,Ratia,59,Ratta Khera,SC Other than Woman,SC,0,Sudesh Pal Urf Sudesh Pal Papla,Bansi Lal Urf Bansi Ram,0,0,Scheduled Caste,latin,,2039,Fatehabad.pdf
Fatehabad,Ratia,60,Rattangarh,Other than Woman,NONE,0,Rajiv Kumar,Parsa Ram,0,0,Unreserved,latin,,2039,Fatehabad.pdf
Fatehabad,Ratia,61,Rojhanwali,Other than Woman,NONE,0,Rajinder Kaur,Satpal Singh,0,0,Unreserved,latin,,2039,Fatehabad.pdf
Fatehabad,Ratia,62,Sardarewala,Other than Woman,NONE,0,Jeevan Singh,Balwinder Singh,0,0,Unreserved,latin,,2039,Fatehabad.pdf
Fatehabad,Ratia,63,Sehnal,SC Other than Woman,SC,0,Vijay Kumar,Foji Ram,0,0,Scheduled Caste,latin,,2039,Fatehabad.pdf
Fatehabad,Ratia,64,Shekhupur Sotter,Other than Woman,NONE,0,Gurvail Singh,Ikbal Singh,0,0,Unreserved,latin,,2039,Fatehabad.pdf
Fatehabad,Ratia,65,Sukhmanpur,Woman,NONE,1,Seema Devi Urf Seema Rani,Ishwar Chand Urf Ishwar Kumar,0,0,Women,latin,,2039,Fatehabad.pdf
Fatehabad,Tohana,1,Akanwali,Other than Woman,NONE,0,Harpreet Singh,Jasvinder Singh,0,0,Unreserved,latin,,2041,Fatehabad.pdf
Fatehabad,Tohana,2,Amani,Woman,NONE,1,Kavita Devi,Labh Singh,0,0,Women,latin,,2041,Fatehabad.pdf
Fatehabad,Tohana,3,Baliawala,SC Other than Woman,SC,0,Narender Kumar,Roshan Lal,0,0,Scheduled Caste,latin,,2041,Fatehabad.pdf
Fatehabad,Tohana,4,Bhidai Khera,Other than Woman,NONE,0,Ram Chander,Jai Lal,0,0,Unreserved,latin,,2041,Fatehabad.pdf
Fatehabad,Tohana,5,Bhimewala,Other than Woman,NONE,0,Somveer,Sewa Ram,1,0,Unreserved,latin,,2041,Fatehabad.pdf
Fatehabad,Tohana,6,Bhodi,Woman,NONE,1,Dhapa Devi,Puran Singh,0,0,Women,latin,,2041,Fatehabad.pdf
Fatehabad,Tohana,7,Bhodia Khera,Other than Woman,NONE,0,Satpal Singh,Nafe Singh,0,0,Unreserved,latin,,2041,Fatehabad.pdf
Fatehabad,Tohana,8,Chander Kalan,Other than Woman,NONE,0,Simranjeet Singh,Ranjeet Singh,0,0,Unreserved,latin,,2041,Fatehabad.pdf
Fatehabad,Tohana,9,Chander Khurd,Other than Woman,NONE,0,Rajender Singh,Charanjeet Singh,0,0,Unreserved,latin,,2041,Fatehabad.pdf
Fatehabad,Tohana,10,Chilewal,Other than Woman,NONE,0,Harpal Singh,Paras Ram,0,0,Unreserved,latin,,2041,Fatehabad.pdf
Fatehabad,Tohana,11,Chitain,Other than Woman,NONE,0,Phool Singh,Roop Chand,0,0,Unreserved,latin,,2041,Fatehabad.pdf
Fatehabad,Tohana,12,Damkora,Woman,NONE,1,Sandeep Kaur,Jarnail Singh,0,0,Women,latin,,2041,Fatehabad.pdf
Fatehabad,Tohana,13,Dangra,Other than Woman,NONE,0,Ram Kumar,Moman Ram,0,0,Unreserved,latin,,2041,Fatehabad.pdf
Fatehabad,Tohana,14,Dharsul Kalan,SC Other than Woman,SC,0,Harpal Singh,Sant Ram Singh,0,0,Scheduled Caste,latin,,2041,Fatehabad.pdf
Fatehabad,Tohana,15,Dharsul Khurd,SC Other than Woman,SC,0,Raj Kumar,Bhale Ram,0,0,Scheduled Caste,latin,,2041,Fatehabad.pdf
Fatehabad,Tohana,16,Fatehpuri,SC Other than Woman,SC,0,Soni Singh,Mahender Singh,0,0,Scheduled Caste,latin,,2041,Fatehabad.pdf
Fatehabad,Tohana,17,Gajuwala,Other than Woman,NONE,0,Vijay Haripal Singh,Mange Ram,0,0,Unreserved,latin,,2041,Fatehabad.pdf
Fatehabad,Tohana,18,Haiderwala,Other than Woman,NONE,0,Nishan Singh,Lakhvir Singh,0,0,Unreserved,latin,,2041,Fatehabad.pdf
Fatehabad,Tohana,19,Hansawala,Other than Woman,NONE,0,Mandeep,Satpal Singh,0,0,Unreserved,latin,,2041,Fatehabad.pdf
Fatehabad,Tohana,20,Himatpura,SC Other than Woman,SC,0,Balkar Singh,Ram Sarup,0,0,Scheduled Caste,latin,,2041,Fatehabad.pdf
Fatehabad,Tohana,21,Hindalwala,Other than Woman,NONE,0,Kiran,Vinod Kumar,0,0,Unreserved,latin,,2041,Fatehabad.pdf
Fatehabad,Tohana,22,Indachhoi,Other than Woman,NONE,0,Ram Kumar,Jagan Nath,0,0,Unreserved,latin,,2041,Fatehabad.pdf
Fatehabad,Tohana,23,Jamalpur Sheikhan,Woman,NONE,1,Jasvinder Kaur,Gurjant Singh,0,0,Women,latin,,2041,Fatehabad.pdf
Fatehabad,Tohana,24,Japtewala,Woman,NONE,1,Lovepreet Kaur (Rajveer Kaur),Sukhdeep Singh,0,0,Women,latin,,2041,Fatehabad.pdf
Fatehabad,Tohana,25,Kamalwala,Other than Woman,NONE,0,Ishwar Singh,Jeeta Ram,0,0,Unreserved,latin,,2041,Fatehabad.pdf
Fatehabad,Tohana,26,Kanheri,SC Woman,SC,1,Priti,Rajesh Kumar,0,0,Scheduled Caste (Women),latin,,2041,Fatehabad.pdf
Fatehabad,Tohana,27,Khanora,SC Woman,SC,1,Sukhvinder Kaur,Bhim Ram,0,0,Scheduled Caste (Women),latin,,2041,Fatehabad.pdf
Fatehabad,Tohana,28,Kullan,Woman,NONE,1,Salochna Rani,Puran Kumar,0,0,Women,latin,,2041,Fatehabad.pdf
Fatehabad,Tohana,29,Laloda,Other than Woman,NONE,0,Balvinder Singh,Bhagwana Ram,0,0,Unreserved,latin,,2041,Fatehabad.pdf
Fatehabad,Tohana,30,Laluwal,Woman,NONE,1,Mamta Rani,Harpal Singh,0,0,Women,latin,,2041,Fatehabad.pdf
Fatehabad,Tohana,31,Lohakhera,Other than Woman,NONE,0,Pyara Singh,Har Bhajan Singh,0,0,Unreserved,latin,,2041,Fatehabad.pdf
Fatehabad,Tohana,32,Maduwana,Other than Woman,NONE,0,Satpal Singh,Partap Singh,0,0,Unreserved,latin,,2041,Fatehabad.pdf
Fatehabad,Tohana,33,Mamupur,Other than Woman,NONE,0,Sukhwinder Singh,Banta Singh,0,0,Unreserved,latin,,2041,Fatehabad.pdf
Fatehabad,Tohana,34,Manghera,Woman,NONE,1,Paramjit Kaur,Jagraj Singh,0,0,Women,latin,,2041,Fatehabad.pdf
Fatehabad,Tohana,35,Nangla,Other than Woman,NONE,0,Bhupinder Kaur,Tarsem Singh,0,0,Unreserved,latin,,2041,Fatehabad.pdf
Fatehabad,Tohana,36,Nangli,Woman,NONE,1,Nisha,Tara Chand,1,0,Women,latin,,2041,Fatehabad.pdf
Fatehabad,Tohana,37,Nanheri,Other than Woman,NONE,0,Sardari Lal,Shyam Lal,0,0,Unreserved,latin,,2041,Fatehabad.pdf
Fatehabad,Tohana,38,Parta,Other than Woman,NONE,0,Pawan Kumar,Sube Singh,0,0,Unreserved,latin,,2041,Fatehabad.pdf
Fatehabad,Tohana,39,Pirthla,Woman,NONE,1,Luxmi Rani,Sandeep Singh,0,0,Women,latin,,2041,Fatehabad.pdf
Fatehabad,Tohana,40,Puranmajra,Woman,NONE,1,Pinki Kaur,Jasveer Singh,1,0,Women,latin,,2041,Fatehabad.pdf
Fatehabad,Tohana,41,Rasulpur,Other than Woman,NONE,0,Nachhater Singh,Ghamand Singh,1,0,Unreserved,latin,,2041,Fatehabad.pdf
Fatehabad,Tohana,42,Ratta Khera,Other than Woman,NONE,0,Gurcharan Singh,Boriya Singh,0,0,Unreserved,latin,,2041,Fatehabad.pdf
Fatehabad,Tohana,43,Rehanwali,Woman,NONE,1,Simran Kaur,Sehajbir Singh,0,0,Women,latin,,2041,Fatehabad.pdf
Fatehabad,Tohana,44,Salempuri,Other than Woman,NONE,0,Richhpal Singh,Kartar Singh,0,0,Unreserved,latin,,2041,Fatehabad.pdf
Fatehabad,Tohana,45,Samain,SC Woman,SC,1,Sonil,Rakesh,0,0,Scheduled Caste (Women),latin,,2041,Fatehabad.pdf
Fatehabad,Tohana,46,Saniyana,Other than Woman,NONE,0,Harpeet Kaur,Baljinder Singh,0,0,Unreserved,latin,,2041,Fatehabad.pdf
Fatehabad,Tohana,47,Simbalwala,Woman,NONE,1,Swarna,Tarbinder Singh,0,0,Women,latin,,2041,Fatehabad.pdf
Fatehabad,Tohana,48,Tharva,SC Woman,SC,1,Sumitra,Surender Singh,1,0,Scheduled Caste (Women),latin,,2041,Fatehabad.pdf
Fatehabad,Tohana,49,Tharvi,SC Other than Woman,SC,0,Ramphal,Sampuran Singh,0,0,Scheduled Caste,latin,,2041,Fatehabad.pdf
Gurgaon,Farukh Nagar,1,Alimuddinpur,SC Woman,SC,1,Sunita,Dharmender,0,0,Scheduled Caste (Women),latin,,2044,Gurgaon.pdf
Gurgaon,Farukh Nagar,2,Babda Baki Pur,SC Woman,SC,1,Geeta Kumari,Mahesh Kumar,0,0,Scheduled Caste (Women),latin,,2044,Gurgaon.pdf
Gurgaon,Farukh Nagar,3,Baslami,SC Other than Woman,SC,0,Bir Singh,Pyare Lal,0,0,Scheduled Caste,latin,,2044,Gurgaon.pdf
Gurgaon,Farukh Nagar,4,Bashkushla,Woman,NONE,1,Rajni,Ajit,0,0,Women,latin,,2044,Gurgaon.pdf
Gurgaon,Farukh Nagar,5,Bashunda,Other than Woman,NONE,0,Dhani Ram,Jag Ram,0,0,Unreserved,latin,,2044,Gurgaon.pdf
Gurgaon,Farukh Nagar,6,Bassharia,Woman,NONE,1,Seema Urf Savita,Gulbir Singh,0,0,Women,latin,,2044,Gurgaon.pdf
Gurgaon,Farukh Nagar,7,Bhangrola,Other than Woman,NONE,0,Ishwer Singh,Ram Chander,0,0,Unreserved,latin,,2044,Gurgaon.pdf
Gurgaon,Farukh Nagar,8,Birhera,Other than Woman,NONE,0,Kiran Yadav,Jal Singh,0,0,Unreserved,latin,,2044,Gurgaon.pdf
Gurgaon,Farukh Nagar,9,Dabodha,Woman,NONE,1,Neeta Yadav,Laxman Singh,0,0,Women,latin,,2044,Gurgaon.pdf
Gurgaon,Farukh Nagar,10,Dhana,Other than Woman,NONE,0,Parveen Kumar,Karambir,0,0,Unreserved,latin,,2044,Gurgaon.pdf
Gurgaon,Farukh Nagar,11,Dhanawas,SC Other than Woman,SC,0,Jile Singh,Ram Singh,0,0,Scheduled Caste,latin,,2044,Gurgaon.pdf
Gurgaon,Farukh Nagar,12,Dooma (Hari Nagar),Other than Woman,NONE,0,Uday Singh,Umrao Singh,0,0,Unreserved,latin,,2044,Gurgaon.pdf
Gurgaon,Farukh Nagar,13,Faridpur,Other than Woman,NONE,0,Satya Prakash,Ragubir Singh,0,0,Unreserved,latin,,2044,Gurgaon.pdf
Gurgaon,Farukh Nagar,14,Fazilpur Badli,Other than Woman,NONE,0,Govind Singh,Ram Niwas,0,0,Unreserved,latin,,2044,Gurgaon.pdf
Gurgaon,Farukh Nagar,15,Ghari Nathey Khan,Other than Woman,NONE,0,Ramesh,Jagdish,0,0,Unreserved,latin,,2044,Gurgaon.pdf
Gurgaon,Farukh Nagar,16,Ghosh Garh,Other than Woman,NONE,0,Sunder Singh,Devinder Singh,0,0,Unreserved,latin,,2044,Gurgaon.pdf
Gurgaon,Farukh Nagar,17,Gugana Rajupur,Woman,NONE,1,Usha Devi,Rajpal,0,0,Women,latin,,2044,Gurgaon.pdf
Gurgaon,Farukh Nagar,18,Hazipur,Woman,NONE,1,Sharmila,Dharm Pal,0,0,Women,latin,,2044,Gurgaon.pdf
Gurgaon,Farukh Nagar,19,Ikbalpur,Other than Woman,NONE,0,Ranvir Singh,Abhey Singh,0,0,Unreserved,latin,,2044,Gurgaon.pdf
Gurgaon,Farukh Nagar,20,Jamalpur,Woman,NONE,1,Reetu,Mahesh Kumar,0,0,Women,latin,,2044,Gurgaon.pdf
Gurgaon,Farukh Nagar,21,Janola,Other than Woman,NONE,0,Gajraj Singh,Ram Kumar,0,0,Unreserved,latin,,2044,Gurgaon.pdf
Gurgaon,Farukh Nagar,22,Jarau,SC Woman,SC,1,Geeta,Yogesh,1,0,Scheduled Caste (Women),latin,,2044,Gurgaon.pdf
Gurgaon,Farukh Nagar,23,Jatola,Other than Woman,NONE,0,Krishan Kumar,Bhagwan Sahai,0,0,Unreserved,latin,,2044,Gurgaon.pdf
Gurgaon,Farukh Nagar,24,Jhanjhrola Khera,Other than Woman,NONE,0,Babita Devi,Vikash Kumar,0,0,Unreserved,latin,,2044,Gurgaon.pdf
Gurgaon,Farukh Nagar,25,Jhund Sarai,Other than Woman,NONE,0,Anil Kumar,Brij Mohan,0,0,Unreserved,latin,,2044,Gurgaon.pdf
Gurgaon,Farukh Nagar,26,Joniawas,Woman,NONE,1,Meena Devi,Som Bir,0,0,Women,latin,,2044,Gurgaon.pdf
Gurgaon,Farukh Nagar,27,Jori,Woman,NONE,1,Sapna,Mohit Kumar,0,0,Women,latin,,2044,Gurgaon.pdf
Gurgaon,Farukh Nagar,28,Jori Kalan,Other than Woman,NONE,0,Khajan Singh,Pat Ram,0,0,Unreserved,latin,,2044,Gurgaon.pdf
Gurgaon,Farukh Nagar,29,Judola,Other than Woman,NONE,0,Subashchand,Munshi Ram,0,0,Unreserved,latin,,2044,Gurgaon.pdf
Gurgaon,Farukh Nagar,30,Kaliawas,Other than Woman,NONE,0,Pritam Pal,Dharam Pal,0,0,Unreserved,latin,,2044,Gurgaon.pdf
Gurgaon,Farukh Nagar,31,Karola,SC Woman,SC,1,Sunita,Satish,0,0,Scheduled Caste (Women),latin,,2044,Gurgaon.pdf
Gurgaon,Farukh Nagar,32,Khandewla,Other than Woman,NONE,0,Suraj Mukhi,Prem Chand,0,0,Unreserved,latin,,2044,Gurgaon.pdf
Gurgaon,Farukh Nagar,33,Khar Khari,Woman,NONE,1,Sarita Devi,Satyabir,0,0,Women,latin,,2044,Gurgaon.pdf
Gurgaon,Farukh Nagar,34,Khawaspur,Other than Woman,NONE,0,Prahlad Singh,Bulla Ram,0,0,Unreserved,latin,,2044,Gurgaon.pdf
Gurgaon,Farukh Nagar,35,Khentawas,SC Other than Woman,SC,0,Renu,Rajesh Kumar,0,0,Scheduled Caste,latin,,2044,Gurgaon.pdf
Gurgaon,Farukh Nagar,36,Khera Khurram Pur,SC Other than Woman,SC,0,Ram Niwas,Subh Ram,0,0,Scheduled Caste,latin,,2044,Gurgaon.pdf
Gurgaon,Farukh Nagar,37,Khurram Pur,SC Other than Woman,SC,0,Vinod Kumar,Fakir Chand,0,0,Seheduled Caste,latin,,2044,Gurgaon.pdf
Gurgaon,Farukh Nagar,38,Mehchana,SC Other than Woman,SC,0,Suresh Kumar,Pam Parsad,0,0,Scheduled Caste,latin,,2044,Gurgaon.pdf
Gurgaon,Farukh Nagar,39,Mokalwas,Woman,NONE,1,Mukesh Kumari,Manoj Kumar,0,0,Women,latin,,2044,Gurgaon.pdf
Gurgaon,Farukh Nagar,40,Mubarikpur,Woman,NONE,1,Suresh,Raj Singh,0,0,Women,latin,,2044,Gurgaon.pdf
Gurgaon,Farukh Nagar,41,Mushedpur,Woman,NONE,1,Rachna,Dharmender,0,0,Women,latin,,2044,Gurgaon.pdf
Gurgaon,Farukh Nagar,42,Palri,Other than Woman,NONE,0,Sahender Singh,Ram Phal,0,0,Unreserved,latin,,2044,Gurgaon.pdf
Gurgaon,Farukh Nagar,43,Patli,Woman,NONE,1,Mukesh Devi,Satbir Singh,0,0,Women,latin,,2044,Gurgaon.pdf
Gurgaon,Farukh Nagar,44,Saidpur Mohammad Pur,Other than Woman,NONE,0,Inderjeet,Tota Ram,0,0,Unreserved,latin,,2044,Gurgaon.pdf
Gurgaon,Farukh Nagar,45,Sampka,Other than Woman,NONE,0,Hans Raj Saini,Kanwar Singh Saini,0,0,Unreserved,latin,,2044,Gurgaon.pdf
Gurgaon,Farukh Nagar,46,Shekhupur Majri,Other than Woman,NONE,0,Pooja Yadav,Ajay,0,0,Unreserved,latin,,2044,Gurgaon.pdf
Gurgaon,Farukh Nagar,47,Siwari,Other than Woman,NONE,0,Devender,Shish Pal,0,0,Unreserved,latin,,2044,Gurgaon.pdf
Gurgaon,Farukh Nagar,48,Sultanpur,Other than Woman,NONE,0,Rakesh Kumar,Raj Karan,0,0,Unreserved,latin,,2044,Gurgaon.pdf
Gurgaon,Farukh Nagar,49,Taj Nagar,Other than Woman,NONE,0,Lalit Kumar,Rajender Singh,0,0,Unreserved,latin,,2044,Gurgaon.pdf
Gurgaon,Farukh Nagar,50,Tirpari,Other than Woman,NONE,0,Rakesh Kumar,Hira Singh,0,0,Unreserved,latin,,2044,Gurgaon.pdf
Gurgaon,Gurgaon,1,Babupur,Other than Woman,NONE,0,Yogesh Kumar,Roshan Lal,0,0,Unreserved,latin,,2046,Gurgaon.pdf
Gurgaon,Gurgaon,2,Badha,Woman,NONE,1,Seema,Raghunath,0,0,Women Unreserved,latin,,2046,Gurgaon.pdf
Gurgaon,Gurgaon,3,Baghanki,Other than Woman,NONE,0,Rambir,Raj Karan Urf Ram Lal,0,0,Unreserved,latin,,2046,Gurgaon.pdf
Gurgaon,Gurgaon,4,Bajghera,Other than Woman,NONE,0,Shri Niwas Rana,Ram Pal Singh,0,0,Unreserved,latin,,2046,Gurgaon.pdf
Gurgaon,Gurgaon,5,Bamroli,Other than Woman,NONE,0,Sadhu Ram,Ram Chander,0,0,Unreserved,latin,,2046,Gurgaon.pdf
Gurgaon,Gurgaon,6,Bar Gujjar,Woman,NONE,1,Om Wati,Sube Singh,0,0,Women,latin,,2046,Gurgaon.pdf
Gurgaon,Gurgaon,7,Daultabad,Other than Woman,NONE,0,Yogender Singh,Attar Singh,0,0,Unreserved,latin,,2046,Gurgaon.pdf
Gurgaon,Gurgaon,8,Dhankot,Other than Woman,NONE,0,Dinesh Kumar,Dharmbir,0,0,Unreserved,latin,,2046,Gurgaon.pdf
Gurgaon,Gurgaon,9,Dharampur,Woman,NONE,1,Meenakshi,Rahul,0,0,Women,latin,,2046,Gurgaon.pdf
Gurgaon,Gurgaon,10,Dhorka,Other than Woman,NONE,0,Subhash Chand,Tek Chand,0,0,Unreserved,latin,,2046,Gurgaon.pdf
Gurgaon,Gurgaon,11,Garhi Harsaru,Woman,NONE,1,Sneh Lata,Ravinder Kumar,0,0,Women,latin,,2046,Gurgaon.pdf
Gurgaon,Gurgaon,12,Hayatpur,Other than Woman,NONE,0,Narender Singh,Lal Singh,0,0,Unreserved,latin,,2046,Gurgaon.pdf
Gurgaon,Gurgaon,13,Kankrola,SC Other than Woman,SC,0,Fakir Chand,Manohar Lal,0,0,Scheduled Caste,latin,,2046,Gurgaon.pdf
Gurgaon,Gurgaon,14,Kasan,Other than Woman,NONE,0,Bahadur Singh,Mehender,0,0,Unreserved,latin,,2046,Gurgaon.pdf
Gurgaon,Gurgaon,15,Kherki,Other than Woman,NONE,0,Ishwar Singh,Jagdish,0,0,Unreserved,latin,,2046,Gurgaon.pdf
Gurgaon,Gurgaon,16,Kherki Majra,Woman,NONE,1,Sonu,Ashish,0,0,Women,latin,,2046,Gurgaon.pdf
Gurgaon,Gurgaon,17,Khoh,SC Other than Woman,SC,0,Rajender Singh,Banwari Lal,0,0,Scheduled Caste,latin,,2046,Gurgaon.pdf
Gurgaon,Gurgaon,18,Makrola,Other than Woman,NONE,0,Jai Pal,Subha Chand,0,0,Unreserved,latin,,2046,Gurgaon.pdf
Gurgaon,Gurgaon,19,Manesar,SC Woman,SC,1,Pooja Kumari,Sombir,0,0,Scheduled Caste (Women),latin,,2046,Gurgaon.pdf
Gurgaon,Gurgaon,20,Mohammad Heri,Woman,NONE,1,Rinki,Naveen Kumar,0,0,Women,latin,,2046,Gurgaon.pdf
Gurgaon,Gurgaon,21,Naharpur Kasan,Other than Woman,NONE,0,Vijay Pal,Devi Singh,0,0,Unreserved,latin,,2046,Gurgaon.pdf
Gurgaon,Gurgaon,22,Nainwal,SC Other than Woman,SC,0,Suman,Suresh Kumar,1,0,Scheduled Caste,latin,,2046,Gurgaon.pdf
Gurgaon,Gurgaon,23,Nakhrola,Woman,NONE,1,Sanjamdeep,Luxman Singh,0,0,Women,latin,,2046,Gurgaon.pdf
Gurgaon,Gurgaon,24,Naurangpur,Other than Woman,NONE,0,Pardeep Yadav,Bharat Singh,0,0,Unreserved,latin,,2046,Gurgaon.pdf
Gurgaon,Gurgaon,25,Nawada Fatehpur,SC Woman,SC,1,Anita Devi,Joginder Singh,0,0,Scheduled Caste (Women),latin,,2046,Gurgaon.pdf
Gurgaon,Gurgaon,26,Rampura,Other than Woman,NONE,0,Harjas,Tejram,0,0,Unreserved Unreserved,latin,,2046,Gurgaon.pdf
Gurgaon,Gurgaon,27,Sadhrana,Woman,NONE,1,Poonam Kumari,Karan Singh,0,0,Women,latin,,2046,Gurgaon.pdf
Gurgaon,Gurgaon,28,Sehrawan,SC Woman,SC,1,Suman Devi,Rajeev Kumar,0,0,Scheduled Caste (Women),latin,,2046,Gurgaon.pdf
Gurgaon,Gurgaon,29,Shikohpur,SC Other than Woman,SC,0,Laakhan Singh,Babulal,0,0,Scheduled Caste,latin,,2046,Gurgaon.pdf
Gurgaon,Gurgaon,30,Sikander Pur Badha,Other than Woman,NONE,0,Sunder Lal,Balbir Singh,0,0,Unreserved,latin,,2046,Gurgaon.pdf
Gurgaon,Pataudi,1,Balewa,Other than Woman,NONE,0,Darshan Kumar,Ram Dayal,0,0,Unreserved,latin,,2048,Gurgaon.pdf
Gurgaon,Pataudi,2,Bapas,Other than Woman,NONE,0,Hariom,Jagmal,0,0,Unreserved,latin,,2048,Gurgaon.pdf
Gurgaon,Pataudi,3,Barahari Rehnawa,Other than Woman,NONE,0,Gyan Singh,Bhoop Singh,0,0,Unreserved,latin,,2048,Gurgaon.pdf
Gurgaon,Pataudi,4,Basatpur,Woman,NONE,1,Sumitra Devi,Sunderpal,0,0,Women,latin,,2048,Gurgaon.pdf
Gurgaon,Pataudi,5,Baspadamka,SC Other than Woman,SC,0,Vinod Kumar,Mangat Ram,0,0,Scheduled Caste,latin,,2048,Gurgaon.pdf
Gurgaon,Pataudi,6,Bhokarka,Woman,NONE,1,Suman Yadav,Mantosh Kumar,0,0,Women,latin,,2048,Gurgaon.pdf
Gurgaon,Pataudi,7,Bhora Kalan,Other than Woman,NONE,0,Yajvinder Sharma,Bhagwan Singh,0,0,Unreserved,latin,,2048,Gurgaon.pdf
Gurgaon,Pataudi,8,Bhora Khurd,Other than Woman,NONE,0,Rakesh Kumar,Baljeet Singh,0,0,Unreserved,latin,,2048,Gurgaon.pdf
Gurgaon,Pataudi,9,Bhudka,Other than Woman,NONE,0,Inderjeet Singh,Nihal Singh,0,0,Unreserved,latin,,2048,Gurgaon.pdf
Gurgaon,Pataudi,10,Bilaspur,Other than Woman,NONE,0,Rameshwar Dayal,Jugti Ram,0,0,Unreserved,latin,,2048,Gurgaon.pdf
Gurgaon,Pataudi,11,Bilaspur Kalan,SC Other than Woman,SC,0,Hansraj,Khajan Singh,1,0,Scheduled Caste,latin,,2048,Gurgaon.pdf
Gurgaon,Pataudi,12,Binola,Other than Woman,NONE,0,Swati,Bintu Nehra,0,0,Unreserved,latin,,2048,Gurgaon.pdf
Gurgaon,Pataudi,13,Brahmanwas,SC Woman,SC,1,Rekha Devi,Rajender Parsad,0,0,Scheduled Caste (Women),latin,,2048,Gurgaon.pdf
Gurgaon,Pataudi,14,Brijpura,Other than Woman,NONE,0,Karan Singh,Krishan Kumar,0,0,Unreserved,latin,,2048,Gurgaon.pdf
Gurgaon,Pataudi,15,Chandla Dungarawas,Other than Woman,NONE,0,Subey Singh,Umrao Singh,0,0,Unreserved,latin,,2048,Gurgaon.pdf
Gurgaon,Pataudi,16,Chhawan,Other than Woman,NONE,0,Rekha,Nepal Singh,0,0,Unreserved,latin,,2048,Gurgaon.pdf
Gurgaon,Pataudi,17,Chhilraki,Other than Woman,NONE,0,Mahender Singh,Jugtiram,0,0,Unreserved,latin,,2048,Gurgaon.pdf
Gurgaon,Pataudi,18,Dadawas,Other than Woman,NONE,0,Ishwar Singh,Jhuthar Singh,0,0,Unreserved,latin,,2048,Gurgaon.pdf
Gurgaon,Pataudi,19,Darapur,SC Other than Woman,SC,0,Ramavtar,Kishanlal,0,0,Scheduled Caste,latin,,2048,Gurgaon.pdf
Gurgaon,Pataudi,20,Daulatabad,Other than Woman,NONE,0,Ajit Singh,Amar Singh,0,0,Unreserved,latin,,2048,Gurgaon.pdf
Gurgaon,Pataudi,21,Devla Was,Other than Woman,NONE,0,Satbir Singh,Tejram,0,0,Unreserved,latin,,2048,Gurgaon.pdf
Gurgaon,Pataudi,22,Dhani Chitrasen,Other than Woman,NONE,0,Harish Chander Yadav,Mohar Singh,0,0,Unreserved,latin,,2048,Gurgaon.pdf
Gurgaon,Pataudi,23,Dhani Kumbhawas,Woman,NONE,1,Manju Kumari,Narender Kumar,0,0,Women,latin,,2048,Gurgaon.pdf
Gurgaon,Pataudi,24,Dhani Shankarwali,SC Woman,SC,1,Saroj Bala,Bheem Singh,0,0,Scheduled Caste (Women),latin,,2048,Gurgaon.pdf
Gurgaon,Pataudi,25,Dinokari,Other than Woman,NONE,0,Shakuntla,Surender Singh,0,0,Unreserved,latin,,2048,Gurgaon.pdf
Gurgaon,Pataudi,26,Fakharpur,Woman,NONE,1,Premlata,Naresh Kumar,0,0,Women,latin,,2048,Gurgaon.pdf
Gurgaon,Pataudi,27,Fazailwas,SC Woman,SC,1,Rajni Devi,Karan Singh,0,0,Scheduled Caste (Women),latin,,2048,Gurgaon.pdf
Gurgaon,Pataudi,28,Gadai Pur,Other than Woman,NONE,0,Rakesh Kumar,Savrup Singh,0,0,Unreserved,latin,,2048,Gurgaon.pdf
Gurgaon,Pataudi,29,Ghilnawas,Other than Woman,NONE,0,Manoj Kumar,Mangtu Ram,0,0,Unreserved,latin,,2048,Gurgaon.pdf
Gurgaon,Pataudi,30,Goriawas,Woman,NONE,1,Reeta,Birsingh,0,0,Women,latin,,2048,Gurgaon.pdf
Gurgaon,Pataudi,31,Gudana,Other than Woman,NONE,0,Mukesh Kumar,Pohap Singh,0,0,Unreserved,latin,,2048,Gurgaon.pdf
Gurgaon,Pataudi,32,Gwalior,Woman,NONE,1,Sunita Yadav,Dharmpal Yadav,0,0,Women,latin,,2048,Gurgaon.pdf
Gurgaon,Pataudi,33,Hakdarpur,Other than Woman,NONE,0,Vijay Kumar,Mamraj,0,0,Unreserved,latin,,2048,Gurgaon.pdf
Gurgaon,Pataudi,34,Haliaaki,Woman,NONE,1,Rekha,Vijay Pal,0,0,Women,latin,,2048,Gurgaon.pdf
Gurgaon,Pataudi,35,Herahedi,Other than Woman,NONE,0,Rajbir,Mangtu Ram,0,0,Unreserved,latin,,2048,Gurgaon.pdf
Gurgaon,Pataudi,36,Hussainka,Other than Woman,NONE,0,Satbir Singh,Sheo Singh,0,0,Unreserved,latin,,2048,Gurgaon.pdf
Gurgaon,Pataudi,37,Inchha Puri,Other than Woman,NONE,0,Bijender Singh,Surajbhan,0,0,Unreserved,latin,,2048,Gurgaon.pdf
Gurgaon,Pataudi,38,Jasat,Woman,NONE,1,Anuradha,Amar Chauhan,0,0,Women,latin,,2048,Gurgaon.pdf
Gurgaon,Pataudi,39,Khalilpur,Woman,NONE,1,Asha Devi,Chhatarpal,0,0,Women,latin,,2048,Gurgaon.pdf
Gurgaon,Pataudi,40,Khanpur,Other than Woman,NONE,0,Pawan Kumar,Ishwar Singh,0,0,Unreserved,latin,,2048,Gurgaon.pdf
Gurgaon,Pataudi,41,Khetiawas,Woman,NONE,1,Bimla Devi,Kulbeer,0,0,Women,latin,,2048,Gurgaon.pdf
Gurgaon,Pataudi,42,Khor,Other than Woman,NONE,0,Jai Bhagwan,Rampat,0,0,Unreserved,latin,,2048,Gurgaon.pdf
Gurgaon,Pataudi,43,Kukdola,Woman,NONE,1,Bala Devi,Ajay Singh,0,0,Women,latin,,2048,Gurgaon.pdf
Gurgaon,Pataudi,44,Langra,Other than Woman,NONE,0,Poonam Devi,Raj Kapoor,0,0,Unreserved,latin,,2048,Gurgaon.pdf
Gurgaon,Pataudi,45,Lohchab,SC Other than Woman,SC,0,Anita Devi,Joginder Singh,0,0,Scheduled Caste,latin,,2048,Gurgaon.pdf
Gurgaon,Pataudi,46,Lokara,Other than Woman,NONE,0,Pankaj Sheel,Thawar Singh,0,0,Unreserved,latin,,2048,Gurgaon.pdf
Gurgaon,Pataudi,47,Lokari,SC Other than Woman,SC,0,Ashok Kumar,Sughar Singh,0,0,Scheduled Caste,latin,,2048,Gurgaon.pdf
Gurgaon,Pataudi,48,Mahniawas,Other than Woman,NONE,0,Ved Parkash,Nawal Singh,0,0,Unreserved,latin,,2048,Gurgaon.pdf
Gurgaon,Pataudi,49,Managwaki,Woman,NONE,1,Geeta Devi,Kaptan,0,0,Women,latin,,2048,Gurgaon.pdf
Gurgaon,Pataudi,50,Mau,Woman,NONE,1,Sunil Kumari,Kuldeep,0,0,Women,latin,,2048,Gurgaon.pdf
Gurgaon,Pataudi,51,Maujabad,SC Other than Woman,SC,0,Keshu Ram,Matadin,0,0,Scheduled Caste,latin,,2048,Gurgaon.pdf
Gurgaon,Pataudi,52,Milakpur,SC Woman,SC,1,Manju,Chanderbhan,0,0,Scheduled Caste (Women),latin,,2048,Gurgaon.pdf
Gurgaon,Pataudi,53,Mirzapur,Woman,NONE,1,Rajbala,Satya Narayan,0,0,Women,latin,,2048,Gurgaon.pdf
Gurgaon,Pataudi,54,Mujphara,Woman,NONE,1,Usha Devi,Kalu Ram,0,0,Women,latin,,2048,Gurgaon.pdf
Gurgaon,Pataudi,55,Mumtaj Pur,Other than Woman,NONE,0,Ajit Singh,Dalip Singh,0,0,Unreserved,latin,,2048,Gurgaon.pdf
Gurgaon,Pataudi,56,Nanukalan,SC Woman,SC,1,Kavita,Bittu,0,0,Scheduled Caste (Women),latin,,2048,Gurgaon.pdf
Gurgaon,Pataudi,57,Nanukhurd,Other than Woman,NONE,0,Satya Parkash,Dhani Ram,0,0,Unreserved,latin,,2048,Gurgaon.pdf
Gurgaon,Pataudi,58,Narhera,Woman,NONE,1,Sudha,Padam Singh,0,0,Women,latin,,2048,Gurgaon.pdf
Gurgaon,Pataudi,59,Noorgarh,Other than Woman,NONE,0,Radhey Shyam,Rajpal,0,0,Unreserved,latin,,2048,Gurgaon.pdf
Gurgaon,Pataudi,60,Noorpur Bhora,SC Other than Woman,SC,0,Attar Singh,Dayanand,0,0,Scheduled Caste,latin,,2048,Gurgaon.pdf
Gurgaon,Pataudi,61,Pahari,Other than Woman,NONE,0,Pardeep Kumar,Lal Singh,0,0,Unreserved,latin,,2048,Gurgaon.pdf
Gurgaon,Pataudi,62,Parasoli,Woman,NONE,1,Renu,Hemant Kumar,0,0,Women,latin,,2048,Gurgaon.pdf
Gurgaon,Pataudi,63,Pathredi,SC Other than Woman,SC,0,Manita Devi,Kapil Dev,0,0,Scheduled Caste,latin,,2048,Gurgaon.pdf
Gurgaon,Pataudi,64,Rajpura,Other than Woman,NONE,0,Vikaram Singh,Dhanpat Singh,0,0,Unreserved,latin,,2048,Gurgaon.pdf
Gurgaon,Pataudi,65,Rampur,Other than Woman,NONE,0,Amit Kumar Sharma,Krishan Sharma,0,0,Unreserved,latin,,2048,Gurgaon.pdf
Gurgaon,Pataudi,66,Ransika,Woman,NONE,1,Meena Kumari,Tarif Singh,0,0,Women,latin,,2048,Gurgaon.pdf
Gurgaon,Pataudi,67,Rathiwas,SC Other than Woman,SC,0,Vijayshree,Babulal,0,0,Scheduled Caste,latin,,2048,Gurgaon.pdf
Gurgaon,Pataudi,68,Sayed Shahapur,Woman,NONE,1,Sunita,Pawan Kumar,0,0,Women,latin,,2048,Gurgaon.pdf
Gurgaon,Pataudi,69,Shahpur-Jat,Woman,NONE,1,Sunita,Rajbir Singh,0,0,Women,latin,,2048,Gurgaon.pdf
Gurgaon,Pataudi,70,Sherpur,Other than Woman,NONE,0,Jaibir Singh,Ramehar,0,0,Unreserved,latin,,2048,Gurgaon.pdf
Gurgaon,Pataudi,71,Sidhrawali,SC Other than Woman,SC,0,Omparkash,Matadin,0,0,Scheduled Caste,latin,,2048,Gurgaon.pdf
Gurgaon,Pataudi,72,Tatarpur,Other than Woman,NONE,0,Virender Singh,Ramnath,0,0,Unreserved,latin,,2048,Gurgaon.pdf
Gurgaon,Pataudi,73,Telpuri,Other than Woman,NONE,0,Balbir Singh,Indraj,1,0,Unreserved,latin,,2048,Gurgaon.pdf
Gurgaon,Pataudi,74,Turkapur,Other than Woman,NONE,0,Ramu,Raghubir,0,0,Unreserved,latin,,2048,Gurgaon.pdf
Gurgaon,Pataudi,75,Ucha Majara,Other than Woman,NONE,0,Priyanka Devi,Dayaram,0,0,Unreserved,latin,,2048,Gurgaon.pdf
Gurgaon,Sohna,1,Abheypur,Woman,NONE,1,Nirmal,Sunil Kumar,0,0,Women,latin,,2050,Gurgaon.pdf
Gurgaon,Sohna,2,Aklimpur,Other than Woman,NONE,0,Anand Kumar,Ram Kishan,0,0,Unreserved,latin,,2050,Gurgaon.pdf
Gurgaon,Sohna,3,Alipur,Woman,NONE,1,Mamta,Manoj Kumar,0,0,Women,latin,,2050,Gurgaon.pdf
Gurgaon,Sohna,4,Baai Khera,Other than Woman,NONE,0,Shyamveer,Ant Ram,0,0,Unreserved,latin,,2050,Gurgaon.pdf
Gurgaon,Sohna,4,Thedar,Woman,NONE,1,Kavita,Naresh,0,0,Women,latin,,2050,Gurgaon.pdf
Gurgaon,Sohna,6,Behlpa,Woman,NONE,1,Munesh Devi,Satish,0,0,Women,latin,,2050,Gurgaon.pdf
Gurgaon,Sohna,7,Behrampur,Woman,NONE,1,Mamta,Mahesh,0,0,Women,latin,,2050,Gurgaon.pdf
Gurgaon,Sohna,8,Bhondsi,Woman,NONE,1,Durga Devi`,Dharmbir`,0,0,Women,latin,,2050,Gurgaon.pdf
Gurgaon,Sohna,9,Bilhaka,Other than Woman,NONE,0,Sunita,Rajbir,0,0,Unreserved,latin,,2050,Gurgaon.pdf
Gurgaon,Sohna,10,Chuhadpur,SC Other than Woman,SC,0,Rajbir,Bhola,0,0,Scheduled Caste,latin,,2050,Gurgaon.pdf
Gurgaon,Sohna,11,Damdama,Woman,NONE,1,Santosh,Sayoraj,0,0,Women,latin,,2050,Gurgaon.pdf
Gurgaon,Sohna,12,Daulha,SC Other than Woman,SC,0,Balkishan,Harpal,0,0,Scheduled Caste,latin,,2050,Gurgaon.pdf
Gurgaon,Sohna,13,Gairatpur Bas,Woman,NONE,1,Poonam,Naresh,0,0,Women,latin,,2050,Gurgaon.pdf
Gurgaon,Sohna,14,Garhi Wajidpur,Woman,NONE,1,Aasha,Ravinder,0,0,Women,latin,,2050,Gurgaon.pdf
Gurgaon,Sohna,15,Ghamroj,SC Woman,SC,1,Nirmala Devi,Devdutt Singh,0,0,Scheduled Caste (Women),latin,,2050,Gurgaon.pdf
Gurgaon,Sohna,16,Ghangola,Woman,NONE,1,Sushma,Jagdish,0,0,Women,latin,,2050,Gurgaon.pdf
Gurgaon,Sohna,17,Harchandpur,Woman,NONE,1,Savita,Kiranpal,0,0,Women,latin,,2050,Gurgaon.pdf
Gurgaon,Sohna,18,Hariyahera,Other than Woman,NONE,0,Abdul Sattar,Sube Khan,0,0,Unreserved,latin,,2050,Gurgaon.pdf
Gurgaon,Sohna,19,Hasanpur,Other than Woman,NONE,0,Virender Singh,Khemchand,0,0,Unreserved,latin,,2050,Gurgaon.pdf
Gurgaon,Sohna,20,Hazipur,Other than Woman,NONE,0,Baljeet,Ramkanwaar,0,0,Unreserved,latin,,2050,Gurgaon.pdf
Gurgaon,Sohna,21,Johlaka,Other than Woman,NONE,0,Satpal,Khacheru,0,0,Unreserved,latin,,2050,Gurgaon.pdf
Gurgaon,Sohna,21,Kadarpur,Other than Woman,NONE,0,Sanjeet,Rajan,0,0,Unreserved,latin,,2050,Gurgaon.pdf
Gurgaon,Sohna,23,Kiranki Kherli,Other than Woman,NONE,0,Hasan Mohhmad,Nawab Khan,0,0,Unreserved,latin,,2050,Gurgaon.pdf
Gurgaon,Sohna,24,Kharoda,Woman,NONE,1,Pinki,Inderpal,0,0,Women,latin,,2050,Gurgaon.pdf
Gurgaon,Sohna,25,Kherla,Other than Woman,NONE,0,Narender Kumar,Tekpal Singh,0,0,Unreserved,latin,,2050,Gurgaon.pdf
Gurgaon,Sohna,26,Kherli Lala,Other than Woman,NONE,0,Ramniwas,Shyam Lal,0,0,Unreserved,latin,,2050,Gurgaon.pdf
Gurgaon,Sohna,27,Khuntpuri,Other than Woman,NONE,0,Bala Devi,Virender Singh,0,0,Unreserved,latin,,2050,Gurgaon.pdf
Gurgaon,Sohna,27,Kuliyaka,Other than Woman,NONE,0,Vijaypal,Prabhu Singh,0,0,Unreserved,latin,,2050,Gurgaon.pdf
Gurgaon,Sohna,29,Lohsinghani,Other than Woman,NONE,0,Ajay Kumar,Ratan Singh,0,0,Unreserved,latin,,2050,Gurgaon.pdf
Gurgaon,Sohna,30,Mahinderwara,SC Other than Woman,SC,0,Hari Om,Jeet Ram,0,0,Scheduled Caste,latin,,2050,Gurgaon.pdf
Gurgaon,Sohna,31,Maidawas,Other than Woman,NONE,0,Braham Prakash,Ram Kishan,0,0,Unreserved,latin,,2050,Gurgaon.pdf
Gurgaon,Sohna,33,Naya Gaon,Other than Woman,NONE,0,Surgyan Singh,Bhule Ram,0,0,Unreserved,latin,,2050,Gurgaon.pdf
Gurgaon,Sohna,34,Nimoth,Other than Woman,NONE,0,Suresh Kumar,Raja Ram,0,0,Unreserved,latin,,2050,Gurgaon.pdf
Gurgaon,Sohna,35,Nunera,Other than Woman,NONE,0,Nishar,Iliyash,0,0,Unreserved,latin,,2050,Gurgaon.pdf
Gurgaon,Sohna,36,Palra,Other than Woman,NONE,0,Munesh,Ravinder,0,0,Unreserved,latin,,2050,Gurgaon.pdf
Gurgaon,Sohna,37,Rahaka,Other than Woman,NONE,0,Jakriya,Mohar Khan,0,0,Unreserved,latin,,2050,Gurgaon.pdf
Gurgaon,Sohna,37,Rithoj,Other than Woman,NONE,0,Dharm Pal,,0,0,Unreserved,latin,,2050,Gurgaon.pdf
Gurgaon,Sohna,37,Sehjawas,SC Other than Woman,SC,0,Rajkumar,Tek Ram,0,0,Scheduled Caste,latin,,2050,Gurgaon.pdf
Gurgaon,Sohna,40,Sakatpur,Other than Woman,NONE,0,Paritam Singh,Lalsingh,0,0,Unreserved,latin,,2050,Gurgaon.pdf
Gurgaon,Sohna,41,Sancholi,SC Woman,SC,1,Jyoti,Nand Kishore,0,0,Scheduled Caste (Women),latin,,2050,Gurgaon.pdf
Gurgaon,Sohna,42,Sarmathla,Woman,NONE,1,Sapna,Naresh,0,0,Women,latin,,2050,Gurgaon.pdf
Gurgaon,Sohna,43,Silani,Other than Woman,NONE,0,Omprakash,Bhajan Lal,0,0,Unreserved,latin,,2050,Gurgaon.pdf
Gurgaon,Sohna,44,Teekli,Woman,NONE,1,Ravina Devi,Barham Dev,0,0,Women,latin,,2050,Gurgaon.pdf
Gurgaon,Sohna,45,Ullahwas,SC Other than Woman,SC,0,Anil,Harpal,0,0,Scheduled Caste,latin,,2050,Gurgaon.pdf
Hisar,Adampur,1,Adampur,Other than Woman,NONE,0,Anter Singh,Subhash Chander,0,0,Unreserved,latin,,2053,Hisar.pdf
Hisar,Adampur,2,Asrawana,Woman,NONE,1,Raj Bala,Ramesh Kumar,0,0,Women,latin,,2053,Hisar.pdf
Hisar,Adampur,3,Bagla,Other than Woman,NONE,0,Rajender Singh,Chatar Singh,0,0,Unreserved,latin,,2053,Hisar.pdf
Hisar,Adampur,4,Bhodia Bishnoiyan,Other than Woman,NONE,0,Subhash,Raja Ram,0,0,Unreserved,latin,,2053,Hisar.pdf
Hisar,Adampur,5,Chabarwal,Other than Woman,NONE,0,Sita Ram,Chhotu Ram,0,0,Unreserved,latin,,2053,Hisar.pdf
Hisar,Adampur,6,Chaudhariw ali,SC Other than Woman,SC,0,Sugreev,Jugati Ram,0,0,Sheduled Caste,latin,,2053,Hisar.pdf
Hisar,Adampur,7,Chuli Bagriyan,SC Woman,SC,1,Suman,Durgesh,0,0,Scheduled Caste (Women),latin,,2053,Hisar.pdf
Hisar,Adampur,8,Chuli Kalan,Other than Woman,NONE,0,Saroj Kumari,Surender Kumar,0,0,Unreserved,latin,,2053,Hisar.pdf
Hisar,Adampur,9,Chuli Khurd,Other than Woman,NONE,0,Vikas Kumar,Surta Ram,0,0,Unreserved,latin,,2053,Hisar.pdf
Hisar,Adampur,10,Daroli,Other than Woman,NONE,0,Dalip Singh,Bhoop Singh,0,0,Unreserved,latin,,2053,Hisar.pdf
Hisar,Adampur,11,Dhani Mohabbatpu r,SC Woman,SC,1,Rajani,Ved Parakash,0,0,Scheduled Caste (Women),latin,,2053,Hisar.pdf
Hisar,Adampur,12,Dhani Siswal,Other than Woman,NONE,0,Jagdish,Bahadur Ram Saini,0,0,Unreserved,latin,,2053,Hisar.pdf
Hisar,Adampur,13,Ghursal,Woman,NONE,1,Ritu,Surender Singh,0,0,Women,latin,,2053,Hisar.pdf
Hisar,Adampur,14,Jawahar Nager,Other than Woman,NONE,0,Pritam Singh,Nirmal Singh,0,0,Unreserved,latin,,2053,Hisar.pdf
Hisar,Adampur,15,Kabrel,SC Other than Woman,SC,0,Dharm Singh,Bharat Singh,0,0,Scheduled Caste,latin,,2053,Hisar.pdf
Hisar,Adampur,16,Khairampur,Other than Woman,NONE,0,Jagdish,Narsi Ram,0,0,Unreserved,latin,,2053,Hisar.pdf
Hisar,Adampur,17,Khara Barwala,Woman,NONE,1,Shalu,Devender,0,0,Women,latin,,2053,Hisar.pdf
Hisar,Adampur,18,Kohli,Woman,NONE,1,Nirmal Rani,Krishan Kumar,0,0,Women,latin,,2053,Hisar.pdf
Hisar,Adampur,19,Kishangarh,Woman,NONE,1,Rekha Rani,Ashwani Kumar,0,0,Women,latin,,2053,Hisar.pdf
Hisar,Adampur,20,Ladwi,Other than Woman,NONE,0,Dholu Ram,Heera Lal,0,0,Unreserved,latin,,2053,Hisar.pdf
Hisar,Adampur,21,Mahalsara,Woman,NONE,1,Renu Bala,Jitender,0,0,Women,latin,,2053,Hisar.pdf
Hisar,Adampur,22,Mandi Adampur,Other than Woman,NONE,0,Subhash Chander,Norang Rai,0,0,Unreserved,latin,,2053,Hisar.pdf
Hisar,Adampur,23,Moda Khera,Other than Woman,NONE,0,Ashok Kumar,Saty Naryan,0,0,Unreserved,latin,,2053,Hisar.pdf
Hisar,Adampur,24,Mohabatpur,Other than Woman,NONE,0,Ram Parsad,Anoop Singh,0,0,Unreserved,latin,,2053,Hisar.pdf
Hisar,Adampur,25,Mothasara,Woman,NONE,1,Ajma Devi,Sunder Singh,0,0,Women,latin,,2053,Hisar.pdf
Hisar,Adampur,26,Sadalpur,Other than Woman,NONE,0,Chander Shekhar,Satpal,0,0,Unreserved,latin,,2053,Hisar.pdf
Hisar,Adampur,27,Siswal,SC Other than Woman,SC,0,Gheesa Ram,Kishan Lal,0,0,Scheduled Caste,latin,,2053,Hisar.pdf
Hisar,Adampur,28,Telanwali,Other than Woman,NONE,0,Pritam Singh,Jai Singh,0,0,Unreserved,latin,,2053,Hisar.pdf
Hisar,Agroha,1,Agroha,Other than Woman,NONE,0,Balbir Singh,Het Ram,0,0,Unreserved,latin,,2055,Hisar.pdf
Hisar,Agroha,2,Bhana,Other than Woman,NONE,0,Sanaj Kumar Khichard,Jagish Chander,0,0,Unreserved,latin,,2055,Hisar.pdf
Hisar,Agroha,3,Chikanwas,Other than Woman,NONE,0,Vinod Kumar,Bhagat Ram,0,0,Unreserved,latin,,2055,Hisar.pdf
Hisar,Agroha,4,Durjanpur,Other than Woman,NONE,0,Bhadhur Singh,Dalip Singh,0,0,Unreserved,latin,,2055,Hisar.pdf
Hisar,Agroha,5,Fransi,Other than Woman,NONE,0,Sajjan Kumar,Hem Raj,0,0,Unreserved,latin,,2055,Hisar.pdf
Hisar,Agroha,6,Jagan,Other than Woman,NONE,0,Ram Kumar,Hem Raj,0,0,Unreserved,latin,,2055,Hisar.pdf
Hisar,Agroha,7,Kalirawan,Other than Woman,NONE,0,Parbhu Ram,Dei Raj,0,0,Unreserved,latin,,2055,Hisar.pdf
Hisar,Agroha,8,Kirara,SC Other than Woman,SC,0,Ram Krishan,Gordhan,0,0,Scheduled Caste,latin,,2055,Hisar.pdf
Hisar,Agroha,9,Kirori,Other than Woman,NONE,0,Dinesh Kumar,Mahabir Parshad,0,0,Unreserved,latin,,2055,Hisar.pdf
Hisar,Agroha,10,Kanoh,Woman,NONE,1,Meena Rani,Bhoop Singh,0,0,Women,latin,,2055,Hisar.pdf
Hisar,Agroha,11,Kirmara,Woman,NONE,1,Sunita,Suraj Bhan,0,0,Women,latin,,2055,Hisar.pdf
Hisar,Agroha,12,Khasha Mahajan,SC Other than Woman,SC,0,Sunder Singh,Sukhpal,0,0,Scheduled Caste,latin,,2055,Hisar.pdf
Hisar,Agroha,13,Landhari,Other than Woman,NONE,0,Kiran Bala,Vijay Singh,0,0,Unreserved,latin,,2055,Hisar.pdf
Hisar,Agroha,14,Mirpur,SC Other than Woman,SC,0,Chander Bhan,Raldu Ram,1,0,Scheduled Caste,latin,,2055,Hisar.pdf
Hisar,Agroha,15,Nangthala,Other than Woman,NONE,0,Raj Kumar,Satpal,0,0,Unreserved,latin,,2055,Hisar.pdf
Hisar,Agroha,16,Sabarwas,Woman,NONE,1,Rina Rani,Naresh Kumar,0,0,Women,latin,,2055,Hisar.pdf
Hisar,Agroha,17,Sandol,Other than Woman,NONE,0,Kuldeep Singh,Mahabir,0,0,Unreserved,latin,,2055,Hisar.pdf
Hisar,Agroha,18,Sarangpur,SC Woman,SC,1,Indu,Ravinder,0,0,Scheduled Caste (Women),latin,,2055,Hisar.pdf
Hisar,Agroha,19,Shamsukh,SC Woman,SC,1,Kiran Bala,Sandeep Kumar,0,0,Scheduled Caste (Women),latin,,2055,Hisar.pdf
Hisar,Agroha,20,Siwani Bolan,Woman,NONE,1,Anita Rani,Rajbir,0,0,Women,latin,,2055,Hisar.pdf
Hisar,Agroha,21,Kuleri,Woman,NONE,1,Manisha,Vikram Singh,0,0,Women,latin,,2055,Hisar.pdf
Hisar,Agroha,22,Thaska,Woman,NONE,1,Salochna,Ram Pat,0,0,Women,latin,,2055,Hisar.pdf
Hisar,Barwala,1,Bada Khera,Woman,NONE,1,Seema Devi,Dilbag Singh,0,0,Women,latin,,2057,Hisar.pdf
Hisar,Barwala,2,Badhawar,SC Other than Woman,SC,0,Satywan,Banarsi Dass,0,0,Scheduled Caste,latin,,2057,Hisar.pdf
Hisar,Barwala,3,Badopati,Woman,NONE,1,Monika,Rajesh Kumar,0,0,Women,latin,,2057,Hisar.pdf
Hisar,Barwala,4,Bahbalpur,Woman,NONE,1,Kela Devi,Bhajan Lal,0,0,Women,latin,,2057,Hisar.pdf
Hisar,Barwala,5,Balak,Woman,NONE,1,Meena Devi,Kuldeep Singh,0,0,Women,latin,,2057,Hisar.pdf
Hisar,Barwala,6,Banbhori,Other than Woman,NONE,0,Satbir Singh,Zile Singh,0,0,Unreserved,latin,,2057,Hisar.pdf
Hisar,Barwala,7,Bhani Bhadshahpur,Other than Woman,NONE,0,Radheshyam,Chandgi Ram,0,0,Unreserved,latin,,2057,Hisar.pdf
Hisar,Barwala,8,Bichpari,Other than Woman,NONE,0,Sunil Kumar,Ram Chander,0,0,Unreserved,latin,,2057,Hisar.pdf
Hisar,Barwala,9,Bobua,Woman,NONE,1,Namita,Ramesh Chander,0,0,Women,latin,,2057,Hisar.pdf
Hisar,Barwala,10,Bugana,SC Other than Woman,SC,0,Kashmir Singh,Banwari Lal,0,0,Scheduled Caste,latin,,2057,Hisar.pdf
Hisar,Barwala,11,Byana Khera,SC Woman,SC,1,Poonam,Manoj Kumar,0,0,Scheduled Caste (Women),latin,,2057,Hisar.pdf
Hisar,Barwala,12,Chaan,Other than Woman,NONE,0,Murti Devi,Rambilas,0,0,Unreserved,latin,,2057,Hisar.pdf
Hisar,Barwala,13,Devigarh Punia,Other than Woman,NONE,0,Ravidutt,Kishan Chand,0,0,Unreserved,latin,,2057,Hisar.pdf
Hisar,Barwala,14,Dhad,SC Other than Woman,SC,0,Asan Kumar,Kartar Singh,0,0,Scheduled Caste,latin,,2057,Hisar.pdf
Hisar,Barwala,15,Dhani Garan,Woman,NONE,1,Vidhawati,Satish Kumar,0,0,Women,latin,,2057,Hisar.pdf
Hisar,Barwala,16,Dhani Khan Bahadur,Woman,NONE,1,Manjeet Devi,Ramniwas,0,0,Women,latin,,2057,Hisar.pdf
Hisar,Barwala,17,Dhani Mirdad,Other than Woman,NONE,0,Ramniwas,Dalbir Singh,0,0,Unreserved,latin,,2057,Hisar.pdf
Hisar,Barwala,18,Dhani Prem Nagar,Other than Woman,NONE,0,Neelam Kumari,Balwant Singh,0,0,Unreserved,latin,,2057,Hisar.pdf
Hisar,Barwala,19,Dhingtana,Woman,NONE,1,Kavita,Pardeep,0,0,Women,latin,,2057,Hisar.pdf
Hisar,Barwala,20,Gabipur,Other than Woman,NONE,0,Arjun Dev,Dhanu Ram,0,0,Unreserved,latin,,2057,Hisar.pdf
Hisar,Barwala,21,Gianpura,SC Woman,SC,1,Suman,Ajit Singh,0,0,Scheduled Caste (Women),latin,,2057,Hisar.pdf
Hisar,Barwala,22,Hasangarh,Other than Woman,NONE,0,Sandeep Kumar,Jangeer Singh,0,0,Unreserved,latin,,2057,Hisar.pdf
Hisar,Barwala,23,Isharheri,Other than Woman,NONE,0,Dalbir,Jila,0,0,Unreserved,latin,,2057,Hisar.pdf
Hisar,Barwala,24,Jewara,Other than Woman,NONE,0,Dilbag Singh,Umed Singh,0,0,Unreserved,latin,,2057,Hisar.pdf
Hisar,Barwala,25,Juglan,Woman,NONE,1,Jyoti,Surender,0,0,Women,latin,,2057,Hisar.pdf
Hisar,Barwala,26,Khark Punia,Other than Woman,NONE,0,Sandeep,Randhir Singh,0,0,Unreserved,latin,,2057,Hisar.pdf
Hisar,Barwala,27,Kharkara,Other than Woman,NONE,0,Rajkumar,Sarjeet,0,0,Unreserved,latin,,2057,Hisar.pdf
Hisar,Barwala,28,Khedar,SC Other than Woman,SC,0,Rajbir,Tunti Ram,0,0,Scheduled Caste,latin,,2057,Hisar.pdf
Hisar,Barwala,29,Kheri Barkhi,Other than Woman,NONE,0,Ishwar Singh,Amar Singh,0,0,Unreserved,latin,,2057,Hisar.pdf
Hisar,Barwala,30,Khumbha Khera,Woman,NONE,1,Amit Kumari,Dilbag,0,0,Women,latin,,2057,Hisar.pdf
Hisar,Barwala,31,Matloda,SC Woman,SC,1,Kavita Devi,Surender,0,0,Scheduled Caste (Women),latin,,2057,Hisar.pdf
Hisar,Barwala,32,Naya Gaon,Other than Woman,NONE,0,Manjeet Singh,Mani Ram,0,0,Unreserved,latin,,2057,Hisar.pdf
Hisar,Barwala,33,Panghal,SC Other than Woman,SC,0,Balbir Singh,Chandi Ram,0,0,Scheduled Caste,latin,,2057,Hisar.pdf
Hisar,Barwala,34,Panhari,Other than Woman,NONE,0,Ram Kumar,Girdhala,0,0,Unreserved,latin,,2057,Hisar.pdf
Hisar,Barwala,35,Rajli,Other than Woman,NONE,0,Omparkash,Dalip Singh,0,0,Unreserved,latin,,2057,Hisar.pdf
Hisar,Barwala,36,Sandlana,Other than Woman,NONE,0,Rajesh,Ran Singh,0,0,Unreserved,latin,,2057,Hisar.pdf
Hisar,Barwala,37,Sarsod,Other than Woman,NONE,0,Kitab Singh,Kapoor Singh,0,0,Unreserved,latin,,2057,Hisar.pdf
Hisar,Barwala,38,Sarsana,Woman,NONE,1,Priyanka,Naveen Kumar,0,0,Women,latin,,2057,Hisar.pdf
Hisar,Barwala,39,Sotha,Other than Woman,NONE,0,Manjeet Kumari,Rambhaj,0,0,Unreserved,latin,,2057,Hisar.pdf
Hisar,Barwala,40,Sulkhani,Other than Woman,NONE,0,Sushma,Dharampal,0,0,Unreserved,latin,,2057,Hisar.pdf
Hisar,Barwala,41,Surhera,Other than Woman,NONE,0,Manvir,Raj Kumar,0,0,Unreserved,latin,,2057,Hisar.pdf
Hisar,Hansi-I,1,Anipura,Other than Woman,NONE,0,Vijay Pal,Rattan Singh,0,0,Unreserved,latin,,2059,Hisar.pdf
Hisar,Hansi-I,2,Banda Heri,Woman,NONE,1,Sumitra,Ram Mehar,0,0,Women,latin,,2059,Hisar.pdf
Hisar,Hansi-I,3,Bara Jaggamal,Other than Woman,NONE,0,Kamlesh Kumari,Satish Kumar,0,0,Unreserved,latin,,2059,Hisar.pdf
Hisar,Hansi-I,4,Bhatla,Other than Woman,NONE,0,Sudesh,Punit,0,0,Unreserved,latin,,2059,Hisar.pdf
Hisar,Hansi-I,5,Bir Hansi,Other than Woman,NONE,0,Ram Rati,Karan Singh,0,0,Unreserved,latin,,2059,Hisar.pdf
Hisar,Hansi-I,6,Chanot,Other than Woman,NONE,0,Ram Mehar,Shobha Chand,0,0,Unreserved,latin,,2059,Hisar.pdf
Hisar,Hansi-I,7,Dayal Singh Coloney,Other than Woman,NONE,0,Santosh Kumari,Krishan Lal,0,0,Unreserved,latin,,2059,Hisar.pdf
Hisar,Hansi-I,8,Dharampura,Other than Woman,NONE,0,Raj Kumar,Ram Lubhaya,0,0,Unreserved,latin,,2059,Hisar.pdf
Hisar,Hansi-I,9,Datta,Other than Woman,NONE,0,Vinod Kumar,Jagdish Chander,0,0,Unreserved,latin,,2059,Hisar.pdf
Hisar,Hansi-I,10,Depal,Other than Woman,NONE,0,Ashok Kumar,Sunder Singh,0,0,Unreserved,latin,,2059,Hisar.pdf
Hisar,Hansi-I,11,Dhamana,Other than Woman,NONE,0,Rajesh Kumar,Mange Ram,0,0,Unreserved,latin,,2059,Hisar.pdf
Hisar,Hansi-I,12,Dhana Kalan,SC Woman,SC,1,Saroj Devi,Gulab Singh,0,0,Scheduled Caste (Women),latin,,2059,Hisar.pdf
Hisar,Hansi-I,13,Dhana Khurd,SC Woman,SC,1,Usha Rani W/O Rajender,Rajender,0,0,Scheduled Caste (Women),latin,,2059,Hisar.pdf
Hisar,Hansi-I,14,Dhanderi,Woman,NONE,1,Parkashi Devi,Rajesh Kumar,0,0,Women,latin,,2059,Hisar.pdf
Hisar,Hansi-I,15,Dhani Gujran,Other than Woman,NONE,0,Sandeep,Chottu Ram,0,0,Unreserved,latin,,2059,Hisar.pdf
Hisar,Hansi-I,16,Dhani Kendu,Other than Woman,NONE,0,Mahabir Singh,Har Chand,1,0,Unreserved,latin,,2059,Hisar.pdf
Hisar,Hansi-I,17,Dhani Kumharan,SC Other than Woman,SC,0,Rajender Kumar,Ganpat Rai,0,0,Scheduled Caste,latin,,2059,Hisar.pdf
Hisar,Hansi-I,18,Dhani Kundanapur,Woman,NONE,1,Meena,Narender,0,0,Women,latin,,2059,Hisar.pdf
Hisar,Hansi-I,19,Dhani Mahenda,Woman,NONE,1,Bala Devi,Ashok Kumar,0,0,Women,latin,,2059,Hisar.pdf
Hisar,Hansi-I,20,Dhani Pal,SC Other than Woman,SC,0,Ramesh Kumar,Maman Ram,0,0,Scheduled Caste,latin,,2059,Hisar.pdf
Hisar,Hansi-I,21,Dhani Piran,Other than Woman,NONE,0,Vijay Kumar,Satbir,0,0,Unreserved,latin,,2059,Hisar.pdf
Hisar,Hansi-I,22,Dhani Pirwali,Other than Woman,NONE,0,Laxmi Devi,Mahender,0,0,Unreserved,latin,,2059,Hisar.pdf
Hisar,Hansi-I,23,Dhani Puriya,Other than Woman,NONE,0,Kalpana,Baljeet,0,0,Unreserved,latin,,2059,Hisar.pdf
Hisar,Hansi-I,24,Dhani Raju,SC Other than Woman,SC,0,Sanjay Kumar,Om Parkash,0,0,Scheduled Caste,latin,,2059,Hisar.pdf
Hisar,Hansi-I,25,Dhani Shankeri,Other than Woman,NONE,0,Rajender Kumar,Harphool Singh,0,0,Unreserved,latin,,2059,Hisar.pdf
Hisar,Hansi-I,26,Dhani Thakaria,Other than Woman,NONE,0,Mange Ram S/O Pit Ram,Pit Ram,0,0,Unreserved,latin,,2059,Hisar.pdf
Hisar,Hansi-I,27,Garhi,SC Other than Woman,SC,0,Sunil Kumar,Kapoor Singh,0,0,Scheduled Caste,latin,,2059,Hisar.pdf
Hisar,Hansi-I,28,Ghirai,Other than Woman,NONE,0,Rajesh Kumar,Nefe Singh,0,0,Unreserved,latin,,2059,Hisar.pdf
Hisar,Hansi-I,29,Gurana,Other than Woman,NONE,0,Virender S/O Prem Chand,Prem Chand,0,0,Unreserved,latin,,2059,Hisar.pdf
Hisar,Hansi-I,30,Hazampur,Woman,NONE,1,Reena Kumari,Sunil Kumar,0,0,Women,latin,,2059,Hisar.pdf
Hisar,Hansi-I,31,Jamawari,SC Other than Woman,SC,0,Karambir,Om Parkash,0,0,Scheduled Caste,latin,,2059,Hisar.pdf
Hisar,Hansi-I,32,Kanwari,SC Other than Woman,SC,0,Bhoop Singh,Ganeshi Ram,0,0,Scheduled Caste,latin,,2059,Hisar.pdf
Hisar,Hansi-I,33,Khanpur,Other than Woman,NONE,0,Jugbir,Mewa Singh,0,0,Unreserved,latin,,2059,Hisar.pdf
Hisar,Hansi-I,34,Kharkara,Other than Woman,NONE,0,Sanjeev Kumar,Randhir Singh,0,0,Unreserved,latin,,2059,Hisar.pdf
Hisar,Hansi-I,35,Kheri Gangan,Woman,NONE,1,Pinki Rani,Madan Lal,0,0,Women,latin,,2059,Hisar.pdf
Hisar,Hansi-I,36,Kulana,Other than Woman,NONE,0,Mange Ram,Hem Raj,0,0,Unreserved,latin,,2059,Hisar.pdf
Hisar,Hansi-I,37,Kumbha,Other than Woman,NONE,0,Dashrath,Lad Singh,0,0,Unreserved,latin,,2059,Hisar.pdf
Hisar,Hansi-I,38,Kutabpur,Other than Woman,NONE,0,Parveen Kumar S/O Ram Kumar,Ram Kumar,0,0,Unreserved,latin,,2059,Hisar.pdf
Hisar,Hansi-I,39,Lalpura,Woman,NONE,1,Sheela,Surender Kumar,1,0,Women,latin,,2059,Hisar.pdf
Hisar,Hansi-I,40,Mahenda,Other than Woman,NONE,0,Sanjay,Ram Kumar,0,0,Unreserved,latin,,2059,Hisar.pdf
Hisar,Hansi-I,41,Majod,Other than Woman,NONE,0,Kamlesh,Satywan,0,0,Unreserved,latin,,2059,Hisar.pdf
Hisar,Hansi-I,42,Mamanpura,SC Other than Woman,SC,0,Dharambir,Banwari Lal,0,0,Scheduled Caste,latin,,2059,Hisar.pdf
Hisar,Hansi-I,43,Masudpur,Woman,NONE,1,Pooja,Kuldeep,0,0,Women,latin,,2059,Hisar.pdf
Hisar,Hansi-I,44,Mujadpur,SC Woman,SC,1,Sheela,Bhim Singh,0,0,Scheduled Caste (Women),latin,,2059,Hisar.pdf
Hisar,Hansi-I,45,Prem Nagar,Woman,NONE,1,Salochana,Satpal,0,0,Women,latin,,2059,Hisar.pdf
Hisar,Hansi-I,46,Puthi Mangal Kha,Woman,NONE,1,Poonam,Charan Singh,0,0,Women,latin,,2059,Hisar.pdf
Hisar,Hansi-I,47,Rajiv Nagar,Woman,NONE,1,Kamlesh Devi,Dinesh Kumar,0,0,Women,latin,,2059,Hisar.pdf
Hisar,Hansi-I,48,Ramayan,Woman,NONE,1,Ram Rati,Jaswant Singh,0,0,Women,latin,,2059,Hisar.pdf
Hisar,Hansi-I,49,Rampura,Woman,NONE,1,Sangita,Kuldeep,0,0,Women,latin,,2059,Hisar.pdf
Hisar,Hansi-I,50,Sainipura,SC Other than Woman,SC,0,Devraj,Suraj Bhan,0,0,Scheduled Caste,latin,,2059,Hisar.pdf
Hisar,Hansi-I,51,Sheikhpura,Other than Woman,NONE,0,Pooja,Bhagwan Dass,0,0,Unreserved,latin,,2059,Hisar.pdf
Hisar,Hansi-I,52,Sindhar,Woman,NONE,1,Rani Devi,Ram Niwas,0,0,Women,latin,,2059,Hisar.pdf
Hisar,Hansi-I,53,Singhwa Raghoo,Other than Woman,NONE,0,Mewa Singh,Puran Singh,1,0,Unreserved,latin,,2059,Hisar.pdf
Hisar,Hansi-I,54,Sisai Bolan,Other than Woman,NONE,0,Balbir Singh,Dhan Singh,0,0,Unreserved,latin,,2059,Hisar.pdf
Hisar,Hansi-I,55,Sisai Kalirawan,SC Woman,SC,1,Kusumlata,Sunil Kumar,0,0,Scheduled Caste (Women),latin,,2059,Hisar.pdf
Hisar,Hansi-I,56,Sorkhi,Other than Woman,NONE,0,Virender,Rajmal,0,0,Unreserved,latin,,2059,Hisar.pdf
Hisar,Hansi-I,57,Sultanpur,Woman,NONE,1,Kavita,Surender Singh,0,0,Women,latin,,2059,Hisar.pdf
Hisar,Hansi-I,58,Umra,Woman,NONE,1,Umesh Kumari,Pawan Kumar,0,0,Women,latin,,2059,Hisar.pdf
Hisar,Hansi-II,1,Badchhapper,Other than Woman,NONE,0,Daulat,Krishan Kumar,0,0,Unreserved,latin,,2061,Hisar.pdf
Hisar,Hansi-II,2,Bass Ajamshahpur,SC Other than Woman,SC,0,Sunita Devi,Balwan,0,0,Scheduled Caste,latin,,2061,Hisar.pdf
Hisar,Hansi-II,3,Bass Akbarpur,Other than Woman,NONE,0,Rajender Singh,Ratan Singh,0,0,Unreserved,latin,,2061,Hisar.pdf
Hisar,Hansi-II,4,Bass Badshahpur,Other than Woman,NONE,0,Poonam,Hatthi Singh,0,0,Unreserved,latin,,2061,Hisar.pdf
Hisar,Hansi-II,5,Bass Khurd Bijan,SC Other than Woman,SC,0,Nisha Kumari,Ranbir,0,0,Scheduled Caste,latin,,2061,Hisar.pdf
Hisar,Hansi-II,6,Badala,SC Woman,SC,1,Suman Devi,Umed Singh,0,0,Scheduled Caste (Women),latin,,2061,Hisar.pdf
Hisar,Hansi-II,7,Bhaklana,Other than Woman,NONE,0,Vedpal,Basau Ram,0,0,Unreserved,latin,,2061,Hisar.pdf
Hisar,Hansi-II,8,Bhatol Jatan,Other than Woman,NONE,0,Anil Kumar,Ramkumar,0,0,Unreserved,latin,,2061,Hisar.pdf
Hisar,Hansi-II,9,Bhatol Rangran,Other than Woman,NONE,0,Mahabir Singh,Bharat Singh,0,0,Unreserved,latin,,2061,Hisar.pdf
Hisar,Hansi-II,10,Dharamkheri,Woman,NONE,1,Mukesh,Rajesh,0,0,Women,latin,,2061,Hisar.pdf
Hisar,Hansi-II,11,Jamni Khera,Woman,NONE,1,Shakuntla Devi,Udeybhan Singh,1,0,Women,latin,,2061,Hisar.pdf
Hisar,Hansi-II,12,Jeetpura,SC Woman,SC,1,Sunita Devi,Rajesh,0,0,Scheduled Caste (Women),latin,,2061,Hisar.pdf
Hisar,Hansi-II,13,Khanda Kheri,Woman,NONE,1,Preeti,Bijender,0,0,Women,latin,,2061,Hisar.pdf
Hisar,Hansi-II,14,Kharbala,Other than Woman,NONE,0,Rajbir,Manphool,0,0,Unreserved,latin,,2061,Hisar.pdf
Hisar,Hansi-II,15,Roshan Khera,Woman,NONE,1,Reena,Joginder,0,0,Women,latin,,2061,Hisar.pdf
Hisar,Hansi-II,16,Khera Rangran,Other than Woman,NONE,0,Raghuvirender Singh,Rishal Singh,0,0,Unreserved,latin,,2061,Hisar.pdf
Hisar,Hansi-II,17,Madanheri,Other than Woman,NONE,0,Narender,Dhoop Singh,0,0,Unreserved,latin,,2061,Hisar.pdf
Hisar,Hansi-II,18,Mohla,Woman,NONE,1,Sudesh Kumari,Sunder Singh,0,0,Women,latin,,2061,Hisar.pdf
Hisar,Hansi-II,19,Putthi Samain,Other than Woman,NONE,0,Bijender Singh,Chander Singh,0,0,Unreserved,latin,,2061,Hisar.pdf
Hisar,Hansi-II,20,Sisar,Other than Woman,NONE,0,Sandeep,Karan Singh,0,0,Unreserved,latin,,2061,Hisar.pdf
Hisar,Hansi-II,21,Singhwa Khass,SC Other than Woman,SC,0,Naresh,Ranbir,0,0,Scheduled Caste,latin,,2061,Hisar.pdf
Hisar,Hansi-II,22,Thurana,Other than Woman,NONE,0,Deepchand,Chandgi,0,0,Unreserved,latin,,2061,Hisar.pdf
Hisar,Hansi-II,23,Ugalan,Woman,NONE,1,Kelapati,Raj Singh,0,0,Women,latin,,2061,Hisar.pdf
Hisar,Hisar-I,1,Alipur,Woman,NONE,1,Saroj,Rajiv,0,0,Woman,latin,,2063,Hisar.pdf
Hisar,Hisar-I,2,Bado Brahmnan,SC Woman,SC,1,Manju Devi,Jasbir Singh,0,0,Scheduled Caste (Woman),latin,,2063,Hisar.pdf
Hisar,Hisar-I,3,Bado Rangran,Woman,NONE,1,Sunita Urf Kali,Sunil Kumar,0,0,Woman,latin,,2063,Hisar.pdf
Hisar,Hisar-I,4,Balawas,Other than Woman,NONE,0,Suresh,Ramkishan,1,0,Unreserved,latin,,2063,Hisar.pdf
Hisar,Hisar-I,5,Bhagana,Other than Woman,NONE,0,Shakti Singh,Gyani,0,0,Unreserved,latin,,2063,Hisar.pdf
Hisar,Hisar-I,6,Bharri,Other than Woman,NONE,0,Suresh,Harde Ram,0,0,Unreserved,latin,,2063,Hisar.pdf
Hisar,Hisar-I,7,Bhojraj,Woman,NONE,1,Sunita,Umed Singh,0,0,Woman,latin,,2063,Hisar.pdf
Hisar,Hisar-I,8,Bure,Woman,NONE,1,Pinki Rani,Vijay,0,0,Woman,latin,,2063,Hisar.pdf
Hisar,Hisar-I,9,Charnaund,Other than Woman,NONE,0,Girvar Singh,Bani Singh,0,0,Unreserved,latin,,2063,Hisar.pdf
Hisar,Hisar-I,10,Chirod,Other than Woman,NONE,0,Suresh Kumar,Nihal Singh,0,0,Unreserved,latin,,2063,Hisar.pdf
Hisar,Hisar-I,11,Dabra,Other than Woman,NONE,0,Suryadeep Khaniya,Shamsher Singh,0,0,Unreserved,latin,,2063,Hisar.pdf
Hisar,Hisar-I,12,Daya,Other than Woman,NONE,0,Baljeet Singh,Nathuram,0,0,Unreserved,latin,,2063,Hisar.pdf
Hisar,Hisar-I,13,Dahima,Other than Woman,NONE,0,Sandeep,Manmohan,0,0,Unreserved,latin,,2063,Hisar.pdf
Hisar,Hisar-I,14,Dhani Jatan,Woman,NONE,1,Babita,Vinod,0,0,Woman,latin,,2063,Hisar.pdf
Hisar,Hisar-I,15,Dhansu,Other than Woman,NONE,0,Manohar Lal,Manphool Singh,0,0,Unreserved,latin,,2063,Hisar.pdf
Hisar,Hisar-I,16,Dubeta,SC Other than Woman,SC,0,Sanjay Kumar,Mangeram,1,0,Scheduled Caste,latin,,2063,Hisar.pdf
Hisar,Hisar-I,17,Gangwa,SC Other than Woman,SC,0,Hawa Singh,Ruliram,0,0,Scheduled Caste,latin,,2063,Hisar.pdf
Hisar,Hisar-I,18,Gujnar,Other than Woman,NONE,0,Rajpal,Shadi Ram,0,0,Unreserved,latin,,2063,Hisar.pdf
Hisar,Hisar-I,19,Harikot,SC Other than Woman,SC,0,Satywan,Harlal,0,0,Scheduled Caste,latin,,2063,Hisar.pdf
Hisar,Hisar-I,20,Harita,Woman,NONE,1,Kiran Bala,Ishwar Singh,0,0,Woman,latin,,2063,Hisar.pdf
Hisar,Hisar-I,21,Kaimari,Other than Woman,NONE,0,Bharat Singh,Surjaram,0,0,Unreserved,latin,,2063,Hisar.pdf
Hisar,Hisar-I,22,Kharar,Other than Woman,NONE,0,Sunil,Zile Singh,0,0,Unreserved,latin,,2063,Hisar.pdf
Hisar,Hisar-I,23,Kharkari,Woman,NONE,1,Suresh Devi,Manjeet Singh,0,0,Woman,latin,,2063,Hisar.pdf
Hisar,Hisar-I,24,Khokha,Woman,NONE,1,Koshlya,Dhirender,0,0,Woman,latin,,2063,Hisar.pdf
Hisar,Hisar-I,25,Ladwa,Other than Woman,NONE,0,Jogender Singh,Gulab Singh,0,0,Unreserved,latin,,2063,Hisar.pdf
Hisar,Hisar-I,26,Gandhi Nagar,Woman,NONE,1,Mukesh,Ravidas,0,0,Woman,latin,,2063,Hisar.pdf
Hisar,Hisar-I,27,Mangali Aklan,Other than Woman,NONE,0,Rakesh Kumar,Raghunath,0,0,Unreserved,latin,,2063,Hisar.pdf
Hisar,Hisar-I,28,Mangali Jhara,Other than Woman,NONE,0,Sudesh,Liluram,0,0,Unreserved,latin,,2063,Hisar.pdf
Hisar,Hisar-I,29,Mangali Mohbbat,Woman,NONE,1,Kavita Rani,Rajeev,0,0,Woman,latin,,2063,Hisar.pdf
Hisar,Hisar-I,30,Mangali Surtiya,Other than Woman,NONE,0,Sandeep,Kabirchand,0,0,Unreserved,latin,,2063,Hisar.pdf
Hisar,Hisar-I,31,Mayar,SC Other than Woman,SC,0,Omparkash,Phool Singh,0,0,Scheduled Caste,latin,,2063,Hisar.pdf
Hisar,Hisar-I,32,Mirkan,SC Other than Woman,SC,0,Dharambir,Bhaleram,0,0,Scheduled Caste,latin,,2063,Hisar.pdf
Hisar,Hisar-I,33,Mirjapur,Other than Woman,NONE,0,Rajbir,Gyaniram,0,0,Unreserved,latin,,2063,Hisar.pdf
Hisar,Hisar-I,34,Pana Mahrana,Other than Woman,NONE,0,Krishan Kumar,Ratiram,0,0,Unreserved,latin,,2063,Hisar.pdf
Hisar,Hisar-I,35,Nalwa,Other than Woman,NONE,0,Krishan Kumar,Nihal Singh,0,0,Unreserved,latin,,2063,Hisar.pdf
Hisar,Hisar-I,36,Niyana,Other than Woman,NONE,0,Rajbir,Khayali,0,0,Unreserved,latin,,2063,Hisar.pdf
Hisar,Hisar-I,37,Pana Alampur,Woman,NONE,1,Seema,Pariminder,0,0,Woman,latin,,2063,Hisar.pdf
Hisar,Hisar-I,38,Payal,Other than Woman,NONE,0,Jaswant,Omparkash,0,0,Unreserved,latin,,2063,Hisar.pdf
Hisar,Hisar-I,39,Raipur,SC Woman,SC,1,Neelam,Rahul,0,0,Scheduled Caste (Woman),latin,,2063,Hisar.pdf
Hisar,Hisar-I,40,Shikarpur,Other than Woman,NONE,0,Surender,Ladhuram,0,0,Unreserved,latin,,2063,Hisar.pdf
Hisar,Hisar-I,41,Rawat Khera,SC Woman,SC,1,Poonam Devi,Siyaram,0,0,Scheduled Caste (Woman),latin,,2063,Hisar.pdf
Hisar,Hisar-I,42,Saharwa,Other than Woman,NONE,0,Ashwani,Mohabat Singh,1,0,Unreserved,latin,,2063,Hisar.pdf
Hisar,Hisar-I,43,Satrod Kalan,SC Other than Woman,SC,0,Pramod Kumar,Rajaram,0,0,Scheduled Caste,latin,,2063,Hisar.pdf
Hisar,Hisar-I,44,Talwandi Badshapur,Other than Woman,NONE,0,Omparkash,Bhoop Singh,0,0,Unreserved,latin,,2063,Hisar.pdf
Hisar,Hisar-I,45,Talwandi Rana,Woman,NONE,1,Prem Kumari,Surender,0,0,Woman,latin,,2063,Hisar.pdf
Hisar,Hisar-I,46,Talwandi Rukka,Other than Woman,NONE,0,Jagdish,Ram Singh,0,0,Unreserved,latin,,2063,Hisar.pdf
Hisar,Hisar-II,1,Arya Nagar,SC Other than Woman,SC,0,Jagdish,Amilal,0,0,Scheduled Caste,latin,,2065,Hisar.pdf
Hisar,Hisar-II,2,Balsamand,Other than Woman,NONE,0,Manju Devi,Mahender kumar,0,0,Unreserved,latin,,2065,Hisar.pdf
Hisar,Hisar-II,3,Bandhaheri,Other than Woman,NONE,0,Hawa Singh,Tara Chand,0,0,Unreserved,latin,,2065,Hisar.pdf
Hisar,Hisar-II,4,Bherian,Woman,NONE,1,Saroj,Surjit Singh,0,0,Women,latin,,2065,Hisar.pdf
Hisar,Hisar-II,5,Bhiwani Rohilla,Woman,NONE,1,Asha Rani,Manoj Kumar,1,0,Women,latin,,2065,Hisar.pdf
Hisar,Hisar-II,6,Burak,Other than Woman,NONE,0,Mewa Singh,Amar Singh,0,0,Unreserved,latin,,2065,Hisar.pdf
Hisar,Hisar-II,7,Chaudhariwas,Other than Woman,NONE,0,Rekha Bai,Bhupender singh,0,0,Unreserved,latin,,2065,Hisar.pdf
Hisar,Hisar-II,8,Deva,Other than Woman,NONE,0,Satbir Singh,Rati Ram,0,0,Unreserved,latin,,2065,Hisar.pdf
Hisar,Hisar-II,9,Dhiranwas,Other than Woman,NONE,0,Jai Singh,Ramswarup,0,0,Unreserved,latin,,2065,Hisar.pdf
Hisar,Hisar-II,10,Dobhi,SC Other than Woman,SC,0,Kiran,D/o Tara Chand,0,0,Scheduled Caste,latin,,2065,Hisar.pdf
Hisar,Hisar-II,11,Gawar,SC Woman,SC,1,Savita,Ganpal,0,0,Scheduled Caste(Women),latin,,2065,Hisar.pdf
Hisar,Hisar-II,12,Goarchi,Woman,NONE,1,Shankuntla,Sohlu,0,0,Women,latin,,2065,Hisar.pdf
Hisar,Hisar-II,13,Hindwan,Other than Woman,NONE,0,Sadhu Ram,Mahabir Singh,0,0,Unreserved,latin,,2065,Hisar.pdf
Hisar,Hisar-II,14,Jakhod Khera,Woman,NONE,1,Poonam,Jitender,0,0,Women,latin,,2065,Hisar.pdf
Hisar,Hisar-II,15,Kajla,Other than Woman,NONE,0,Pawan Kumar,Atmaram,0,0,Unreserved,latin,,2065,Hisar.pdf
Hisar,Hisar-II,16,Kalwas,Other than Woman,NONE,0,Sanjay Lamba,Rameshwar Lamba,0,0,Unreserved,latin,,2065,Hisar.pdf
Hisar,Hisar-II,17,Kharia,SC Woman,SC,1,Sonia,Karan Singh,0,0,Scheduled Caste(Women),latin,,2065,Hisar.pdf
Hisar,Hisar-II,18,Kirtan,Other than Woman,NONE,0,Rajpal,Hari Ram,0,0,Unreserved,latin,,2065,Hisar.pdf
Hisar,Hisar-II,19,Ludas,Other than Woman,NONE,0,Gurdev Singh,Mahender Singh,0,0,Unreserved,latin,,2065,Hisar.pdf
Hisar,Hisar-II,20,Mallapur,Woman,NONE,1,Rekha,Mahabir,0,0,Women,latin,,2065,Hisar.pdf
Hisar,Hisar-II,21,Mattershyam,Woman,NONE,1,Ekta,Parveen,0,0,Women,latin,,2065,Hisar.pdf
Hisar,Hisar-II,22,Migani Khera,Other than Woman,NONE,0,Hawa Singh,Bir Singh,0,0,Unreserved,latin,,2065,Hisar.pdf
Hisar,Hisar-II,23,Muklan,SC Other than Woman,SC,0,Manvir,Bhim Singh,0,0,Scheduled Caste,latin,,2065,Hisar.pdf
Hisar,Hisar-II,24,Neoli Kalan,Woman,NONE,1,Suman Devi,Anil Kumar,0,0,Women,latin,,2065,Hisar.pdf
Hisar,Hisar-II,25,Neoli Khurd,Other than Woman,NONE,0,Sunil kumar,Jai Parkash,0,0,Unreserved,latin,,2065,Hisar.pdf
Hisar,Hisar-II,26,Panihar Chack,Woman,NONE,1,Savitari,Randhir,0,0,Women,latin,,2065,Hisar.pdf
Hisar,Hisar-II,27,Patan,Other than Woman,NONE,0,Rajesh kumar,Amar Singh,0,0,Unreserved,latin,,2065,Hisar.pdf
Hisar,Hisar-II,28,Rawalwas Kalan,Other than Woman,NONE,0,Surender Singh,Kartar Singh,0,0,Unreserved,latin,,2065,Hisar.pdf
Hisar,Hisar-II,29,Rawalwas Khurd,SC Other than Woman,SC,0,Ishwar Singh,Rughbir Singh,0,0,Scheduled Caste,latin,,2065,Hisar.pdf
Hisar,Hisar-II,30,Salemgarh,Other than Woman,NONE,0,Dharambir,Maha Singh,0,0,Unreserved,latin,,2065,Hisar.pdf
Hisar,Hisar-II,31,Sarsana,Woman,NONE,1,Sushma,Rohtash,0,0,Women,latin,,2065,Hisar.pdf
Hisar,Hisar-II,32,Shahpur,Other than Woman,NONE,0,Rajesh Kumar,Umed Singh,0,0,Unreserved,latin,,2065,Hisar.pdf
Hisar,Hisar-II,33,Singharan,Other than Woman,NONE,0,Sunil,Rajbir Singh,0,0,Unreserved,latin,,2065,Hisar.pdf
Hisar,Hisar-II,34,Sisawala,Other than Woman,NONE,0,Rajpal Singh,Ramchander,0,0,Unreserved,latin,,2065,Hisar.pdf
Hisar,Hisar-II,35,Sundawas,SC Woman,SC,1,Pinki,Ranbir,0,0,Scheduled Caste(Women),latin,,2065,Hisar.pdf
Hisar,Hisar-II,36,Tokas,Woman,NONE,1,Suman,Rajesh Kumar,0,0,Women,latin,,2065,Hisar.pdf
Hisar,Hisar-II,37,Bir Babran,Other than Woman,NONE,0,Manvinder Singh,Dilbag Singh,0,0,Unreserved,latin,,2065,Hisar.pdf
Hisar,Hisar-II,38,Dhani Piranwali,Woman,NONE,1,Sunita,Kamal Singh,0,0,Women,latin,,2065,Hisar.pdf
Hisar,Hisar-II,39,C Block Chikanwas,Other than Woman,NONE,0,Ramsawrup,Sohan lal,0,0,Unreserved,latin,,2065,Hisar.pdf
Hisar,Hisar-II,40,Bir Hisar,Other than Woman,NONE,0,Manoj kumar,Radhesham,0,0,Unreserved,latin,,2065,Hisar.pdf
Hisar,Hisar-II,41,Chandan Nagar,Other than Woman,NONE,0,Satender Nai,Om Parkash,0,0,Unreserved,latin,,2065,Hisar.pdf
Hisar,Hisar-II,42,Basara,SC Other than Woman,SC,0,Santa Singh,Mani Ram,0,0,Scheduled Caste,latin,,2065,Hisar.pdf
Hisar,Narnaund,1,Bhaini Amirpur,SC Other than Woman,SC,0,Harish Kumar,Jogi Ram,0,0,Scheduled Caste,latin,,2067,Hisar.pdf
Hisar,Narnaund,2,Budana,Other than Woman,NONE,0,Randhir Singh,Sube Singh,0,0,Unreserved,latin,,2067,Hisar.pdf
Hisar,Narnaund,3,Dhani Brahaman,Woman,NONE,1,Anju,Sandeep,0,0,Woman,latin,,2067,Hisar.pdf
Hisar,Narnaund,4,Dhani Kumaharan,Woman,NONE,1,Sunita,Rajesh Kumar,0,0,Woman,latin,,2067,Hisar.pdf
Hisar,Narnaund,5,Gamra,Other than Woman,NONE,0,Jyoti,Narender Kumar,0,0,Unreserved,latin,,2067,Hisar.pdf
Hisar,Narnaund,6,Gadhi Azema,Woman,NONE,1,Pinki,Subhash,0,0,Woman,latin,,2067,Hisar.pdf
Hisar,Narnaund,7,Haibatpur,Woman,NONE,1,Rekha,Surender Singh,0,0,Woman,latin,,2067,Hisar.pdf
Hisar,Narnaund,8,Kagsar,Other than Woman,NONE,0,Sanjay,Jage Ram,0,0,Unreserved,latin,,2067,Hisar.pdf
Hisar,Narnaund,9,Kapro,Other than Woman,NONE,0,Shailender,Khajan Singh,0,0,Unreserved,latin,,2067,Hisar.pdf
Hisar,Narnaund,10,Kheri Jalab,SC Other than Woman,SC,0,Rajesh,Om Prakash,0,0,Scheduled Caste,latin,,2067,Hisar.pdf
Hisar,Narnaund,11,Kheri Lochab,Other than Woman,NONE,0,Randhir Singh,Kali Ram,0,0,Unreserved,latin,,2067,Hisar.pdf
Hisar,Narnaund,12,Kheri Roj,Other than Woman,NONE,0,Sunita Devi,Ashok Kumar,0,0,Unreserved,latin,,2067,Hisar.pdf
Hisar,Narnaund,13,Kinner,SC Woman,SC,1,Poonam,Sandeep,0,0,Scheduled Caste (Woman),latin,,2067,Hisar.pdf
Hisar,Narnaund,14,Koth Kalan,Other than Woman,NONE,0,Chandi Ram,Naurang,0,0,Unreserved,latin,,2067,Hisar.pdf
Hisar,Narnaund,15,Koth Khurd,SC Woman,SC,1,Sheetal,Rishi,0,0,Scheduled Caste (Woman),latin,,2067,Hisar.pdf
Hisar,Narnaund,16,Lohari Ragho,Woman,NONE,1,Chander Kanta,Yash Pal,0,0,Woman,latin,,2067,Hisar.pdf
Hisar,Narnaund,17,Madha,Other than Woman,NONE,0,Jagdish Rai,Badlu Ram,0,0,Unreserved,latin,,2067,Hisar.pdf
Hisar,Narnaund,18,Majra,Woman,NONE,1,Kiran Devi,Pawan Kumar,0,0,Woman,latin,,2067,Hisar.pdf
Hisar,Narnaund,19,Milakpur,Woman,NONE,1,Kamlesh Devi,Wazir Singh,0,0,Woman,latin,,2067,Hisar.pdf
Hisar,Narnaund,20,Mirchpur,Other than Woman,NONE,0,Satyawan Singh,Kapoor Singh,0,0,Unreserved,latin,,2067,Hisar.pdf
Hisar,Narnaund,21,Moth Karnail,Other than Woman,NONE,0,Anil Kumar,Jagdish Chander,0,0,Unreserved,latin,,2067,Hisar.pdf
Hisar,Narnaund,22,Moth Rangran,Other than Woman,NONE,0,Jatin Bhayana,Suresh Kumar,0,0,Unreserved,latin,,2067,Hisar.pdf
Hisar,Narnaund,23,Nara,SC Other than Woman,SC,0,Dhoop Singh,Chandagi,0,0,Scheduled Caste,latin,,2067,Hisar.pdf
Hisar,Narnaund,24,Pali,Woman,NONE,1,Suman Devi,Sandeep,0,0,Woman,latin,,2067,Hisar.pdf
Hisar,Narnaund,25,Petwar,SC Other than Woman,SC,0,Rajender Parsad,Dhoop Singh,0,0,Scheduled Caste,latin,,2067,Hisar.pdf
Hisar,Narnaund,26,Rajpura,Other than Woman,NONE,0,Azad Singh,Balwant,0,0,Unreserved,latin,,2067,Hisar.pdf
Hisar,Narnaund,27,Rajthal,Other than Woman,NONE,0,Dalsher Singh Maan,Jagat Singh Maan,0,0,Unreserved,latin,,2067,Hisar.pdf
Hisar,Narnaund,28,Rakhi Khas,Other than Woman,NONE,0,Sandeep Malik,Baljeet Singh,0,0,Unreserved,latin,,2067,Hisar.pdf
Hisar,Narnaund,29,Rakhi Shahpur,Other than Woman,NONE,0,Rajesh,Ramkesh,0,0,Unreserved,latin,,2067,Hisar.pdf
Hisar,Narnaund,30,Sulchani,Other than Woman,NONE,0,Bijender Singh,Ram Kishan,0,0,Unreserved,latin,,2067,Hisar.pdf
Hisar,Uklana,1,Bheri Akbarpur,Other than Woman,NONE,0,Samsher Singh,Bhagwan Singh,0,0,Unreserved,latin,,2069,Hisar.pdf
Hisar,Uklana,2,Bithmara,Other than Woman,NONE,0,....,Balbir Singh,0,0,Unreserved,latin,,2069,Hisar.pdf
Hisar,Uklana,3,Budha Khera,SC Other than Woman,SC,0,....,Ramkumar,0,0,Scheduled Caste,latin,,2069,Hisar.pdf
Hisar,Uklana,4,Chamar Khera,SC Woman,SC,1,....,Amita,0,0,Scheduled Caste (Women),latin,,2069,Hisar.pdf
Hisar,Uklana,5,Daulatpur,Other than Woman,NONE,0,....,Sujita / Suchita,0,0,Unreserved,latin,,2069,Hisar.pdf
Hisar,Uklana,6,Faridpur,SC Other than Woman,SC,0,.....,Shamsher Singh,0,0,Scheduled Caste,latin,,2069,Hisar.pdf
Hisar,Uklana,7,Kallar Bhani,Other than Woman,NONE,0,.....,Rajkumar,0,0,Unreserved,latin,,2069,Hisar.pdf
Hisar,Uklana,8,Kandool,Woman,NONE,1,....,Krishana,0,0,Women,latin,,2069,Hisar.pdf
Hisar,Uklana,9,Khairi,Other than Woman,NONE,0,....,Kali Ram,0,0,Unreserved,latin,,2069,Hisar.pdf
Hisar,Uklana,10,Kinala,Woman,NONE,1,...,Rachna,0,0,Women,latin,,2069,Hisar.pdf
Hisar,Uklana,11,Kundanpura,Other than Woman,NONE,0,....,Rohtash Rai,0,0,Unreserved,latin,,2069,Hisar.pdf
Hisar,Uklana,12,Litani,SC Woman,SC,1,......,Aarti,0,0,Scheduled Caste (Women),latin,,2069,Hisar.pdf
Hisar,Uklana,13,Madanpura,Other than Woman,NONE,0,....,Jagpal,0,0,Unreserved,latin,,2069,Hisar.pdf
Hisar,Uklana,14,Mugalpura / Shankarpura,Other than Woman,NONE,0,...,Suresh Kumar,0,0,Unreserved,latin,,2069,Hisar.pdf
Hisar,Uklana,15,Pabra,Woman,NONE,1,...,Anshu,0,0,Women,latin,,2069,Hisar.pdf
Hisar,Uklana,16,Parbhuwala,Woman,NONE,1,...,Baljinder,0,0,Women,latin,,2069,Hisar.pdf
Hisar,Uklana,17,Sahu,Other than Woman,NONE,0,...,Rajnish,0,0,Unreserved,latin,,2069,Hisar.pdf
Hisar,Uklana,18,Surewala,Other than Woman,NONE,0,...,Sandeep Kumar,0,0,Unreserved,latin,,2069,Hisar.pdf
Jhajjar,Bahadurgarh,1,Asanda,Other than Woman,NONE,0,Samsher Singh,Ram Kumar,0,0,Unreserved,latin,,2072,Jhajjar.pdf
Jhajjar,Bahadurgarh,2,Asouda Siwan,Other than Woman,NONE,0,Rambir,Balbir Singh,0,0,Unreserved,latin,,2072,Jhajjar.pdf
Jhajjar,Bahadurgarh,3,Asouda Todran,SC Other than Woman,SC,0,Ranbir,Surajbhan,0,0,Scheduled Caste,latin,,2072,Jhajjar.pdf
Jhajjar,Bahadurgarh,4,Badli,SC Woman,SC,1,Suman Devi,Amit Kumar,0,0,Scheduled Caste (Women),latin,,2072,Jhajjar.pdf
Jhajjar,Bahadurgarh,5,Badsa,Woman,NONE,1,Naresh Kumari,Rajpal,0,0,Women,latin,,2072,Jhajjar.pdf
Jhajjar,Bahadurgarh,6,Balaur,Other than Woman,NONE,0,Satbir,Surajbhan,0,0,Unreserved,latin,,2072,Jhajjar.pdf
Jhajjar,Bahadurgarh,7,Bamnoli,Other than Woman,NONE,0,Anup Singh,Ramphal,0,0,Unreserved,latin,,2072,Jhajjar.pdf
Jhajjar,Bahadurgarh,8,Barahi,SC Other than Woman,SC,0,Ramesh Kumar,Khajan Singh,0,0,Scheduled Caste,latin,,2072,Jhajjar.pdf
Jhajjar,Bahadurgarh,9,Bhaproda,Woman,NONE,1,Poonam Rathi,Bijender Rathi,0,0,Women,latin,,2072,Jhajjar.pdf
Jhajjar,Bahadurgarh,10,Bir Barkatbad Jatan,Woman,NONE,1,Meena,Ravinder Singh`,0,0,Women,latin,,2072,Jhajjar.pdf
Jhajjar,Bahadurgarh,11,Bir Barkatbad Sainiyan,Woman,NONE,1,Anju Rani,Jagbir,0,0,Women,latin,,2072,Jhajjar.pdf
Jhajjar,Bahadurgarh,12,Bupania,Woman,NONE,1,Suman Kumari,Jitender,0,0,Women,latin,,2072,Jhajjar.pdf
Jhajjar,Bahadurgarh,13,Chhara,Other than Woman,NONE,0,Jitender Kumar,Suraj Mal,0,0,Unreserved,latin,,2072,Jhajjar.pdf
Jhajjar,Bahadurgarh,14,Chhudani,Other than Woman,NONE,0,Satywan,Mehar Singh,0,0,Unreserved,latin,,2072,Jhajjar.pdf
Jhajjar,Bahadurgarh,15,Daboda Kalan,SC Other than Woman,SC,0,Seema Devi,Surender,0,0,Scheduled Caste,latin,,2072,Jhajjar.pdf
Jhajjar,Bahadurgarh,16,Daboda Khurd,SC Woman,SC,1,Pushpa Devi,Jayant,0,0,Scheduled Caste (Women),latin,,2072,Jhajjar.pdf
Jhajjar,Bahadurgarh,17,Dariyapur,Other than Woman,NONE,0,Sandeep Kumar,Khajan Singh,0,0,Unreserved,latin,,2072,Jhajjar.pdf
Jhajjar,Bahadurgarh,18,Dehkora,SC Other than Woman,SC,0,Azad Singh,Suraj Bhan,0,0,Scheduled Caste,latin,,2072,Jhajjar.pdf
Jhajjar,Bahadurgarh,19,Deshalpur,Other than Woman,NONE,0,Vikram Singh,Mahasingh,0,0,Unreserved,latin,,2072,Jhajjar.pdf
Jhajjar,Bahadurgarh,20,Dewar Khana,SC Other than Woman,SC,0,Mangat Ram,Ram Singh,0,0,Scheduled Caste,latin,,2072,Jhajjar.pdf
Jhajjar,Bahadurgarh,21,Dulhera,Woman,NONE,1,Neeraj Devi,Sanjeev Kumar,0,0,Women,latin,,2072,Jhajjar.pdf
Jhajjar,Bahadurgarh,22,Gangarwa,Woman,NONE,1,Sudesh,Satish,0,0,Women,latin,,2072,Jhajjar.pdf
Jhajjar,Bahadurgarh,23,Goyla Kalan,Other than Woman,NONE,0,Jai Pal,Raj Singh,0,0,Unreserved,latin,,2072,Jhajjar.pdf
Jhajjar,Bahadurgarh,24,Gubhana,SC Other than Woman,SC,0,Satbir Singh,Kartar Singh,0,0,Scheduled Caste,latin,,2072,Jhajjar.pdf
Jhajjar,Bahadurgarh,25,Isharheri,Woman,NONE,1,Poonam,Shri Bhagwan,0,0,Women,latin,,2072,Jhajjar.pdf
Jhajjar,Bahadurgarh,26,Ishmailpur,Woman,NONE,1,Poonam,Sukhram,0,0,Women,latin,,2072,Jhajjar.pdf
Jhajjar,Bahadurgarh,27,Jakhoda,Other than Woman,NONE,0,Jagbir,Rup Chand,0,0,Unreserved,latin,,2072,Jhajjar.pdf
Jhajjar,Bahadurgarh,28,Jassour Kheri,Other than Woman,NONE,0,Sandeep Kumar,Jagat Naryan,0,0,Unreserved,latin,,2072,Jhajjar.pdf
Jhajjar,Bahadurgarh,29,Kairpur,Other than Woman,NONE,0,Arjun,Chandram,0,0,Unreserved,latin,,2072,Jhajjar.pdf
Jhajjar,Bahadurgarh,30,Kanonda,Other than Woman,NONE,0,Ashok,Rishal Singh,0,0,Unreserved,latin,,2072,Jhajjar.pdf
Jhajjar,Bahadurgarh,32,Kharhar,Other than Woman,NONE,0,Ashok Kumar,Attar Singh,0,0,Unreserved,latin,,2072,Jhajjar.pdf
Jhajjar,Bahadurgarh,33,Kharman,Woman,NONE,1,Kavita,Sanjeev Kumar,0,0,Women,latin,,2072,Jhajjar.pdf
Jhajjar,Bahadurgarh,34,Kheri Jassour,SC Other than Woman,SC,0,Anil Kumar,Chandan Lal,0,0,Scheduled Caste,latin,,2072,Jhajjar.pdf
Jhajjar,Bahadurgarh,35,Kherka Gujjar,Other than Woman,NONE,0,Naveen,Mahabir Singh,0,0,Unreserved,latin,,2072,Jhajjar.pdf
Jhajjar,Bahadurgarh,36,Kulasi,SC Woman,SC,1,Manisha,Rakesh,0,0,Scheduled Caste (Women),latin,,2072,Jhajjar.pdf
Jhajjar,Bahadurgarh,37,Ladrawan,Other than Woman,NONE,0,Rajesh Kumar,Deep Ram,0,0,Unreserved,latin,,2072,Jhajjar.pdf
Jhajjar,Bahadurgarh,38,Lagarpur,Woman,NONE,1,Poonam,Chand,0,0,Women,latin,,2072,Jhajjar.pdf
Jhajjar,Bahadurgarh,39,Lohar Heri,Other than Woman,NONE,0,Ashok Kumar,Om Parkash,0,0,Unreserved,latin,,2072,Jhajjar.pdf
Jhajjar,Bahadurgarh,40,Lohat,Woman,NONE,1,Urmila,Rakesh,0,0,Women,latin,,2072,Jhajjar.pdf
Jhajjar,Bahadurgarh,41,Lowa Kalan,Woman,NONE,1,Sushila,Sandeep,0,0,Women,latin,,2072,Jhajjar.pdf
Jhajjar,Bahadurgarh,42,Lowa Khurd,Other than Woman,NONE,0,Jaiparkash,Rohtash,0,0,Unreserved,latin,,2072,Jhajjar.pdf
Jhajjar,Bahadurgarh,43,Luksar,Other than Woman,NONE,0,Ramveer,Aadhar Singh,0,0,Unreserved,latin,,2072,Jhajjar.pdf
Jhajjar,Bahadurgarh,44,Majri,Other than Woman,NONE,0,Amit Kumar,Khazan Singh,0,0,Unreserved,latin,,2072,Jhajjar.pdf
Jhajjar,Bahadurgarh,45,Mandothi,Woman,NONE,1,Pooja,Arvind,0,0,Women,latin,,2072,Jhajjar.pdf
Jhajjar,Bahadurgarh,46,Matan,Other than Woman,NONE,0,Jasbir,Mehar Ram,0,0,Unreserved,latin,,2072,Jhajjar.pdf
Jhajjar,Bahadurgarh,47,Mehandipur,Other than Woman,NONE,0,Mahender,Banwarilal,0,0,Unreserved,latin,,2072,Jhajjar.pdf
Jhajjar,Bahadurgarh,48,Mohammad Pur Majra,SC Woman,SC,1,Neelam,Sunil,0,0,Scheduled Caste (Women),latin,,2072,Jhajjar.pdf
Jhajjar,Bahadurgarh,49,Mukandpur,Other than Woman,NONE,0,Sangeeta,Manjeet,0,0,Unreserved,latin,,2072,Jhajjar.pdf
Jhajjar,Bahadurgarh,50,Munda Khera,Other than Woman,NONE,0,Ramesh Kumar,Kabul,0,0,Unreserved,latin,,2072,Jhajjar.pdf
Jhajjar,Bahadurgarh,51,Nilothi,Woman,NONE,1,Manjeeta,Balraj,0,0,Women,latin,,2072,Jhajjar.pdf
Jhajjar,Bahadurgarh,52,Noona Majra,Woman,NONE,1,Sunita Kumari,Manjeet,0,0,Women,latin,,2072,Jhajjar.pdf
Jhajjar,Bahadurgarh,53,Parnala,Other than Woman,NONE,0,Satywan,Bhane Ram,0,0,Unreserved,latin,,2072,Jhajjar.pdf
Jhajjar,Bahadurgarh,54,Rewari Khera,Other than Woman,NONE,0,Samunder Singh,Richhpal,0,0,Unreserved,latin,,2072,Jhajjar.pdf
Jhajjar,Bahadurgarh,55,Rohad,Other than Woman,NONE,0,Satish,Jai Singh,0,0,Unreserved,latin,,2072,Jhajjar.pdf
Jhajjar,Bahadurgarh,56,Sankhol,Other than Woman,NONE,0,Hukam Singh,Sisram,0,0,Unreserved,latin,,2072,Jhajjar.pdf
Jhajjar,Bahadurgarh,57,Sarai Aurangabad,Other than Woman,NONE,0,Rajbir Singh,Bhup Singh,0,0,Unreserved,latin,,2072,Jhajjar.pdf
Jhajjar,Bahadurgarh,58,Shahpur Malik,Other than Woman,NONE,0,Anil Kumar,Ram Karan,0,0,Unreserved,latin,,2072,Jhajjar.pdf
Jhajjar,Bahadurgarh,59,Sidipur,Other than Woman,NONE,0,Jaikishan,Laxminarain,0,0,Unreserved,latin,,2072,Jhajjar.pdf
Jhajjar,Bahadurgarh,60,Silothi,Woman,NONE,1,Rajnesh Kumari,Harikesh,0,0,Women,latin,,2072,Jhajjar.pdf
Jhajjar,Bahadurgarh,61,Soldha,SC Other than Woman,SC,0,Joginder,Rajender,0,0,Scheduled Caste,latin,,2072,Jhajjar.pdf
Jhajjar,Bahadurgarh,62,Tanda Heri,SC Other than Woman,SC,0,Omprakash,Bhim Singh,0,0,Scheduled Caste,latin,,2072,Jhajjar.pdf
Jhajjar,Bahadurgarh,63,Zardakpur,Other than Woman,NONE,0,Satayvart,Karan Singh,0,0,Unreserved,latin,,2072,Jhajjar.pdf
Jhajjar,Beri,1,Achhej,SC Woman,SC,1,Nirmla Devi,Ajit Singh,0,0,Scheduled Caste(Women),latin,,2074,Jhajjar.pdf
Jhajjar,Beri,2,Baghpur,SC Other than Woman,SC,0,Naseeb Kumar,Rajbir,0,0,Scheduled Caste,latin,,2074,Jhajjar.pdf
Jhajjar,Beri,3,Bakra,Woman,NONE,1,Sarita,Ashok Kumar,0,0,Women,latin,,2074,Jhajjar.pdf
Jhajjar,Beri,4,Barhana (Gugnan),Other than Woman,NONE,0,Ram,Narbir Singh,0,0,Unreserved,latin,,2074,Jhajjar.pdf
Jhajjar,Beri,5,Barhana (Milwan),Other than Woman,NONE,0,Surender,Ramphal,0,0,Unreserved,latin,,2074,Jhajjar.pdf
Jhajjar,Beri,6,Bhagal Puri,Woman,NONE,1,Minakshi,Sudarshan Kumar,0,0,Women,latin,,2074,Jhajjar.pdf
Jhajjar,Beri,7,Bhambhewa,SC Woman,SC,1,Rakhi,Ravi Kumar,0,0,Scheduled Caste(Women),latin,,2074,Jhajjar.pdf
Jhajjar,Beri,8,Bishan,Woman,NONE,1,Vidya Devi,Hansraj,0,0,Women,latin,,2074,Jhajjar.pdf
Jhajjar,Beri,9,Chamanpura,Other than Woman,NONE,0,Ramkishan,Ompal,0,0,Unreserved,latin,,2074,Jhajjar.pdf
Jhajjar,Beri,10,Chhochhi,Other than Woman,NONE,0,Balwan Singh,Dulichand,0,0,Unreserved,latin,,2074,Jhajjar.pdf
Jhajjar,Beri,11,Chimni,Other than Woman,NONE,0,Darshna Devi,Kuldeep,0,0,Unreserved,latin,,2074,Jhajjar.pdf
Jhajjar,Beri,12,Dhandhlan,Other than Woman,NONE,0,Virender,Maman Chand,0,0,Unreserved,latin,,2074,Jhajjar.pdf
Jhajjar,Beri,13,Dharana,Other than Woman,NONE,0,Parmod,Bhoop Singh,0,0,Unreserved,latin,,2074,Jhajjar.pdf
Jhajjar,Beri,14,Dighal,SC Other than Woman,SC,0,Jagat,Jaikishan,0,0,Scheduled Caste,latin,,2074,Jhajjar.pdf
Jhajjar,Beri,15,Dimana,Woman,NONE,1,Shashi,Naresh Kumar,0,0,Women,latin,,2074,Jhajjar.pdf
Jhajjar,Beri,16,Dubaldhan Bidhan,Other than Woman,NONE,0,Mahabir Singh,Lajje Ram,0,0,Unreserved,latin,,2074,Jhajjar.pdf
Jhajjar,Beri,17,Dubaldhan Ghikan,Other than Woman,NONE,0,Sombir,Mange Ram,0,0,Unreserved,latin,,2074,Jhajjar.pdf
Jhajjar,Beri,18,Dubaldhan Kirman,Other than Woman,NONE,0,Sunita,Rajesh Kumar,0,0,Unreserved,latin,,2074,Jhajjar.pdf
Jhajjar,Beri,19,Gangtan,Woman,NONE,1,Suman,Dalbir,0,0,Women,latin,,2074,Jhajjar.pdf
Jhajjar,Beri,20,Gochhi,SC Other than Woman,SC,0,Rajesh Singh,Sher Singh,0,0,Scheduled Caste,latin,,2074,Jhajjar.pdf
Jhajjar,Beri,21,Godhari,Other than Woman,NONE,0,Manjeet,Om Prakash,0,0,Unreserved,latin,,2074,Jhajjar.pdf
Jhajjar,Beri,22,Jahazgarh,Woman,NONE,1,Pramila,Sandeep,0,0,Women,latin,,2074,Jhajjar.pdf
Jhajjar,Beri,23,Lakaria,Woman,NONE,1,Nirmala Devi,Sant Ram,0,0,Women,latin,,2074,Jhajjar.pdf
Jhajjar,Beri,24,Madana Kalan,Other than Woman,NONE,0,Kiran,Om Prakash,0,0,Unreserved,latin,,2074,Jhajjar.pdf
Jhajjar,Beri,25,Madana Khurd,Other than Woman,NONE,0,Anil Kumar,Chander Singh,0,0,Unreserved,latin,,2074,Jhajjar.pdf
Jhajjar,Beri,26,Majara (D),SC Other than Woman,SC,0,Praveen,Suraj Kumar,0,0,Scheduled Caste,latin,,2074,Jhajjar.pdf
Jhajjar,Beri,27,Majra Bhiman,SC Woman,SC,1,Saroj,Rambhagat,0,0,Scheduled Caste(Women),latin,,2074,Jhajjar.pdf
Jhajjar,Beri,28,Malikpur,Woman,NONE,1,Phool Pati,Azad,0,0,Women,latin,,2074,Jhajjar.pdf
Jhajjar,Beri,29,Mangawas,Other than Woman,NONE,0,Pravesh Kumar,Dilbag Singh,0,0,Unreserved,latin,,2074,Jhajjar.pdf
Jhajjar,Beri,30,Mp Majra,Other than Woman,NONE,0,Dimpal,Dinesh Kumar,0,0,Unreserved,latin,,2074,Jhajjar.pdf
Jhajjar,Beri,31,Paharipur,SC Other than Woman,SC,0,Nisha,Ravi Kumar,0,0,Scheduled Caste,latin,,2074,Jhajjar.pdf
Jhajjar,Beri,32,Palra,Other than Woman,NONE,0,Balwan Singh,Lal Singh,0,0,Unreserved,latin,,2074,Jhajjar.pdf
Jhajjar,Beri,33,Safipur,Other than Woman,NONE,0,Vijay Kumar,Dilbag Singh,0,0,Unreserved,latin,,2074,Jhajjar.pdf
Jhajjar,Beri,34,Seria,Woman,NONE,1,Monika,Mahesh Kumar,0,0,Women,latin,,2074,Jhajjar.pdf
Jhajjar,Beri,35,Siwana,Other than Woman,NONE,0,Hariom,Bhagmal,0,0,Unreserved,latin,,2074,Jhajjar.pdf
Jhajjar,Beri,36,Wazirpur,Other than Woman,NONE,0,Virender Singh,Chander Bhan,0,0,Unreserved,latin,,2074,Jhajjar.pdf
Jhajjar,Jhajjar,1,Amadalpur,Other than Woman,NONE,0,Amar Pal,Magni Singh,0,0,Unreserved,latin,,2076,Jhajjar.pdf
Jhajjar,Jhajjar,2,Asadpur Khera,Woman,NONE,1,Seema Devi,Ajit Singh,0,0,Women,latin,,2076,Jhajjar.pdf
Jhajjar,Jhajjar,3,Aurangpur,SC Other than Woman,SC,0,Ramanand,Sher Singh,0,0,Scheduled Caste,latin,,2076,Jhajjar.pdf
Jhajjar,Jhajjar,4,Bakhtawarpur Raiya,Woman,NONE,1,Pooja,Pardeep,0,0,Women,latin,,2076,Jhajjar.pdf
Jhajjar,Jhajjar,5,Babra,SC Woman,SC,1,Pooja Devi,Arun Kumar,0,0,Scheduled Caste (Women),latin,,2076,Jhajjar.pdf
Jhajjar,Jhajjar,6,Bamnola,Woman,NONE,1,Ishwanti,Rajesh Kumar,0,0,Women,latin,,2076,Jhajjar.pdf
Jhajjar,Jhajjar,7,Bazidpur T.H,Woman,NONE,1,Dharamvati,Jaiveer,0,0,Women,latin,,2076,Jhajjar.pdf
Jhajjar,Jhajjar,8,Bhadana,Woman,NONE,1,Kamlesh Devi,Jitender,0,0,Women,latin,,2076,Jhajjar.pdf
Jhajjar,Jhajjar,9,Bhadani,SC Other than Woman,SC,0,Sombir,Karan Singh,0,0,Scheduled Caste,latin,,2076,Jhajjar.pdf
Jhajjar,Jhajjar,10,Bhatera,Woman,NONE,1,Madhu,Vinod,0,0,Women,latin,,2076,Jhajjar.pdf
Jhajjar,Jhajjar,11,Bir Sunarwala,Other than Woman,NONE,0,Chand Singh,Azad Singh,0,0,Unreserved,latin,,2076,Jhajjar.pdf
Jhajjar,Jhajjar,12,Birdhana,Other than Woman,NONE,0,Devender Singh,Om Singh,0,0,Unreserved,latin,,2076,Jhajjar.pdf
Jhajjar,Jhajjar,13,Boria,SC Woman,SC,1,Poonam Rani,Sunil Kumar,0,0,Scheduled Caste (Women),latin,,2076,Jhajjar.pdf
Jhajjar,Jhajjar,14,Chhabili,Woman,NONE,1,Suman Lata,Ramanand,0,0,Women,latin,,2076,Jhajjar.pdf
Jhajjar,Jhajjar,15,Dadri Toe,Other than Woman,NONE,0,Surat Singh,Sultan Singh,0,0,Unreserved,latin,,2076,Jhajjar.pdf
Jhajjar,Jhajjar,16,Dawla,SC Woman,SC,1,Rekha Rani,Rajkumar,0,0,Scheduled Caste (Women),latin,,2076,Jhajjar.pdf
Jhajjar,Jhajjar,17,Dhaur,SC Other than Woman,SC,0,Rajesh Kumar,Naresh Kumar,0,0,Scheduled Caste,latin,,2076,Jhajjar.pdf
Jhajjar,Jhajjar,18,Dujana,Other than Woman,NONE,0,Jasbir Singh,Vijay Pal,0,0,Unreserved,latin,,2076,Jhajjar.pdf
Jhajjar,Jhajjar,19,Faizabad,Woman,NONE,1,Kailash Wati,Dayanand,0,0,Women,latin,,2076,Jhajjar.pdf
Jhajjar,Jhajjar,20,Fatehpur,Other than Woman,NONE,0,Indira Devi Urf Indirawati,Sudesh Kumar,0,0,Unreserved,latin,,2076,Jhajjar.pdf
Jhajjar,Jhajjar,21,Fortpura,Other than Woman,NONE,0,Nafe Singh,Meer Singh,0,0,Unreserved,latin,,2076,Jhajjar.pdf
Jhajjar,Jhajjar,22,Girawar,Other than Woman,NONE,0,Anil Kumar,Rattan Singh,0,0,Unreserved,latin,,2076,Jhajjar.pdf
Jhajjar,Jhajjar,23,Gizarod,Other than Woman,NONE,0,Mukesh,Kirodimal,0,0,Unreserved,latin,,2076,Jhajjar.pdf
Jhajjar,Jhajjar,24,Gudha,Woman,NONE,1,Annu,Kewal Krishan,0,0,Women,latin,,2076,Jhajjar.pdf
Jhajjar,Jhajjar,25,Hasanpur,Other than Woman,NONE,0,Sandeep Kumar,Satbir Singh,0,0,Unreserved,latin,,2076,Jhajjar.pdf
Jhajjar,Jhajjar,26,Jahangirpur,SC Other than Woman,SC,0,Kuldeep,Sukhbir Singh,0,0,Scheduled Caste,latin,,2076,Jhajjar.pdf
Jhajjar,Jhajjar,27,Jondhi,Other than Woman,NONE,0,Jogender,Jagdish,0,0,Unreserved,latin,,2076,Jhajjar.pdf
Jhajjar,Jhajjar,28,Kablana,Woman,NONE,1,Sunita Devi,Parveen Kumar,0,0,Women,latin,,2076,Jhajjar.pdf
Jhajjar,Jhajjar,29,Kahari,Other than Woman,NONE,0,Kavita,Manjeet,0,0,Unreserved,latin,,2076,Jhajjar.pdf
Jhajjar,Jhajjar,30,Kaloi,Woman,NONE,1,Manju,Sandeep,0,0,Women,latin,,2076,Jhajjar.pdf
Jhajjar,Jhajjar,31,Kamelgarh,Other than Woman,NONE,0,Shekhar Chauhan,Satbir,0,0,Unreserved,latin,,2076,Jhajjar.pdf
Jhajjar,Jhajjar,32,Khajpur,Other than Woman,NONE,0,Vinod Yadav,Sukrampal,0,0,Unreserved,latin,,2076,Jhajjar.pdf
Jhajjar,Jhajjar,33,Khakhana,Other than Woman,NONE,0,Rameshwar,Jot Ram,0,0,Unreserved,latin,,2076,Jhajjar.pdf
Jhajjar,Jhajjar,34,Khatiwas,SC Other than Woman,SC,0,Jai Parkash,Hari Singh,0,0,Scheduled Caste,latin,,2076,Jhajjar.pdf
Jhajjar,Jhajjar,35,Kheri Asra,SC Woman,SC,1,Maya Devi,Dayanand,0,0,Scheduled Caste (Women),latin,,2076,Jhajjar.pdf
Jhajjar,Jhajjar,36,Kheri Jat,Other than Woman,NONE,0,Abhimanyu,Chander Bhan,0,0,Unreserved,latin,,2076,Jhajjar.pdf
Jhajjar,Jhajjar,37,Kheri Khumar,Woman,NONE,1,Usha Kiran,Attar Singh,0,0,Women,latin,,2076,Jhajjar.pdf
Jhajjar,Jhajjar,38,Kheri Taluka Patauda,SC Other than Woman,SC,0,Ramkishan,Chandgi Ram,0,0,Scheduled Caste,latin,,2076,Jhajjar.pdf
Jhajjar,Jhajjar,39,Khungai,Other than Woman,NONE,0,Ramniwas,Sunder Lal,0,0,Unreserved,latin,,2076,Jhajjar.pdf
Jhajjar,Jhajjar,40,Kilrodh,Woman,NONE,1,Pushapa Devi,Jaibhagwan,0,0,Women,latin,,2076,Jhajjar.pdf
Jhajjar,Jhajjar,41,Koka,Woman,NONE,1,Rajni,Satbir,0,0,Women,latin,,2076,Jhajjar.pdf
Jhajjar,Jhajjar,42,Kukrola,Woman,NONE,1,Monika,Jai Kishan,0,0,Women,latin,,2076,Jhajjar.pdf
Jhajjar,Jhajjar,43,Kulana,Other than Woman,NONE,0,Vinay Pal,Dinesh Kumar,0,0,Unreserved,latin,,2076,Jhajjar.pdf
Jhajjar,Jhajjar,44,Kutani,Woman,NONE,1,Poonam Devi,Ashok Kumar,0,0,Women,latin,,2076,Jhajjar.pdf
Jhajjar,Jhajjar,45,Ladpur,SC Other than Woman,SC,0,Raj Kanwar,Mai Chand,0,0,Scheduled Caste,latin,,2076,Jhajjar.pdf
Jhajjar,Jhajjar,46,Luhari,Other than Woman,NONE,0,Tarun Kumar,Sat Naryan,0,0,Unreserved,latin,,2076,Jhajjar.pdf
Jhajjar,Jhajjar,47,Machhrauli,Other than Woman,NONE,0,Kanta Alias Babbal,Jiteneder Alias Jeetu,0,0,Unreserved,latin,,2076,Jhajjar.pdf
Jhajjar,Jhajjar,48,Mehrana,Other than Woman,NONE,0,Mahabir Singh,Man Singh,0,0,Unreserved,latin,,2076,Jhajjar.pdf
Jhajjar,Jhajjar,49,Munimpur,Other than Woman,NONE,0,Subash Singh,Sube Singh,0,0,Unreserved,latin,,2076,Jhajjar.pdf
Jhajjar,Jhajjar,50,Nangla,Other than Woman,NONE,0,Vikas,Shakti Singh,0,0,Unreserved,latin,,2076,Jhajjar.pdf
Jhajjar,Jhajjar,51,Nimana,SC Other than Woman,SC,0,Anil Kumar,Jaipal,0,0,Scheduled Caste,latin,,2076,Jhajjar.pdf
Jhajjar,Jhajjar,52,Patauda,Woman,NONE,1,Rakhi,Ranbir Singh,0,0,Women,latin,,2076,Jhajjar.pdf
Jhajjar,Jhajjar,53,Pelpa,Woman,NONE,1,Minakshi,Mahavir,0,0,Women,latin,,2076,Jhajjar.pdf
Jhajjar,Jhajjar,54,Raipur,Woman,NONE,1,Urmila,Nitin Kumar,0,0,Women,latin,,2076,Jhajjar.pdf
Jhajjar,Jhajjar,55,Rampura,Other than Woman,NONE,0,Vikas,Subhash,0,0,Unreserved,latin,,2076,Jhajjar.pdf
Jhajjar,Jhajjar,56,Rankhanda,Other than Woman,NONE,0,Sarita,Rajesh,1,0,Unreserved,latin,,2076,Jhajjar.pdf
Jhajjar,Jhajjar,57,Shekhupur Jat,Other than Woman,NONE,0,Narender Singh,Nafe Singh,0,0,Unreserved,latin,,2076,Jhajjar.pdf
Jhajjar,Jhajjar,58,Sikanderpur,Other than Woman,NONE,0,Darshan,Rohtash,0,0,Unreserved,latin,,2076,Jhajjar.pdf
Jhajjar,Jhajjar,59,Silana,Other than Woman,NONE,0,Surajmal,Banni Singh,0,0,Unreserved,latin,,2076,Jhajjar.pdf
Jhajjar,Jhajjar,60,Silani Kesho,Other than Woman,NONE,0,Pawan,Radhey Shyam,0,0,Unreserved,latin,,2076,Jhajjar.pdf
Jhajjar,Jhajjar,61,Silani Zalim,SC Woman,SC,1,Anjali,Kuldeep Singh,0,0,Scheduled Caste (Women),latin,,2076,Jhajjar.pdf
Jhajjar,Jhajjar,62,Sondhi,Other than Woman,NONE,0,Ashok,Rajpal,0,0,Unreserved,latin,,2076,Jhajjar.pdf
Jhajjar,Jhajjar,63,Suhra,Other than Woman,NONE,0,Jagdish,Kaliram,0,0,Unreserved,latin,,2076,Jhajjar.pdf
Jhajjar,Jhajjar,64,Sulodha,Other than Woman,NONE,0,Jai Bhagwan,Krishan Chander,0,0,Unreserved,latin,,2076,Jhajjar.pdf
Jhajjar,Jhajjar,65,Surkhpur T.H,SC Other than Woman,SC,0,Krishan Lal,Mange Ram,0,0,Scheduled Caste,latin,,2076,Jhajjar.pdf
Jhajjar,Jhajjar,66,Talao,Other than Woman,NONE,0,Manjeet Singh,Bhagwan Singh,0,0,Unreserved,latin,,2076,Jhajjar.pdf
Jhajjar,Jhajjar,67,Tamaspura,Other than Woman,NONE,0,Santosh,Kuldeep,0,0,Unreserved,latin,,2076,Jhajjar.pdf
Jhajjar,Jhajjar,68,Ukhalchana,SC Other than Woman,SC,0,Sunder,Ram Kunwar,0,0,Scheduled Caste,latin,,2076,Jhajjar.pdf
Jhajjar,Jhajjar,69,Untlodha,Other than Woman,NONE,0,Mukesh Kumari,Harish,0,0,Unreserved,latin,,2076,Jhajjar.pdf
Jhajjar,Jhajjar,70,Yakubpur,Other than Woman,NONE,0,Hitesh,Paramanand,0,0,Unreserved,latin,,2076,Jhajjar.pdf
Jhajjar,Jhajjar,71,Zahidpur,Other than Woman,NONE,0,Vedpal,Krishan Chander,0,0,Unreserved,latin,,2076,Jhajjar.pdf
Jhajjar,Matanhail,1,Akehari Madanpur,Other than Woman,NONE,0,Harish Kumar,Rajender,0,0,General,latin,,2078,Jhajjar.pdf
Jhajjar,Matanhail,2,Amadal Shahpur,SC Other than Woman,SC,0,Anil Kumar,Sukhlal,0,0,Scheduled Caste,latin,,2078,Jhajjar.pdf
Jhajjar,Matanhail,3,Azad Nagar,Other than Woman,NONE,0,Sombir,Nathuram,0,0,Unreserved,latin,,2078,Jhajjar.pdf
Jhajjar,Matanhail,4,Bahu,Woman,NONE,1,Bharpai Devi,Rattan Lal,0,0,Women,latin,,2078,Jhajjar.pdf
Jhajjar,Matanhail,5,Bambulia,Other than Woman,NONE,0,Rajpal,Raghbir Singh,0,0,Unreserved,latin,,2078,Jhajjar.pdf
Jhajjar,Matanhail,6,Bir Chhuchakwas,Woman,NONE,1,Meena,Pawan Kumar,0,0,Women,latin,,2078,Jhajjar.pdf
Jhajjar,Matanhail,7,Bhindawas,Woman,NONE,1,Parmila,Bhagirath,0,0,Women,latin,,2078,Jhajjar.pdf
Jhajjar,Matanhail,8,Bilochpura,Other than Woman,NONE,0,Subhash Chander,Tuhiram,0,0,Unreserved,latin,,2078,Jhajjar.pdf
Jhajjar,Matanhail,9,Birohar,Other than Woman,NONE,0,Pardeep Kumar,Partap Singh,0,0,Unreserved,latin,,2078,Jhajjar.pdf
Jhajjar,Matanhail,10,Chadwana,Other than Woman,NONE,0,Satender Kumar,Rang Rao,0,0,Unreserved,latin,,2078,Jhajjar.pdf
Jhajjar,Matanhail,11,Dhalanwas,Other than Woman,NONE,0,Balwan Singh,Ghanshyam,0,0,Unreserved,latin,,2078,Jhajjar.pdf
Jhajjar,Matanhail,12,Goria,SC Other than Woman,SC,0,Neeraj,Satish,0,0,Scheduled Caste,latin,,2078,Jhajjar.pdf
Jhajjar,Matanhail,13,Gwalison,SC Other than Woman,SC,0,Dhanraj,Chander Singh,0,0,Scheduled Caste,latin,,2078,Jhajjar.pdf
Jhajjar,Matanhail,14,Humayupur,Woman,NONE,1,Neelam,Satish Kumar,0,0,Women,latin,,2078,Jhajjar.pdf
Jhajjar,Matanhail,15,Ishlamgarh,Other than Woman,NONE,0,Mahender Singh,Baljeet Singh,0,0,Unreserved,latin,,2078,Jhajjar.pdf
Jhajjar,Matanhail,16,Jamalpur,SC Woman,SC,1,Sindhu Raj,Ravinder Singh,0,0,Scheduled Caste (Women),latin,,2078,Jhajjar.pdf
Jhajjar,Matanhail,17,Jhamri,Other than Woman,NONE,0,Rohtash,Bhagwan Singh,0,0,Unreserved,latin,,2078,Jhajjar.pdf
Jhajjar,Matanhail,18,Jhaswa,Other than Woman,NONE,0,Preeti,Sombir,0,0,Unreserved,latin,,2078,Jhajjar.pdf
Jhajjar,Matanhail,19,Jharli,Other than Woman,NONE,0,Sudesh,Rajbir Singh,0,0,Unreserved,latin,,2078,Jhajjar.pdf
Jhajjar,Matanhail,20,Kaliawas,Woman,NONE,1,Priyanka,Surender Kumar,0,0,Women,latin,,2078,Jhajjar.pdf
Jhajjar,Matanhail,21,Karodha,Other than Woman,NONE,0,Roshanlal,Manphool,0,0,Unreserved,latin,,2078,Jhajjar.pdf
Jhajjar,Matanhail,22,Khachrauli,Woman,NONE,1,Munesh Devi,Sanjay Kumar,0,0,Women,latin,,2078,Jhajjar.pdf
Jhajjar,Matanhail,23,Khanpur Kalan,SC Woman,SC,1,Raj Kumari,Krishan Chand,0,0,Scheduled Caste(Women),latin,,2078,Jhajjar.pdf
Jhajjar,Matanhail,24,Khanpur Khurd,Other than Woman,NONE,0,Udey,Munshiram,0,0,Unreserved,latin,,2078,Jhajjar.pdf
Jhajjar,Matanhail,25,Khaparwas,Woman,NONE,1,Anita,Dara Singh,0,0,Women,latin,,2078,Jhajjar.pdf
Jhajjar,Matanhail,26,Khera Thru,Other than Woman,NONE,0,Ajit Singh,Udey Singh,0,0,Unreserved,latin,,2078,Jhajjar.pdf
Jhajjar,Matanhail,27,Kheri Hosdarpur,Other than Woman,NONE,0,Bijender,Azad Singh,0,0,Unreserved,latin,,2078,Jhajjar.pdf
Jhajjar,Matanhail,28,Khetawas,Other than Woman,NONE,0,Ashok Kumar,Chander Bhan,0,0,Unreserved,latin,,2078,Jhajjar.pdf
Jhajjar,Matanhail,29,Khorda,SC Other than Woman,SC,0,Bhoopender Singh,Chandu Lal,0,0,Scheduled Caste,latin,,2078,Jhajjar.pdf
Jhajjar,Matanhail,30,Koyalpur,SC Other than Woman,SC,0,Ramesh Chand,Munshiram,0,0,Scheduled Caste,latin,,2078,Jhajjar.pdf
Jhajjar,Matanhail,31,Ladain,Woman,NONE,1,Poonam Rani,Sunil Kumar,0,0,Unreserved(Women),latin,,2078,Jhajjar.pdf
Jhajjar,Matanhail,32,Maliyawas,Other than Woman,NONE,0,Mahipal,Chandulal,0,0,Unreserved,latin,,2078,Jhajjar.pdf
Jhajjar,Matanhail,33,Marot,SC Other than Woman,SC,0,Deepak,Dharambir Singh,0,0,Scheduled Caste,latin,,2078,Jhajjar.pdf
Jhajjar,Matanhail,34,Matanhail,Other than Woman,NONE,0,Satender,Jaipal,0,0,Unreserved,latin,,2078,Jhajjar.pdf
Jhajjar,Matanhail,35,Mohanbari,Woman,NONE,1,Anju Rani,Ombir,0,0,Women,latin,,2078,Jhajjar.pdf
Jhajjar,Matanhail,36,Mundsa,Woman,NONE,1,Sumitra,Kartar Singh,0,0,Women,latin,,2078,Jhajjar.pdf
Jhajjar,Matanhail,37,Nogawa,Other than Woman,NONE,0,Virender Singh,Umed Singh,0,0,Unreserved,latin,,2078,Jhajjar.pdf
Jhajjar,Matanhail,38,Redhuwas,SC Other than Woman,SC,0,Ravinder Kumar,Kamal Singh,0,0,Scheduled Caste,latin,,2078,Jhajjar.pdf
Jhajjar,Matanhail,39,Rudiawas,Other than Woman,NONE,0,Vijay Kumar,Saroop Singh,0,0,Unreserved,latin,,2078,Jhajjar.pdf
Jhajjar,Matanhail,40,Sasrauli,Other than Woman,NONE,0,Devender Singh,Sajjan Singh,0,0,Unreserved,latin,,2078,Jhajjar.pdf
Jhajjar,Matanhail,41,Sehlanga,Other than Woman,NONE,0,Jagat Singh,Sajjan Singh,0,0,Unreserved,latin,,2078,Jhajjar.pdf
Jhajjar,Matanhail,42,Shahjanpur,Woman,NONE,1,Kavita,Narender Kumar,0,0,Women,latin,,2078,Jhajjar.pdf
Jhajjar,Matanhail,43,Sundrehati,Other than Woman,NONE,0,Sunita,Naveen Kumar,0,0,Unreserved,latin,,2078,Jhajjar.pdf
Jhajjar,Salhawas,1,Ahri,Woman,NONE,1,Laxmi Devi,Jai Bhagwan,0,0,Woman,latin,,2080,Jhajjar.pdf
Jhajjar,Salhawas,2,Amboli,Woman,NONE,1,Santosh,Surender,0,0,Woman,latin,,2080,Jhajjar.pdf
Jhajjar,Salhawas,3,Babepur,Other than Woman,NONE,0,Dinesh Sharma,Rammehar,0,0,Unreserved,latin,,2080,Jhajjar.pdf
Jhajjar,Salhawas,4,Bhurawas,Other than Woman,NONE,0,Jagbir Singh,Zile Singh,0,0,Unreserved,latin,,2080,Jhajjar.pdf
Jhajjar,Salhawas,5,Birar,SC Woman,SC,1,Rajbala,Virender Kumar,0,0,Scheduled Caste (Woman),latin,,2080,Jhajjar.pdf
Jhajjar,Salhawas,6,Bithla,Other than Woman,NONE,0,Rakesh Kumar,Kaliyaram,0,0,Unreserved,latin,,2080,Jhajjar.pdf
Jhajjar,Salhawas,7,Chandol,Other than Woman,NONE,0,Bhim Singh,Kundan Lal,0,0,Unreserved,latin,,2080,Jhajjar.pdf
Jhajjar,Salhawas,8,Chandpur,Woman,NONE,1,Manesh Urf Murti Devi,Dinesh,0,0,Woman,latin,,2080,Jhajjar.pdf
Jhajjar,Salhawas,9,Chhapar,Woman,NONE,1,Kiran,Balraj,0,0,Woman,latin,,2080,Jhajjar.pdf
Jhajjar,Salhawas,10,Dadanpur,Other than Woman,NONE,0,Joginder Singh,Randheer Singh,0,0,Unreserved,latin,,2080,Jhajjar.pdf
Jhajjar,Salhawas,11,Dhakla,SC Woman,SC,1,Monika,Rajesh,0,0,Scheduled Caste (Woman),latin,,2080,Jhajjar.pdf
Jhajjar,Salhawas,12,Dhana,Other than Woman,NONE,0,Vijay,Meer Singh,0,0,Unreserved,latin,,2080,Jhajjar.pdf
Jhajjar,Salhawas,13,Dhani Salhawas,Other than Woman,NONE,0,Geeta,Basant Kumar,0,0,Unreserved,latin,,2080,Jhajjar.pdf
Jhajjar,Salhawas,14,Dhanirwas,Other than Woman,NONE,0,Karam Jeet,Tara Chand,0,0,Unreserved,latin,,2080,Jhajjar.pdf
Jhajjar,Salhawas,15,Dhaniya,Woman,NONE,1,Sarojbala,Jai Singh,0,0,Woman,latin,,2080,Jhajjar.pdf
Jhajjar,Salhawas,16,Dharoli,SC Other than Woman,SC,0,Ramesh Kumar,Ram Swaroop,0,0,Scheduled Caste,latin,,2080,Jhajjar.pdf
Jhajjar,Salhawas,17,Fatehpuri,Woman,NONE,1,Priti,Pawan Kumar,0,0,Woman,latin,,2080,Jhajjar.pdf
Jhajjar,Salhawas,18,Girdharpur,SC Other than Woman,SC,0,Jagram,Ramsaroop,0,0,Scheduled Caste,latin,,2080,Jhajjar.pdf
Jhajjar,Salhawas,19,Jaitpur,SC Other than Woman,SC,0,Suresh Kumar,Chander Pal,0,0,Scheduled Caste,latin,,2080,Jhajjar.pdf
Jhajjar,Salhawas,20,Jatwara,Woman,NONE,1,Rajbala Devi,Jagbir Singh,0,0,Woman,latin,,2080,Jhajjar.pdf
Jhajjar,Salhawas,21,Kanwah,Other than Woman,NONE,0,Jai Prakash,Mahaveer Singh,0,0,Unreserved,latin,,2080,Jhajjar.pdf
Jhajjar,Salhawas,22,Kasni,SC Woman,SC,1,Manju,Shri Bhagwan,0,0,Scheduled Caste (Woman),latin,,2080,Jhajjar.pdf
Jhajjar,Salhawas,23,Khuddan,SC Other than Woman,SC,0,Dinesh,Sumer Singh,0,0,Scheduled Caste,latin,,2080,Jhajjar.pdf
Jhajjar,Salhawas,24,Kohandrawli,Woman,NONE,1,Gayatri Devi,Sunil,0,0,Woman,latin,,2080,Jhajjar.pdf
Jhajjar,Salhawas,25,Kunjiya,Other than Woman,NONE,0,Savita,Tejpal,0,0,Unreserved,latin,,2080,Jhajjar.pdf
Jhajjar,Salhawas,26,Mubarikpur,Other than Woman,NONE,0,Rajprakash,Jagdev Singh,0,0,Unreserved,latin,,2080,Jhajjar.pdf
Jhajjar,Salhawas,27,Mundaherea,SC Other than Woman,SC,0,Pushkar,Shishram,0,0,Scheduled Caste,latin,,2080,Jhajjar.pdf
Jhajjar,Salhawas,28,Neola,Other than Woman,NONE,0,Ishwar Singh,Banwari Lal,0,0,Unreserved,latin,,2080,Jhajjar.pdf
Jhajjar,Salhawas,29,Nilaheri,Other than Woman,NONE,0,Mukesh Kumar,Dhrampal,0,0,Unreserved,latin,,2080,Jhajjar.pdf
Jhajjar,Salhawas,30,Niwada,Other than Woman,NONE,0,Kanta,Ramotar,0,0,Unreserved,latin,,2080,Jhajjar.pdf
Jhajjar,Salhawas,31,Patasani,Woman,NONE,1,Sheetal,Sandeep,0,0,Woman,latin,,2080,Jhajjar.pdf
Jhajjar,Salhawas,32,Salhawas,Woman,NONE,1,Suresh Devi,Satyapal,0,0,Woman,latin,,2080,Jhajjar.pdf
Jhajjar,Salhawas,33,Samaspur Majra,Other than Woman,NONE,0,Krishan Kumar,Sube Singh,0,0,Unreserved,latin,,2080,Jhajjar.pdf
Jhajjar,Salhawas,34,Sarola,Other than Woman,NONE,0,Bhupender,Satbir,0,0,Unreserved,latin,,2080,Jhajjar.pdf
Jhajjar,Salhawas,35,Subana,Other than Woman,NONE,0,Maha Singh,Kanwal Singh,0,0,Unreserved,latin,,2080,Jhajjar.pdf
Jhajjar,Salhawas,36,Surheti,Other than Woman,NONE,0,Dhrampal,Raj Singh,0,0,Unreserved,latin,,2080,Jhajjar.pdf
Jhajjar,Salhawas,37,Tumbaheri,Other than Woman,NONE,0,Kaptan,Ramanand,0,0,Unreserved,latin,,2080,Jhajjar.pdf
Jind,Alewa,1,Alewa,Other than Woman,NONE,0,Randhir Singh,Daleep Singh,0,0,Unreserved,latin,,2083,Jind.pdf
Jind,Alewa,2,Badhana,Woman,NONE,1,Anita Devi,Rammeher,0,0,Women,latin,,2083,Jind.pdf
Jind,Alewa,3,Bighana,Other than Woman,NONE,0,Rajkumar,Puran Chand,0,0,Unreserved,latin,,2083,Jind.pdf
Jind,Alewa,4,Chuharpur,SC Other than Woman,SC,0,Satywan,Balwant,0,0,Scheduled Caste,latin,,2083,Jind.pdf
Jind,Alewa,5,Dahola,Other than Woman,NONE,0,Kali ram,Ami lal,0,0,Unreserved,latin,,2083,Jind.pdf
Jind,Alewa,6,Dilluwala,Other than Woman,NONE,0,Narveer Singh Nehra,Albel Singh,0,0,Unreserved,latin,,2083,Jind.pdf
Jind,Alewa,7,Durana,Other than Woman,NONE,0,Bupender Singh,Joga Singh,0,0,Unreserved,latin,,2083,Jind.pdf
Jind,Alewa,8,Gohiyan,Other than Woman,NONE,0,Rajbala,Dharmpal,0,0,Unreserved,latin,,2083,Jind.pdf
Jind,Alewa,9,Hasanpur,Other than Woman,NONE,0,Kaptan Singh Malik,Bhim Singh,0,0,Unreserved,latin,,2083,Jind.pdf
Jind,Alewa,10,Katwal,Woman,NONE,1,Ritu Devi,Kuldeep,0,0,Women,latin,,2083,Jind.pdf
Jind,Alewa,11,Khanda,Woman,NONE,1,Rasna Devi,Baljeet,0,0,Women,latin,,2083,Jind.pdf
Jind,Alewa,12,Kheri Bhulla,Other than Woman,NONE,0,Angrej Singh,Bhim Singh,0,0,Unreserved,latin,,2083,Jind.pdf
Jind,Alewa,13,Kucharana Kalan,Other than Woman,NONE,0,Sishpal,Mangu Ram,0,0,Unreserved,latin,,2083,Jind.pdf
Jind,Alewa,14,Kucharana Khurd,Other than Woman,NONE,0,Gurmel Singh,Kitab Singh,0,0,Unreserved,latin,,2083,Jind.pdf
Jind,Alewa,15,Naguran,Other than Woman,NONE,0,Jaswant,Chatter Singh,0,0,Unreserved,latin,,2083,Jind.pdf
Jind,Alewa,16,Naguran Nimbran,SC Woman,SC,1,Sarmila,Rammeher,0,0,Scheduled Caste (Women),latin,,2083,Jind.pdf
Jind,Alewa,17,Pegan,Other than Woman,NONE,0,Virender,Hawa Singh,0,0,Unreserved,latin,,2083,Jind.pdf
Jind,Alewa,18,Raichandwala,Woman,NONE,1,Mukesh,Mahender Singh,0,0,Women,latin,,2083,Jind.pdf
Jind,Alewa,19,Sandeel,SC Woman,SC,1,Sushma Rani,Gurnam,0,0,Scheduled Caste (Women),latin,,2083,Jind.pdf
Jind,Alewa,20,Shamdo,Woman,NONE,1,Manisha,Rajesh Kumar,0,0,Women,latin,,2083,Jind.pdf
Jind,Alewa,21,Thua,SC Other than Woman,SC,0,Amit,Roshanlal,0,0,Scheduled Caste,latin,,2083,Jind.pdf
Jind,Jind,1,Ahirka,SC Other than Woman,SC,0,Karambir,Chhajuram,0,0,Scheduled Caste,latin,,2085,Jind.pdf
Jind,Jind,2,Amarheri,SC Woman,SC,1,Suman,Rajesh Kumar,0,0,Scheduled Caste (Women),latin,,2085,Jind.pdf
Jind,Jind,3,Ashrafgarh,Other than Woman,NONE,0,Amrit Kaur,Dilbag Singh,0,0,Unreserved,latin,,2085,Jind.pdf
Jind,Jind,4,Assan,Other than Woman,NONE,0,Padam Kumar,Balbir Singh,0,0,Unreserved,latin,,2085,Jind.pdf
Jind,Jind,5,Bahbalpur,Other than Woman,NONE,0,Devender,Mehar Singh,0,0,Unreserved,latin,,2085,Jind.pdf
Jind,Jind,6,Barodi,Woman,NONE,1,Saroj,Balkar Singh,0,0,Women,latin,,2085,Jind.pdf
Jind,Jind,7,Barsana,SC Other than Woman,SC,0,Sanjay,Tekram,0,0,Scheduled Caste,latin,,2085,Jind.pdf
Jind,Jind,8,Barsola,Other than Woman,NONE,0,Joginder Singh,Nihal Singh,0,0,Unreserved,latin,,2085,Jind.pdf
Jind,Jind,9,Bhairon Khera,Other than Woman,NONE,0,Ravinder Kumar,Ramphal,0,0,Unreserved,latin,,2085,Jind.pdf
Jind,Jind,10,Bibipur,Woman,NONE,1,Dipeeka Rani,Naveen Kumar,0,0,Women,latin,,2085,Jind.pdf
Jind,Jind,11,Biroli,Other than Woman,NONE,0,Krishan Singh,Chhotu Ram,0,0,Unreserved,latin,,2085,Jind.pdf
Jind,Jind,12,Bishanpura,SC Woman,SC,1,Vinod Kumari,Subhash,0,0,Scheduled Caste (Women),latin,,2085,Jind.pdf
Jind,Jind,13,Bohatwala,Other than Woman,NONE,0,Jagmohan,Subey Singh,0,0,Unreserved,latin,,2085,Jind.pdf
Jind,Jind,14,Brah Kalan,Other than Woman,NONE,0,Raj Kumar,Prem Parkash,0,0,Unreserved,latin,,2085,Jind.pdf
Jind,Jind,15,Brah Khurd,SC Other than Woman,SC,0,Rohtash Kumar,Ram Kumar,0,0,Scheduled Caste,latin,,2085,Jind.pdf
Jind,Jind,16,Chabri,Woman,NONE,1,Sumitra Kumari,Krishan,0,0,Women,latin,,2085,Jind.pdf
Jind,Jind,17,Dalamwala,Other than Woman,NONE,0,Jagdish,Sube Singh,0,0,Unreserved,latin,,2085,Jind.pdf
Jind,Jind,18,Dariyawala,Woman,NONE,1,Manjeet Kumari,Rampal,0,0,Women,latin,,2085,Jind.pdf
Jind,Jind,19,Dhanda Kheri,SC Other than Woman,SC,0,Sarup Singh,Devi Dayal,0,0,Scheduled Caste,latin,,2085,Jind.pdf
Jind,Jind,20,Dhani,Woman,NONE,1,Sunita Devi,Rohtash Alies Mukesh,0,0,Women,latin,,2085,Jind.pdf
Jind,Jind,21,Ghimana,Other than Woman,NONE,0,Mamta,Sunil,0,0,Unreserved,latin,,2085,Jind.pdf
Jind,Jind,22,Govindpura,Other than Woman,NONE,0,Suresh Kumar,Mola Ram,0,0,Unreserved,latin,,2085,Jind.pdf
Jind,Jind,23,Gulkani,Other than Woman,NONE,0,Jaideep,Om Singh,0,0,Unreserved,latin,,2085,Jind.pdf
Jind,Jind,24,Haibatpur,Woman,NONE,1,Kashmiro Devi,Ashok Kumar,0,0,Women,latin,,2085,Jind.pdf
Jind,Jind,25,Igrah,SC Other than Woman,SC,0,Dalsher,Deshraj,0,0,Scheduled Caste,latin,,2085,Jind.pdf
Jind,Jind,26,Ikkas,Woman,NONE,1,Rajwanti,Harpal Singh,0,0,Women,latin,,2085,Jind.pdf
Jind,Jind,27,Intal Kalan,Woman,NONE,1,Krishna Devi,Jaibir Singh,0,0,Women,latin,,2085,Jind.pdf
Jind,Jind,28,Intal Khurd,Other than Woman,NONE,0,Vikas,Dharampal,0,0,Unreserved,latin,,2085,Jind.pdf
Jind,Jind,29,Jajwan,Woman,NONE,1,Savita,Ajit,0,0,Women,latin,,2085,Jind.pdf
Jind,Jind,30,Jalalpur Kalan,Woman,NONE,1,Sumitra,Satpal,0,0,Women,latin,,2085,Jind.pdf
Jind,Jind,31,Jalalpur Khurd,Other than Woman,NONE,0,Gianchand,Kehar Singh,0,0,Unreserved,latin,,2085,Jind.pdf
Jind,Jind,32,Jeetgarh,Woman,NONE,1,Babli,Sanjay,0,0,Women,latin,,2085,Jind.pdf
Jind,Jind,33,Jhanj Kalan,Other than Woman,NONE,0,Satish Kumar,Mahender Singh,0,0,Unreserved,latin,,2085,Jind.pdf
Jind,Jind,34,Jhanj Khurd,SC Other than Woman,SC,0,Pooja Devi,Jai Parkash,0,0,Scheduled Caste,latin,,2085,Jind.pdf
Jind,Jind,35,Jiwanpur,Woman,NONE,1,Nirmala Devi,Krishan Kumar,0,0,Women,latin,,2085,Jind.pdf
Jind,Jind,36,Julani,Woman,NONE,1,Rekha,Sandeep,0,0,Women,latin,,2085,Jind.pdf
Jind,Jind,37,Kair Kheri,Other than Woman,NONE,0,Rajender Singh,Ram Kumar,0,0,Unreserved,latin,,2085,Jind.pdf
Jind,Jind,38,Kandela,SC Other than Woman,SC,0,Ajmer Singh,Chatar Singh,0,0,Scheduled Caste,latin,,2085,Jind.pdf
Jind,Jind,39,Kharakramji,Other than Woman,NONE,0,Kavita,Surender,0,0,Unreserved,latin,,2085,Jind.pdf
Jind,Jind,40,Khera Ramrai,Other than Woman,NONE,0,Sukhjinder Singh,Phool Singh,1,0,Unreserved,latin,,2085,Jind.pdf
Jind,Jind,41,Kheri Taloda,Other than Woman,NONE,0,Vacant,,0,1,Unreserved,latin,,2085,Jind.pdf
Jind,Jind,42,Khokhri,Other than Woman,NONE,0,Ramraji,Ramsaroop,0,0,Unreserved,latin,,2085,Jind.pdf
Jind,Jind,43,Khunga,Other than Woman,NONE,0,Sajan Kumar,Meva Singh,0,0,Unreserved,latin,,2085,Jind.pdf
Jind,Jind,44,Kishanpura,Other than Woman,NONE,0,Dayanand,Hari Singh,0,0,Unreserved,latin,,2085,Jind.pdf
Jind,Jind,45,Lakhmirwala,SC Woman,SC,1,Sushma Rani,Surajbhan,0,0,Scheduled Caste (Women),latin,,2085,Jind.pdf
Jind,Jind,46,Lalit Khera,Other than Woman,NONE,0,Vedpal Malik,Nihal Singh Malik,0,0,Unreserved,latin,,2085,Jind.pdf
Jind,Jind,47,Lohchab,Other than Woman,NONE,0,Harnarain,Phunda Ram,0,0,Unreserved,latin,,2085,Jind.pdf
Jind,Jind,48,Mando Kheri,Woman,NONE,1,Pinki Rani,Anil Kumar Lather,0,0,Women,latin,,2085,Jind.pdf
Jind,Jind,49,Manoharpur,Other than Woman,NONE,0,Dilbag Singh,Mange Ram,0,0,Unreserved,latin,,2085,Jind.pdf
Jind,Jind,50,Nidana,SC Woman,SC,1,Pinky,Satish,0,0,Scheduled Caste (Women),latin,,2085,Jind.pdf
Jind,Jind,51,Nidani,SC Woman,SC,1,Pushpa,Jai Bhagwan,0,0,Scheduled Caste (Women),latin,,2085,Jind.pdf
Jind,Jind,52,Nirjan,SC Other than Woman,SC,0,Rajesh,Parmanand,0,0,Scheduled Caste,latin,,2085,Jind.pdf
Jind,Jind,53,Pindara,Other than Woman,NONE,0,Ramphal Singh,Ishwar Singh,0,0,Unreserved,latin,,2085,Jind.pdf
Jind,Jind,54,Ponkri Kheri,Other than Woman,NONE,0,Rammehar,Bhalleram,0,0,Unreserved,latin,,2085,Jind.pdf
Jind,Jind,55,Radhana,Other than Woman,NONE,0,Naresh,Rajpal,0,0,Unreserved,latin,,2085,Jind.pdf
Jind,Jind,56,Rajpura,Other than Woman,NONE,0,Jaibir Singh,Baldev Singh,0,0,Unreserved,latin,,2085,Jind.pdf
Jind,Jind,57,Ramgarh,Other than Woman,NONE,0,Ramphal Singh,Balbir Singh,0,0,Unreserved,latin,,2085,Jind.pdf
Jind,Jind,58,Ramrai,Woman,NONE,1,Sudesh,Kuldeep Singh,0,0,Women,latin,,2085,Jind.pdf
Jind,Jind,59,Rupgarh,Other than Woman,NONE,0,Sandeep,Krishan,0,0,Unreserved,latin,,2085,Jind.pdf
Jind,Jind,60,Sangatpura,Woman,NONE,1,Saroj,Dalbir Singh,0,0,Women,latin,,2085,Jind.pdf
Jind,Jind,61,Shahpur,Woman,NONE,1,Geeta,Mukesh,0,0,Women,latin,,2085,Jind.pdf
Jind,Jind,62,Shreerag Khera,Other than Woman,NONE,0,Vijender Kumar,Ramesh Chander,0,0,Unreserved,latin,,2085,Jind.pdf
Jind,Jind,63,Sindhvi Khera,Other than Woman,NONE,0,Mahipal,Jagde Ram,0,0,Unreserved,latin,,2085,Jind.pdf
Jind,Jind,64,Siwaha,Other than Woman,NONE,0,Vedpal,Harkesh,0,0,Unreserved,latin,,2085,Jind.pdf
Jind,Jind,65,Sunderpur,Other than Woman,NONE,0,Dharampal,Rulia Ram,0,0,Unreserved,latin,,2085,Jind.pdf
Jind,Jind,66,Taloda,Other than Woman,NONE,0,Madan Lal,Hukum Singh,0,0,Unreserved,latin,,2085,Jind.pdf
Jind,Julana,1,Akalgarh,SC Other than Woman,SC,0,Satish,Surajmal,0,0,Scheduled Caste,latin,,2087,Jind.pdf
Jind,Julana,2,Anoopgarh,Woman,NONE,1,Banti Rani,Attar Singh,0,0,Women,latin,,2087,Jind.pdf
Jind,Julana,3,Brahmanwas,Other than Woman,NONE,0,Jai Bhagwan,Thandi Ram,0,0,Unreserved,latin,,2087,Jind.pdf
Jind,Julana,4,Brar Khera,SC Other than Woman,SC,0,Ravi,Dina Nath,0,0,Scheduled Caste,latin,,2087,Jind.pdf
Jind,Julana,5,Budha Khera Lather,Woman,NONE,1,Kavita,Ajay,0,0,Women,latin,,2087,Jind.pdf
Jind,Julana,6,Bura Dehar,SC Other than Woman,SC,0,Wazir,Gopi Ram,0,0,Scheduled Caste,latin,,2087,Jind.pdf
Jind,Julana,7,Buwana,Other than Woman,NONE,0,Balbir Singh,Golu Ram,0,0,Unreserved,latin,,2087,Jind.pdf
Jind,Julana,8,Deverar,Other than Woman,NONE,0,Charan Singh,Ram Mehar,0,0,Unreserved,latin,,2087,Jind.pdf
Jind,Julana,9,Desh Khera,Other than Woman,NONE,0,Kitab Singh,Fateh Singh,0,0,Unreserved,latin,,2087,Jind.pdf
Jind,Julana,10,Dhigana,SC Woman,SC,1,Kanta Devi,Dalbir Singh,0,0,Scheduled Caste (Women),latin,,2087,Jind.pdf
Jind,Julana,11,Fatehgarh,Other than Woman,NONE,0,Satish Kumar,Gyan Singh,0,0,Unreserved,latin,,2087,Jind.pdf
Jind,Julana,12,Garhwali,Other than Woman,NONE,0,Manoj,Gyan Singh,0,0,Unreserved,latin,,2087,Jind.pdf
Jind,Julana,13,Gatauli,SC Woman,SC,1,Mukesh Rani,Sanjay,0,0,Scheduled Caste (Women),latin,,2087,Jind.pdf
Jind,Julana,14,Gosain Khera,Woman,NONE,1,Saroj,Virender,0,0,Women,latin,,2087,Jind.pdf
Jind,Julana,15,Hathwala,Woman,NONE,1,Yashwanti,Anil Kumar,0,0,Women,latin,,2087,Jind.pdf
Jind,Julana,16,Jaijaiwanti,Other than Woman,NONE,0,Rajesh,Jagde,0,0,Unreserved,latin,,2087,Jind.pdf
Jind,Julana,17,Jhamola,Other than Woman,NONE,0,Sunil Kumar,Tekram,0,0,Unreserved,latin,,2087,Jind.pdf
Jind,Julana,18,Kamach Khera,Other than Woman,NONE,0,Pardeep Kumar,Raghbir Singh,0,0,Unreserved,latin,,2087,Jind.pdf
Jind,Julana,19,Karela,SC Other than Woman,SC,0,Jagwant Singh,Balwant Singh,0,0,Scheduled Caste,latin,,2087,Jind.pdf
Jind,Julana,20,Karsola,Other than Woman,NONE,0,Raj Pal,Omkar Singh,0,0,Unreserved,latin,,2087,Jind.pdf
Jind,Julana,21,Kharainti,Woman,NONE,1,Sunita,Krishan,0,0,Women,latin,,2087,Jind.pdf
Jind,Julana,22,Khima Kheri,Other than Woman,NONE,0,Krishan Chander Yadav,Partap Singh Yadav,1,0,Unreserved,latin,,2087,Jind.pdf
Jind,Julana,23,Khera Bakhta,SC Other than Woman,SC,0,Didar Singh,Biru Ram,0,0,Scheduled Caste,latin,,2087,Jind.pdf
Jind,Julana,24,Killazafargarh,Other than Woman,NONE,0,Kuldip Singh,Jugti Ram,0,0,Unreserved,latin,,2087,Jind.pdf
Jind,Julana,25,Kinana,Woman,NONE,1,Simarjit Kaur,Daljit Singh,0,0,Women,latin,,2087,Jind.pdf
Jind,Julana,26,Lajwana Kalan,Other than Woman,NONE,0,Ramphal,Rishala Ram,0,0,Unreserved,latin,,2087,Jind.pdf
Jind,Julana,27,Lajwana Khurd,Other than Woman,NONE,0,Satbir Singh,Fateh Singh,0,0,Unreserved,latin,,2087,Jind.pdf
Jind,Julana,28,Malvi,Other than Woman,NONE,0,Ramkala,Sardha,0,0,Unreserved,latin,,2087,Jind.pdf
Jind,Julana,29,Meharara,Woman,NONE,1,Suman Devi,Suresh,0,0,Women,latin,,2087,Jind.pdf
Jind,Julana,30,Nandgarh,Other than Woman,NONE,0,Hari Om,Dei Ram,0,0,Unreserved,latin,,2087,Jind.pdf
Jind,Julana,31,Padana,Other than Woman,NONE,0,Kiran Kumar,Ramphal,0,0,Unreserved,latin,,2087,Jind.pdf
Jind,Julana,32,Pauli,Other than Woman,NONE,0,Sunder Singh,Umed Singh,0,0,Unreserved,latin,,2087,Jind.pdf
Jind,Julana,33,Rajgarh,Woman,NONE,1,Sudesh,Ram Niwas,0,0,Women,latin,,2087,Jind.pdf
Jind,Julana,34,Ramkali,Other than Woman,NONE,0,Surender,Mahander,0,0,Unreserved,latin,,2087,Jind.pdf
Jind,Julana,35,Shadipur,SC Woman,SC,1,Anju,Anil Kumar,0,0,Scheduled Caste (Women),latin,,2087,Jind.pdf
Jind,Julana,36,Shamlo Kalan,Woman,NONE,1,Sneh Lata,Krishan Kumar,0,0,Women,latin,,2087,Jind.pdf
Jind,Julana,37,Shamlo Khurd,Other than Woman,NONE,0,Hoshiyar Singh,Balbir Singh,0,0,Unreserved,latin,,2087,Jind.pdf
Jind,Julana,38,Sirsa Kheri,Woman,NONE,1,Sumitra,Patel,0,0,Women,latin,,2087,Jind.pdf
Jind,Narwana,1,Badowal,Woman,NONE,1,Poonam,Hardeep,0,0,Women,latin,,2089,Jind.pdf
Jind,Narwana,2,Sacha Khera,SC Other than Woman,SC,0,Lakhmi Chand,Girdhala,0,0,Scheduled Caste,latin,,2089,Jind.pdf
Jind,Narwana,3,Bhikewala,Other than Woman,NONE,0,Jaipal,Ramchander,0,0,Unreserved,latin,,2089,Jind.pdf
Jind,Narwana,4,Danoda Kalan,Other than Woman,NONE,0,Purushotam,Rampartap,0,0,Unreserved,latin,,2089,Jind.pdf
Jind,Narwana,5,Jajanwala,Other than Woman,NONE,0,Sanjay Kumar,Balbir,0,0,Unreserved,latin,,2089,Jind.pdf
Jind,Narwana,6,Sainthali,SC Other than Woman,SC,0,Sukhdev Singh,Khajan singh,0,0,Scheduled Caste,latin,,2089,Jind.pdf
Jind,Narwana,7,Danoda Khurd,SC Other than Woman,SC,0,Thandia Ram,Neki Ram,0,0,Scheduled Caste,latin,,2089,Jind.pdf
Jind,Narwana,8,Dablain,Other than Woman,NONE,0,Rajbir Singh,Miyan Singh,0,0,Unreserved,latin,,2089,Jind.pdf
Jind,Narwana,9,Ishmailpur,Woman,NONE,1,Renu Bala,Jitender,0,0,Women,latin,,2089,Jind.pdf
Jind,Narwana,10,Frain Kalan,Other than Woman,NONE,0,Satywan Sharma,Devi Ram,0,0,Unreserved,latin,,2089,Jind.pdf
Jind,Narwana,11,Frain Khurd,Other than Woman,NONE,0,Joginder,Bhim Singh,0,0,Unreserved,latin,,2089,Jind.pdf
Jind,Narwana,12,Nehra,Other than Woman,NONE,0,Somdutt,Dayachand,0,0,Unreserved,latin,,2089,Jind.pdf
Jind,Narwana,13,Kaloda Kalan,Other than Woman,NONE,0,Balbir Singh,Ram Singh,0,0,Unreserved,latin,,2089,Jind.pdf
Jind,Narwana,14,Kaloda Khurd,Woman,NONE,1,Krishana Devi,Charan Singh,0,0,Women,latin,,2089,Jind.pdf
Jind,Narwana,15,Khardwal,SC Woman,SC,1,Rushi Devi,Mukesh Kumar,0,0,Scheduled Caste (Women),latin,,2089,Jind.pdf
Jind,Narwana,16,Amargarh,Other than Woman,NONE,0,Ramphal,Munshi Ram,0,0,Unreserved,latin,,2089,Jind.pdf
Jind,Narwana,17,Lohcab,Other than Woman,NONE,0,Jaideep Singh,Jogi Ram,0,0,Unreserved,latin,,2089,Jind.pdf
Jind,Narwana,18,Rajgarh Dhobi,Other than Woman,NONE,0,Sukhbir,Satpal,0,0,Unreserved,latin,,2089,Jind.pdf
Jind,Narwana,19,Phulia Kalan,Other than Woman,NONE,0,Balbir Singh,Dana Alis Madan Singh,0,0,Unreserved,latin,,2089,Jind.pdf
Jind,Narwana,20,Julhera,SC Other than Woman,SC,0,Sushil,Sube Singh,0,0,Scheduled Caste,latin,,2089,Jind.pdf
Jind,Narwana,21,Sulhera,Woman,NONE,1,Manita,Manoj Kumar,1,0,Women,latin,,2089,Jind.pdf
Jind,Narwana,22,Phulia Khurd,Other than Woman,NONE,0,Jaipal,Rai singh,0,0,Unreserved,latin,,2089,Jind.pdf
Jind,Narwana,23,Kahna Khera,SC Other than Woman,SC,0,Manju,Rajesh,0,0,Scheduled Caste,latin,,2089,Jind.pdf
Jind,Narwana,24,Harnampura,Other than Woman,NONE,0,Krishan Kumar,Mukhtyar Singh,0,0,Unreserved,latin,,2089,Jind.pdf
Jind,Narwana,25,Karamgarh,Other than Woman,NONE,0,Kelo Devi,Rajender Kumar,0,0,Unreserved,latin,,2089,Jind.pdf
Jind,Narwana,26,Dharodi,Other than Woman,NONE,0,Rambhaj,Gyani Ram,0,0,Unreserved,latin,,2089,Jind.pdf
Jind,Narwana,27,Khanpur,Other than Woman,NONE,0,Subhash,Hardev Singh,0,0,Unreserved,latin,,2089,Jind.pdf
Jind,Narwana,28,Hamirgarh,Other than Woman,NONE,0,Ravinder Kumar,Mewa singh,0,0,Unreserved,latin,,2089,Jind.pdf
Jind,Narwana,29,Loan,Other than Woman,NONE,0,Ishwer Singh,Nihal singh,0,0,Unreserved,latin,,2089,Jind.pdf
Jind,Narwana,30,Mohal Khera,Other than Woman,NONE,0,Vedpal,Ramdhari,0,0,Unreserved,latin,,2089,Jind.pdf
Jind,Narwana,31,Surja Khera,Woman,NONE,1,Premwati,Vikram Singh,0,0,Women,latin,,2089,Jind.pdf
Jind,Narwana,32,Bhana Brahmna,SC Other than Woman,SC,0,Satpal,Mamu RAm,0,0,Scheduled Caste,latin,,2089,Jind.pdf
Jind,Narwana,33,Ambarsar,Woman,NONE,1,Meenu,Rohtash,0,0,Women,latin,,2089,Jind.pdf
Jind,Narwana,34,Gurusar,Woman,NONE,1,Sushma,Sandeep Singh,0,0,Women,latin,,2089,Jind.pdf
Jind,Narwana,35,Sinser,SC Woman,SC,1,Neelam,Malkinder,0,0,Scheduled Caste (Women),latin,,2089,Jind.pdf
Jind,Narwana,36,Singwal,Woman,NONE,1,Krishana,Virender Singh,0,0,Women,latin,,2089,Jind.pdf
Jind,Narwana,37,Dhakal,SC Woman,SC,1,Ramdevi,Jaibhagwan,0,0,Scheduled Caste (Women),latin,,2089,Jind.pdf
Jind,Narwana,38,Hatho,SC Woman,SC,1,Mukesh Rani,Gurnam,0,0,Scheduled Caste (Women),latin,,2089,Jind.pdf
Jind,Narwana,39,Bidhrana,Woman,NONE,1,Sheela Devi,Baldeva,0,0,Women,latin,,2089,Jind.pdf
Jind,Narwana,40,Gurthali,SC Other than Woman,SC,0,Kasmir Singh,Gurcharan Singh,0,0,Scheduled Caste,latin,,2089,Jind.pdf
Jind,Narwana,41,Hansdher,Woman,NONE,1,Pinki Devi,Kulbir Singh,0,0,Women,latin,,2089,Jind.pdf
Jind,Narwana,42,Garhi,Other than Woman,NONE,0,Harwinder Singh,Gurcharan Singh,0,0,Unreserved,latin,,2089,Jind.pdf
Jind,Narwana,43,Dindoli,Woman,NONE,1,Sonam,Wakil Singh,1,0,Women,latin,,2089,Jind.pdf
Jind,Narwana,44,Narayangarh,Woman,NONE,1,Murti Devi,Darshan Singh,0,0,Women,latin,,2089,Jind.pdf
Jind,Narwana,45,Rasidan,Other than Woman,NONE,0,Devender Singh,Jugraj Singh,0,0,Unreserved,latin,,2089,Jind.pdf
Jind,Narwana,46,Dhabi Tek Singh,Woman,NONE,1,Suman,Sube Singh,0,0,Women,latin,,2089,Jind.pdf
Jind,Narwana,47,Belarkha,Woman,NONE,1,Sheela Devi,Devender,0,0,Women,latin,,2089,Jind.pdf
Jind,Narwana,48,Dhanouri,Other than Woman,NONE,0,Rajender Singh,Ramesh,0,0,Unreserved,latin,,2089,Jind.pdf
Jind,Narwana,49,Barta,Other than Woman,NONE,0,Gurmel Singh,Fathe Singh,0,0,Unreserved,latin,,2089,Jind.pdf
Jind,Narwana,50,Kalwan,SC Other than Woman,SC,0,Bhrath raj,Shankar,0,0,Scheduled Caste,latin,,2089,Jind.pdf
Jind,Narwana,51,Kharal,Woman,NONE,1,Pinki Rani,Manoj Kumar,0,0,Women,latin,,2089,Jind.pdf
Jind,Narwana,52,Dhamtan Sahib,Other than Woman,NONE,0,Jaipal,Prem Chand,0,0,Unreserved,latin,,2089,Jind.pdf
Jind,Narwana,53,Koyal,Other than Woman,NONE,0,Naresh Devi,Krishan Kumar,0,0,Unreserved,latin,,2089,Jind.pdf
Jind,Narwana,54,Nepewala,Other than Woman,NONE,0,Krishan Kumar,Mahender,0,0,Unreserved,latin,,2089,Jind.pdf
Jind,Narwana,55,Data Singh Wala,Other than Woman,NONE,0,Lakhbir Singh,Dalip Singh,0,0,Unreserved,latin,,2089,Jind.pdf
Jind,Narwana,56,Ujhana,Other than Woman,NONE,0,Satbir Singh,Ranjeet Singh,0,0,Unreserved,latin,,2089,Jind.pdf
Jind,Narwana,57,Pipaltha,Other than Woman,NONE,0,Vikramjeet Singh,Kuldeep Singh,0,0,Unreserved,latin,,2089,Jind.pdf
Jind,Narwana,58,Rewar,Other than Woman,NONE,0,Rakesh,Ramkumar,0,0,Unreserved,latin,,2089,Jind.pdf
Jind,Narwana,59,Padarth Khera,Woman,NONE,1,Sukhbir Kaur,Harjeet,0,0,Women,latin,,2089,Jind.pdf
Jind,Pillukhera,1,Alanjogi Khera,Other than Woman,NONE,0,Santosh,Surender,0,0,Unreserved,latin,,2091,Jind.pdf
Jind,Pillukhera,2,Amrawali Khera,Woman,NONE,1,Anita Devi,Jitender,0,0,Women,latin,,2091,Jind.pdf
Jind,Pillukhera,3,Bania Khera,Other than Woman,NONE,0,Suresh Kumar,Ramkumar,0,0,Unreserved,latin,,2091,Jind.pdf
Jind,Pillukhera,4,Beri Khera,Other than Woman,NONE,0,Rajesh,Suresh Kumar,0,0,Unreserved,latin,,2091,Jind.pdf
Jind,Pillukhera,5,Bhag Khera,SC Woman,SC,1,Kiran Devi,Rohtash,0,0,Scheduled Caste(Women),latin,,2091,Jind.pdf
Jind,Pillukhera,6,Bhambhewa,Other than Woman,NONE,0,Tejpal,Dilbag Singh,0,0,Unreserved,latin,,2091,Jind.pdf
Jind,Pillukhera,7,Bhartana,Other than Woman,NONE,0,Ram Mehar,Rishal Singh,0,0,Unreserved,latin,,2091,Jind.pdf
Jind,Pillukhera,8,Bhurain,Woman,NONE,1,Suman,Shakti Singh,0,0,Women,latin,,2091,Jind.pdf
Jind,Pillukhera,9,Budha Khera,Other than Woman,NONE,0,Suresh Kumar,Baru Ram,0,0,Unreserved,latin,,2091,Jind.pdf
Jind,Pillukhera,10,Dharoli,Woman,NONE,1,Rekha Rani,Sukhbir,0,0,Women,latin,,2091,Jind.pdf
Jind,Pillukhera,11,Dhatrath,Other than Woman,NONE,0,Ramkesh,Chhabil Dutt,0,0,Unreserved,latin,,2091,Jind.pdf
Jind,Pillukhera,12,Gangoli,Other than Woman,NONE,0,Balbir Singh Deshwal,Moji Ram,0,0,Unreserved,latin,,2091,Jind.pdf
Jind,Pillukhera,13,Hadwa,SC Woman,SC,1,Rekha Devi,Ravi,0,0,Scheduled Caste(Women),latin,,2091,Jind.pdf
Jind,Pillukhera,14,Jamni,Woman,NONE,1,Meena Rani,Jaikishan,0,0,Women,latin,,2091,Jind.pdf
Jind,Pillukhera,15,Kalawati,Woman,NONE,1,Parmila Devi,Tej Singh,0,0,Women,latin,,2091,Jind.pdf
Jind,Pillukhera,16,Kalwa,Other than Woman,NONE,0,Dalbir Singh,Sardara,0,0,Unreserved,latin,,2091,Jind.pdf
Jind,Pillukhera,17,Kharak Gadian,Other than Woman,NONE,0,Harvinder Kaur,Pargat Singh,1,0,Unreserved,latin,,2091,Jind.pdf
Jind,Pillukhera,18,Kharak Gagar,Woman,NONE,1,Anita,Gopal,0,0,Women,latin,,2091,Jind.pdf
Jind,Pillukhera,19,Ludana,Other than Woman,NONE,0,Bhupender Singh,Ramkumar,0,0,Unreserved,latin,,2091,Jind.pdf
Jind,Pillukhera,20,Mandi Khurd,Woman,NONE,1,Suman Devi,Kuldeep Singh,0,0,Women,latin,,2091,Jind.pdf
Jind,Pillukhera,21,Malsari Khera,Other than Woman,NONE,0,Omparkash,Shish Ram,0,0,Unreserved,latin,,2091,Jind.pdf
Jind,Pillukhera,22,Mohamad Khera,Other than Woman,NONE,0,Vinod Kumar,Raghbir Singh,0,0,Unreserved,latin,,2091,Jind.pdf
Jind,Pillukhera,23,Morkhi,Other than Woman,NONE,0,Mukesh,Prahlad Singh,0,0,Unreserved,latin,,2091,Jind.pdf
Jind,Pillukhera,24,Pillukhera,SC Other than Woman,SC,0,Rajesh Kumar,Surajbhan,0,0,Scheduled Caste,latin,,2091,Jind.pdf
Jind,Pillukhera,25,Rajana Kalan,Other than Woman,NONE,0,Jasmer Singh,Ved Parkash Alias Vedpal,0,0,Unreserved,latin,,2091,Jind.pdf
Jind,Pillukhera,26,Rajana Khurd,SC Other than Woman,SC,0,Krishan Kumar,Shri Ram,0,0,Scheduled Caste,latin,,2091,Jind.pdf
Jind,Pillukhera,27,Retoli,SC Other than Woman,SC,0,Satyvir Singh,Thana Ram,0,0,Scheduled Caste,latin,,2091,Jind.pdf
Jind,Safidon,1,Aftabgarh,Other than Woman,NONE,0,Gurpej Singh,Inder Singh,0,0,Unreserved,latin,,2093,Jind.pdf
Jind,Safidon,2,Anchra Kalan,Other than Woman,NONE,0,Ajmer Singh,Sobha Ram,0,0,Unreserved,latin,,2093,Jind.pdf
Jind,Safidon,3,Anchra Khurd,Woman,NONE,1,Rajwanti,Mahender Singh,0,0,Women,latin,,2093,Jind.pdf
Jind,Safidon,4,Anta,SC Other than Woman,SC,0,Sombir,Rupchand @ Asha Ram,0,0,Scheduled Caste,latin,,2093,Jind.pdf
Jind,Safidon,5,Bagru Kalan,Woman,NONE,1,Saroj Bala,Balbir Singh,0,0,Women,latin,,2093,Jind.pdf
Jind,Safidon,6,Bagru Khurd,Other than Woman,NONE,0,Sunder Singh,Baru Ram,0,0,Unreserved,latin,,2093,Jind.pdf
Jind,Safidon,7,Bahadurgarh,Other than Woman,NONE,0,Sushil,Bije Ram,0,0,Unreserved,latin,,2093,Jind.pdf
Jind,Safidon,8,Bahadurpur,Woman,NONE,1,Seema Rani,Sandeep Kumar,0,0,Women,latin,,2093,Jind.pdf
Jind,Safidon,9,Barod,Woman,NONE,1,Poonam,Deepak Raj,0,0,Women,latin,,2093,Jind.pdf
Jind,Safidon,10,Basini,Other than Woman,NONE,0,Amit Kumar,Suresh Kumar,0,0,Unreserved,latin,,2093,Jind.pdf
Jind,Safidon,11,Bhuslana,Other than Woman,NONE,0,Ranbir Singh,Kalma Ram,0,0,Unreserved,latin,,2093,Jind.pdf
Jind,Safidon,12,Butani,Woman,NONE,1,Santosh,Rajesh Kumar,0,0,Women,latin,,2093,Jind.pdf
Jind,Safidon,13,Chapar,Other than Woman,NONE,0,Arvinder Singh,Lakhbir Singh,0,0,Unreserved,latin,,2093,Jind.pdf
Jind,Safidon,14,Dharmgarh,Other than Woman,NONE,0,Ajitpal Singh,Shamsher Singh,0,0,Unreserved,latin,,2093,Jind.pdf
Jind,Safidon,15,Didwara,Other than Woman,NONE,0,Sanjiv Kumar,Jai Narayan,0,0,Unreserved,latin,,2093,Jind.pdf
Jind,Safidon,16,Harigarh,Other than Woman,NONE,0,Jitender,Balwan Singh,0,0,Unreserved,latin,,2093,Jind.pdf
Jind,Safidon,17,Hatt,SC Other than Woman,SC,0,Vijender Singh,Maman Chand,0,0,Scheduled Caste,latin,,2093,Jind.pdf
Jind,Safidon,18,Hosiyarpur,Other than Woman,NONE,0,Subhash Chander,Partap Singh,0,0,Unreserved,latin,,2093,Jind.pdf
Jind,Safidon,19,Jaipur,Other than Woman,NONE,0,Satish Kumar,Nafe Singh,0,0,Unreserved,latin,,2093,Jind.pdf
Jind,Safidon,20,Karkhana,Other than Woman,NONE,0,Udey Singh,Mugla Ram,0,0,Unreserved,latin,,2093,Jind.pdf
Jind,Safidon,21,Karsindhu,Other than Woman,NONE,0,Vijay Singh,Ganga Singh,0,0,Unreserved,latin,,2093,Jind.pdf
Jind,Safidon,22,Kharkara,SC Woman,SC,1,Paramjit Kaur,Ram Kumar,1,0,Scheduled Caste (Women),latin,,2093,Jind.pdf
Jind,Safidon,23,Khatla,Other than Woman,NONE,0,Sultan Singh,Jagdish,0,0,Unreserved,latin,,2093,Jind.pdf
Jind,Safidon,24,Khera Khemawati,Other than Woman,NONE,0,Sushil Kumar,Sultan Singh,0,0,Unreserved,latin,,2093,Jind.pdf
Jind,Safidon,25,Kurar,SC Woman,SC,1,Suman Devi,Vedparkash,0,0,Scheduled Caste (Women),latin,,2093,Jind.pdf
Jind,Safidon,26,Malar,Woman,NONE,1,Rekha Devi,Raj Kumar,0,0,Women,latin,,2093,Jind.pdf
Jind,Safidon,27,Malikpur,Other than Woman,NONE,0,Jasvinder Kaur,Mastan Singh,0,0,Unreserved,latin,,2093,Jind.pdf
Jind,Safidon,28,Muana,Other than Woman,NONE,0,Sukhbir Singh,Tika Ram,0,0,Unreserved,latin,,2093,Jind.pdf
Jind,Safidon,29,Naya Gawn Siwanamal,Other than Woman,NONE,0,Anita Rani,Satish Kumar,0,0,Unreserved,latin,,2093,Jind.pdf
Jind,Safidon,30,Nimnabad,Woman,NONE,1,Harjit Kaur,Nishan Singh,0,0,Women,latin,,2093,Jind.pdf
Jind,Safidon,31,Paju Kalan,Other than Woman,NONE,0,Pawan Kumar,Balbir Singh,0,0,Unreserved,latin,,2093,Jind.pdf
Jind,Safidon,32,Paju Khurd,SC Other than Woman,SC,0,Sandeep Kumar,Dhan Singh,0,0,Scheduled Caste,latin,,2093,Jind.pdf
Jind,Safidon,33,Ram Nagar,Woman,NONE,1,Santoshi,Anil,0,0,Women,latin,,2093,Jind.pdf
Jind,Safidon,34,Rampura,Woman,NONE,1,Charanjit Kaur,Sher Singh,1,0,Women,latin,,2093,Jind.pdf
Jind,Safidon,35,Ratta Khera,Woman,NONE,1,Pinki Rani,Sandeep Kumar,0,0,Women,latin,,2093,Jind.pdf
Jind,Safidon,36,Rodh,Other than Woman,NONE,0,Pritam Singh,Gurcharan Singh,0,0,Unreserved,latin,,2093,Jind.pdf
Jind,Safidon,37,Rojhla,SC Other than Woman,SC,0,Rekha,Kuldeep Singh,0,0,Scheduled Caste,latin,,2093,Jind.pdf
Jind,Safidon,38,Sahanpur,Other than Woman,NONE,0,Manju Rani,Virender,0,0,Unreserved,latin,,2093,Jind.pdf
Jind,Safidon,39,Sarfabad,SC Woman,SC,1,Komal,Satbir Singh,0,0,Scheduled Caste (Women),latin,,2093,Jind.pdf
Jind,Safidon,40,Shilla Kheri,Woman,NONE,1,Sudesh,Joginder,0,0,Women,latin,,2093,Jind.pdf
Jind,Safidon,41,Singhana,Other than Woman,NONE,0,Surender,Prem Singh,0,0,Unreserved,latin,,2093,Jind.pdf
Jind,Safidon,42,Singhpura,Woman,NONE,1,Laxmi Saini,Subhash Saini,0,0,Women,latin,,2093,Jind.pdf
Jind,Safidon,43,Siwanamal,Other than Woman,NONE,0,Bhupender Singh,Jangi Singh,0,0,Unreserved,latin,,2093,Jind.pdf
Jind,Safidon,44,Tito Kheri,SC Other than Woman,SC,0,Omparkash,Chandu Ram,0,0,Scheduled Caste,latin,,2093,Jind.pdf
Jind,Safidon,45,Todi Kheri,SC Other than Woman,SC,0,Ramphal,Lilu Ram,0,0,Scheduled Caste,latin,,2093,Jind.pdf
Jind,Uchana,1,Alipura,SC Other than Woman,SC,0,Rajender Kumar,Nafe Singh,0,0,Scheduled Caste,latin,,2095,Jind.pdf
Jind,Uchana,2,Badanpur,SC Woman,SC,1,Soniya,Surajmal,0,0,Scheduled Caste (Women),latin,,2095,Jind.pdf
Jind,Uchana,3,Baroda,Woman,NONE,1,Neha,Sudhir,0,0,Women,latin,,2095,Jind.pdf
Jind,Uchana,4,Bhagwanpura,Other than Woman,NONE,0,Balwan Singh,Sher Singh,0,0,Unreserved,latin,,2095,Jind.pdf
Jind,Uchana,5,Bhongra,Woman,NONE,1,Indro,Mahabir Singh,0,0,Women,latin,,2095,Jind.pdf
Jind,Uchana,6,Bhonsla,Woman,NONE,1,Kavita,Sanjay,0,0,Women,latin,,2095,Jind.pdf
Jind,Uchana,7,Budain,Other than Woman,NONE,0,Shamsher Singh,Birshala,0,0,Unreserved,latin,,2095,Jind.pdf
Jind,Uchana,8,Chattar,Other than Woman,NONE,0,Purushotam,Satyawan,0,0,Unreserved,latin,,2095,Jind.pdf
Jind,Uchana,9,Daroli Khera,Other than Woman,NONE,0,Naseeb Singh,Chhaju Ram,0,0,Unreserved,latin,,2095,Jind.pdf
Jind,Uchana,10,Dhan Kheri,SC Other than Woman,SC,0,Manoj,Om Parkash,0,0,Scheduled Caste,latin,,2095,Jind.pdf
Jind,Uchana,11,Dohana Khera,Woman,NONE,1,Seema Rani,Dharmbir Singh,0,0,Women,latin,,2095,Jind.pdf
Jind,Uchana,12,Dumerkha Kalan,Other than Woman,NONE,0,Neelam Rani,Dalbir,0,0,Unreserved,latin,,2095,Jind.pdf
Jind,Uchana,13,Dumerkha Khurd,Other than Woman,NONE,0,Salochna,Binder,0,0,Unreserved,latin,,2095,Jind.pdf
Jind,Uchana,14,Durjanpur,Other than Woman,NONE,0,Birender,Mahabir,0,0,Unreserved,latin,,2095,Jind.pdf
Jind,Uchana,15,Gainda Khera,Other than Woman,NONE,0,Surender,Basti Ram,0,0,Unreserved,latin,,2095,Jind.pdf
Jind,Uchana,16,Ghaso Kalan,Woman,NONE,1,Soniya,Sandeep Singh,0,0,Women,latin,,2095,Jind.pdf
Jind,Uchana,17,Ghaso Khurd,Other than Woman,NONE,0,Sandeep,Dalbir,0,0,Unreserved,latin,,2095,Jind.pdf
Jind,Uchana,18,Ghoghrian,Woman,NONE,1,Neelam,Randhir Singh,0,0,Women,latin,,2095,Jind.pdf
Jind,Uchana,19,Jheel,Other than Woman,NONE,0,Pardeep,Dharambir,0,0,Unreserved,latin,,2095,Jind.pdf
Jind,Uchana,20,Kabarchha,SC Other than Woman,SC,0,Ved Parkash,Jiya lal,0,0,Scheduled Caste,latin,,2095,Jind.pdf
Jind,Uchana,21,Kakrod,SC Woman,SC,1,Shakuntla,Rajbir,0,0,Scheduled Caste (Women),latin,,2095,Jind.pdf
Jind,Uchana,22,Kalta,Other than Woman,NONE,0,Anju Rani,Pardeep Singh,0,0,Unreserved,latin,,2095,Jind.pdf
Jind,Uchana,23,Karsindu,SC Other than Woman,SC,0,Naresh,Chander Singh,0,0,Scheduled Caste,latin,,2095,Jind.pdf
Jind,Uchana,24,Kahsoon,Other than Woman,NONE,0,Naresh Kumar,Jaibhagwan,1,0,Unreserved,latin,,2095,Jind.pdf
Jind,Uchana,25,Khapar,Woman,NONE,1,Soniya,Pardeep,1,0,Women,latin,,2095,Jind.pdf
Jind,Uchana,26,Khark Burah,Other than Woman,NONE,0,Darshan Singh,Rameshwar Singh,0,0,Unreserved,latin,,2095,Jind.pdf
Jind,Uchana,27,Khatkar,SC Other than Woman,SC,0,Balkar,Ramkishan,0,0,Scheduled Caste,latin,,2095,Jind.pdf
Jind,Uchana,28,Kheri Masania,Woman,NONE,1,Santosh,Ajmer Singh,0,0,Women,latin,,2095,Jind.pdf
Jind,Uchana,29,Kheri Saffa,Other than Woman,NONE,0,Sandeep,Satbir,0,0,Unreserved,latin,,2095,Jind.pdf
Jind,Uchana,30,Lodhar,Other than Woman,NONE,0,Suresh Kumar,Bhartha Ram,0,0,Unreserved,latin,,2095,Jind.pdf
Jind,Uchana,31,Mandi Kalan,Woman,NONE,1,Kanta,Sarwan,0,0,Women,latin,,2095,Jind.pdf
Jind,Uchana,32,Mangalpur,Other than Woman,NONE,0,Rajender Singh,Mange Ram,0,0,Unreserved,latin,,2095,Jind.pdf
Jind,Uchana,33,Mohangarh,Other than Woman,NONE,0,Sunil Kumar,Suraj mal,0,0,Unreserved,latin,,2095,Jind.pdf
Jind,Uchana,34,Mukhand,Other than Woman,NONE,0,Basau Ram,Dhoop Singh,0,0,Unreserved,latin,,2095,Jind.pdf
Jind,Uchana,35,Nachar Khera,Woman,NONE,1,Saroj Devi,Manoj,0,0,Women,latin,,2095,Jind.pdf
Jind,Uchana,36,Palwan,Other than Woman,NONE,0,Manju bala,Sunil Kumar,0,0,Unreserved,latin,,2095,Jind.pdf
Jind,Uchana,37,Roj Khera,Other than Woman,NONE,0,Randhir Singh,Dariya Singh,1,0,Unreserved,latin,,2095,Jind.pdf
Jind,Uchana,38,Sedha Majra,Other than Woman,NONE,0,Jodha Ram,Rangi Ram,0,0,Unreserved,latin,,2095,Jind.pdf
Jind,Uchana,39,Sudkain Kalan,Woman,NONE,1,Naveen,Narender,0,0,Women,latin,,2095,Jind.pdf
Jind,Uchana,40,Sudkain Khurd,Woman,NONE,1,Suman,Manoj,0,0,Women,latin,,2095,Jind.pdf
Jind,Uchana,41,Sunderpura,SC Woman,SC,1,Kavita devi,Raman,0,0,Scheduled Caste (Woman),latin,,2095,Jind.pdf
Jind,Uchana,42,Surbrah,Other than Woman,NONE,0,Krishan Kumar,Jograj,0,0,Unreserved,latin,,2095,Jind.pdf
Jind,Uchana,43,Tarkha,Other than Woman,NONE,0,Usha rani,Anil,0,0,Unreserved,latin,,2095,Jind.pdf
Jind,Uchana,44,Uchana Khurd,SC Other than Woman,SC,0,Bhateri Devi,Jai Bhagwan,0,0,Scheduled Caste,latin,,2095,Jind.pdf
Jind,Uchana,45,Udeypur,Other than Woman,NONE,0,Rammehar Singh,Bharat Singh,0,0,Unreserved,latin,,2095,Jind.pdf
Kaithal,Guhla,1,Agondh,Other than Woman,NONE,0,Bishpal Singh,Balbir Singh,0,0,Unreserved,latin,,2098,Kaithal.pdf
Kaithal,Guhla,2,Arnouli,SC Other than Woman,SC,0,Kashmir Singh,Narata Ram,0,0,Scheduled Caste,latin,,2098,Kaithal.pdf
Kaithal,Guhla,3,Azimgarh,Other than Woman,NONE,0,Harvinder Kaur,Harvinder Singh,0,0,Unreserved,latin,,2098,Kaithal.pdf
Kaithal,Guhla,4,Badsui,Woman,NONE,1,Jasbir Kaur,Rajesh Kumar,0,0,Women,latin,,2098,Kaithal.pdf
Kaithal,Guhla,5,Balbhera,Other than Woman,NONE,0,Rakesh Kumar,Dhanpat Sharma,0,0,Unreserved,latin,,2098,Kaithal.pdf
Kaithal,Guhla,6,Bhagal,SC Other than Woman,SC,0,Rameshwar Dass,Jogi Ram,0,0,Scheduled Caste,latin,,2098,Kaithal.pdf
Kaithal,Guhla,7,Bhatia,Woman,NONE,1,Jaswinder Kaur,Mukhtiyar Singh,0,0,Women,latin,,2098,Kaithal.pdf
Kaithal,Guhla,8,Bhuna,Other than Woman,NONE,0,Krishan Kumar,Darbara Ram,0,0,Unreserved,latin,,2098,Kaithal.pdf
Kaithal,Guhla,9,Bhunsla,Woman,NONE,1,Kulwinder Kaur,Gurpreet Singh,0,0,Women,latin,,2098,Kaithal.pdf
Kaithal,Guhla,10,Bichian,Other than Woman,NONE,0,Rammehar,Surajbhan,0,0,Unreserved,latin,,2098,Kaithal.pdf
Kaithal,Guhla,11,Boupur,Other than Woman,NONE,0,Gulzar singh,Karnail Singh,0,0,Unreserved,latin,,2098,Kaithal.pdf
Kaithal,Guhla,12,Budanpur Gujran,Woman,NONE,1,Hardeep Kaur,Ishwer Singh,1,0,Women,latin,,2098,Kaithal.pdf
Kaithal,Guhla,13,Chaba,Woman,NONE,1,Saravjeet Kaur,A m r i k S i n g h,0,0,W o m e n,latin,,2098,Kaithal.pdf
Kaithal,Guhla,14,Chanchak,Woman,NONE,1,Balbiro Devi,Sandeep Ram,0,0,Women,latin,,2098,Kaithal.pdf
Kaithal,Guhla,15,Channa Jattan,Other than Woman,NONE,0,Avtar Singh,Bachan Singh,0,0,Unreserved,latin,,2098,Kaithal.pdf
Kaithal,Guhla,16,Daba,Woman,NONE,1,Sukhdeep Kaur,Gurdeep Singh,0,0,Women,latin,,2098,Kaithal.pdf
Kaithal,Guhla,17,Dandota,Other than Woman,NONE,0,Ranjeet Singh,Sewa Singh,0,0,Unreserved,latin,,2098,Kaithal.pdf
Kaithal,Guhla,18,Dera Bazigar,Other than Woman,NONE,0,Surjeet Ram,Rama Ram,0,0,Unreserved,latin,,2098,Kaithal.pdf
Kaithal,Guhla,19,Dera Gobind Singh Nagar,SC Woman,SC,1,Rajwinder Kaur,Darshan Singh,1,0,Scheduled Caste (Women),latin,,2098,Kaithal.pdf
Kaithal,Guhla,20,Duserpur,SC Other than Woman,SC,0,Seema Devi,Gyan Singh,0,0,Scheduled Caste,latin,,2098,Kaithal.pdf
Kaithal,Guhla,21,Gaggarpur,Other than Woman,NONE,0,Malkeet Singh,Harkishan Singh,0,0,Unreserved,latin,,2098,Kaithal.pdf
Kaithal,Guhla,22,Ghari Nazir,Other than Woman,NONE,0,Lakhwinder,Tehal Singh,0,0,Unreserved,latin,,2098,Kaithal.pdf
Kaithal,Guhla,23,Gurunanak Nagar,Other than Woman,NONE,0,Kuldeep Singh,Balkar Singh,0,0,Unreserved,latin,,2098,Kaithal.pdf
Kaithal,Guhla,24,Hansu Majra,SC Other than Woman,SC,0,Buta Singh,Bira Ram,0,0,Scheduled Caste,latin,,2098,Kaithal.pdf
Kaithal,Guhla,25,Harigarh Kingon,Other than Woman,NONE,0,Nirmal Singh,Chatar Singh,0,0,Unreserved,latin,,2098,Kaithal.pdf
Kaithal,Guhla,26,Hemu Majra,Other than Woman,NONE,0,Bira Ram,Jammu Ram,0,0,Unreserved,latin,,2098,Kaithal.pdf
Kaithal,Guhla,27,Kallar Majra,Other than Woman,NONE,0,Jangir Singh,Kulwant Singh,0,0,Unreserved,latin,,2098,Kaithal.pdf
Kaithal,Guhla,28,Kamheri,Woman,NONE,1,Menka Rani,Jitender Singh,0,0,Women,latin,,2098,Kaithal.pdf
Kaithal,Guhla,29,Kasouli,Other than Woman,NONE,0,Gurdeep Singh,Nachhatar Singh,0,0,Unreserved,latin,,2098,Kaithal.pdf
Kaithal,Guhla,30,Khambhera,Other than Woman,NONE,0,Jasbir Kaur,Najar Singh,1,0,Unreserved,latin,,2098,Kaithal.pdf
Kaithal,Guhla,31,Kharal,Other than Woman,NONE,0,Hardeep Singh,Kuldeep Singh,0,0,Unreserved,latin,,2098,Kaithal.pdf
Kaithal,Guhla,32,Kharkara,SC Woman,SC,1,Pinki Devi,Kuldeep Singh,0,0,Scheduled Caste (Women),latin,,2098,Kaithal.pdf
Kaithal,Guhla,33,Kharoudi,SC Other than Woman,SC,0,Sewa Singh,Kaka Singh,0,0,Scheduled Caste,latin,,2098,Kaithal.pdf
Kaithal,Guhla,34,Kheri Daban,Other than Woman,NONE,0,Pritam Singh,Chanan Singh,1,0,Unreserved,latin,,2098,Kaithal.pdf
Kaithal,Guhla,35,Khushal Majra,Other than Woman,NONE,0,Chandi Ram,Tek Ram,0,0,Unreserved,latin,,2098,Kaithal.pdf
Kaithal,Guhla,36,Lalpur,Other than Woman,NONE,0,Jaswinder Singh,Gurnam Singh,0,0,Unreserved,latin,,2098,Kaithal.pdf
Kaithal,Guhla,37,Landaheri,Other than Woman,NONE,0,Pargat Singh,Darshan Singh,0,0,Unreserved,latin,,2098,Kaithal.pdf
Kaithal,Guhla,38,Mahmoodpur,Other than Woman,NONE,0,Prabjeet Singh,Jaimal Singh,0,0,Unreserved,latin,,2098,Kaithal.pdf
Kaithal,Guhla,39,Majri,Other than Woman,NONE,0,Satbir Singh,Sinder Singh,0,0,Unreserved,latin,,2098,Kaithal.pdf
Kaithal,Guhla,40,Malikpur Samana,SC Other than Woman,SC,0,Dharampal,Hazoor Singh,0,0,Scheduled Caste,latin,,2098,Kaithal.pdf
Kaithal,Guhla,41,Mastgarh,Other than Woman,NONE,0,Ranjeet Singh,Narender Singh,0,0,Unreserved,latin,,2098,Kaithal.pdf
Kaithal,Guhla,42,Mengra,Woman,NONE,1,Manjeet Kaur,Ramandeep Singh,0,0,Women,latin,,2098,Kaithal.pdf
Kaithal,Guhla,43,Menjheri,SC Woman,SC,1,Neelam Rani,Babu Ram,0,0,Scheduled Caste (Women),latin,,2098,Kaithal.pdf
Kaithal,Guhla,44,Nanakpur,Other than Woman,NONE,0,Amrik Singh,Charan Dass,0,0,Unreserved,latin,,2098,Kaithal.pdf
Kaithal,Guhla,45,Nandgarh,Other than Woman,NONE,0,Sandeep Arora,Kashmir Singh,0,0,Unreserved,latin,,2098,Kaithal.pdf
Kaithal,Guhla,46,Paprala,Other than Woman,NONE,0,Jaspreet Kaur,Nasib Singh,0,0,Unreserved,latin,,2098,Kaithal.pdf
Kaithal,Guhla,47,Peedal,Woman,NONE,1,Manisha Rani,Subhash Chand,0,0,Women,latin,,2098,Kaithal.pdf
Kaithal,Guhla,48,Ram Nagar,Woman,NONE,1,Bhupinder Kaur,Narender Singh,0,0,Women,latin,,2098,Kaithal.pdf
Kaithal,Guhla,49,Rattakhera Kadam,Woman,NONE,1,Kulwinder Kaur,Ajaib Singh,1,0,Women,latin,,2098,Kaithal.pdf
Kaithal,Guhla,50,Rattakhera Lukman,Other than Woman,NONE,0,Amrit pal Singh,Buta Singh,0,0,Unreserved,latin,,2098,Kaithal.pdf
Kaithal,Guhla,51,Riwar Jagir,Woman,NONE,1,Suman Devi,Mahavir Singh,0,0,Women,latin,,2098,Kaithal.pdf
Kaithal,Guhla,52,Sadeheri,SC Woman,SC,1,Suman,Shishan,0,0,Scheduled Caste (Women),latin,,2098,Kaithal.pdf
Kaithal,Guhla,53,Sarakpur,Other than Woman,NONE,0,Gurjant Singh,Baldev Singh,1,0,Unreserved,latin,,2098,Kaithal.pdf
Kaithal,Guhla,54,Sarola,SC Other than Woman,SC,0,Beant Kaur,Darshan Singh,0,0,Scheduled Caste,latin,,2098,Kaithal.pdf
Kaithal,Guhla,55,Seo Majra,Other than Woman,NONE,0,Kiranpal Kaur,Baljeet Singh,0,0,Unreserved,latin,,2098,Kaithal.pdf
Kaithal,Guhla,56,Shadipur,SC Woman,SC,1,Manjeet Kaur,Satnam Singh,0,0,Scheduled Caste (Women),latin,,2098,Kaithal.pdf
Kaithal,Guhla,57,Shahid Bhagat Singh,Woman,NONE,1,Paramjeet Kaur,Jitender Singh,0,0,Women,latin,,2098,Kaithal.pdf
Kaithal,Guhla,58,Sihali,Other than Woman,NONE,0,Atma Ram,Harbhajan Singh,0,0,Unreserved,latin,,2098,Kaithal.pdf
Kaithal,Guhla,59,Sinh,Woman,NONE,1,Neelam,Krishan Kumar,0,0,Women,latin,,2098,Kaithal.pdf
Kaithal,Guhla,60,Sultania,Other than Woman,NONE,0,Sanjay Kumar,Ramdiya,0,0,Unreserved,latin,,2098,Kaithal.pdf
Kaithal,Guhla,61,Sultania Kartarpur,Other than Woman,NONE,0,Parminder Kaur,Lakhwinder Singh,0,0,Unreserved,latin,,2098,Kaithal.pdf
Kaithal,Guhla,62,Tatiana,Other than Woman,NONE,0,Subhsher Singh,Ruliya Singh,0,0,Unreserved,latin,,2098,Kaithal.pdf
Kaithal,Guhla,63,Theh Banera,Woman,NONE,1,Santosh Devi,Mewa Ram,0,0,Women,latin,,2098,Kaithal.pdf
Kaithal,Guhla,64,Theh Butana,Other than Woman,NONE,0,Gurmeet Kaur,Davinder Singh,1,0,Unreserved,latin,,2098,Kaithal.pdf
Kaithal,Guhla,65,Theh Mukerian,Woman,NONE,1,Mandeep Kaur,Sukhpal Singh,0,0,W o m e n,latin,,2098,Kaithal.pdf
Kaithal,Guhla,66,Theh Newal,SC Other than Woman,SC,0,Anju Rani,Surender Singh,0,0,Scheduled Caste,latin,,2098,Kaithal.pdf
Kaithal,Kaithal,1,Baba Ladana,SC Woman,SC,1,Reetu Rani,Gitesh Kumar,0,0,Scheduled Caste (Women),latin,,2100,Kaithal.pdf
Kaithal,Kaithal,2,Balwanti,Other than Woman,NONE,0,Kavinder,Rajender,0,0,Unreserved,latin,,2100,Kaithal.pdf
Kaithal,Kaithal,3,Barot,Woman,NONE,1,Sunita Rani,Sanjeev Kumar,0,0,Women,latin,,2100,Kaithal.pdf
Kaithal,Kaithal,4,Begpur,SC Woman,SC,1,Vacant,---,0,1,Scheduled Caste (Women),latin,,2100,Kaithal.pdf
Kaithal,Kaithal,5,Bhaini Majra,Woman,NONE,1,Makhani,Jaipal,0,0,Women,latin,,2100,Kaithal.pdf
Kaithal,Kaithal,6,Bhanpura,Other than Woman,NONE,0,Ram Mehar,Ram Sarup,1,0,Unreserved,latin,,2100,Kaithal.pdf
Kaithal,Kaithal,7,Buhda Khera,Other than Woman,NONE,0,Dina Nath Sharma,Om Parkash,0,0,Unreserved,latin,,2100,Kaithal.pdf
Kaithal,Kaithal,8,Chak Padla Chhot,Other than Woman,NONE,0,Hardeep Singh,Ajmer Singh,0,0,Unreserved,latin,,2100,Kaithal.pdf
Kaithal,Kaithal,9,Chandana,Other than Woman,NONE,0,Bimla Devi,Randhir Singh,0,0,Unreserved,latin,,2100,Kaithal.pdf
Kaithal,Kaithal,10,Chhot,Other than Woman,NONE,0,Virender Singh,Basaser Singh,0,0,Unreserved,latin,,2100,Kaithal.pdf
Kaithal,Kaithal,11,Deoban,SC Other than Woman,SC,0,Rajender Singh,Gurdayala Singh,0,0,Scheduled Caste,latin,,2100,Kaithal.pdf
Kaithal,Kaithal,12,Deod Kheri,Other than Woman,NONE,0,Parbita Rani,Mansukh Nain,0,0,Unreserved,latin,,2100,Kaithal.pdf
Kaithal,Kaithal,13,Dehora,Other than Woman,NONE,0,Sunil,Pahal Singh,0,0,Unreserved,latin,,2100,Kaithal.pdf
Kaithal,Kaithal,14,Dera Gadla,Woman,NONE,1,Veerpal Kaur,Kamal Khushal,0,0,Women,latin,,2100,Kaithal.pdf
Kaithal,Kaithal,15,Devigarh,Other than Woman,NONE,0,Gulab Singh,Chotu Ram,1,0,Unreserved,latin,,2100,Kaithal.pdf
Kaithal,Kaithal,16,Dhilon Wali,Woman,NONE,1,Sudesh Rani,Kuldeep Singh,0,0,Women,latin,,2100,Kaithal.pdf
Kaithal,Kaithal,17,Dhons,SC Other than Woman,SC,0,Azad Singh,Chotu Ram,0,0,Scheduled Caste,latin,,2100,Kaithal.pdf
Kaithal,Kaithal,18,Diwal,Other than Woman,NONE,0,Jagdish Chand,Amrit Lal,0,0,Unreserved,latin,,2100,Kaithal.pdf
Kaithal,Kaithal,19,Dundhrehri,Woman,NONE,1,Kamlesh,Dilbag,0,0,Women,latin,,2100,Kaithal.pdf
Kaithal,Kaithal,20,Franswala,Other than Woman,NONE,0,Jasmer Singh,Balwant Singh,0,0,Unreserved,latin,,2100,Kaithal.pdf
Kaithal,Kaithal,21,Garhi Padla,Woman,NONE,1,Bala Devi,Ramesh Kumar,0,0,Women,latin,,2100,Kaithal.pdf
Kaithal,Kaithal,22,Geong,Other than Woman,NONE,0,Vikram Singh,Beera Ram,0,0,Unreserved,latin,,2100,Kaithal.pdf
Kaithal,Kaithal,23,Guhna,Woman,NONE,1,Poonam Devi,Vinod Kumar,0,0,Women,latin,,2100,Kaithal.pdf
Kaithal,Kaithal,24,Harsola,Other than Woman,NONE,0,Naresh Kumar,Raghbir Singh,1,0,Unreserved,latin,,2100,Kaithal.pdf
Kaithal,Kaithal,25,Jagdishpura,Other than Woman,NONE,0,Nishan Kaur,Kashmir Singh,0,0,Unreserved,latin,,2100,Kaithal.pdf
Kaithal,Kaithal,26,Jaswanti,Other than Woman,NONE,0,Charan Singh,Sunhera Ram,0,0,Unreserved,latin,,2100,Kaithal.pdf
Kaithal,Kaithal,27,Kakaut,SC Other than Woman,SC,0,Satay Ram,Singh Ram,0,0,Scheduled Caste,latin,,2100,Kaithal.pdf
Kaithal,Kaithal,28,Kathwar,Other than Woman,NONE,0,Gulab Singh,Ishwar Singh,0,0,Unreserved,latin,,2100,Kaithal.pdf
Kaithal,Kaithal,29,Keorak,Other than Woman,NONE,0,Balkar Singh,Sukhpal,0,0,Unreserved,latin,,2100,Kaithal.pdf
Kaithal,Kaithal,30,Khanoda,Woman,NONE,1,Rasna,Suresh Kumar,0,0,Women,latin,,2100,Kaithal.pdf
Kaithal,Kaithal,31,Kheri Raiwali,Other than Woman,NONE,0,Jarnail Singh,Jagir Singh,0,0,Unreserved,latin,,2100,Kaithal.pdf
Kaithal,Kaithal,32,Kheri Sheru,Other than Woman,NONE,0,Gurnam,Chandi Ram,0,0,Unreserved,latin,,2100,Kaithal.pdf
Kaithal,Kaithal,33,Khurana,Other than Woman,NONE,0,Ramphal,Kaliya alias Kali Ram,0,0,Unreserved,latin,,2100,Kaithal.pdf
Kaithal,Kaithal,34,Kultaran,SC Other than Woman,SC,0,Balinder,Dhanna Ram,0,0,Scheduled Caste,latin,,2100,Kaithal.pdf
Kaithal,Kaithal,35,Kutabpur,Woman,NONE,1,Mukesh Kumari,Sunil Kumar,0,0,Women,latin,,2100,Kaithal.pdf
Kaithal,Kaithal,36,Mago Majri,Other than Woman,NONE,0,Balinder Singh,Chandi Ram,0,0,Unreserved,latin,,2100,Kaithal.pdf
Kaithal,Kaithal,37,Malkheri,SC Woman,SC,1,Poonam,Vikram Singh,0,0,Scheduled Caste (Women),latin,,2100,Kaithal.pdf
Kaithal,Kaithal,38,Manas,Woman,NONE,1,Rupesh,Narender,0,0,Women,latin,,2100,Kaithal.pdf
Kaithal,Kaithal,39,Manas Patti,Woman,NONE,1,Mukesh,Narender Singh,1,0,Women,latin,,2100,Kaithal.pdf
Kaithal,Kaithal,40,Mundri,Woman,NONE,1,Bala Devi,Subhash Chand,0,0,Women,latin,,2100,Kaithal.pdf
Kaithal,Kaithal,41,Naina,Woman,NONE,1,Suman Devi alias Suman Kumari,Surender Singh,0,0,Women,latin,,2100,Kaithal.pdf
Kaithal,Kaithal,42,Nand Singh Wala,Other than Woman,NONE,0,Surjeet Singh,Mehar Chand,0,0,Unreserved,latin,,2100,Kaithal.pdf
Kaithal,Kaithal,43,Narar,SC Woman,SC,1,Dharam Kaur,Naveen Kumar,0,0,Scheduled Caste (Women),latin,,2100,Kaithal.pdf
Kaithal,Kaithal,44,Nauch,SC Other than Woman,SC,0,Anil Kumar,Kanwar Bhaan,0,0,Scheduled Caste,latin,,2100,Kaithal.pdf
Kaithal,Kaithal,45,Padla,Other than Woman,NONE,0,Baby Bala,Dev Kumar,0,0,Unreserved,latin,,2100,Kaithal.pdf
Kaithal,Kaithal,46,Patti Afgan,SC Woman,SC,1,Sunita Rani,Sube Singh,0,0,Scheduled Caste (Women),latin,,2100,Kaithal.pdf
Kaithal,Kaithal,47,Patti Dhogar Shaktinagar,SC Other than Woman,SC,0,Sanjeev Kumar,Dharampal,0,0,Scheduled Caste,latin,,2100,Kaithal.pdf
Kaithal,Kaithal,48,Patti Dhogar Silakhera,Other than Woman,NONE,0,Paramjeet Kaur,Gurdeep Singh,0,0,Unreserved,latin,,2100,Kaithal.pdf
Kaithal,Kaithal,49,Patti Khot,Other than Woman,NONE,0,Meena Rani,Ajaib Gir,0,0,Unreserved,latin,,2100,Kaithal.pdf
Kaithal,Kaithal,50,Peoda,Other than Woman,NONE,0,Sudesh,Ram Mehar,0,0,Unreserved,latin,,2100,Kaithal.pdf
Kaithal,Kaithal,51,Pobala,Other than Woman,NONE,0,Akvinder Kaur,Gurbaj Singh,0,0,Unreserved,latin,,2100,Kaithal.pdf
Kaithal,Kaithal,52,Rasulpur,Woman,NONE,1,Preeti,Sohan Lal,0,0,Women,latin,,2100,Kaithal.pdf
Kaithal,Kaithal,53,Roherian,Other than Woman,NONE,0,Ramphal,Mangat Ram,0,0,Unreserved,latin,,2100,Kaithal.pdf
Kaithal,Kaithal,54,Sajuma,Other than Woman,NONE,0,Jasvinder Singh,Chhitru Ram,0,0,Unreserved,latin,,2100,Kaithal.pdf
Kaithal,Kaithal,55,Sampan Kheri,Woman,NONE,1,Nisha Devi,Amrik Singh,0,0,Women,latin,,2100,Kaithal.pdf
Kaithal,Kaithal,56,Sangatpura,Woman,NONE,1,Banto Devi,Ram Niwas,0,0,Women,latin,,2100,Kaithal.pdf
Kaithal,Kaithal,57,Sanghan,Other than Woman,NONE,0,Surjit Singh,Sohan Singh,0,0,Unreserved,latin,,2100,Kaithal.pdf
Kaithal,Kaithal,58,Saran,Other than Woman,NONE,0,Virender Singh,Gaje Singh,0,0,Unreserved,latin,,2100,Kaithal.pdf
Kaithal,Kaithal,59,Sega,Other than Woman,NONE,0,Rajender Kumar,Nigaiya Ram,0,0,Unreserved,latin,,2100,Kaithal.pdf
Kaithal,Kaithal,60,Shergarh,SC Other than Woman,SC,0,Gurnam Singh,Bhira Ram,0,0,Scheduled Caste,latin,,2100,Kaithal.pdf
Kaithal,Kaithal,61,Sirta,Woman,NONE,1,Parvati Sharma,Khusi Ram,0,0,Women,latin,,2100,Kaithal.pdf
Kaithal,Kaithal,62,Sisla,SC Other than Woman,SC,0,Krishan Chand,Gopal Chand,0,0,Scheduled Caste,latin,,2100,Kaithal.pdf
Kaithal,Kaithal,63,Sismore,Other than Woman,NONE,0,Gulab Rai Kandal,Kali Ram,0,0,Unreserved,latin,,2100,Kaithal.pdf
Kaithal,Kaithal,64,Teek,Other than Woman,NONE,0,Vikram Singh,Inder Singh,0,0,Unreserved,latin,,2100,Kaithal.pdf
Kaithal,Kaithal,65,Titram,Other than Woman,NONE,0,Mahabir Singh,Kehar Singh,0,0,Unreserved,latin,,2100,Kaithal.pdf
Kaithal,Kaithal,66,Ujhana,Other than Woman,NONE,0,Gyan Singh,Sant Ram,1,0,Unreserved,latin,,2100,Kaithal.pdf
Kaithal,Kalayat,1,Badsikri Kalan,Woman,NONE,1,Harprit Kaur,Rupender Singh,0,0,Women,latin,,2102,Kaithal.pdf
Kaithal,Kalayat,2,Badsikri Khurd,Other than Woman,NONE,0,Rajesh Kumar,Nafe Singh,0,0,Unreserved,latin,,2102,Kaithal.pdf
Kaithal,Kalayat,3,Balu Bidhan Patti,SC Woman,SC,1,Asha,Rambhaj,0,0,Scheduled Caste (Women ),latin,,2102,Kaithal.pdf
Kaithal,Kalayat,4,Balu Gadran Patti,Other than Woman,NONE,0,Ramesh Kumar,Ram Parsad,0,0,Unreserved,latin,,2102,Kaithal.pdf
Kaithal,Kalayat,5,Balu Rapria Patti,Woman,NONE,1,Seema,Jasbir Singh,0,0,Women,latin,,2102,Kaithal.pdf
Kaithal,Kalayat,6,Batta,Other than Woman,NONE,0,Pawan Kumar,Mamu Ram,0,0,Unreserved,latin,,2102,Kaithal.pdf
Kaithal,Kalayat,7,Bhalang,Other than Woman,NONE,0,Surender Kumar,Om Parkash,0,0,Unreserved,latin,,2102,Kaithal.pdf
Kaithal,Kalayat,8,Brahmani- wala,Other than Woman,NONE,0,Raj Kumar,Deep Chand,0,0,Unreserved,latin,,2102,Kaithal.pdf
Kaithal,Kalayat,9,Chausala,Other than Woman,NONE,0,Baldev,Desh Raj,0,0,Unreserved,latin,,2102,Kaithal.pdf
Kaithal,Kalayat,10,Dubbal,SC Other than Woman,SC,0,Jagraj Singh,Phool Singh,0,0,Scheduled Caste,latin,,2102,Kaithal.pdf
Kaithal,Kalayat,11,Dumara,Woman,NONE,1,Sudha Rani,Mahi Pal,0,0,Women,latin,,2102,Kaithal.pdf
Kaithal,Kalayat,12,Dundwa,SC Woman,SC,1,Meenu,Ajay Kumar,1,0,Scheduled Caste (Women),latin,,2102,Kaithal.pdf
Kaithal,Kalayat,13,Haripura,Other than Woman,NONE,0,Birbal,Diwan Singh,0,0,Unreserved,latin,,2102,Kaithal.pdf
Kaithal,Kalayat,14,Julanikhera,Other than Woman,NONE,0,Reena,Krishan,0,0,Unreserved,latin,,2102,Kaithal.pdf
Kaithal,Kalayat,15,Kailram,SC Other than Woman,SC,0,Nathu Ram,Chandgi Ram,0,0,Scheduled Caste,latin,,2102,Kaithal.pdf
Kaithal,Kalayat,16,Kalasar,Woman,NONE,1,Ritu Devi,Chandi Ram,0,0,Women,latin,,2102,Kaithal.pdf
Kaithal,Kalayat,17,Kamalpur,Other than Woman,NONE,0,Subhash,Shiv Narayan,0,0,Unreserved,latin,,2102,Kaithal.pdf
Kaithal,Kalayat,18,Khark Pandwa,SC Other than Woman,SC,0,Sita Devi,Shri Ram,0,0,Scheduled Caste,latin,,2102,Kaithal.pdf
Kaithal,Kalayat,19,Kheri Lamba,Woman,NONE,1,Suman Rani,Balvinder Singh,0,0,Women,latin,,2102,Kaithal.pdf
Kaithal,Kalayat,20,Kheri Sharkhan,Woman,NONE,1,Reena,Sandeep,0,0,Women,latin,,2102,Kaithal.pdf
Kaithal,Kalayat,21,Kolekhan,Other than Woman,NONE,0,Karamvir Singh,Dunni Chand,1,0,Unreserved,latin,,2102,Kaithal.pdf
Kaithal,Kalayat,22,Kurar,Other than Woman,NONE,0,Satbir Singh,Chajju Ram,0,0,Unreserved,latin,,2102,Kaithal.pdf
Kaithal,Kalayat,23,Matour,SC Other than Woman,SC,0,Prithvi Singh,Ram Sarup,0,0,Scheduled Caste,latin,,2102,Kaithal.pdf
Kaithal,Kalayat,24,Narval Garh,Other than Woman,NONE,0,Baldev,Ram Ratan,0,0,Unreserved,latin,,2102,Kaithal.pdf
Kaithal,Kalayat,25,Panjupura,Woman,NONE,1,Renu Bala,Tarsem,0,0,Women,latin,,2102,Kaithal.pdf
Kaithal,Kalayat,26,Ramgarh Pandwa,Other than Woman,NONE,0,Rishipal,Hoshiyar Singh,0,0,Unreserved,latin,,2102,Kaithal.pdf
Kaithal,Kalayat,27,Simla,Woman,NONE,1,Naresh Devi,Siya Ram,1,0,Women,latin,,2102,Kaithal.pdf
Kaithal,Kalayat,28,Sinand,Other than Woman,NONE,0,Satbir Singh,Bhalle Ram,0,0,Unreserved,latin,,2102,Kaithal.pdf
Kaithal,Kalayat,29,Wazir Nagar,Other than Woman,NONE,0,Bhim Singh,Jati Ram,0,0,Unreserved,latin,,2102,Kaithal.pdf
Kaithal,Pundri,1,Ahmedpur,Other than Woman,NONE,0,Rajesh Kumar,Tara Chand alias Balbir Singh,0,0,Unreserved,latin,,2104,Kaithal.pdf
Kaithal,Pundri,2,Ahun,Woman,NONE,1,Kelo Devi,Sultan Singh,0,0,Women,latin,,2104,Kaithal.pdf
Kaithal,Pundri,3,Badnara,Woman,NONE,1,Rita Rani,Mahender Pal,0,0,Women,latin,,2104,Kaithal.pdf
Kaithal,Pundri,4,Bakal,Other than Woman,NONE,0,Chand Rani,Naresh Kumar,0,0,Unreserved,latin,,2104,Kaithal.pdf
Kaithal,Pundri,5,Bandrana,Other than Woman,NONE,0,Karishan Kumar,Arjun Singh,0,0,Unreserved,latin,,2104,Kaithal.pdf
Kaithal,Pundri,6,Barsana,Woman,NONE,1,Neelam Devi,Shiv Kumar,0,0,Women,latin,,2104,Kaithal.pdf
Kaithal,Pundri,7,Bhana,Other than Woman,NONE,0,Karam Singh,Jaila Ram,0,0,Unreserved,latin,,2104,Kaithal.pdf
Kaithal,Pundri,8,Bucchi,Woman,NONE,1,Poonam Rani,Gurmeet,0,0,Women,latin,,2104,Kaithal.pdf
Kaithal,Pundri,9,Chandlana,SC Woman,SC,1,Reena Rani,Amit Kumar,0,0,Scheduled Caste (Women),latin,,2104,Kaithal.pdf
Kaithal,Pundri,10,Churmajra,SC Other than Woman,SC,0,Satya Pal,Ram Dhari,0,0,Scheduled Caste,latin,,2104,Kaithal.pdf
Kaithal,Pundri,11,Dadwana,Other than Woman,NONE,0,Sushma Devi,Surjit Singh,0,0,Unreserved,latin,,2104,Kaithal.pdf
Kaithal,Pundri,12,Deeg,Other than Woman,NONE,0,Jai Singh,Karta Ram,0,0,Unreserved,latin,,2104,Kaithal.pdf
Kaithal,Pundri,13,Derdu,Other than Woman,NONE,0,Devilal,Sewa Singh,0,0,Unreserved,latin,,2104,Kaithal.pdf
Kaithal,Pundri,14,Dhand,Other than Woman,NONE,0,Pawan Kumar,Lakhi Ram,0,0,Unreserved,latin,,2104,Kaithal.pdf
Kaithal,Pundri,15,Dulyani,Other than Woman,NONE,0,Paramjit,Charan Singh,0,0,Unreserved,latin,,2104,Kaithal.pdf
Kaithal,Pundri,16,Dussain,Other than Woman,NONE,0,Manbir Singh,Sukhjinder Singh,0,0,Unreserved,latin,,2104,Kaithal.pdf
Kaithal,Pundri,17,Fatehpur,Woman,NONE,1,Pushpa Rani,Sudhir Kumar,0,0,Women,latin,,2104,Kaithal.pdf
Kaithal,Pundri,18,Habri,Other than Woman,NONE,0,Palwinder Singh,Balbir Singh,0,0,Unreserved,latin,,2104,Kaithal.pdf
Kaithal,Pundri,19,Hajwana,Other than Woman,NONE,0,Nirmal Singh,Prithi Singh,0,0,Unreserved,latin,,2104,Kaithal.pdf
Kaithal,Pundri,20,Jadaula,Other than Woman,NONE,0,Deshraj,Chandan Lal,0,0,Unreserved,latin,,2104,Kaithal.pdf
Kaithal,Pundri,21,Jajanpur,Other than Woman,NONE,0,Karish Sheokand alias Krishan Kumar,Hawa Singh,0,0,Unreserved,latin,,2104,Kaithal.pdf
Kaithal,Pundri,22,Jamba,Other than Woman,NONE,0,Gulab Singh,Ramji Lal,0,0,Unreserved,latin,,2104,Kaithal.pdf
Kaithal,Pundri,23,Jatehari,Woman,NONE,1,Madhu,Ramniwas,0,0,Women,latin,,2104,Kaithal.pdf
Kaithal,Pundri,24,Karora,Other than Woman,NONE,0,Baljeet Singh,Kedar Singh,0,0,Unreserved,latin,,2104,Kaithal.pdf
Kaithal,Pundri,25,Kaul,Other than Woman,NONE,0,Shyam Sunder,Sarjeet,0,0,Unreserved,latin,,2104,Kaithal.pdf
Kaithal,Pundri,26,Kheri Matarwa,Woman,NONE,1,Manisha Devi,Gurnam,0,0,Women,latin,,2104,Kaithal.pdf
Kaithal,Pundri,27,Kheri Sakra,Woman,NONE,1,Manisha Rani,Omparkash,0,0,Women,latin,,2104,Kaithal.pdf
Kaithal,Pundri,28,Kheri Sikander,SC Woman,SC,1,Darshana,Sanjiv Kumar,0,0,Scheduled Caste (Women),latin,,2104,Kaithal.pdf
Kaithal,Pundri,29,Meoli,SC Woman,SC,1,Sushma Rani,Surender Kumar,0,0,Scheduled Caste (Women),latin,,2104,Kaithal.pdf
Kaithal,Pundri,30,Mohna,Other than Woman,NONE,0,Ramit,Surinder,0,0,Unreserved,latin,,2104,Kaithal.pdf
Kaithal,Pundri,31,Munarheri,Other than Woman,NONE,0,Devender,Jagdish Chand,0,0,Unreserved,latin,,2104,Kaithal.pdf
Kaithal,Pundri,32,Pabla,Other than Woman,NONE,0,Dalip Singh,Bhura Ram,0,0,Unreserved,latin,,2104,Kaithal.pdf
Kaithal,Pundri,33,Pabnawa,Woman,NONE,1,Santosh,Dharampal,0,0,Women,latin,,2104,Kaithal.pdf
Kaithal,Pundri,34,Pai,SC Other than Woman,SC,0,Dharambir,Ram Sharan,0,0,Scheduled Caste,latin,,2104,Kaithal.pdf
Kaithal,Pundri,35,Pharal,Other than Woman,NONE,0,Amrender Singh,Baldev Singh,0,0,Unreserved,latin,,2104,Kaithal.pdf
Kaithal,Pundri,36,Pilni,Woman,NONE,1,Kusum Devi,Kuldeep,0,0,Women,latin,,2104,Kaithal.pdf
Kaithal,Pundri,37,Ramana- Ramani,Woman,NONE,1,Birmati,Krishan,0,0,Women,latin,,2104,Kaithal.pdf
Kaithal,Pundri,38,Rasina,Woman,NONE,1,Jeet Kaur,Rajinder Kumar,0,0,Women,latin,,2104,Kaithal.pdf
Kaithal,Pundri,39,Rawanhera,Other than Woman,NONE,0,Parkasho Devi,Bharat Bhushan,0,0,Unreserved,latin,,2104,Kaithal.pdf
Kaithal,Pundri,40,Sakra,SC Other than Woman,SC,0,Jitender Kumar,Raj Kumar,0,0,Scheduled Caste,latin,,2104,Kaithal.pdf
Kaithal,Pundri,41,Salimpur Madud,Other than Woman,NONE,0,Isham Singh,Pirthi Singh,0,0,Unreserved,latin,,2104,Kaithal.pdf
Kaithal,Pundri,42,Sanch,SC Other than Woman,SC,0,Karam Singh,Babu Ram,0,0,Scheduled Caste,latin,,2104,Kaithal.pdf
Kaithal,Pundri,43,Sangroli,SC Other than Woman,SC,0,Mewa Singh,Pala Ram,0,0,Scheduled Caste,latin,,2104,Kaithal.pdf
Kaithal,Pundri,44,Sirsal,SC Other than Woman,SC,0,Chain Singh,Ramsroop,0,0,Scheduled Caste,latin,,2104,Kaithal.pdf
Kaithal,Pundri,45,Solumajra,Other than Woman,NONE,0,Jarnail Singh,Gyan Singh,1,0,Unreserved,latin,,2104,Kaithal.pdf
Kaithal,Pundri,46,Teontha,Other than Woman,NONE,0,Joga Singh,Buta Singh,0,0,Unreserved,latin,,2104,Kaithal.pdf
Kaithal,Rajound,1,Birbangra,SC Other than Woman,SC,0,Parveen Kumar,Shamsher,0,0,Scheduled Caste,latin,,2106,Kaithal.pdf
Kaithal,Rajound,2,Birthebari,Woman,NONE,1,Ranjana Devi,Gurmeet Singh,0,0,Women,latin,,2106,Kaithal.pdf
Kaithal,Rajound,3,Fariyabad,Woman,NONE,1,Mamta Devi,Dinesh Kumar,1,0,Women,latin,,2106,Kaithal.pdf
Kaithal,Rajound,4,Guliyana,Other than Woman,NONE,0,Rajender Singh,Pirthi,0,0,Unreserved,latin,,2106,Kaithal.pdf
Kaithal,Rajound,5,Jakholi Dabdal,Other than Woman,NONE,0,Anil Kumar,Ramchander,0,0,Unreserved,latin,,2106,Kaithal.pdf
Kaithal,Rajound,6,Jakholi Kaman,Other than Woman,NONE,0,Ratan Singh,Bhulla Ram,0,0,Unreserved,latin,,2106,Kaithal.pdf
Kaithal,Rajound,7,Kasan,Other than Woman,NONE,0,Dilbag Singh,Jagat Singh,0,0,Unreserved,latin,,2106,Kaithal.pdf
Kaithal,Rajound,8,Kheri Raiwali,Other than Woman,NONE,0,Lakhwinder Singh,Darshan Singh,0,0,Unreserved,latin,,2106,Kaithal.pdf
Kaithal,Rajound,9,Kheri Sandal,Other than Woman,NONE,0,Kuldeep,Panjab Singh,0,0,Unreserved,latin,,2106,Kaithal.pdf
Kaithal,Rajound,10,Kichhana,Woman,NONE,1,Monika Rani,Parveen,0,0,Women,latin,,2106,Kaithal.pdf
Kaithal,Rajound,11,Kithana,SC Woman,SC,1,Babita,Krishan Kumar,0,0,Scheduled Caste (Women),latin,,2106,Kaithal.pdf
Kaithal,Rajound,12,Kotra,Woman,NONE,1,Shashi Devi,Manjeet Singh,0,0,Women,latin,,2106,Kaithal.pdf
Kaithal,Rajound,13,Kukarkanda,SC Other than Woman,SC,0,Reena Devi,Mukesh,0,0,Scheduled Caste,latin,,2106,Kaithal.pdf
Kaithal,Rajound,14,Majra Nandkaran,Other than Woman,NONE,0,Rajpal Singh,Jager Singh,0,0,Unreserved,latin,,2106,Kaithal.pdf
Kaithal,Rajound,15,Mandwal,Other than Woman,NONE,0,Simranjit Singh,Malkeet,0,0,Unreserved,latin,,2106,Kaithal.pdf
Kaithal,Rajound,16,Narwal,Woman,NONE,1,Komlata,Mohan,0,0,Women,latin,,2106,Kaithal.pdf
Kaithal,Rajound,17,Neemwala,Other than Woman,NONE,0,Rakesh,Narayan Dutt,0,0,Unreserved,latin,,2106,Kaithal.pdf
Kaithal,Rajound,18,Rohera,Woman,NONE,1,Manit Devi,Sukhbir Singh,0,0,Women,latin,,2106,Kaithal.pdf
Kaithal,Rajound,19,Rohera Majra,Other than Woman,NONE,0,Ramesh Kumar,Surjeet Singh,0,0,Unreserved,latin,,2106,Kaithal.pdf
Kaithal,Rajound,20,Santokh Majra,Other than Woman,NONE,0,Jasbir,Devid,0,0,Unreserved,latin,,2106,Kaithal.pdf
Kaithal,Rajound,21,Serdha,Other than Woman,NONE,0,Deepak,Phool Singh,0,0,Unreserved,latin,,2106,Kaithal.pdf
Kaithal,Rajound,22,Songal,Other than Woman,NONE,0,Rajesh,Kura Ram,0,0,Unreserved,latin,,2106,Kaithal.pdf
Kaithal,Rajound,23,Songri,SC Other than Woman,SC,0,Suman Devi,Shiv Kumar,0,0,Scheduled Caste,latin,,2106,Kaithal.pdf
Kaithal,Rajound,24,Taragarh,SC Woman,SC,1,Meena,Rajesh Kumar,0,0,Scheduled Caste (Women),latin,,2106,Kaithal.pdf
Kaithal,Siwan,1,Ajit Nagar,BC-A Other than Woman,BC_A,0,Simaranjeet,Paramjeet Singh,0,0,Unreserved Backward Class,latin,,2108,Kaithal.pdf
Kaithal,Siwan,2,Andhali,SC Other than Woman,SC,0,Raju,Nikka Ram,1,0,Scheduled Caste Unreserved,latin,,2108,Kaithal.pdf
Kaithal,Siwan,3,Atela,Other than Woman,NONE,0,Kuldeep,Gian Chand,0,0,Unreserved Unreserved,latin,,2108,Kaithal.pdf
Kaithal,Siwan,4,Dera Prempura,Woman,NONE,1,Manupreet Kaur,Satwant Singh,1,0,Women Unreserved,latin,,2108,Kaithal.pdf
Kaithal,Siwan,5,Dharampura,SC Woman,SC,1,Nirmal Bai,Raj Kumar,0,0,Women Scheduled Caste (Women),latin,,2108,Kaithal.pdf
Kaithal,Siwan,6,Dohar,BC-A Woman,BC_A,1,Beena Devi,Rajiv,0,0,Women Backward Class,latin,,2108,Kaithal.pdf
Kaithal,Siwan,7,Ferojpur,Woman,NONE,1,Gaje Singh,Deva Singh,0,0,Unreserved Women,latin,,2108,Kaithal.pdf
Kaithal,Siwan,8,Farash Majra,SC Woman,SC,1,Simarjeet Kaur,Tarlochan Singh,0,0,Unreserved Scheduled Caste (Women),latin,,2108,Kaithal.pdf
Kaithal,Siwan,9,Gobindpura,Woman,NONE,1,Gajjan Singh,Bachan Singh,0,0,Unreserved Women,latin,,2108,Kaithal.pdf
Kaithal,Siwan,10,Gogh,Other than Woman,NONE,0,Isham,Sher Singh,0,0,Unreserved Unreserved,latin,,2108,Kaithal.pdf
Kaithal,Siwan,11,Gohran,Woman,NONE,1,Rekha Rani,Sohan Kumar,0,0,Women Women,latin,,2108,Kaithal.pdf
Kaithal,Siwan,12,Harnola,Woman,NONE,1,Amandeep Kaur,Sukhchain,0,0,Women Unreserved,latin,,2108,Kaithal.pdf
Kaithal,Siwan,13,Janedpur,SC Other than Woman,SC,0,Joga Singh,Harbhajan,0,0,Unreserved Schedule Caste,latin,,2108,Kaithal.pdf
Kaithal,Siwan,14,Kakeor Majra,BC-A Other than Woman,BC_A,0,Jasmer Singh,Banarsi Dass,0,0,Unreserved Backward Class,latin,,2108,Kaithal.pdf
Kaithal,Siwan,15,Kakheri,SC Woman,SC,1,Mamta,Ramphal,0,0,Scheduled Caste (Women) Unreserved,latin,,2108,Kaithal.pdf
Kaithal,Siwan,16,Kakrala Anayat,Woman,NONE,1,Paramjit Singh,Pritam Singh,0,0,Unreserved Women,latin,,2108,Kaithal.pdf
Kaithal,Siwan,17,Kakrala Kuchiyan,SC Woman,SC,1,Parveen Kaur,Mita Ram,1,0,Scheduled Caste (Women) Unreserved,latin,,2108,Kaithal.pdf
Kaithal,Siwan,18,Kangthali,BC-A Woman,BC_A,1,Saroj Bala,Ramesh Kumar,0,0,Women Backward Class,latin,,2108,Kaithal.pdf
Kaithal,Siwan,19,Kasour,SC Other than Woman,SC,0,Satpal Singh,Dhoop Singh,0,0,Scheduled Caste Unreserved,latin,,2108,Kaithal.pdf
Kaithal,Siwan,20,Kawartan,Woman,NONE,1,Tony Ram,Bhuria Ram,0,0,Unreserved Women,latin,,2108,Kaithal.pdf
Kaithal,Siwan,21,Khanpur,Other than Woman,NONE,0,Ram Nath,Dhoop Singh,0,0,Unreserved Unreserved,latin,,2108,Kaithal.pdf
Kaithal,Siwan,22,Kharkhan,Other than Woman,NONE,0,Mukhatyar Singh,Karnail Singh,0,0,Unreserved Unreserved,latin,,2108,Kaithal.pdf
Kaithal,Siwan,23,Kheri Gulam Ali,SC Woman,SC,1,Seema Devi,Suresh Kumar,0,0,Scheduled Caste Women,latin,,2108,Kaithal.pdf
Kaithal,Siwan,24,Ladana Chakku,Other than Woman,NONE,0,Malak Singh,Angrej Singh,0,0,Unreserved Unreserved,latin,,2108,Kaithal.pdf
Kaithal,Siwan,25,Lender Keema,Woman,NONE,1,Charanjeet Kaur,Janakdeep,0,0,Women Unreserved,latin,,2108,Kaithal.pdf
Kaithal,Siwan,26,Lander Pirjada,Other than Woman,NONE,0,Balihar Singh,Charan Singh,0,0,Unreserved Unreserved,latin,,2108,Kaithal.pdf
Kaithal,Siwan,27,Malikpur,Woman,NONE,1,Parvesh Kumar,Nafe Singh,0,0,Unreserved Women,latin,,2108,Kaithal.pdf
Kaithal,Siwan,28,Mandi Sadran,Woman,NONE,1,Shyamo Devi,Gurmail Singh,0,0,Women Women,latin,,2108,Kaithal.pdf
Kaithal,Siwan,29,Manjhla,Woman,NONE,1,Baldev Singh,Khemla Ram,0,0,Unreserved Women,latin,,2108,Kaithal.pdf
Kaithal,Siwan,30,Megha Majra,Woman,NONE,1,Harvinder Kaur,Ranjot Singh,0,0,Women Women,latin,,2108,Kaithal.pdf
Kaithal,Siwan,31,Nagal,SC Other than Woman,SC,0,Prem Singh,Ronak Ram,0,0,Unreserved Schedule Caste,latin,,2108,Kaithal.pdf
Kaithal,Siwan,32,Paharpur,SC Woman,SC,1,Komal Bai,Kulwant Singh,0,0,Women Schedule Caste,latin,,2108,Kaithal.pdf
Kaithal,Siwan,33,Papsar,SC Woman,SC,1,Pinki,Harpal Singh,0,0,Scheduled Caste (Women) Unreserved,latin,,2108,Kaithal.pdf
Kaithal,Siwan,34,Parbhawat,SC Woman,SC,1,Varinder Kaur,Harvinder Singh,0,0,Unreserved Scheduled Caste (Women),latin,,2108,Kaithal.pdf
Kaithal,Siwan,35,Pisol,Woman,NONE,1,Krishan Kumar,Jai Singh,0,0,Unreserved Women,latin,,2108,Kaithal.pdf
Kaithal,Siwan,36,Polar,Woman,NONE,1,Gagandeep Kaur,Jagdeep Singh,0,0,Women Women,latin,,2108,Kaithal.pdf
Kaithal,Siwan,37,Ramdaspur,Other than Woman,NONE,0,Satnam Singh,Balbir Singh,0,0,Unreserved a Unreserved,latin,,2108,Kaithal.pdf
Kaithal,Siwan,38,Ramthali,SC Other than Woman,SC,0,Dinesh Kumar,Dharampal,1,0,Scheduled Caste Unreserved,latin,,2108,Kaithal.pdf
Kaithal,Siwan,39,Rasulpur,Other than Woman,NONE,0,Pushpinder,Joginderpal,0,0,Unreserved Unreserved,latin,,2108,Kaithal.pdf
Kaithal,Siwan,40,Sair,SC Other than Woman,SC,0,Gajjan Singh,Prem Singh,0,0,Scheduled Caste Unreserved,latin,,2108,Kaithal.pdf
Kaithal,Siwan,41,Siwan,Other than Woman,NONE,0,Pawandeep Kaur,Amrender Singh,0,0,Unreserved Unreserved,latin,,2108,Kaithal.pdf
Kaithal,Siwan,42,Sotha,SC Other than Woman,SC,0,Satish Kumar,Singara Ram,0,0,Scheduled Caste Unreserved,latin,,2108,Kaithal.pdf
Kaithal,Siwan,43,Theh Kharak,Woman,NONE,1,Harwinder,Sukhdev Singh,1,0,Unreserved Women,latin,,2108,Kaithal.pdf
Kaithal,Siwan,44,Theh Taranwali,Woman,NONE,1,Sarbjeet Kaur,Harpinder Singh,0,0,Women Women,latin,,2108,Kaithal.pdf
Kaithal,Siwan,45,Umedpur,Other than Woman,NONE,0,Balwinder Singh,Pyara Singh,0,0,Unreserved Unreserved,latin,,2108,Kaithal.pdf
Kaithal,Siwan,46,Urlana,Woman,NONE,1,Sharnjeet Ram,Pyare Lal,0,0,Unreserved Women,latin,,2108,Kaithal.pdf
Karnal,Assandh,1,Acchanpur,Woman,NONE,1,Gurmeet Kaur,Kala Singh,0,0,Women,latin,,2111,Karnal.pdf
Karnal,Assandh,2,Alwala,SC Other than Woman,SC,0,Satpal Singh,Ram Sawroop,0,0,Scheduled Caste,latin,,2111,Karnal.pdf
Karnal,Assandh,3,Ardana,Woman,NONE,1,Saroj,Naresh,0,0,Women,latin,,2111,Karnal.pdf
Karnal,Assandh,4,Bahri,Other than Woman,NONE,0,Pawan Kumar,Om Parkash,0,0,Unreserved,latin,,2111,Karnal.pdf
Karnal,Assandh,5,Ballah,Other than Woman,NONE,0,Dilwar Singh,Dolat Ram,0,0,Unreserved,latin,,2111,Karnal.pdf
Karnal,Assandh,6,Bamberheri,Other than Woman,NONE,0,Kirshan Ram,Rati Ram,0,0,Unreserved,latin,,2111,Karnal.pdf
Karnal,Assandh,7,Bandrala,Other than Woman,NONE,0,Sartaj Singh,Gurdev Singh,0,0,Unreserved,latin,,2111,Karnal.pdf
Karnal,Assandh,8,Bassi,Woman,NONE,1,Kusum,Tejbir Singh,0,0,Women,latin,,2111,Karnal.pdf
Karnal,Assandh,9,Bilona,Other than Woman,NONE,0,Balvinder Singh,Sukha Singh,0,0,Unreserved,latin,,2111,Karnal.pdf
Karnal,Assandh,10,Chakmuridka,Woman,NONE,1,Lakhvinder Kaur,Surjit Singh,1,0,Women,latin,,2111,Karnal.pdf
Karnal,Assandh,11,Chochra,Other than Woman,NONE,0,Karamvir,Amar Nath,0,0,Unreserved,latin,,2111,Karnal.pdf
Karnal,Assandh,12,Chogama,Other than Woman,NONE,0,Jajvinder Singh,Jagdish Singh,0,0,Unreserved,latin,,2111,Karnal.pdf
Karnal,Assandh,13,Chorkarsha,SC Other than Woman,SC,0,Rati Ram,Phulla Singh,0,0,Scheduled Caste,latin,,2111,Karnal.pdf
Karnal,Assandh,14,Danoli,Other than Woman,NONE,0,Baldev Singh,Kartar Singh,0,0,Unreserved,latin,,2111,Karnal.pdf
Karnal,Assandh,15,Dera Gama,Other than Woman,NONE,0,Amandeep Kaur,Aajadvinder Singh,0,0,Unreserved,latin,,2111,Karnal.pdf
Karnal,Assandh,16,Dera Gujratiya,Other than Woman,NONE,0,Harjit Kaur,Dilbag Singh,0,0,Unreserved,latin,,2111,Karnal.pdf
Karnal,Assandh,17,Dera Fullasingh,Other than Woman,NONE,0,Jasvinder Kaur,Jagvinder Singh,0,0,Unreserved,latin,,2111,Karnal.pdf
Karnal,Assandh,18,Dera Manpura,Woman,NONE,1,Monika,Sandeep,0,0,Women,latin,,2111,Karnal.pdf
Karnal,Assandh,19,Dera Pindoriya,Other than Woman,NONE,0,Parvinder Kaur,Nirvair Singh,0,0,Unreserved,latin,,2111,Karnal.pdf
Karnal,Assandh,20,Dupedi,Other than Woman,NONE,0,Guljar,Ramphal,0,0,Unreserved,latin,,2111,Karnal.pdf
Karnal,Assandh,21,Gangatheri,Woman,NONE,1,Neelam Devi,Joginder,0,0,Women,latin,,2111,Karnal.pdf
Karnal,Assandh,22,Goli,Woman,NONE,1,Udesh,Vijay,0,0,Women,latin,,2111,Karnal.pdf
Karnal,Assandh,23,Jabhala,Woman,NONE,1,Mukesh Kumari,Randhir,0,0,Women,latin,,2111,Karnal.pdf
Karnal,Assandh,24,Jaisinghpura,SC Other than Woman,SC,0,Kapli Dev,Sartaj,0,0,Scheduled Caste,latin,,2111,Karnal.pdf
Karnal,Assandh,25,Jalmana,Other than Woman,NONE,0,Surender Kaur,Angrej Singh,0,0,Unreserved,latin,,2111,Karnal.pdf
Karnal,Assandh,26,Kabulpur Khera,Woman,NONE,1,Rajwant Kaur,Sukha Singh,0,0,Women,latin,,2111,Karnal.pdf
Karnal,Assandh,27,Khanda Kheri,Other than Woman,NONE,0,Dharambir Singh,Satnam Singh,0,0,Unreserved,latin,,2111,Karnal.pdf
Karnal,Assandh,28,Kherisarafali,Woman,NONE,1,Manvinder Kaur,Yudhveer Singh,0,0,Women,latin,,2111,Karnal.pdf
Karnal,Assandh,29,Khijrabad,SC Other than Woman,SC,0,Akvinder Kaur,Mejor Singh,0,0,Scheduled Caste,latin,,2111,Karnal.pdf
Karnal,Assandh,30,Kolkhera,Other than Woman,NONE,0,Subash,Sewa Singh,0,0,Unreserved,latin,,2111,Karnal.pdf
Karnal,Assandh,31,Kurlan,SC Other than Woman,SC,0,Om Parkash,Phull Singh,0,0,Scheduled Caste,latin,,2111,Karnal.pdf
Karnal,Assandh,32,Lalian,SC Other than Woman,SC,0,Salinder Singh,Jila Ram,0,0,Scheduled Caste,latin,,2111,Karnal.pdf
Karnal,Assandh,33,Manchuri,SC Other than Woman,SC,0,Pyara Lal,Hari Ram,1,0,Scheduled Caste,latin,,2111,Karnal.pdf
Karnal,Assandh,34,Mardanheri,Other than Woman,NONE,0,Varinder Singh,Surat Singh,0,0,Unreserved,latin,,2111,Karnal.pdf
Karnal,Assandh,35,Mundh,Woman,NONE,1,Veena,Sohan Lal,0,0,Women,latin,,2111,Karnal.pdf
Karnal,Assandh,36,Mormajra,SC Woman,SC,1,Sumita Devi,Joginder Singh,0,0,Scheduled Caste (Women),latin,,2111,Karnal.pdf
Karnal,Assandh,37,Newjhinda,Other than Woman,NONE,0,Partap Singh,Buta Singh,0,0,Unreserved,latin,,2111,Karnal.pdf
Karnal,Assandh,38,Pacca Khera,Other than Woman,NONE,0,Parvin,Mehar Singh,0,0,Unreserved,latin,,2111,Karnal.pdf
Karnal,Assandh,39,Padha,SC Woman,SC,1,Dipika,Sandeep Kumar,0,0,Scheduled Caste (Women),latin,,2111,Karnal.pdf
Karnal,Assandh,40,Padhana,Other than Woman,NONE,0,Sahab Singh,Lichhman Singh,0,0,Unreserved,latin,,2111,Karnal.pdf
Karnal,Assandh,41,Panghala,Woman,NONE,1,Aarti Devi,Ajay Kumar,0,0,Women,latin,,2111,Karnal.pdf
Karnal,Assandh,42,Phaphrana,Other than Woman,NONE,0,Dilawar Singh,Sardara Singh,0,0,Unreserved,latin,,2111,Karnal.pdf
Karnal,Assandh,43,Popra,Other than Woman,NONE,0,Balvinder Singh,Mehar Singh,0,0,Unreserved,latin,,2111,Karnal.pdf
Karnal,Assandh,44,Rahra,SC Woman,SC,1,Sunil Kumari,Sukhbir Singh,0,0,Scheduled Caste (Women),latin,,2111,Karnal.pdf
Karnal,Assandh,45,Rangruti Khera,SC Other than Woman,SC,0,Avtar Singh,Ajmer Singh,0,0,Scheduled Caste,latin,,2111,Karnal.pdf
Karnal,Assandh,46,Rattak,Woman,NONE,1,Bhupinder Kaur,Hardeep Singh,0,0,Women,latin,,2111,Karnal.pdf
Karnal,Assandh,47,Risalwa,Other than Woman,NONE,0,Labh Singh,Dharm Singh,0,0,Unreserved,latin,,2111,Karnal.pdf
Karnal,Assandh,48,Rugsana,Other than Woman,NONE,0,Aala Singh,Sher Singh,0,0,Unreserved,latin,,2111,Karnal.pdf
Karnal,Assandh,49,Salwan,Other than Woman,NONE,0,Mitarpal,Fateh Singh,0,0,Unreserved,latin,,2111,Karnal.pdf
Karnal,Assandh,50,Shekhupura,Other than Woman,NONE,0,Paragt Singh,Arudh Singh,0,0,Unreserved,latin,,2111,Karnal.pdf
Karnal,Assandh,51,Thal,Other than Woman,NONE,0,Gurjant Singh,Harbhjan Singh,0,0,Unreserved,latin,,2111,Karnal.pdf
Karnal,Assandh,52,Thari,Other than Woman,NONE,0,Rajbir Singh,Amreek Singh,0,0,Unreserved,latin,,2111,Karnal.pdf
Karnal,Assandh,53,Tharwamajra,Woman,NONE,1,Sandeep Kaur,Simranjit Singh,0,0,Women,latin,,2111,Karnal.pdf
Karnal,Assandh,54,Uplana,Woman,NONE,1,Rama Chohan,Satish Kumar,0,0,Women,latin,,2111,Karnal.pdf
Karnal,Assandh,55,Uplani,Other than Woman,NONE,0,Salinder Kumar,Jile Singh,0,0,Unreserved,latin,,2111,Karnal.pdf
Karnal,Assandh,56,Zimrikhera,SC Woman,SC,1,Reshma,Anil,0,0,Scheduled Caste (Women),latin,,2111,Karnal.pdf
Karnal,Gharounda,1,Alipur Khalsa,SC Other than Woman,SC,0,Ram Kishan,Bura Mal,0,0,Scheduled Caste,latin,,2113,Karnal.pdf
Karnal,Gharounda,2,Amritpur Kalan,SC Other than Woman,SC,0,Vikram,Shish Pal,0,0,Scheduled Caste,latin,,2113,Karnal.pdf
Karnal,Gharounda,3,Amritpur Khurd,Other than Woman,NONE,0,Zile Singh,Samay Singh,0,0,Unreserved,latin,,2113,Karnal.pdf
Karnal,Gharounda,4,Anchala,Woman,NONE,1,Suman Devi,Satbir Singh,0,0,Women,latin,,2113,Karnal.pdf
Karnal,Gharounda,5,Arainpura,Other than Woman,NONE,0,Mahender,Kanwar Pal,0,0,Unreserved,latin,,2113,Karnal.pdf
Karnal,Gharounda,6,Balhera,Woman,NONE,1,Rubina,Mehtab,0,0,Women,latin,,2113,Karnal.pdf
Karnal,Gharounda,7,Balrangran,Other than Woman,NONE,0,Sushma,Krishan,0,0,Unreserved,latin,,2113,Karnal.pdf
Karnal,Gharounda,8,Barsat,Other than Woman,NONE,0,Mahesh Kumar,Arjun Dass,0,0,Unreserved,latin,,2113,Karnal.pdf
Karnal,Gharounda,9,Bastara,Other than Woman,NONE,0,Mewa Singh,Gulab Singh,0,0,Unreserved,latin,,2113,Karnal.pdf
Karnal,Gharounda,10,Beejna,Woman,NONE,1,Mamta,Mehak Singh,0,0,Women,latin,,2113,Karnal.pdf
Karnal,Gharounda,11,Begampur,Woman,NONE,1,Raj Bala,Mukesh,0,0,Women,latin,,2113,Karnal.pdf
Karnal,Gharounda,12,Choura Khalsa,Other than Woman,NONE,0,Ritu Alis Rita,Rajinder,0,0,Unreserved,latin,,2113,Karnal.pdf
Karnal,Gharounda,13,Dera Sanjay Nagar,Woman,NONE,1,Swarana Devi,Jagdish Lal,0,0,Women,latin,,2113,Karnal.pdf
Karnal,Gharounda,14,Dinger Majra,Other than Woman,NONE,0,Amar Singh,Manga Ram,0,0,Unreserved,latin,,2113,Karnal.pdf
Karnal,Gharounda,15,Fazlipur Majra,SC Other than Woman,SC,0,Sikander Lal,Jagdish Ram,0,0,Scheduled Caste,latin,,2113,Karnal.pdf
Karnal,Gharounda,16,Faridpur,SC Other than Woman,SC,0,Naresh Kumar,Geet Nath,0,0,Scheduled Caste,latin,,2113,Karnal.pdf
Karnal,Gharounda,17,Gagsina,Other than Woman,NONE,0,Jagroop,Kabul Singh,0,0,Unreserved,latin,,2113,Karnal.pdf
Karnal,Gharounda,18,Garhi Bharal,Other than Woman,NONE,0,Sokin Kumar,Tej Pal,0,0,Unreserved,latin,,2113,Karnal.pdf
Karnal,Gharounda,19,Garhi Khajoor,Woman,NONE,1,Kamla Rani,Tek Chand,0,0,Women,latin,,2113,Karnal.pdf
Karnal,Gharounda,20,Garhi Multan,SC Woman,SC,1,Sudesh Kumari,Jaswant,0,0,Scheduled Caste (Women),latin,,2113,Karnal.pdf
Karnal,Gharounda,21,Gudha,Other than Woman,NONE,0,Parveen Kumar,Krishan Singh,0,0,Unreserved,latin,,2113,Karnal.pdf
Karnal,Gharounda,22,Harisinghpur,Woman,NONE,1,Darshani,Naresh Kumar,0,0,Women a,latin,,2113,Karnal.pdf
Karnal,Gharounda,23,Hassanpur,Other than Woman,NONE,0,Jitender,Lakhmi Chand,0,0,Unreserved,latin,,2113,Karnal.pdf
Karnal,Gharounda,24,Jamal Pur,Other than Woman,NONE,0,Sohan Singh,Shamsher,0,0,Unreserved,latin,,2113,Karnal.pdf
Karnal,Gharounda,25,Jhiverheri,Other than Woman,NONE,0,Manish,Maha Singh,0,0,Unreserved,latin,,2113,Karnal.pdf
Karnal,Gharounda,26,Kaimla,Other than Woman,NONE,0,Sunil Kumar,Ram Kumar,0,0,Unreserved,latin,,2113,Karnal.pdf
Karnal,Gharounda,27,Kairwali,SC Other than Woman,SC,0,Sanju,Raj Pal,0,0,Scheduled Caste,latin,,2113,Karnal.pdf
Karnal,Gharounda,28,Kalheri,Woman,NONE,1,Puspa Rani,Kashmiri Lal,0,0,Women,latin,,2113,Karnal.pdf
Karnal,Gharounda,29,Kalron,Woman,NONE,1,Sudha,Surender,0,0,Women,latin,,2113,Karnal.pdf
Karnal,Gharounda,30,Kheri Munak,Woman,NONE,1,Sonia,Mukesh,0,0,Women,latin,,2113,Karnal.pdf
Karnal,Gharounda,31,Khora Kheri,Other than Woman,NONE,0,Ranjeet Singh,Prem Singh,0,0,Unreserved,latin,,2113,Karnal.pdf
Karnal,Gharounda,32,Kohand,Other than Woman,NONE,0,Sher Pal,Chetan,0,0,Unreserved,latin,,2113,Karnal.pdf
Karnal,Gharounda,33,Kutail,Other than Woman,NONE,0,Sandeep,Balbir Singh,0,0,Unreserved,latin,,2113,Karnal.pdf
Karnal,Gharounda,34,Kutana,Other than Woman,NONE,0,Ishwar Singh,Jogi Ram,0,0,Unreserved,latin,,2113,Karnal.pdf
Karnal,Gharounda,35,Lalupura,Other than Woman,NONE,0,Vikash Kumar,Suresh Kumar,0,0,Unreserved,latin,,2113,Karnal.pdf
Karnal,Gharounda,36,Malikpur,SC Woman,SC,1,Simarjeet,Kulwant Singh,1,0,Scheduled Caste (Women),latin,,2113,Karnal.pdf
Karnal,Gharounda,37,Mubarkabad,Other than Woman,NONE,0,Dharmvir Singh,Mange Ram,0,0,Unreserved,latin,,2113,Karnal.pdf
Karnal,Gharounda,38,Munak,Other than Woman,NONE,0,Hawa Singh,Inderaj,0,0,Unreserved,latin,,2113,Karnal.pdf
Karnal,Gharounda,39,Mundi Garhi,Other than Woman,NONE,0,Asjad,Niyaja,0,0,Unreserved,latin,,2113,Karnal.pdf
Karnal,Gharounda,40,Pabana Hassanpur,SC Other than Woman,SC,0,Balwan,Sardara,0,0,Scheduled Caste,latin,,2113,Karnal.pdf
Karnal,Gharounda,41,Panori,Woman,NONE,1,Balwinder Kaur,Savinder,0,0,Women,latin,,2113,Karnal.pdf
Karnal,Gharounda,42,Peerbaroli,Other than Woman,NONE,0,Ashok Kumar,Jai Pal Singh,0,0,Unreserved,latin,,2113,Karnal.pdf
Karnal,Gharounda,43,Phurlak,SC Woman,SC,1,Anju,Ved Parkash,0,0,Scheduled Caste (Women),latin,,2113,Karnal.pdf
Karnal,Gharounda,44,Pundri,SC Woman,SC,1,Sangeeta,Surinder,0,0,Scheduled Caste (Women),latin,,2113,Karnal.pdf
Karnal,Gharounda,45,Raipur Jattan,Woman,NONE,1,Bimla Devi,Surender,0,0,Women,latin,,2113,Karnal.pdf
Karnal,Gharounda,46,Rasin,Other than Woman,NONE,0,Ram Maher,Karm Singh,0,0,Unreserved,latin,,2113,Karnal.pdf
Karnal,Gharounda,47,Sadarpur,Other than Woman,NONE,0,Diwan Chand,Khushal,0,0,Unreserved,latin,,2113,Karnal.pdf
Karnal,Gharounda,48,Samalkha,Other than Woman,NONE,0,Naresh Kumar,Jai Bhagwan,0,0,Unreserved,latin,,2113,Karnal.pdf
Karnal,Gharounda,49,Shahjanpur,Woman,NONE,1,Saraswati,Bajinder,0,0,Women,latin,,2113,Karnal.pdf
Karnal,Gharounda,50,Sheikpura Khalsa,Woman,NONE,1,Sushila Devi,Sandeep,0,0,Women,latin,,2113,Karnal.pdf
Karnal,Gharounda,51,Stoundi,Other than Woman,NONE,0,Pawan,Sukhbir Singh,0,0,Unreserved,latin,,2113,Karnal.pdf
Karnal,Gharounda,52,Upli,Other than Woman,NONE,0,Dilbag Singh,Nathi Ram,0,0,Unreserved,latin,,2113,Karnal.pdf
Karnal,Indri,1,Badarpur,SC Woman,SC,1,Manju Bibiyan,Shiv Kumar,0,0,Scheduled Caste (Women),latin,,2115,Karnal.pdf
Karnal,Indri,2,Bhadson,Woman,NONE,1,Reena,Dheeraj Kumar,0,0,Women,latin,,2115,Karnal.pdf
Karnal,Indri,3,Biana,SC Woman,SC,1,Mamta,Mukesh Kumar,0,0,Scheduled Caste (Women),latin,,2115,Karnal.pdf
Karnal,Indri,4,Bibipur Brahman,Woman,NONE,1,Kamlesh Kaur,Harjand Singh,0,0,Women,latin,,2115,Karnal.pdf
Karnal,Indri,5,Bibipur Jattan,Woman,NONE,1,Amarjeet Malik,Samsher Singh,0,0,Women,latin,,2115,Karnal.pdf
Karnal,Indri,6,Bir Bhadson,SC Other than Woman,SC,0,Gulshan,Hansraj,0,0,Scheduled Caste,latin,,2115,Karnal.pdf
Karnal,Indri,7,Bir Rehatkhana,Other than Woman,NONE,0,Jagdish Kumar,Ram Kishan,0,0,Unreserved,latin,,2115,Karnal.pdf
Karnal,Indri,8,Bohji Khalsa,Other than Woman,NONE,0,Karan Singh,Man Singh,0,0,Unreserved,latin,,2115,Karnal.pdf
Karnal,Indri,9,Budhanpur Khalsa,Other than Woman,NONE,0,Yogesh Kumar,Subhash Chand,0,0,Unreserved,latin,,2115,Karnal.pdf
Karnal,Indri,10,Budhedi,Other than Woman,NONE,0,Ravinder Kumar,Sher Singh,0,0,Unreserved,latin,,2115,Karnal.pdf
Karnal,Indri,11,Butan Kheri,SC Other than Woman,SC,0,Narinder Pal,Ram Kumar,0,0,Scheduled Caste,latin,,2115,Karnal.pdf
Karnal,Indri,12,Chandrown,Other than Woman,NONE,0,Naveen Kumar,Jai Singh,0,0,Unreserved,latin,,2115,Karnal.pdf
Karnal,Indri,13,Chandsman d,Other than Woman,NONE,0,Sukhdev Singh,Nanha Singh,0,0,Unreserved,latin,,2115,Karnal.pdf
Karnal,Indri,14,Chappar Mustarka,Woman,NONE,1,Parvinder Kaur,Shyam Singh,0,0,Women,latin,,2115,Karnal.pdf
Karnal,Indri,15,Chaprion,SC Woman,SC,1,Santosh Rani,Vinod Kumar,0,0,Scheduled Caste (Women),latin,,2115,Karnal.pdf
Karnal,Indri,16,Chogawan,Other than Woman,NONE,0,Devender Singh,Jagmal Singh,0,0,Unreserved,latin,,2115,Karnal.pdf
Karnal,Indri,17,Dabkoli Kalan,Other than Woman,NONE,0,Ravi Sharma,Ramesah Sharma,0,0,Unreserved,latin,,2115,Karnal.pdf
Karnal,Indri,18,Dabkoli Kurd,Other than Woman,NONE,0,Satpal,Vijay Pal,0,0,Unreserved,latin,,2115,Karnal.pdf
Karnal,Indri,19,Dhamanheri,Other than Woman,NONE,0,Surinder,Desh Raj,0,0,Unreserved,latin,,2115,Karnal.pdf
Karnal,Indri,20,Dhanokheri,Other than Woman,NONE,0,Parveen Kumar,Ram Kumar,0,0,Unreserved,latin,,2115,Karnal.pdf
Karnal,Indri,21,Dhanora Jagir,Other than Woman,NONE,0,Jasbir Singh,Ranjeet Singh,0,0,Unreserved,latin,,2115,Karnal.pdf
Karnal,Indri,22,Dhumsi,SC Other than Woman,SC,0,Reenu Dom,Ishwar,0,0,Scheduled Caste,latin,,2115,Karnal.pdf
Karnal,Indri,23,Fazilpur,Woman,NONE,1,Reena Devi,Pardeep Kumar,0,0,Women,latin,,2115,Karnal.pdf
Karnal,Indri,24,Gharpur Khalsa,Other than Woman,NONE,0,Joginder Singh,Parbhu Ram,0,0,Unreserved,latin,,2115,Karnal.pdf
Karnal,Indri,25,Gandhi Nagar,Woman,NONE,1,Rani Devi,Karan Singh,0,0,Women,latin,,2115,Karnal.pdf
Karnal,Indri,26,Ghari Birbal,SC Other than Woman,SC,0,Babloo,Kanshi Ram,0,0,Scheduled Caste,latin,,2115,Karnal.pdf
Karnal,Indri,27,Garhi Jattan,Other than Woman,NONE,0,Pankaj Kumar,Tara Chand,0,0,Unreserved,latin,,2115,Karnal.pdf
Karnal,Indri,28,Garhi Sadhan,Woman,NONE,1,Sudesh,Surinder,0,0,Women,latin,,2115,Karnal.pdf
Karnal,Indri,29,Gharpur Tapu,Other than Woman,NONE,0,Suesh Kumar,Babu Ram,0,0,Unreserved,latin,,2115,Karnal.pdf
Karnal,Indri,30,Ghari Gujran,Woman,NONE,1,Neelam Devi,Sandeep Chahal,0,0,Women,latin,,2115,Karnal.pdf
Karnal,Indri,31,Gorghar,Other than Woman,NONE,0,Nafe Singh,Narayan Singh,0,0,Unreserved,latin,,2115,Karnal.pdf
Karnal,Indri,32,Gumton,Woman,NONE,1,Nishi Devi,Om Parkash,0,0,Women,latin,,2115,Karnal.pdf
Karnal,Indri,33,Haibat Pur,Other than Woman,NONE,0,Neelam Devi,Sahab Singh,0,0,Unreserved,latin,,2115,Karnal.pdf
Karnal,Indri,34,Hansu Majra,Other than Woman,NONE,0,Sukhbir,Laxman Singh,0,0,Unreserved,latin,,2115,Karnal.pdf
Karnal,Indri,35,Hinori,Woman,NONE,1,Sudesh Rani,Devi Chand,0,0,Women,latin,,2115,Karnal.pdf
Karnal,Indri,36,Indrgarh,Other than Woman,NONE,0,Rajesh Kumar,Rajkumar,1,0,Unreserved,latin,,2115,Karnal.pdf
Karnal,Indri,37,Islamnagar,Other than Woman,NONE,0,Ravinder Kumar,Amar Singh,0,0,Unreserved,latin,,2115,Karnal.pdf
Karnal,Indri,38,Jainpur Sadhan,Woman,NONE,1,Sudesh Rani,Surender,0,0,Women,latin,,2115,Karnal.pdf
Karnal,Indri,39,Janesron,Other than Woman,NONE,0,Chaman Lal,Hari Chand,0,0,Unreserved,latin,,2115,Karnal.pdf
Karnal,Indri,40,Johar Majra,Other than Woman,NONE,0,Gulsan Kumar,Roop Cand,0,0,Unreserved,latin,,2115,Karnal.pdf
Karnal,Indri,41,Kadrabad,SC Other than Woman,SC,0,Balbir Singh,Amar Singh,0,0,Scheduled Caste,latin,,2115,Karnal.pdf
Karnal,Indri,42,Kaihrba,SC Other than Woman,SC,0,Bheem Singh,Sher Singh,1,0,Scheduled Caste,latin,,2115,Karnal.pdf
Karnal,Indri,43,Kalra Jagir,SC Woman,SC,1,Sonia,Dharambir,0,0,Scheduled Caste (Women),latin,,2115,Karnal.pdf
Karnal,Indri,44,Kalri Jagir,SC Other than Woman,SC,0,Pooja Rani,Rinku,0,0,Scheduled Caste,latin,,2115,Karnal.pdf
Karnal,Indri,45,Kalri Khalsa,Other than Woman,NONE,0,Mamta Devi,Balinder Kumar,0,0,Unreserved,latin,,2115,Karnal.pdf
Karnal,Indri,46,Kalsora,SC Other than Woman,SC,0,Raj Pal,Badwa Ram,0,0,Scheduled Caste,latin,,2115,Karnal.pdf
Karnal,Indri,47,Kamalpur Gadiran,Other than Woman,NONE,0,Subash Chand,Lakhi Ram,0,0,Unreserved,latin,,2115,Karnal.pdf
Karnal,Indri,48,Kamalpur Roran,Other than Woman,NONE,0,Jagdish Chander,Ram Karan,0,0,Unreserved,latin,,2115,Karnal.pdf
Karnal,Indri,49,Khanpur,Woman,NONE,1,Sonia Baragi,Jasbir Singh,0,0,Women,latin,,2115,Karnal.pdf
Karnal,Indri,50,Khera,Other than Woman,NONE,0,Priyanka Devi,Sanjiv Kumar,0,0,Unreserved,latin,,2115,Karnal.pdf
Karnal,Indri,51,Kheri Jattan,Woman,NONE,1,Mukesh Rani,Parmod Kumar,0,0,Women,latin,,2115,Karnal.pdf
Karnal,Indri,52,Kheriman Singh,Woman,NONE,1,Manjeet Kaur,Gulab Singh,0,0,Women,latin,,2115,Karnal.pdf
Karnal,Indri,53,Khukhani,Other than Woman,NONE,0,Rajesh Kumar,Ragubir Singh,0,0,Unreserved,latin,,2115,Karnal.pdf
Karnal,Indri,54,Labkari,Other than Woman,NONE,0,Sanjeev Kumar,Ved Parkash,0,0,Unreserved,latin,,2115,Karnal.pdf
Karnal,Indri,55,Manak Majra,Woman,NONE,1,Jasvinder Kaur,Hatbhajan Singh,0,0,Women,latin,,2115,Karnal.pdf
Karnal,Indri,56,Manoharpur,Other than Woman,NONE,0,Naresh Kumar,Nanu Ram,0,0,Unreserved,latin,,2115,Karnal.pdf
Karnal,Indri,57,Matak Majri,Woman,NONE,1,Vacant,,0,1,Women,latin,,2115,Karnal.pdf
Karnal,Indri,58,Mukhala,Other than Woman,NONE,0,Pawan Rana,Seth Pal,0,0,Unreserved,latin,,2115,Karnal.pdf
Karnal,Indri,59,Mukhali,Other than Woman,NONE,0,Gurmej Singh,Sh. Jai Chand,0,0,Unreserved,latin,,2115,Karnal.pdf
Karnal,Indri,60,Muradgarh,Other than Woman,NONE,0,Baljeet Singh,Jiya Lal,0,0,Unreserved,latin,,2115,Karnal.pdf
Karnal,Indri,61,Musepur,Woman,NONE,1,Kavita,Ravi Dutt,0,0,Women,latin,,2115,Karnal.pdf
Karnal,Indri,62,Nagal,Other than Woman,NONE,0,Manpreet Kaur,Sharwan Singh,0,0,Unreserved,latin,,2115,Karnal.pdf
Karnal,Indri,63,Nagla Roran,Woman,NONE,1,Reena Rani,Raj Singh,0,0,Women,latin,,2115,Karnal.pdf
Karnal,Indri,64,Nandi Khalsa,Other than Woman,NONE,0,Parveen Kumar,Sukhbir,0,0,Unreserved,latin,,2115,Karnal.pdf
Karnal,Indri,65,Nathori,SC Other than Woman,SC,0,Rameshwar,Pala Ram,0,0,Scheduled Caste,latin,,2115,Karnal.pdf
Karnal,Indri,66,Norta,SC Other than Woman,SC,0,Sunder Singh,Ajeb Singh,0,0,Scheduled Caste,latin,,2115,Karnal.pdf
Karnal,Indri,67,Panjokhara,Other than Woman,NONE,0,Vijender Kumar,Hisam Singh,0,0,Unreserved,latin,,2115,Karnal.pdf
Karnal,Indri,68,Pathera,Woman,NONE,1,Rajnesh,Kuldeep,0,0,Women,latin,,2115,Karnal.pdf
Karnal,Indri,69,Phoosgarh,Other than Woman,NONE,0,Nathi Ram,Baru Ram,0,0,Unreserved,latin,,2115,Karnal.pdf
Karnal,Indri,70,Rajepur,Other than Woman,NONE,0,Neelam Rani,Rajesh Kumar,0,0,Unreserved,latin,,2115,Karnal.pdf
Karnal,Indri,71,Rampura,Woman,NONE,1,Ritu Rani,Rameh Kumar,0,0,Women,latin,,2115,Karnal.pdf
Karnal,Indri,72,Randoli,Other than Woman,NONE,0,Charanjeet Singh,Balkar Singh,0,0,Unreserved,latin,,2115,Karnal.pdf
Karnal,Indri,73,Rasulpur,SC Other than Woman,SC,0,Satish Kumar,Pala Ram,0,0,Scheduled Caste,latin,,2115,Karnal.pdf
Karnal,Indri,74,Raitkhana,Other than Woman,NONE,0,Kirpal Singh,Amar Singh,0,0,Unreserved,latin,,2115,Karnal.pdf
Karnal,Indri,75,Samora,Woman,NONE,1,Sushma Rani,Dharambir,0,0,Women,latin,,2115,Karnal.pdf
Karnal,Indri,76,Santri,Other than Woman,NONE,0,Vinod Kumar,Som Nath,0,0,Unreserved,latin,,2115,Karnal.pdf
Karnal,Indri,77,Sarwan Majra,Woman,NONE,1,Raj Bala,Satish Kumar,0,0,Women,latin,,2115,Karnal.pdf
Karnal,Indri,78,Sayyed Chapra,Woman,NONE,1,Chasme Jehra,Ajme Abbash,0,0,Women,latin,,2115,Karnal.pdf
Karnal,Indri,79,Shahpur,SC Woman,SC,1,Mamtesh,Sandeep Kumar,0,0,Scheduled Caste (Women),latin,,2115,Karnal.pdf
Karnal,Indri,80,Shekhpura Bangar,SC Woman,SC,1,Rubi,Sombir,0,0,Scheduled Caste (Women),latin,,2115,Karnal.pdf
Karnal,Indri,81,Shergarh Khalsa,Other than Woman,NONE,0,Parveen Kumar,Devi Chand,0,0,Unreserved,latin,,2115,Karnal.pdf
Karnal,Indri,82,Taprion,Other than Woman,NONE,0,Gurdev Singh,Sher Singh,0,0,Unreserved,latin,,2115,Karnal.pdf
Karnal,Indri,83,Tussang,Other than Woman,NONE,0,Sham Lal,Mula Ram,0,0,Unreserved,latin,,2115,Karnal.pdf
Karnal,Indri,84,Udana,Other than Woman,NONE,0,Surender Kumar,Ishwar Singh,0,0,Unreserved,latin,,2115,Karnal.pdf
Karnal,Indri,85,Umarpur,Other than Woman,NONE,0,Krishan Dev,Ram Pal,0,0,Unreserved,latin,,2115,Karnal.pdf
Karnal,Karnal,1,Abdulapur,SC Woman,SC,1,Sushma Rani,Raj Kumar,1,0,Scheduled Caste (Women),latin,,2117,Karnal.pdf
Karnal,Karnal,2,Andhera/ Dilawara,Other than Woman,NONE,0,Manga Ram,Sultan,0,0,Unreserved,latin,,2117,Karnal.pdf
Karnal,Karnal,3,Bazidpur,Other than Woman,NONE,0,Kuldeep,Lal Singh,0,0,Unreserved,latin,,2117,Karnal.pdf
Karnal,Karnal,4,Bara Gaon,Other than Woman,NONE,0,Charan Singh,Ram Singh,0,0,Unreserved,latin,,2117,Karnal.pdf
Karnal,Karnal,5,Bajida Jattan,Woman,NONE,1,Neelam,Jai Raj,0,0,Women,latin,,2117,Karnal.pdf
Karnal,Karnal,6,Bhusli,Woman,NONE,1,Kusum Lata,Vikas Dangi,0,0,Women,latin,,2117,Karnal.pdf
Karnal,Karnal,7,Budhanpur,Woman,NONE,1,Indra Devi,Surender Kumar,0,0,Women,latin,,2117,Karnal.pdf
Karnal,Karnal,8,Chapra Khera,SC Woman,SC,1,Pooja,Dharmender,0,0,Scheduled Caste (Women),latin,,2117,Karnal.pdf
Karnal,Karnal,9,Chaura Khalsa,SC Other than Woman,SC,0,Vinod Kumar,Pala Ram,0,0,Scheduled Caste,latin,,2117,Karnal.pdf
Karnal,Karnal,10,Chapra Jagir,SC Woman,SC,1,Uma Devi,Gurdeep,0,0,Scheduled Caste (Women),latin,,2117,Karnal.pdf
Karnal,Karnal,11,Chorpura,SC Woman,SC,1,Sushma Devi,Ajay Kumar,0,0,Scheduled Caste (Women),latin,,2117,Karnal.pdf
Karnal,Karnal,12,Chundipur,Other than Woman,NONE,0,Jaswant Singh,Balu Ram,0,0,Unreserved,latin,,2117,Karnal.pdf
Karnal,Karnal,13,Churni Jagir,Woman,NONE,1,Mamta Rani,Rajesh,0,0,Women,latin,,2117,Karnal.pdf
Karnal,Karnal,14,Dabarki,Other than Woman,NONE,0,Pran Chand,Ladhu Ram,0,0,Unreserved,latin,,2117,Karnal.pdf
Karnal,Karnal,15,Danialpur,Other than Woman,NONE,0,Joginder Singh,Jai Singh,0,0,Unreserved,latin,,2117,Karnal.pdf
Karnal,Karnal,16,Darar,Other than Woman,NONE,0,Surat Singh,Nishan Singh,0,0,Unreserved,latin,,2117,Karnal.pdf
Karnal,Karnal,17,Dhakwala,Other than Woman,NONE,0,Kuldeep Kumar,Panthi Ram,0,0,Unreserved,latin,,2117,Karnal.pdf
Karnal,Karnal,18,Dhakwala Roran,Woman,NONE,1,Kavita,Sumit,0,0,Women,latin,,2117,Karnal.pdf
Karnal,Karnal,19,Ganjogarhi,Woman,NONE,1,Navdeep Kaur,Bayant Singh,0,0,Women,latin,,2117,Karnal.pdf
Karnal,Karnal,20,Gheer,Other than Woman,NONE,0,Anil Kumar,Nathu Ram,0,0,Unreserved,latin,,2117,Karnal.pdf
Karnal,Karnal,21,Jarauli,Woman,NONE,1,Madhu Rani,Brahamjeet Singh,0,0,Women,latin,,2117,Karnal.pdf
Karnal,Karnal,22,Kachhwa,Other than Woman,NONE,0,Ajay Kumar,Chamel Singh,0,0,Unreserved,latin,,2117,Karnal.pdf
Karnal,Karnal,23,Kalampura,SC Other than Woman,SC,0,Bansi Lal,Roshan Lal,0,0,Scheduled Caste,latin,,2117,Karnal.pdf
Karnal,Karnal,24,Kalwehri,SC Other than Woman,SC,0,Ashok Kumar,Nota Ram,0,0,Scheduled Caste,latin,,2117,Karnal.pdf
Karnal,Karnal,25,Kharkali,Other than Woman,NONE,0,Parambir,Jagdish Chander,0,0,Unreserved,latin,,2117,Karnal.pdf
Karnal,Karnal,26,Khirajpur,Other than Woman,NONE,0,Karamjeet Kaur,Kulvinder Singh,0,0,Unreserved,latin,,2117,Karnal.pdf
Karnal,Karnal,27,Kunjpura,SC Woman,SC,1,Savita,Vijay Kumar,0,0,Scheduled Caste (Women),latin,,2117,Karnal.pdf
Karnal,Karnal,28,Kurali,SC Other than Woman,SC,0,Jasbir Singh,Roshan Lal,0,0,Scheduled Caste,latin,,2117,Karnal.pdf
Karnal,Karnal,29,Landora,Other than Woman,NONE,0,Manoj Kumar,Shyam Lal,0,0,Unreserved,latin,,2117,Karnal.pdf
Karnal,Karnal,30,Mehmadpur,Other than Woman,NONE,0,Shimla Devi,Satyawan,0,0,Unreserved,latin,,2117,Karnal.pdf
Karnal,Karnal,31,Mainmati,Woman,NONE,1,Suman Devi,Ankur Kumar,0,0,Women,latin,,2117,Karnal.pdf
Karnal,Karnal,32,Makhu Majra,Other than Woman,NONE,0,Kultar Singh,Gurmej Singh,0,0,Unreserved,latin,,2117,Karnal.pdf
Karnal,Karnal,33,Manglora,SC Other than Woman,SC,0,Om Pal,Sular Ram,0,0,Scheduled Caste,latin,,2117,Karnal.pdf
Karnal,Karnal,34,Mirghain,Other than Woman,NONE,0,Sher Singh,Dara Singh,0,0,Unreserved,latin,,2117,Karnal.pdf
Karnal,Karnal,35,Modipur,Other than Woman,NONE,0,Husan Lata,Inder Pal,0,0,Unreserved,latin,,2117,Karnal.pdf
Karnal,Karnal,36,Mohidin Pur,Other than Woman,NONE,0,Ram Singh,Mela Ram,0,0,Unreserved,latin,,2117,Karnal.pdf
Karnal,Karnal,37,Mugalmajra,Woman,NONE,1,Shikha Rani,Yashpal,0,0,Women,latin,,2117,Karnal.pdf
Karnal,Karnal,38,Mustfabad,Woman,NONE,1,Simple,Krishan Kumar,0,0,Women,latin,,2117,Karnal.pdf
Karnal,Karnal,39,Nabipur,Other than Woman,NONE,0,Reena Rani,Sanjay Kumar,0,0,Unreserved,latin,,2117,Karnal.pdf
Karnal,Karnal,40,Nagla Megha,SC Other than Woman,SC,0,Suman Devi,Gurnaam Singh,0,0,Scheduled Caste,latin,,2117,Karnal.pdf
Karnal,Karnal,41,Nalvi Kalan,Other than Woman,NONE,0,Surinder Kumar,Ved Pal,0,0,Unreserved,latin,,2117,Karnal.pdf
Karnal,Karnal,42,Nalvi Khurd,Woman,NONE,1,Rama,Sumit Choudhary,0,0,Women,latin,,2117,Karnal.pdf
Karnal,Karnal,43,Nalvi Par,Other than Woman,NONE,0,Krishan Lal,Bhim Singh,0,0,Unreserved,latin,,2117,Karnal.pdf
Karnal,Karnal,44,Nalvipar Tila,Other than Woman,NONE,0,Jitender Kumar,Ramdhan,1,0,Unreserved,latin,,2117,Karnal.pdf
Karnal,Karnal,45,Nasirpur,Other than Woman,NONE,0,Sushil,Baljeet Singh,0,0,Unreserved,latin,,2117,Karnal.pdf
Karnal,Karnal,46,Newal,Other than Woman,NONE,0,Harbhajan Singh,Ranjit Singh,0,0,Unreserved,latin,,2117,Karnal.pdf
Karnal,Karnal,47,Pundrak,Other than Woman,NONE,0,Vikram Singh,Randhir Singh,0,0,Unreserved,latin,,2117,Karnal.pdf
Karnal,Karnal,48,Ramba,Woman,NONE,1,Lakhwinder Kaur,Sahib Singh,0,0,Women,latin,,2117,Karnal.pdf
Karnal,Karnal,49,Ranwar,Woman,NONE,1,Jasbir Kaur,Sukhwinder Singh,0,0,Women,latin,,2117,Karnal.pdf
Karnal,Karnal,50,Rasulpur Kala,Other than Woman,NONE,0,Rameshwar Dass,Jai Dayal,0,0,Unreserved,latin,,2117,Karnal.pdf
Karnal,Karnal,51,Rasulpur Khurd,Woman,NONE,1,Meena Devi,Satbir Singh,0,0,Women,latin,,2117,Karnal.pdf
Karnal,Karnal,52,Rattangarh,Other than Woman,NONE,0,Pooja Rani,Baljinder,0,0,Unreserved,latin,,2117,Karnal.pdf
Karnal,Karnal,53,Rindal,Other than Woman,NONE,0,Surender Kumar,Sher Singh,0,0,Unreserved,latin,,2117,Karnal.pdf
Karnal,Karnal,54,Rukanpur,Woman,NONE,1,Priyanka Devi,Vikas Kumar,0,0,Women,latin,,2117,Karnal.pdf
Karnal,Karnal,55,Salarpura,Other than Woman,NONE,0,Raj Kumar,Mangat Ram,0,0,Unreserved,latin,,2117,Karnal.pdf
Karnal,Karnal,56,Salaru,Other than Woman,NONE,0,Palwinder Singh,Bhupinder Singh,0,0,Unreserved,latin,,2117,Karnal.pdf
Karnal,Karnal,57,Sangoha,Other than Woman,NONE,0,Paramjeet,Harbhajan,0,0,Unreserved,latin,,2117,Karnal.pdf
Karnal,Karnal,58,Sangohi,Other than Woman,NONE,0,Mamta Devi,Angrej Singh,0,0,Unreserved,latin,,2117,Karnal.pdf
Karnal,Karnal,59,Sarfabad Majra,Other than Woman,NONE,0,Sohan Lal,Rajbir,0,0,Unreserved,latin,,2117,Karnal.pdf
Karnal,Karnal,60,Shekhpura Jagir,SC Other than Woman,SC,0,Hari Singh,Shradha Ram,0,0,Scheduled Caste,latin,,2117,Karnal.pdf
Karnal,Karnal,61,Shergarh Tapu,Woman,NONE,1,Raj Bala,Jarnail Singh,0,0,Women,latin,,2117,Karnal.pdf
Karnal,Karnal,62,Sohana,SC Other than Woman,SC,0,Jagbir,Banwari Lal,0,0,Scheduled Caste,latin,,2117,Karnal.pdf
Karnal,Karnal,63,Subhri,Woman,NONE,1,Reeti Devi,Sandeep,0,0,Women,latin,,2117,Karnal.pdf
Karnal,Karnal,64,Taprana,Other than Woman,NONE,0,Dharampal,Arjun Dass,0,0,Unreserved,latin,,2117,Karnal.pdf
Karnal,Karnal,65,Tikri,Other than Woman,NONE,0,Hansraj,Lachman Das,0,0,Unreserved,latin,,2117,Karnal.pdf
Karnal,Karnal,66,Uncha Samana,Other than Woman,NONE,0,Nishant Rana,Rajender Rana,0,0,Unreserved,latin,,2117,Karnal.pdf
Karnal,Nilokheri,1,Abla Jagir,Other than Woman,NONE,0,Brij Lal,Babu Ram,0,0,Unreserved,latin,,2119,Karnal.pdf
Karnal,Nilokheri,2,Abli Khalsa,SC Other than Woman,SC,0,Sulinder Kumar,Omparkash,0,0,Scheduled Caste,latin,,2119,Karnal.pdf
Karnal,Nilokheri,3,Amar Garh,Woman,NONE,1,Rekha Devi,Satpal,0,0,Women,latin,,2119,Karnal.pdf
Karnal,Nilokheri,4,Anjanthali,SC Other than Woman,SC,0,Raj Pal,Mukhtyar,0,0,Scheduled Caste,latin,,2119,Karnal.pdf
Karnal,Nilokheri,5,Arjaheri,Other than Woman,NONE,0,Subhash Chand,Kehar Singh,0,0,Unreserved,latin,,2119,Karnal.pdf
Karnal,Nilokheri,6,Bairsal,Woman,NONE,1,Amita Rawal,Anuj Kumar,0,0,Women,latin,,2119,Karnal.pdf
Karnal,Nilokheri,7,Bakipur,Other than Woman,NONE,0,Narsingh,Ram Kishan,0,0,Unreserved,latin,,2119,Karnal.pdf
Karnal,Nilokheri,8,Barana Khalsa,Other than Woman,NONE,0,Mahindero Devi,Anil Kumar,0,0,Unreserved,latin,,2119,Karnal.pdf
Karnal,Nilokheri,9,Barani Khalsa,Woman,NONE,1,Manju Devi,Rohtash,0,0,Women,latin,,2119,Karnal.pdf
Karnal,Nilokheri,10,Barsalu,Woman,NONE,1,Sushma Rani,Ramnik,0,0,Women,latin,,2119,Karnal.pdf
Karnal,Nilokheri,11,Barthal,Woman,NONE,1,Ruma Devi,Jasvinder,0,0,Women,latin,,2119,Karnal.pdf
Karnal,Nilokheri,12,Bhaini Kalan,Other than Woman,NONE,0,Prem Singh,Ram Kishan,0,0,Unreserved,latin,,2119,Karnal.pdf
Karnal,Nilokheri,13,Bhaini Khurd,Other than Woman,NONE,0,Harbhajan,Bachan Singh,0,0,Unreserved,latin,,2119,Karnal.pdf
Karnal,Nilokheri,14,Bir Badalwa,Woman,NONE,1,Asha Rani,Sunil Kumar,0,0,Women,latin,,2119,Karnal.pdf
Karnal,Nilokheri,15,Bir Naryana,Other than Woman,NONE,0,Kanwaljeet Kaur,Ranbir Singh,0,0,Unreserved,latin,,2119,Karnal.pdf
Karnal,Nilokheri,16,Bhola Khalsa,Woman,NONE,1,Priti,Sunil Kumar,0,0,Women,latin,,2119,Karnal.pdf
Karnal,Nilokheri,17,Bodshyam,SC Other than Woman,SC,0,Sohan Lal,Sukha Ram,0,0,Scheduled Caste,latin,,2119,Karnal.pdf
Karnal,Nilokheri,18,Brahman Majra,Woman,NONE,1,Namrta,Ramesh,0,0,Women,latin,,2119,Karnal.pdf
Karnal,Nilokheri,19,Budhera Khalsa,Other than Woman,NONE,0,Rajwanti,Balkar Singh,0,0,Unreserved,latin,,2119,Karnal.pdf
Karnal,Nilokheri,20,Bhukha Puri,Other than Woman,NONE,0,Niraj Kumar,Shamsher,0,0,Unreserved,latin,,2119,Karnal.pdf
Karnal,Nilokheri,21,Butana,Other than Woman,NONE,0,Mewa Singh,Risal Singh,0,0,Unreserved,latin,,2119,Karnal.pdf
Karnal,Nilokheri,22,Chopri,Woman,NONE,1,Gurpreet Kaur,Gurvinder,0,0,Women,latin,,2119,Karnal.pdf
Karnal,Nilokheri,23,Dabarthala,Woman,NONE,1,Usha,Suresh Kumar,0,0,Women,latin,,2119,Karnal.pdf
Karnal,Nilokheri,24,Dadupur,Other than Woman,NONE,0,Neelam,Mehar Singh,0,0,Unreserved,latin,,2119,Karnal.pdf
Karnal,Nilokheri,25,Daya Nagar,Other than Woman,NONE,0,Mukesh Kumar,Ganesh Dass,0,0,Unreserved,latin,,2119,Karnal.pdf
Karnal,Nilokheri,26,Galib Kheri,Other than Woman,NONE,0,Amarjeet Singh,Angrej Singh,0,0,Unreserved,latin,,2119,Karnal.pdf
Karnal,Nilokheri,27,Ganger,SC Woman,SC,1,Reena Rani,Bir Singh,0,0,Scheduled Caste (Women),latin,,2119,Karnal.pdf
Karnal,Nilokheri,28,Ghol Pura,Other than Woman,NONE,0,Nanhi Devi,Dharampal,0,0,Unreserved,latin,,2119,Karnal.pdf
Karnal,Nilokheri,29,Gittal Pur,Other than Woman,NONE,0,Rajbir,Ram Kumar,1,0,Unreserved,latin,,2119,Karnal.pdf
Karnal,Nilokheri,30,Haibat Pur,Other than Woman,NONE,0,Raj Pal,Inder Singh,0,0,Unreserved,latin,,2119,Karnal.pdf
Karnal,Nilokheri,31,Jamba,Other than Woman,NONE,0,Karam Singh,Krishan Lal,0,0,Unreserved,latin,,2119,Karnal.pdf
Karnal,Nilokheri,32,Jatt Pura,Other than Woman,NONE,0,Kishan,Baru Ram,0,0,Unreserved,latin,,2119,Karnal.pdf
Karnal,Nilokheri,33,Kalsi Khalsa,Other than Woman,NONE,0,Anil Kumar,Bir Singh,0,0,Unreserved,latin,,2119,Karnal.pdf
Karnal,Nilokheri,34,Kamal Pur,SC Other than Woman,SC,0,Rajni Bala,Rajbir Singh,0,0,Scheduled Caste,latin,,2119,Karnal.pdf
Karnal,Nilokheri,35,Karsa Dod,Other than Woman,NONE,0,Geeta Devi,Rajesh Kumar,0,0,Unreserved,latin,,2119,Karnal.pdf
Karnal,Nilokheri,36,Khawaja Ahmedpur,Woman,NONE,1,Rinki,Gurdeep,0,0,Women,latin,,2119,Karnal.pdf
Karnal,Nilokheri,37,Koer,Other than Woman,NONE,0,Kusham Devi,Rakam Singh,0,0,Unreserved,latin,,2119,Karnal.pdf
Karnal,Nilokheri,38,Kurak Jagir,Other than Woman,NONE,0,Sudesh Kumar,Baru Ram,0,0,Unreserved,latin,,2119,Karnal.pdf
Karnal,Nilokheri,39,Lalyani,Other than Woman,NONE,0,Chanan Singh,Hazara Singh,0,0,Unreserved,latin,,2119,Karnal.pdf
Karnal,Nilokheri,40,Lathron,SC Other than Woman,SC,0,Bittu Ram,Mohinder,1,0,Scheduled Caste,latin,,2119,Karnal.pdf
Karnal,Nilokheri,41,Majra Roran,SC Woman,SC,1,Sunita Devi,Ranjeet Singh,0,0,Scheduled Caste (Women),latin,,2119,Karnal.pdf
Karnal,Nilokheri,42,Manak Majra,Other than Woman,NONE,0,Menka Devi,Parveen,0,0,Unreserved,latin,,2119,Karnal.pdf
Karnal,Nilokheri,43,Manchuri,Woman,NONE,1,Gurmeet Kaur,Hira Singh,0,0,Women,latin,,2119,Karnal.pdf
Karnal,Nilokheri,44,Mohri Jagir,SC Woman,SC,1,Anita,Ram Niwas,0,0,Scheduled Caste (Women),latin,,2119,Karnal.pdf
Karnal,Nilokheri,45,Nariana,SC Other than Woman,SC,0,Sunil Kumar,Jai Pal,0,0,Scheduled Caste,latin,,2119,Karnal.pdf
Karnal,Nilokheri,46,Nigdhu,Other than Woman,NONE,0,Anita,Bishan Singh,0,0,Unreserved,latin,,2119,Karnal.pdf
Karnal,Nilokheri,47,Nilokheri (Rural),SC Other than Woman,SC,0,Deepak Kumar,Sunder Lal,0,0,Scheduled Caste,latin,,2119,Karnal.pdf
Karnal,Nilokheri,48,Padhana,Woman,NONE,1,Rakhi,Ajay,0,0,Women,latin,,2119,Karnal.pdf
Karnal,Nilokheri,49,Pakhana,Other than Woman,NONE,0,Nishabar Singh,Jaswant Singh,0,0,Unreserved,latin,,2119,Karnal.pdf
Karnal,Nilokheri,50,Padwala,Woman,NONE,1,Usha Devi,Subhash,0,0,Women,latin,,2119,Karnal.pdf
Karnal,Nilokheri,51,Pastana,Woman,NONE,1,Manju,Shankar Dass,0,0,Women,latin,,2119,Karnal.pdf
Karnal,Nilokheri,52,Patanpuri,Other than Woman,NONE,0,Arunjeet,Neeti Kumar,0,0,Unreserved,latin,,2119,Karnal.pdf
Karnal,Nilokheri,53,Pujam,Other than Woman,NONE,0,Amarjeet Singh,Ram Singh,0,0,Unreserved,latin,,2119,Karnal.pdf
Karnal,Nilokheri,54,Raipur Roran,SC Woman,SC,1,Poonam Rani,Davinder,0,0,Scheduled Caste (Women),latin,,2119,Karnal.pdf
Karnal,Nilokheri,55,Raison,Woman,NONE,1,Bharti,Bani Singh,0,0,Women,latin,,2119,Karnal.pdf
Karnal,Nilokheri,56,Rajgarh,Woman,NONE,1,Manjeet Kaur,Gurjeet Singh,0,0,Women,latin,,2119,Karnal.pdf
Karnal,Nilokheri,57,Ramana Ramani,SC Other than Woman,SC,0,Naresh Kumar,Banwari Lal,0,0,Scheduled Caste,latin,,2119,Karnal.pdf
Karnal,Nilokheri,58,Sagga,Other than Woman,NONE,0,Suman,Jaimal Singh,0,0,Unreserved,latin,,2119,Karnal.pdf
Karnal,Nilokheri,59,Samana Bahu,Other than Woman,NONE,0,Deepak Bansal,Raghu Nath,0,0,Unreserved,latin,,2119,Karnal.pdf
Karnal,Nilokheri,60,Sambhi,Woman,NONE,1,Bhag Kaur,Balwinder,0,0,Women,latin,,2119,Karnal.pdf
Karnal,Nilokheri,61,Sandhir,SC Woman,SC,1,Reena Rani,Sohan Lal,0,0,Scheduled Caste (Women),latin,,2119,Karnal.pdf
Karnal,Nilokheri,62,Sanwant,SC Other than Woman,SC,0,Surajbhan,Antu Ram,0,0,Scheduled Caste,latin,,2119,Karnal.pdf
Karnal,Nilokheri,63,Seedpur,Other than Woman,NONE,0,Amardeep,Sher Singh,0,0,Unreserved,latin,,2119,Karnal.pdf
Karnal,Nilokheri,64,Shamgarh,Other than Woman,NONE,0,Rampal,Balkishan,0,0,Unreserved,latin,,2119,Karnal.pdf
Karnal,Nilokheri,65,Shekhanpur,Other than Woman,NONE,0,Jaswinder Kaur,Ajaib Singh,0,0,Unreserved,latin,,2119,Karnal.pdf
Karnal,Nilokheri,66,Sikri,Other than Woman,NONE,0,Sunita Rani,Balbir Singh,0,0,Unreserved,latin,,2119,Karnal.pdf
Karnal,Nilokheri,67,Sitamai,Other than Woman,NONE,0,Satbir Singh,Sodagar Ram,0,0,Unreserved,latin,,2119,Karnal.pdf
Karnal,Nilokheri,68,Sonkra,Woman,NONE,1,Jitender Kaur,Inderjeet,0,0,Women,latin,,2119,Karnal.pdf
Karnal,Nilokheri,69,Sultanpur,Other than Woman,NONE,0,Raman,Balbir Singh,0,0,Unreserved,latin,,2119,Karnal.pdf
Karnal,Nilokheri,70,Takhana Khalsa,Other than Woman,NONE,0,Baljeet Kaur,Pal Singh,0,0,Unreserved,latin,,2119,Karnal.pdf
Karnal,Nilokheri,71,Takhana Colony,Other than Woman,NONE,0,Pushpa Devi,Balkar Singh,0,0,Unreserved,latin,,2119,Karnal.pdf
Karnal,Nilokheri,72,Unispur,SC Other than Woman,SC,0,Amar Singh,Lalu Ram,0,0,Scheduled Caste,latin,,2119,Karnal.pdf
Karnal,Nilokheri,73,Sohlo,Other than Woman,NONE,0,Suresh Pal,Puran Singh,0,0,Unreserved,latin,,2119,Karnal.pdf
Karnal,Nissing,1,Agondh,Woman,NONE,1,Sharda Rani,Ajit Singh,0,0,Women,latin,,2121,Karnal.pdf
Karnal,Nissing,2,Alipur Viran,SC Other than Woman,SC,0,Sandeep Singh,Jagir Singh,0,0,Scheduled Caste,latin,,2121,Karnal.pdf
Karnal,Nissing,3,Amupur,Other than Woman,NONE,0,Harbhajan Kaur,Gurbaksh Singh,0,0,Unreserved,latin,,2121,Karnal.pdf
Karnal,Nissing,4,Bajida Roran,Other than Woman,NONE,0,Ramkishan,Jai Lal,0,0,Unreserved,latin,,2121,Karnal.pdf
Karnal,Nissing,5,Balu,Other than Woman,NONE,0,Harpreet Kaur,Gurlal Singh,0,0,Unreserved,latin,,2121,Karnal.pdf
Karnal,Nissing,6,Bansa,Other than Woman,NONE,0,Harjinder Singh,Jasbir Singh,0,0,Unreserved,latin,,2121,Karnal.pdf
Karnal,Nissing,7,Barota,SC Other than Woman,SC,0,Poonam,Mahabir Singh,0,0,Scheduled Caste,latin,,2121,Karnal.pdf
Karnal,Nissing,8,Bastli,Other than Woman,NONE,0,Pardeep Kumar,Banarshi Dass,0,0,Unreserved,latin,,2121,Karnal.pdf
Karnal,Nissing,9,Behlolpur,Other than Woman,NONE,0,Angrej Singh,Sukha Singh,0,0,Unreserved,latin,,2121,Karnal.pdf
Karnal,Nissing,10,Bir Dindari,Woman,NONE,1,Ritu Rani,Pankaj Kumar,0,0,Women,latin,,2121,Karnal.pdf
Karnal,Nissing,11,Bir Majra,Other than Woman,NONE,0,Rahul,Ramesh Chand,0,0,Unreserved,latin,,2121,Karnal.pdf
Karnal,Nissing,12,Birchpur,SC Woman,SC,1,Poonam Rani,Samsher,0,0,Scheduled Caste (Women),latin,,2121,Karnal.pdf
Karnal,Nissing,13,Brass,SC Other than Woman,SC,0,Karam Chand,Jainpal,0,0,Scheduled Caste,latin,,2121,Karnal.pdf
Karnal,Nissing,14,Brass Khurd,Other than Woman,NONE,0,Mahender Pal,Parkash Chand,0,0,Unreserved,latin,,2121,Karnal.pdf
Karnal,Nissing,15,Budanpur Abad,Woman,NONE,1,Shimla Devi,Sanjeev Kumar,0,0,Women,latin,,2121,Karnal.pdf
Karnal,Nissing,16,Budanpur Viran,Other than Woman,NONE,0,Gurnam Singh,Tahal Singh,0,0,Unreserved,latin,,2121,Karnal.pdf
Karnal,Nissing,17,Chakda,Other than Woman,NONE,0,Gurlal Singh,Gurmeet Singh,0,0,Unreserved,latin,,2121,Karnal.pdf
Karnal,Nissing,18,Chirao,Woman,NONE,1,Sanjana,Parveen,0,0,Women,latin,,2121,Karnal.pdf
Karnal,Nissing,19,Dabri,Woman,NONE,1,Ramandeep Kaur,Naseeb Singh,0,0,Women,latin,,2121,Karnal.pdf
Karnal,Nissing,20,Dachar,Other than Woman,NONE,0,Vikramjeet Singh,Ameer Singh,0,0,Unreserved,latin,,2121,Karnal.pdf
Karnal,Nissing,21,Dadupur Roran,Woman,NONE,1,Seema Devi,Jaidev,0,0,Women,latin,,2121,Karnal.pdf
Karnal,Nissing,22,Fateh Garh,Other than Woman,NONE,0,Amritpal Singh,Kashmir Singh,0,0,Unreserved,latin,,2121,Karnal.pdf
Karnal,Nissing,23,Gobind Garh,Other than Woman,NONE,0,Rajdeep Singh,Hardev Singh,0,0,Unreserved,latin,,2121,Karnal.pdf
Karnal,Nissing,24,Goghripur,SC Woman,SC,1,Geeta,Ranveer Singh,0,0,Scheduled Caste (Women),latin,,2121,Karnal.pdf
Karnal,Nissing,25,Gohida,SC Other than Woman,SC,0,Krishan Lal,Banwari Lal,0,0,Scheduled Caste,latin,,2121,Karnal.pdf
Karnal,Nissing,26,Gonder,Other than Woman,NONE,0,Devinder,Sahb Singh,0,0,Unreserved,latin,,2121,Karnal.pdf
Karnal,Nissing,27,Gullarpur,Woman,NONE,1,Seema Rani,Satish Kumar,0,0,Women,latin,,2121,Karnal.pdf
Karnal,Nissing,28,Guniana,SC Other than Woman,SC,0,Sonia,Leela Ram,0,0,Scheduled Caste,latin,,2121,Karnal.pdf
Kurukshetra,Babain,1,Babain,Other than Woman,NONE,0,Vishavjeet Bindal,Sarwan Kumar Bindal,0,0,Unreserved,latin,,2124,Kurukshetra.pdf
Kurukshetra,Babain,2,Bargat,Other than Woman,NONE,0,Jasbir Singh,Pritam Singh,1,0,Unreserved,latin,,2124,Kurukshetra.pdf
Kurukshetra,Babain,3,Bargat Jattan,SC Other than Woman,SC,0,Rishi Pal,Natha Ram,0,0,Scheduled Caste,latin,,2124,Kurukshetra.pdf
Kurukshetra,Babain,4,Berthali,SC Woman,SC,1,Sunita Devi,Sandeep Kumar,0,0,Scheduled Caste (Women),latin,,2124,Kurukshetra.pdf
Kurukshetra,Babain,5,Berthla,Woman,NONE,1,Simple Deswal,Shanki Chahal,0,0,Women,latin,,2124,Kurukshetra.pdf
Kurukshetra,Babain,6,Bhagwanpur,Woman,NONE,1,Seema Rani,Mukesh Kumar,1,0,Women,latin,,2124,Kurukshetra.pdf
Kurukshetra,Babain,7,Bhaini,Other than Woman,NONE,0,Ravinder Singh,Gurdev Singh,0,0,Unreserved,latin,,2124,Kurukshetra.pdf
Kurukshetra,Babain,8,Bhukhari,Other than Woman,NONE,0,Pardeep Kumar,Rameshwar Dass,0,0,Unreserved,latin,,2124,Kurukshetra.pdf
Kurukshetra,Babain,9,Bint,Other than Woman,NONE,0,Balbir Singh,Sadhu Ram,0,0,Unreserved,latin,,2124,Kurukshetra.pdf
Kurukshetra,Babain,10,Bir Kalwa,SC Other than Woman,SC,0,Amit Kumar,Pawan Kumar,0,0,Scheduled Caste,latin,,2124,Kurukshetra.pdf
Kurukshetra,Babain,11,Bir Mangoli,SC Other than Woman,SC,0,Chanchal Rani,Kuldeep Singh,0,0,Scheduled Caste,latin,,2124,Kurukshetra.pdf
Kurukshetra,Babain,12,Bir Sujra,Woman,NONE,1,Joyti Saini,Amit Kumar,0,0,Women,latin,,2124,Kurukshetra.pdf
Kurukshetra,Babain,13,Buhawa,SC Other than Woman,SC,0,Prem Chand,Phool Singh,0,0,Scheduled Caste,latin,,2124,Kurukshetra.pdf
Kurukshetra,Babain,14,Buhawi,Other than Woman,NONE,0,Rajender Kumar,Shiv Sharan,0,0,Unreserved,latin,,2124,Kurukshetra.pdf
Kurukshetra,Babain,15,Dhanani,SC Other than Woman,SC,0,Neelam Devi,Sushil Kumar,0,0,Scheduled Caste,latin,,2124,Kurukshetra.pdf
Kurukshetra,Babain,16,Ghisarpari,SC Other than Woman,SC,0,Man Singh,Ramji Lal,0,0,Scheduled Caste,latin,,2124,Kurukshetra.pdf
Kurukshetra,Babain,17,Hamidpur,Woman,NONE,1,Sanjeeta Devi,Pardeep Kumar,0,0,Women,latin,,2124,Kurukshetra.pdf
Kurukshetra,Babain,18,Haripura,Other than Woman,NONE,0,Gurmel Singh,Gurcharan Singh,0,0,Unreserved,latin,,2124,Kurukshetra.pdf
Kurukshetra,Babain,19,Isherheri,Other than Woman,NONE,0,Sahab Singh,Gurcharan Singh,0,0,Unreserved,latin,,2124,Kurukshetra.pdf
Kurukshetra,Babain,20,Jalaludin Majra,Other than Woman,NONE,0,Gurnam Singh,Sadhu Ram,0,0,Unreserved,latin,,2124,Kurukshetra.pdf
Kurukshetra,Babain,21,Jalkheri,Other than Woman,NONE,0,Sarabjeet Singh,Jagdeep Singh,0,0,Unreserved,latin,,2124,Kurukshetra.pdf
Kurukshetra,Babain,22,Jhandola,Woman,NONE,1,Pooja Rani,Rajesh Kumar,0,0,Women,latin,,2124,Kurukshetra.pdf
Kurukshetra,Babain,23,Kalalmajra,Other than Woman,NONE,0,Gurmeet Singh,Darshan Lal,0,0,Unreserved,latin,,2124,Kurukshetra.pdf
Kurukshetra,Babain,24,Kalwa,Other than Woman,NONE,0,Rashpal Singh,Sukhdev Singh,0,0,Unreserved,latin,,2124,Kurukshetra.pdf
Kurukshetra,Babain,25,Kasithal,Other than Woman,NONE,0,Subash Chand,Bhagat Singh,0,0,Unreserved,latin,,2124,Kurukshetra.pdf
Kurukshetra,Babain,26,Khirki Viran,Other than Woman,NONE,0,Sukhbir Singh,Karam Singh,0,0,Unreserved,latin,,2124,Kurukshetra.pdf
Kurukshetra,Babain,27,Lakhmari,Other than Woman,NONE,0,Sukhjot Singh,Gurlal Singh,0,0,Unreserved,latin,,2124,Kurukshetra.pdf
Kurukshetra,Babain,28,Mahuwa Kheri,Other than Woman,NONE,0,Sandeep Singh,Ramesh Singh,0,0,Unreserved,latin,,2124,Kurukshetra.pdf
Kurukshetra,Babain,29,Mangoli Jattan,Other than Woman,NONE,0,Gurdeep Singh,Mem Singh,0,0,Unreserved,latin,,2124,Kurukshetra.pdf
Kurukshetra,Babain,30,Mangoli Rangran,Woman,NONE,1,Harvinder Kaur,Major Singh,0,0,Women,latin,,2124,Kurukshetra.pdf
Kurukshetra,Babain,31,Mercheri,Woman,NONE,1,Neeru,Parveen Kumar,0,0,Women,latin,,2124,Kurukshetra.pdf
Kurukshetra,Babain,32,Nakhrojpur,Woman,NONE,1,Kiran Rani,Baljit Singh,0,0,Women,latin,,2124,Kurukshetra.pdf
Kurukshetra,Babain,33,Phalsanda Jattan,Other than Woman,NONE,0,Sukhvinder Singh,Surjeet Singh,0,0,Unreserved,latin,,2124,Kurukshetra.pdf
Kurukshetra,Babain,34,Phalsanda Rangran,Other than Woman,NONE,0,Chaman Lal,Chotu Ram,0,0,Unreserved,latin,,2124,Kurukshetra.pdf
Kurukshetra,Babain,35,Ram Nagar 112,Woman,NONE,1,Rani Devi,Salinder Kumar,0,0,Women,latin,,2124,Kurukshetra.pdf
Kurukshetra,Babain,36,Ram Nagar 156,Woman,NONE,1,Ranjeet Kaur,Baldev Singh,0,0,Women,latin,,2124,Kurukshetra.pdf
Kurukshetra,Babain,37,Ram Saran Majra,Other than Woman,NONE,0,Sunita Rani,Suresh Kumar,0,0,Unreserved,latin,,2124,Kurukshetra.pdf
Kurukshetra,Babain,38,Rampura,Other than Woman,NONE,0,Gurmeet Kaur,Mahma Singh,0,0,Unreserved,latin,,2124,Kurukshetra.pdf
Kurukshetra,Babain,39,Rurki,SC Woman,SC,1,Pooja,Narender Kumar,0,0,Scheduled Caste (Women),latin,,2124,Kurukshetra.pdf
Kurukshetra,Babain,40,Saini Majra,Woman,NONE,1,Rekha Rani,Gurmakh Singh,0,0,Women,latin,,2124,Kurukshetra.pdf
Kurukshetra,Babain,41,Sanghor,Other than Woman,NONE,0,Kusam,Balinder Singh,0,0,Unreserved,latin,,2124,Kurukshetra.pdf
Kurukshetra,Babain,42,Simbalwal,Other than Woman,NONE,0,Kishori Lal,Baru Ram,0,0,Unreserved,latin,,2124,Kurukshetra.pdf
Kurukshetra,Babain,43,Sunarian,Woman,NONE,1,Neelam,Narender Singh,0,0,Women,latin,,2124,Kurukshetra.pdf
Kurukshetra,Babain,44,Tatka,SC Woman,SC,1,Saroj Bala,Vikram Pal,1,0,Scheduled Caste (Women),latin,,2124,Kurukshetra.pdf
Kurukshetra,Babain,45,Tatki,Other than Woman,NONE,0,Kuldeep Kumar,Harkesh Kumar,0,0,Unreserved,latin,,2124,Kurukshetra.pdf
Kurukshetra,Ismailabad,1,Ajmat Pur,Woman,NONE,1,Sawarnjit Kaur,Arvinder Singh,0,0,Women,latin,,2134,Kurukshetra.pdf
Kurukshetra,Ismailabad,2,Ajrana Khurd,Other than Woman,NONE,0,Gurdev Singh,Satnam Singh,0,0,Unreserved,latin,,2134,Kurukshetra.pdf
Kurukshetra,Ismailabad,3,Ajrawar,Other than Woman,NONE,0,Surjit Singh,Balwant Singh,0,0,Unreserved,latin,,2134,Kurukshetra.pdf
Kurukshetra,Ismailabad,4,Bachki,Other than Woman,NONE,0,Varender Singh,Balkar Singh,0,0,Unreserved,latin,,2134,Kurukshetra.pdf
Kurukshetra,Ismailabad,5,Basant Pur,SC Woman,SC,1,Amita Devi,Jasbir Singh,0,0,Scheduled Caste (Women),latin,,2134,Kurukshetra.pdf
Kurukshetra,Ismailabad,6,Bhustala,Other than Woman,NONE,0,Rajender Singh,Janak Singh,0,0,Unreserved,latin,,2134,Kurukshetra.pdf
Kurukshetra,Ismailabad,7,Chammu Kalan,SC Other than Woman,SC,0,Lal Singh,Budh Ram,0,0,Scheduled Caste,latin,,2134,Kurukshetra.pdf
Kurukshetra,Ismailabad,8,Dalla Majra,Other than Woman,NONE,0,Satvir Singh,Karnail Singh,0,0,Unreserved,latin,,2134,Kurukshetra.pdf
Kurukshetra,Ismailabad,9,Dera Suraj Garh,Other than Woman,NONE,0,Jaswinder Singh,Prem Chand,1,0,Unreserved,latin,,2134,Kurukshetra.pdf
Kurukshetra,Ismailabad,10,Dunia Majra,SC Other than Woman,SC,0,Jai Chand,Nathi Ram,0,0,Scheduled Caste,latin,,2134,Kurukshetra.pdf
Kurukshetra,Ismailabad,11,Fatehgarh Chammu,Woman,NONE,1,Gurpreet Kaur,Gurvinder Singh,0,0,Women,latin,,2134,Kurukshetra.pdf
Kurukshetra,Ismailabad,12,Gangheri,Other than Woman,NONE,0,Gurdev Singh,Joga Singh,0,0,Unreserved,latin,,2134,Kurukshetra.pdf
Kurukshetra,Ismailabad,13,Gogpur,Other than Woman,NONE,0,Davender Singh,Sukhvant Singh,0,0,Unreserved,latin,,2134,Kurukshetra.pdf
Kurukshetra,Ismailabad,14,Gorkha,Other than Woman,NONE,0,Gurnam Singh,Nikka Ram,0,0,Unreserved,latin,,2134,Kurukshetra.pdf
Kurukshetra,Ismailabad,15,Ismailabad,Other than Woman,NONE,0,Sanjiv Kumar,Lal Chand,0,0,Unreserved,latin,,2134,Kurukshetra.pdf
Kurukshetra,Ismailabad,16,Jalbhera,Woman,NONE,1,Santosh Rani,Kulwant Singh,0,0,Women,latin,,2134,Kurukshetra.pdf
Kurukshetra,Ismailabad,17,Jhansa,Woman,NONE,1,Meenu,Punit,0,0,Women,latin,,2134,Kurukshetra.pdf
Kurukshetra,Ismailabad,18,Jhinvrehri-1,Woman,NONE,1,Neelam Devi,Ram Kumar,0,0,Women,latin,,2134,Kurukshetra.pdf
Kurukshetra,Ismailabad,19,Kanthala,Other than Woman,NONE,0,Gurnam Singh,Daya Ram,0,0,Unreserved,latin,,2134,Kurukshetra.pdf
Kurukshetra,Ismailabad,20,Kheri Shahidan,Other than Woman,NONE,0,Anil Kumar,Dharampal,0,0,Unreserved,latin,,2134,Kurukshetra.pdf
Kurukshetra,Ismailabad,21,Kumhar Majra,Other than Woman,NONE,0,Malook Singh,Santokh Singh,0,0,Unreserved,latin,,2134,Kurukshetra.pdf
Kurukshetra,Ismailabad,22,Lotni,Other than Woman,NONE,0,Jarnail Singh,Mansa Ram,0,0,Unreserved,latin,,2134,Kurukshetra.pdf
Kurukshetra,Ismailabad,23,Majri Kalan,SC Other than Woman,SC,0,Ram Pal,Narata Ram,0,0,Scheduled Caste,latin,,2134,Kurukshetra.pdf
Kurukshetra,Ismailabad,24,Malik Pur,Woman,NONE,1,Raj Rani,Vinod Kumar,0,0,Women,latin,,2134,Kurukshetra.pdf
Kurukshetra,Ismailabad,25,Mandheri,Other than Woman,NONE,0,Gurwinder Singh,Gurdev Singh,0,0,Unreserved,latin,,2134,Kurukshetra.pdf
Kurukshetra,Ismailabad,26,Mandi,SC Woman,SC,1,Roma Devi,Sarabjit Singh,0,0,Scheduled Caste (Women),latin,,2134,Kurukshetra.pdf
Kurukshetra,Ismailabad,27,Megha Majra,Other than Woman,NONE,0,Jaswant Singh,Jai Pal,0,0,Unreserved,latin,,2134,Kurukshetra.pdf
Kurukshetra,Ismailabad,28,Naisi,Woman,NONE,1,Priya Sharma,Virender Kumar,0,0,Women,latin,,2134,Kurukshetra.pdf
Kurukshetra,Ismailabad,29,Pipli Majra,Woman,NONE,1,Paramjit Kaur,Daler Singh,0,0,Women,latin,,2134,Kurukshetra.pdf
Kurukshetra,Ismailabad,30,Rohti,SC Woman,SC,1,Shikha Devi,Manoj Kumar,0,0,Scheduled Caste (Women),latin,,2134,Kurukshetra.pdf
Kurukshetra,Ismailabad,31,Saini Majra,Other than Woman,NONE,0,Krishan Kumar,Laxman Daas,0,0,Unreserved,latin,,2134,Kurukshetra.pdf
Kurukshetra,Ismailabad,32,Salpani Kalan,Other than Woman,NONE,0,Mewa Singh,Dalip Singh,0,0,Unreserved,latin,,2134,Kurukshetra.pdf
Kurukshetra,Ismailabad,33,Salpani Khurd,Other than Woman,NONE,0,Harmanpreet,Mahinder Singh,0,0,Unreserved,latin,,2134,Kurukshetra.pdf
Kurukshetra,Ismailabad,34,Shanti Nagar,Woman,NONE,1,Rajvinder Kaur,Gian Singh,0,0,Women,latin,,2134,Kurukshetra.pdf
Kurukshetra,Ismailabad,35,Shergarh Tabra,Woman,NONE,1,Rajvinder Kaur,Dharmveer,0,0,Women,latin,,2134,Kurukshetra.pdf
Kurukshetra,Ismailabad,36,Tabra,Other than Woman,NONE,0,Subhash Chand,Balkar Singh,0,0,Unreserved,latin,,2134,Kurukshetra.pdf
Kurukshetra,Ismailabad,37,Tangoli,SC Other than Woman,SC,0,Satyawan,Ram Kishan,0,0,Scheduled Caste,latin,,2134,Kurukshetra.pdf
Kurukshetra,Ismailabad,38,Thandran,Other than Woman,NONE,0,Surjeet Singh,Babu Ram,0,0,Unreserved,latin,,2134,Kurukshetra.pdf
Kurukshetra,Ismailabad,39,Tharauli,Woman,NONE,1,Mandeep Kaur,Sumit Singh,0,0,Women,latin,,2134,Kurukshetra.pdf
Kurukshetra,Ismailabad,40,Thaska Ali,SC Other than Woman,SC,0,Chander Bhan,Balkara Ram,0,0,Scheduled Caste,latin,,2134,Kurukshetra.pdf
Kurukshetra,Ismailabad,41,Thaska Mira Ji,Other than Woman,NONE,0,Dilbag Singh,Bhagel Singh,0,0,Unreserved,latin,,2134,Kurukshetra.pdf
Kurukshetra,Ismailabad,42,Thol,SC Other than Woman,SC,0,Nirmal Kumar,Balbir Singh,0,0,Scheduled Caste,latin,,2134,Kurukshetra.pdf
Kurukshetra,Ladwa,1,Antheri,Woman,NONE,1,Suman Devi,Subhash Chand,0,0,Women,latin,,2126,Kurukshetra.pdf
Kurukshetra,Ladwa,2,Badarpur,Woman,NONE,1,Kamlesh Devi,Ashok Kumar,0,0,Women,latin,,2126,Kurukshetra.pdf
Kurukshetra,Ladwa,3,Bakali,Other than Woman,NONE,0,Virender Kaur,Manjit Singh,0,0,Unreserved,latin,,2126,Kurukshetra.pdf
Kurukshetra,Ladwa,4,Ban,SC Woman,SC,1,Kesro Devi,Vipin Kumar,0,0,Scheduled Caste (Women),latin,,2126,Kurukshetra.pdf
Kurukshetra,Ladwa,5,Bani,Other than Woman,NONE,0,Ranbir Singh,Hari Singh,0,0,Unreserved,latin,,2126,Kurukshetra.pdf
Kurukshetra,Ladwa,6,Bapda,Other than Woman,NONE,0,Rajpal,Tulsi Ram,0,0,Unreserved,latin,,2126,Kurukshetra.pdf
Kurukshetra,Ladwa,7,Bapdi,Woman,NONE,1,Sushma Devi,Parmod Kumar,1,0,Women,latin,,2126,Kurukshetra.pdf
Kurukshetra,Ladwa,8,Barachpur,Other than Woman,NONE,0,Jaspreet Kaur,Harbansh Singh,0,0,Unreserved,latin,,2126,Kurukshetra.pdf
Kurukshetra,Ladwa,9,Barhan,Other than Woman,NONE,0,Hoshiyar Singh,Neki Ram,0,0,Unreserved,latin,,2126,Kurukshetra.pdf
Kurukshetra,Ladwa,10,Baronda,Other than Woman,NONE,0,Raghbir Singh,Gorkha Ram,0,0,Unreserved,latin,,2126,Kurukshetra.pdf
Kurukshetra,Ladwa,11,Barondi,Other than Woman,NONE,0,Ram Chander,Pala Ram,0,0,Unreserved,latin,,2126,Kurukshetra.pdf
Kurukshetra,Ladwa,12,Barot,Other than Woman,NONE,0,Dharambir,Shish Ram,0,0,Unreserved,latin,,2126,Kurukshetra.pdf
Kurukshetra,Ladwa,13,Barshami,Woman,NONE,1,Sandeep Kaur,Amarjeet Singh,0,0,Women,latin,,2126,Kurukshetra.pdf
Kurukshetra,Ladwa,14,Bartoli,Other than Woman,NONE,0,Pawan Rana,Padam Singh,0,0,Unreserved,latin,,2126,Kurukshetra.pdf
Kurukshetra,Ladwa,15,Behlolpur,SC Other than Woman,SC,0,Anuj Kumar,Sher Singh,0,0,Scheduled Caste,latin,,2126,Kurukshetra.pdf
Kurukshetra,Ladwa,16,Bhallar,Other than Woman,NONE,0,Virender Singh,Telu Ram,0,0,Unreserved,latin,,2126,Kurukshetra.pdf
Kurukshetra,Ladwa,17,Bhoot Majra,Other than Woman,NONE,0,Suresh Pal,Ruliya Singh,0,0,Unreserved,latin,,2126,Kurukshetra.pdf
Kurukshetra,Ladwa,18,Bir Bartoli,Other than Woman,NONE,0,Ram Kumar,Ram Chander,0,0,Unreserved,latin,,2126,Kurukshetra.pdf
Kurukshetra,Ladwa,19,Bir Khairi,SC Other than Woman,SC,0,Satpal,Shankar Dass,0,0,Scheduled Caste,latin,,2126,Kurukshetra.pdf
Kurukshetra,Ladwa,20,Bir Sonti,Other than Woman,NONE,0,Chanan Ram,Buta Ram,0,0,Unreserved,latin,,2126,Kurukshetra.pdf
Kurukshetra,Ladwa,21,Bodla,Woman,NONE,1,Anju Sharma,Vikas Kumar,0,0,Women,latin,,2126,Kurukshetra.pdf
Kurukshetra,Ladwa,22,Budha,SC Other than Woman,SC,0,Gurpreet Singh,Jasbir Singh,0,0,Scheduled Caste,latin,,2126,Kurukshetra.pdf
Kurukshetra,Ladwa,23,Chhalondi,SC Other than Woman,SC,0,Baldev Raj,Data Ram,0,0,Scheduled Caste,latin,,2126,Kurukshetra.pdf
Kurukshetra,Ladwa,24,Chhapra,SC Other than Woman,SC,0,Jai Pal,Gokal Ram,0,0,Scheduled Caste,latin,,2126,Kurukshetra.pdf
Kurukshetra,Ladwa,25,Chharpura,Other than Woman,NONE,0,Nasib Singh,Kuldeep Singh,0,0,Unreserved,latin,,2126,Kurukshetra.pdf
Kurukshetra,Ladwa,26,Dabkhera,SC Woman,SC,1,Neelam Kumari,Rajesh Kumar,0,0,Scheduled Caste (Women),latin,,2126,Kurukshetra.pdf
Kurukshetra,Ladwa,27,Dhanora Jattan,Other than Woman,NONE,0,Babu Ram,Molu Ram,0,0,Unreserved,latin,,2126,Kurukshetra.pdf
Kurukshetra,Ladwa,28,Dhyangla,Other than Woman,NONE,0,Jasvinder Singh,Om Pal,0,0,Unreserved,latin,,2126,Kurukshetra.pdf
Kurukshetra,Ladwa,29,Dudha,Other than Woman,NONE,0,Jagmal Singh,Shiv Ram,0,0,Unreserved,latin,,2126,Kurukshetra.pdf
Kurukshetra,Ladwa,30,Dudhi,SC Other than Woman,SC,0,Anil Kumar,Nasib Singh,0,0,Scheduled Caste,latin,,2126,Kurukshetra.pdf
Kurukshetra,Ladwa,31,Dugari,Other than Woman,NONE,0,Rajbir Singh,Balwan Singh,0,0,Unreserved,latin,,2126,Kurukshetra.pdf
Kurukshetra,Ladwa,32,Gadli,Woman,NONE,1,Harjinder Kaur,Mukesh Kumar,0,0,Women,latin,,2126,Kurukshetra.pdf
Kurukshetra,Ladwa,33,Gajlana,Other than Woman,NONE,0,Rameshwar Dass,Ved Parkash,0,0,Unreserved,latin,,2126,Kurukshetra.pdf
Kurukshetra,Ladwa,34,"Gangori,",Other than Woman,NONE,0,Hukam Chand,Sumer Chand,0,0,Unreserved,latin,,2126,Kurukshetra.pdf
Kurukshetra,Ladwa,35,Gharola,Other than Woman,NONE,0,Ameet Kaur,Khushwant Singh,0,0,Unreserved,latin,,2126,Kurukshetra.pdf
Kurukshetra,Ladwa,36,Girdharpura,Other than Woman,NONE,0,Narender Kaur,Jasbir Singh,1,0,Unreserved,latin,,2126,Kurukshetra.pdf
Kurukshetra,Ladwa,37,Gobind Garh,Other than Woman,NONE,0,Hukam Chand,Parmanand,0,0,Unreserved,latin,,2126,Kurukshetra.pdf
Kurukshetra,Ladwa,38,Gudha,Other than Woman,NONE,0,Mukesh,Jasmer,0,0,Unreserved,latin,,2126,Kurukshetra.pdf
Kurukshetra,Ladwa,39,Gudhi,SC Woman,SC,1,Pooja Rani,Randeep Singh,0,0,Scheduled Caste (Women),latin,,2126,Kurukshetra.pdf
Kurukshetra,Ladwa,40,Halalpur,Woman,NONE,1,Parmit Kaur,Ajaib Singh,0,0,Women,latin,,2126,Kurukshetra.pdf
Kurukshetra,Ladwa,41,Jainpur Jattan,Other than Woman,NONE,0,Vikas Kumar,Ram Chander,0,0,Unreserved,latin,,2126,Kurukshetra.pdf
Kurukshetra,Ladwa,42,Jandhera,Other than Woman,NONE,0,Sonia,Vikram Singh,0,0,Unreserved,latin,,2126,Kurukshetra.pdf
Kurukshetra,Ladwa,43,Jogi Majra,Other than Woman,NONE,0,Bupinder,Krishan Chand,1,0,Unreserved,latin,,2126,Kurukshetra.pdf
Kurukshetra,Ladwa,44,Kali Rano,SC Woman,SC,1,Seema Devi,Jai Singh,0,0,Scheduled Caste (Women),latin,,2126,Kurukshetra.pdf
Kurukshetra,Ladwa,45,Karami,Other than Woman,NONE,0,Gurinder Singh,Mohan Singh,0,0,Unreserved,latin,,2126,Kurukshetra.pdf
Kurukshetra,Ladwa,46,Khaira,Other than Woman,NONE,0,Baljinder Kaur,Dalvinder Singh,0,0,Unreserved,latin,,2126,Kurukshetra.pdf
Kurukshetra,Ladwa,47,Khairi,Woman,NONE,1,Reena Devi,Rajiv Kumar,0,0,Women,latin,,2126,Kurukshetra.pdf
Kurukshetra,Ladwa,48,Kharkali,Woman,NONE,1,Sita Rani,Ashok Kumar,1,0,Women,latin,,2126,Kurukshetra.pdf
Kurukshetra,Ladwa,49,Kheri Dabdlan,Other than Woman,NONE,0,Dharam Pal,Sarni Ram,0,0,Unreserved,latin,,2126,Kurukshetra.pdf
Kurukshetra,Ladwa,50,Kheri Gadian,SC Other than Woman,SC,0,Dharam Pal,Pritam Singh,1,0,Scheduled Caste,latin,,2126,Kurukshetra.pdf
Kurukshetra,Ladwa,51,Lathi Dhanora,Woman,NONE,1,Nita Devi,Vikas Kumar,1,0,Women,latin,,2126,Kurukshetra.pdf
Kurukshetra,Ladwa,52,Lohara,Woman,NONE,1,Mamtesh Kaur,Sulkhan Singh,0,0,Women,latin,,2126,Kurukshetra.pdf
Kurukshetra,Ladwa,53,Mehra,SC Other than Woman,SC,0,Chatarpal,Ram Kumar,0,0,Scheduled Caste,latin,,2126,Kurukshetra.pdf
Kurukshetra,Ladwa,54,Mukerpur,Woman,NONE,1,Raman Lata,Rajender Kumar,0,0,Women,latin,,2126,Kurukshetra.pdf
Kurukshetra,Ladwa,55,Muradnagar,Woman,NONE,1,Rajni Devi,Jitender Kumar,0,0,Women,latin,,2126,Kurukshetra.pdf
Kurukshetra,Ladwa,56,Niwarshi,Other than Woman,NONE,0,Jarnail Singh,Khaniya Singh,0,0,Unreserved,latin,,2126,Kurukshetra.pdf
Kurukshetra,Ladwa,57,Parhladpur,SC Other than Woman,SC,0,Pardeep Singh,Jai Singh,0,0,Scheduled Caste,latin,,2126,Kurukshetra.pdf
Kurukshetra,Ladwa,58,Patakmajra,Other than Woman,NONE,0,Subhash Chand,Anant Ram,0,0,Unreserved,latin,,2126,Kurukshetra.pdf
Kurukshetra,Ladwa,59,Salempur,Other than Woman,NONE,0,1,Gurmej Singh,0,0,Unreserved,latin,,2126,Kurukshetra.pdf
Kurukshetra,Ladwa,60,Shazadpur,Woman,NONE,1,Jasvinder Kaur,Balwinder,0,0,Women,latin,,2126,Kurukshetra.pdf
Kurukshetra,Ladwa,61,Sonti,Other than Woman,NONE,0,Saravjeet Singh,Amarnath,0,0,Unreserved,latin,,2126,Kurukshetra.pdf
Kurukshetra,Ladwa,62,Sultanpur,Woman,NONE,1,Sangeeta Rani,Fateh Singh,0,0,Women,latin,,2126,Kurukshetra.pdf
Kurukshetra,Ladwa,63,Sura,Woman,NONE,1,Meena Devi,Sunil Kumar,0,0,Women,latin,,2126,Kurukshetra.pdf
Kurukshetra,Pehowa,1,Adhoya,Other than Woman,NONE,0,Kuldeep Singh,Sadara Ram,0,0,Unreserved,latin,,2128,Kurukshetra.pdf
Kurukshetra,Pehowa,2,Arnai,Woman,NONE,1,Jyoti,Pardeep Kumar,0,0,Women,latin,,2128,Kurukshetra.pdf
Kurukshetra,Pehowa,3,Arnaicha,Other than Woman,NONE,0,Somnath,Mam Chand,0,0,Unreserved,latin,,2128,Kurukshetra.pdf
Kurukshetra,Pehowa,4,Asmanpur,Other than Woman,NONE,0,Narender Singh,Vachitar Singh,0,0,Unreserved,latin,,2128,Kurukshetra.pdf
Kurukshetra,Pehowa,5,Bakhli Kalan,SC Woman,SC,1,Kushum Devi,Kulwant,1,0,Scheduled Caste (Women),latin,,2128,Kurukshetra.pdf
Kurukshetra,Pehowa,6,Bakhli Khurd,Other than Woman,NONE,0,Devinder Singh,Prem Singh,1,0,Unreserved,latin,,2128,Kurukshetra.pdf
Kurukshetra,Pehowa,7,Batheri,Other than Woman,NONE,0,Ramchander,Pala Ram,0,0,Unreserved,latin,,2128,Kurukshetra.pdf
Kurukshetra,Pehowa,8,Bherian,Woman,NONE,1,Pooja,Utank Muni,0,0,Women,latin,,2128,Kurukshetra.pdf
Kurukshetra,Pehowa,9,Bhorsaidan,Other than Woman,NONE,0,Geeta Rani,Rakesh Kumar,0,0,Unreserved,latin,,2128,Kurukshetra.pdf
Kurukshetra,Pehowa,10,Bibipur Kalan,Other than Woman,NONE,0,Davinder Kumar,Rakesh Kumar,0,0,Unreserved,latin,,2128,Kurukshetra.pdf
Kurukshetra,Pehowa,11,Biloch Pura,Woman,NONE,1,Mamta Rani,Gurnam Singh,0,0,Women,latin,,2128,Kurukshetra.pdf
Kurukshetra,Pehowa,12,Bodha,Woman,NONE,1,Anita,Sohan Puri,1,0,Women,latin,,2128,Kurukshetra.pdf
Kurukshetra,Pehowa,13,Bodhni,Woman,NONE,1,Shalu Devi,D/O Dharam Pal,0,0,Women,latin,,2128,Kurukshetra.pdf
Kurukshetra,Pehowa,14,Chanalheri,Other than Woman,NONE,0,Jugnu,Rajinder Singh,0,0,Unreserved,latin,,2128,Kurukshetra.pdf
Kurukshetra,Pehowa,15,Chhaju Pur,Other than Woman,NONE,0,Pargat Singh,Gurbachan Singh,0,0,Unreserved,latin,,2128,Kurukshetra.pdf
Kurukshetra,Pehowa,16,Chhallon,SC Other than Woman,SC,0,Mintu,Pirthi Singh,0,0,Scheduled Caste,latin,,2128,Kurukshetra.pdf
Kurukshetra,Pehowa,17,Dera Nank Pur,Woman,NONE,1,Paramjit Kaur,Amarjit Singh,0,0,Women,latin,,2128,Kurukshetra.pdf
Kurukshetra,Pehowa,18,Dera Fateh Singh,SC Other than Woman,SC,0,Poonam Rani,Baljinder Singh,0,0,Scheduled Caste,latin,,2128,Kurukshetra.pdf
Kurukshetra,Pehowa,19,Dhani Ram Pura,Other than Woman,NONE,0,Parveen Kumar,Suresh Kumar,0,0,Unreserved,latin,,2128,Kurukshetra.pdf
Kurukshetra,Pehowa,20,Dhul Garh,Other than Woman,NONE,0,Subash Chand,Krishan Kumar,0,0,Unreserved,latin,,2128,Kurukshetra.pdf
Kurukshetra,Pehowa,21,Diwana,SC Other than Woman,SC,0,Karnail Singh,Jagir Singh,0,0,Scheduled Caste,latin,,2128,Kurukshetra.pdf
Kurukshetra,Pehowa,22,Galedwa,Woman,NONE,1,Sukhwinder Kaur,Manjeet Singh,1,0,Women,latin,,2128,Kurukshetra.pdf
Kurukshetra,Pehowa,23,Garhi Langri,Other than Woman,NONE,0,Gurpal Singh,Harinder Singh,0,0,Unreserved,latin,,2128,Kurukshetra.pdf
Kurukshetra,Pehowa,24,Garhi Rodan,Other than Woman,NONE,0,Ajay Singh,Rajpal,0,0,Unreserved,latin,,2128,Kurukshetra.pdf
Kurukshetra,Pehowa,25,Garhi Singha,SC Woman,SC,1,Vacant,,0,1,Scheduled Caste (Women),latin,,2128,Kurukshetra.pdf
Kurukshetra,Pehowa,26,Guldehra,Other than Woman,NONE,0,Jitender Kumar,Mohinder Singh,0,0,Unreserved,latin,,2128,Kurukshetra.pdf
Kurukshetra,Pehowa,27,Gumthala Garu,Other than Woman,NONE,0,Gaganjot Singh,Jaswinder Singh,0,0,Unreserved,latin,,2128,Kurukshetra.pdf
Kurukshetra,Pehowa,28,Hamira Fram,Other than Woman,NONE,0,Renuka,Pardeep Kumar,0,0,Unreserved,latin,,2128,Kurukshetra.pdf
Kurukshetra,Pehowa,29,Harigarh Bhorakh,SC Other than Woman,SC,0,Mahela Ram,Sawan Ram,0,0,Scheduled Caste,latin,,2128,Kurukshetra.pdf
Kurukshetra,Pehowa,30,Helwa,Other than Woman,NONE,0,Karambir Singh,Chhittar Ram,0,0,Unreserved,latin,,2128,Kurukshetra.pdf
Kurukshetra,Pehowa,31,Ishaq,Woman,NONE,1,Rajbala,Raghbir Singh,0,0,Women,latin,,2128,Kurukshetra.pdf
Kurukshetra,Pehowa,32,Jakhwala,SC Woman,SC,1,Neelam,Rohtash,0,0,Scheduled Caste (Women),latin,,2128,Kurukshetra.pdf
Kurukshetra,Pehowa,33,Jhiweheri,SC Woman,SC,1,Parmal Kaur,Dharamvir Gure,0,0,Scheduled Caste (Women),latin,,2128,Kurukshetra.pdf
Kurukshetra,Pehowa,34,Julmat,Woman,NONE,1,Narinder Kaur,Gurmeet Singh,0,0,Women,latin,,2128,Kurukshetra.pdf
Kurukshetra,Pehowa,35,Jurasi Kalan,Other than Woman,NONE,0,Avtar Singh,Jarnail Singh,0,0,Unreserved,latin,,2128,Kurukshetra.pdf
Kurukshetra,Pehowa,36,Jurasi Khurd,Woman,NONE,1,Manpreet Kaur,Rao Virender Singh,0,0,Women,latin,,2128,Kurukshetra.pdf
Kurukshetra,Pehowa,37,Kakrala Gujjran,Other than Woman,NONE,0,Raj Kumar,Bhalla Ram,0,0,Unreserved,latin,,2128,Kurukshetra.pdf
Kurukshetra,Pehowa,38,Kalsa,Other than Woman,NONE,0,Santosh Kaur,Amrik Singh,0,0,Unreserved,latin,,2128,Kurukshetra.pdf
Kurukshetra,Pehowa,39,Karah Sahab,Other than Woman,NONE,0,Sadhu Singh,Harbhajan Singh,0,0,Unreserved,latin,,2128,Kurukshetra.pdf
Kurukshetra,Pehowa,40,Kherishishgr am,Other than Woman,NONE,0,Rattan Singh,Jagtar Singh,0,0,Unreserved,latin,,2128,Kurukshetra.pdf
Kurukshetra,Pehowa,41,Madan Pur,Other than Woman,NONE,0,Satinder Kaur,Daljit Singh,1,0,Unreserved,latin,,2128,Kurukshetra.pdf
Kurukshetra,Pehowa,42,Mangna,Woman,NONE,1,Anju Devi,Chandi Ram,0,0,Women,latin,,2128,Kurukshetra.pdf
Kurukshetra,Pehowa,43,Mohan Pur,Other than Woman,NONE,0,Gurdeep Singh,Kulwant Singh,0,0,Unreserved,latin,,2128,Kurukshetra.pdf
Kurukshetra,Pehowa,44,Morthali,Other than Woman,NONE,0,Baljit Kaur,Lakhbir Singh,0,0,Unreserved,latin,,2128,Kurukshetra.pdf
Kurukshetra,Pehowa,45,Murtza Pur,Other than Woman,NONE,0,Gurpreet Kaur,Sahab Singh,0,0,Unreserved,latin,,2128,Kurukshetra.pdf
Kurukshetra,Pehowa,46,Neemwala,Woman,NONE,1,Pooja Rani,Krishan Kumar,0,0,Women,latin,,2128,Kurukshetra.pdf
Kurukshetra,Pehowa,47,Ramgarh Road,Woman,NONE,1,Poonam,Kuldeep Kumar,0,0,Women,latin,,2128,Kurukshetra.pdf
Kurukshetra,Pehowa,48,Rattangarh Kakrali,Woman,NONE,1,Harvinder Kaur,Jaswant,1,0,Women,latin,,2128,Kurukshetra.pdf
Kurukshetra,Pehowa,49,Ruan,Other than Woman,NONE,0,Santosh Devi,Joginder Singh,1,0,Unreserved,latin,,2128,Kurukshetra.pdf
Kurukshetra,Pehowa,50,Saina Khurd,Woman,NONE,1,Paramjit Kaur,D/O Iqbal Singh,0,0,Women,latin,,2128,Kurukshetra.pdf
Kurukshetra,Pehowa,51,Saina Saidan,Other than Woman,NONE,0,Karamjit Kaur,D/O Balwinder Singh,0,0,Unreserved,latin,,2128,Kurukshetra.pdf
Kurukshetra,Pehowa,52,Sainsa,Other than Woman,NONE,0,Jasbir Singh,Balwant Singh,0,0,Unreserved,latin,,2128,Kurukshetra.pdf
Kurukshetra,Pehowa,53,Sandhola,Other than Woman,NONE,0,Dinesh Kumar,Karnail Singh,0,0,Unreserved,latin,,2128,Kurukshetra.pdf
Kurukshetra,Pehowa,54,Sandholi,Other than Woman,NONE,0,Jagdish Chander,Baldev Raj,0,0,Unreserved,latin,,2128,Kurukshetra.pdf
Kurukshetra,Pehowa,55,Sarsa,SC Other than Woman,SC,0,Karambir,Pala Ram,0,0,Scheduled Caste,latin,,2128,Kurukshetra.pdf
Kurukshetra,Pehowa,56,Sarswati Khera,SC Other than Woman,SC,0,Vikash,Ajmer Singh,0,0,Scheduled Caste,latin,,2128,Kurukshetra.pdf
Kurukshetra,Pehowa,57,Satora,Woman,NONE,1,Surjeet Kaur,Surjeet Singh,0,0,Women,latin,,2128,Kurukshetra.pdf
Kurukshetra,Pehowa,58,Seonsar,Woman,NONE,1,Kanta Devi,Dharambir Mor,0,0,Women,latin,,2128,Kurukshetra.pdf
Kurukshetra,Pehowa,59,Shahpur,Woman,NONE,1,Poonam Rani,Ramesh Kumar,0,0,Women,latin,,2128,Kurukshetra.pdf
Kurukshetra,Pehowa,60,Singh Pura,Other than Woman,NONE,0,Harpal Singh,Hans Raj Singh,0,0,Unreserved,latin,,2128,Kurukshetra.pdf
Kurukshetra,Pehowa,61,Surmi,Other than Woman,NONE,0,Mangat Ram,Roshan Lal,0,0,Unreserved,latin,,2128,Kurukshetra.pdf
Kurukshetra,Pehowa,62,Talheri,SC Woman,SC,1,Harmeet Kaur,Harvinder Singh,0,0,Scheduled Caste (Women),latin,,2128,Kurukshetra.pdf
Kurukshetra,Pehowa,63,Thana,Woman,NONE,1,Sardha Rani,Ved Parkash,0,0,Women,latin,,2128,Kurukshetra.pdf
Kurukshetra,Pehowa,64,Themal Bora,SC Other than Woman,SC,0,Dalbir Singh,Bhagat Ram,0,0,Scheduled Caste,latin,,2128,Kurukshetra.pdf
Kurukshetra,Pehowa,65,Tikri,Other than Woman,NONE,0,Ranjit Singh,Desh Raj,0,0,Unreserved,latin,,2128,Kurukshetra.pdf
Kurukshetra,Pehowa,66,Madado,SC Other than Woman,SC,0,Guljar Singh,Shamsher Singh,1,0,Scheduled Caste,latin,,2128,Kurukshetra.pdf
Kurukshetra,Pehowa,67,Chunia Farm,Other than Woman,NONE,0,Manjeet Singh,Pritam Singh,1,0,Unreserved,latin,,2128,Kurukshetra.pdf
Kurukshetra,Shahbad,1,Ahmad Pur,Other than Woman,NONE,0,Naresh Kumar,Dalbir Singh,0,0,Unreserved,latin,,2130,Kurukshetra.pdf
Kurukshetra,Shahbad,2,Atwan,Other than Woman,NONE,0,Vikarm Singh,Des Raj,0,0,Unreserved,latin,,2130,Kurukshetra.pdf
Kurukshetra,Shahbad,3,Bakana,Other than Woman,NONE,0,Jatinder Kaur,Daljeet Singh,0,0,Unreserved,latin,,2130,Kurukshetra.pdf
Kurukshetra,Shahbad,4,Baram,Other than Woman,NONE,0,Om Parkash,Jarnail Singh,0,0,Unreserved,latin,,2130,Kurukshetra.pdf
Kurukshetra,Shahbad,5,Bhokar Majra,Other than Woman,NONE,0,Paramjit Singh,Puran Singh,0,0,Unreserved,latin,,2130,Kurukshetra.pdf
Kurukshetra,Shahbad,6,Bibi Pur,Other than Woman,NONE,0,Paramjeet Kaur,Vikram Singh,0,0,Unreserved,latin,,2130,Kurukshetra.pdf
Kurukshetra,Shahbad,7,Bizad Pur,Woman,NONE,1,Charanjeet Kaur,Jagdeepak Singh,0,0,Women,latin,,2130,Kurukshetra.pdf
Kurukshetra,Shahbad,8,Chanarthal,Woman,NONE,1,Jaswinder Kaur,Jasbir Singh,0,0,Women,latin,,2130,Kurukshetra.pdf
Kurukshetra,Shahbad,9,Charuni Jattan,Other than Woman,NONE,0,Balkar Singh,Arjun Singh,0,0,Unreserved,latin,,2130,Kurukshetra.pdf
Kurukshetra,Shahbad,10,Chhapra,Other than Woman,NONE,0,Karambir,Satpal,0,0,Unreserved,latin,,2130,Kurukshetra.pdf
Kurukshetra,Shahbad,11,Chhapri,Other than Woman,NONE,0,Sandeep Kumar,Ghasitu Ram,0,0,Unreserved,latin,,2130,Kurukshetra.pdf
Kurukshetra,Shahbad,12,Chhod Pur,Woman,NONE,1,Daljeet Kaur,Gurjant Singh,0,0,Women,latin,,2130,Kurukshetra.pdf
Kurukshetra,Shahbad,13,Dadlu,Woman,NONE,1,Meena Devi,Ram Karan,0,0,Women,latin,,2130,Kurukshetra.pdf
Kurukshetra,Shahbad,14,Damli,Other than Woman,NONE,0,Shabeg Singh,Bhola Singh,0,0,Unreserved,latin,,2130,Kurukshetra.pdf
Kurukshetra,Shahbad,15,Dau Majra,Other than Woman,NONE,0,Rajesh Kumar,Balkar Singh,0,0,Unreserved,latin,,2130,Kurukshetra.pdf
Kurukshetra,Shahbad,16,Dayal Nagar,SC Other than Woman,SC,0,Om Parkash,Thakur Das,0,0,Scheduled Caste,latin,,2130,Kurukshetra.pdf
Kurukshetra,Shahbad,17,Deeg,Other than Woman,NONE,0,Krishan Kumar,Shyam Lal,0,0,Unreserved,latin,,2130,Kurukshetra.pdf
Kurukshetra,Shahbad,18,Dhakala,Other than Woman,NONE,0,Malkeet Singh,Tahal Singh,0,0,Unreserved,latin,,2130,Kurukshetra.pdf
Kurukshetra,Shahbad,19,Dhangali,Woman,NONE,1,Soniya,Roshan Lal,0,0,Women,latin,,2130,Kurukshetra.pdf
Kurukshetra,Shahbad,20,Dhantori,Woman,NONE,1,Neelam Rani,Narender Kumar,0,0,Women,latin,,2130,Kurukshetra.pdf
Kurukshetra,Shahbad,21,Dhola Majra,Woman,NONE,1,Suman Rani,Nirmal Kumar,1,0,Women,latin,,2130,Kurukshetra.pdf
Kurukshetra,Shahbad,22,Fatehgarh Jharauli,Other than Woman,NONE,0,Surender Singh,Darshan Singh,0,0,Unreserved,latin,,2130,Kurukshetra.pdf
Kurukshetra,Shahbad,23,Gole Pura,Woman,NONE,1,Luxmi Devi,Vikram Singh,0,0,Women,latin,,2130,Kurukshetra.pdf
Kurukshetra,Shahbad,24,Gori Pur,SC Woman,SC,1,Monika,Ramesh Kumar,0,0,Scheduled Caste (Women),latin,,2130,Kurukshetra.pdf
Kurukshetra,Shahbad,25,Gumti,SC Other than Woman,SC,0,Dharamvir,Ranjeet Singh,0,0,Scheduled Caste,latin,,2130,Kurukshetra.pdf
Kurukshetra,Shahbad,26,Habana,Other than Woman,NONE,0,Jai Bhagwan,Dharam Pal,0,0,Unreserved,latin,,2130,Kurukshetra.pdf
Kurukshetra,Shahbad,27,Haldaheri,SC Other than Woman,SC,0,Parminder Kaur,Dharambir,0,0,Scheduled Caste,latin,,2130,Kurukshetra.pdf
Kurukshetra,Shahbad,28,Hari Pur,Other than Woman,NONE,0,Karnail Singh,Ratan Singh,0,0,Unreserved,latin,,2130,Kurukshetra.pdf
Kurukshetra,Shahbad,29,Jain Pur,Woman,NONE,1,Amarjeet Kaur,Gurdarshan Singh,0,0,Women,latin,,2130,Kurukshetra.pdf
Kurukshetra,Shahbad,30,Jandheri,Woman,NONE,1,Balwinder Kaur,Jai Dev,0,0,Women,latin,,2130,Kurukshetra.pdf
Kurukshetra,Shahbad,31,Jharauli Khurd,Other than Woman,NONE,0,Hartinder Pal Singh,Saraslar Jang Singh,0,0,Unreserved,latin,,2130,Kurukshetra.pdf
Kurukshetra,Shahbad,32,Jogi Majra,Other than Woman,NONE,0,Balwinder Singh,Om Parkash,0,0,Unreserved,latin,,2130,Kurukshetra.pdf
Kurukshetra,Shahbad,33,Kahan Garh,SC Woman,SC,1,Sukhwinder Kaur,Narender Kumar,0,0,Scheduled Caste (Women),latin,,2130,Kurukshetra.pdf
Kurukshetra,Shahbad,34,Kalsana,Other than Woman,NONE,0,Amit Kakkar,Ashok Kumar,0,0,Unreserved,latin,,2130,Kurukshetra.pdf
Kurukshetra,Shahbad,35,Kalsani,Other than Woman,NONE,0,Sarvjeet Singh,Gurmit Singh,1,0,Unreserved,latin,,2130,Kurukshetra.pdf
Kurukshetra,Shahbad,36,Kalyana,Other than Woman,NONE,0,Parpinder Singh,Gurmeet Singh,0,0,Unreserved,latin,,2130,Kurukshetra.pdf
Kurukshetra,Shahbad,37,Kathwa,Other than Woman,NONE,0,Amrinder Singh,Dalip Singh,0,0,Unreserved,latin,,2130,Kurukshetra.pdf
Kurukshetra,Shahbad,38,Katlaheri,Woman,NONE,1,Baljinder Kaur,Avtar Singh,0,0,Women,latin,,2130,Kurukshetra.pdf
Kurukshetra,Shahbad,39,Khanpur Jattan,SC Other than Woman,SC,0,Kehar Chand,Mitar Sen,1,0,Scheduled Caste,latin,,2130,Kurukshetra.pdf
Kurukshetra,Shahbad,40,Kharindwa,Other than Woman,NONE,0,Santresh Devi,Pawan Kumar,0,0,Unreserved,latin,,2130,Kurukshetra.pdf
Kurukshetra,Shahbad,41,Khera,Woman,NONE,1,Suparbha,Davinder Kumar,0,0,Women,latin,,2130,Kurukshetra.pdf
Kurukshetra,Shahbad,42,Kishan Garh,Other than Woman,NONE,0,Ranjeet Singh,Bachan Singh,0,0,Unreserved,latin,,2130,Kurukshetra.pdf
Kurukshetra,Shahbad,43,Landi,Other than Woman,NONE,0,Amrik Singh,Sharwan Singh,0,0,Unreserved,latin,,2130,Kurukshetra.pdf
Kurukshetra,Shahbad,44,Machhrauli,Woman,NONE,1,Mukesh Rani,Vijay,0,0,Women,latin,,2130,Kurukshetra.pdf
Kurukshetra,Shahbad,45,Madan Pur,SC Other than Woman,SC,0,Ravi Kumar,Gulab Singh,0,0,Scheduled Caste,latin,,2130,Kurukshetra.pdf
Kurukshetra,Shahbad,46,Madudan,Other than Woman,NONE,0,Baaz Singh,Sucha Singh,0,0,Unreserved,latin,,2130,Kurukshetra.pdf
Kurukshetra,Shahbad,47,Malik Pur,Woman,NONE,1,Raj Rani,Parmal Singh,0,0,Women,latin,,2130,Kurukshetra.pdf
Kurukshetra,Shahbad,48,Mamu Majra,Other than Woman,NONE,0,Amarjeet Singh,Gurbachan Singh,0,0,Unreserved,latin,,2130,Kurukshetra.pdf
Kurukshetra,Shahbad,49,Mohan Pur,Other than Woman,NONE,0,Jagbir Singh,Puran Singh,0,0,Unreserved,latin,,2130,Kurukshetra.pdf
Kurukshetra,Shahbad,50,Mohidin Pur,SC Woman,SC,1,Reena Devi,Satish Kumar,1,0,Scheduled Caste (Women),latin,,2130,Kurukshetra.pdf
Kurukshetra,Shahbad,51,Mohri,Other than Woman,NONE,0,Sukhdeep Singh,Sherjang Singh,0,0,Unreserved,latin,,2130,Kurukshetra.pdf
Kurukshetra,Shahbad,52,Mugal Majra,Other than Woman,NONE,0,Ranjeet Singh,Fumman Singh,0,0,Unreserved,latin,,2130,Kurukshetra.pdf
Kurukshetra,Shahbad,53,Nagla,Woman,NONE,1,Raman Kaushal,Narender Kaushal,0,0,Women,latin,,2130,Kurukshetra.pdf
Kurukshetra,Shahbad,54,Nai Basti Nalvi,Woman,NONE,1,Reena Saini,Dinesh Saini,0,0,Women,latin,,2130,Kurukshetra.pdf
Kurukshetra,Shahbad,55,Nalvi,Other than Woman,NONE,0,Bakshish Singh,Mahinder Singh,0,0,Unreserved,latin,,2130,Kurukshetra.pdf
Kurukshetra,Shahbad,56,Narayan Garh,Other than Woman,NONE,0,Sandeep Kumar,Amar Singh,0,0,Unreserved,latin,,2130,Kurukshetra.pdf
Kurukshetra,Shahbad,57,Padlu,Other than Woman,NONE,0,Harpreet Singh,Balkar Singh,0,0,Unreserved,latin,,2130,Kurukshetra.pdf
Kurukshetra,Shahbad,58,Rai Pur,Other than Woman,NONE,0,Davinder Kaur,Mukhatyar Singh,0,0,Unreserved,latin,,2130,Kurukshetra.pdf
Kurukshetra,Shahbad,59,Ram Nagar (M),Other than Woman,NONE,0,Kalyan Singh,Jagir Singh,0,0,Unreserved,latin,,2130,Kurukshetra.pdf
Kurukshetra,Shahbad,60,Ram Nagar (O),Woman,NONE,1,Meenu Sharma,Roshan Lal,0,0,Women,latin,,2130,Kurukshetra.pdf
Kurukshetra,Shahbad,61,Rattan Garh,Other than Woman,NONE,0,Bikramjeet Singh,Prithipal Singh,0,0,Unreserved,latin,,2130,Kurukshetra.pdf
Kurukshetra,Shahbad,62,Rawa,Woman,NONE,1,Nisha Rani,Jagtar Singh,0,0,Women,latin,,2130,Kurukshetra.pdf
Kurukshetra,Shahbad,63,Saidpur Barwalia,SC Other than Woman,SC,0,Tony,Bal Kishan,0,0,Scheduled Caste,latin,,2130,Kurukshetra.pdf
Kurukshetra,Shahbad,64,Sambhalkhi,Other than Woman,NONE,0,Amit Kumar,Ram Lal,0,0,Unreserved,latin,,2130,Kurukshetra.pdf
Kurukshetra,Shahbad,65,Shahjadpur Patti,Other than Woman,NONE,0,Sharanjeet Singh,Kartar Singh,0,0,Unreserved,latin,,2130,Kurukshetra.pdf
Kurukshetra,Shahbad,66,Sharif Garh,SC Other than Woman,SC,0,Didar Singh,Ricchpal Singh,0,0,Scheduled Caste,latin,,2130,Kurukshetra.pdf
Kurukshetra,Shahbad,67,Sudh Pur,SC Woman,SC,1,Manju Rani,Neeraj,0,0,Scheduled Caste (Women),latin,,2130,Kurukshetra.pdf
Kurukshetra,Shahbad,68,Sulkhani,SC Other than Woman,SC,0,Raj Kumar,Chuhru Ram,0,0,Scheduled Caste,latin,,2130,Kurukshetra.pdf
Kurukshetra,Shahbad,69,Surakh Pur,Other than Woman,NONE,0,Shish Pal,Maya Chand,0,0,Unreserved,latin,,2130,Kurukshetra.pdf
Kurukshetra,Shahbad,70,Tangore,SC Other than Woman,SC,0,Netar Pal,Ram Kumar,0,0,Scheduled Caste,latin,,2130,Kurukshetra.pdf
Kurukshetra,Shahbad,71,Tangori,SC Woman,SC,1,Sangita Rani,Rajesh Kumar,0,0,Scheduled Caste (Women),latin,,2130,Kurukshetra.pdf
Kurukshetra,Shahbad,72,Teora,SC Other than Woman,SC,0,Kesar Singh,Bachna Ram,0,0,Scheduled Caste,latin,,2130,Kurukshetra.pdf
Kurukshetra,Shahbad,73,Tigri,Woman,NONE,1,Amarjeet Kaur,Rajbir Singh,0,0,Women,latin,,2130,Kurukshetra.pdf
Kurukshetra,Shahbad,74,Yara,Other than Woman,NONE,0,Vinod Kumar,Isher Singh,0,0,Unreserved,latin,,2130,Kurukshetra.pdf
Kurukshetra,Shahbad,75,Yari,Woman,NONE,1,Manjeet Kaur,Balbir Singh,0,0,Women,latin,,2130,Kurukshetra.pdf
Kurukshetra,Thanesar,1,Adhon,Other than Woman,NONE,0,Neelam Rani,Ramesh Pal,0,0,Unreserved,latin,,2132,Kurukshetra.pdf
Kurukshetra,Thanesar,2,Ajrana Kalan,Other than Woman,NONE,0,Sandeep Kumar,Jaswant Rai,0,0,Unreserved,latin,,2132,Kurukshetra.pdf
Kurukshetra,Thanesar,3,Ajrani,Woman,NONE,1,Parveen Saini,Sanjeev Kumar,0,0,Women,latin,,2132,Kurukshetra.pdf
Kurukshetra,Thanesar,4,Alampur,Other than Woman,NONE,0,Rajnish,Babu Ram,0,0,Unreserved,latin,,2132,Kurukshetra.pdf
Kurukshetra,Thanesar,5,Amargargh Majhara,Woman,NONE,1,Parveen Devi,Sanjeev Kumar,0,0,Women,latin,,2132,Kurukshetra.pdf
Kurukshetra,Thanesar,6,Amin,Other than Woman,NONE,0,Punervashu,Dharam Singh,0,0,Unreserved,latin,,2132,Kurukshetra.pdf
Kurukshetra,Thanesar,7,Bachgaon,Woman,NONE,1,Manjri Tyagi,Rohit Kaushik,0,0,Women,latin,,2132,Kurukshetra.pdf
Kurukshetra,Thanesar,8,Bahadur Pura,Other than Woman,NONE,0,Jaswinder Singh,Amar Singh,0,0,Unreserved,latin,,2132,Kurukshetra.pdf
Kurukshetra,Thanesar,9,Beholi,Other than Woman,NONE,0,Satya Devi,Preetam Singh,0,0,Unreserved,latin,,2132,Kurukshetra.pdf
Kurukshetra,Thanesar,10,Bahri,Other than Woman,NONE,0,Didar Singh,Niranjan Singh,0,0,Unreserved,latin,,2132,Kurukshetra.pdf
Kurukshetra,Thanesar,11,Bajidpur,Other than Woman,NONE,0,Balkar Singh,Sajjan Singh,1,0,Unreserved,latin,,2132,Kurukshetra.pdf
Kurukshetra,Thanesar,12,Balhi,Other than Woman,NONE,0,Rajpal,Tara Chand,0,0,Unreserved,latin,,2132,Kurukshetra.pdf
Kurukshetra,Thanesar,13,Barna,Other than Woman,NONE,0,Shiv Kumar,Gyani Ram,0,0,Unreserved,latin,,2132,Kurukshetra.pdf
Kurukshetra,Thanesar,14,Barwa,Other than Woman,NONE,0,Jaswinder Singh,Rattan Singh,0,0,Unreserved,latin,,2132,Kurukshetra.pdf
Kurukshetra,Thanesar,15,Bagthala,Woman,NONE,1,Inderjeet Kaur,Jaswant Singh,0,0,Women,latin,,2132,Kurukshetra.pdf
Kurukshetra,Thanesar,16,Bhansi Majra,SC Other than Woman,SC,0,Sonu Kumar,Charandass,0,0,Scheduled Caste,latin,,2132,Kurukshetra.pdf
Kurukshetra,Thanesar,17,Bir Amin,SC Woman,SC,1,Sushma Rani,Bheem Sen,0,0,Scheduled Caste (Women),latin,,2132,Kurukshetra.pdf
Kurukshetra,Thanesar,18,Bir Mathana,Other than Woman,NONE,0,Sant Singh,Nasib Singh,0,0,Unreserved,latin,,2132,Kurukshetra.pdf
Kurukshetra,Thanesar,19,Bir Pipli,SC Woman,SC,1,Babli Devi,Dinesh Kumar,0,0,Scheduled Caste (Women),latin,,2132,Kurukshetra.pdf
Kurukshetra,Thanesar,20,Bhiwani Khera,Woman,NONE,1,Krishna Rani,Mukesh Kumar,0,0,Women,latin,,2132,Kurukshetra.pdf
Kurukshetra,Thanesar,21,Bodi,Other than Woman,NONE,0,Akvinder Kaur,Gurbaj Singh,0,0,Unreserved,latin,,2132,Kurukshetra.pdf
Kurukshetra,Thanesar,22,Chanderbhan Pura,Other than Woman,NONE,0,Krishan Lal,Maan Singh,0,0,Unreserved,latin,,2132,Kurukshetra.pdf
Kurukshetra,Thanesar,23,Chibba,Woman,NONE,1,Paramjeet Kaur,Karambir Singh,0,0,Women,latin,,2132,Kurukshetra.pdf
Kurukshetra,Thanesar,24,Dabkehri,Woman,NONE,1,Asha Rani,Randhir Singh,0,0,Women,latin,,2132,Kurukshetra.pdf
Kurukshetra,Thanesar,25,Bishan Garh,Other than Woman,NONE,0,Hakam Chand,Muni Lal,0,0,Unreserved,latin,,2132,Kurukshetra.pdf
Kurukshetra,Thanesar,26,Dera Chak Jagatian,Woman,NONE,1,Manjeet Kaur,Baldev Singh,1,0,Women,latin,,2132,Kurukshetra.pdf
Kurukshetra,Thanesar,27,Dhirpur,Other than Woman,NONE,0,Paramjeet Singh,Sher Singh,0,0,Unreserved,latin,,2132,Kurukshetra.pdf
Kurukshetra,Thanesar,28,Dhurala,Other than Woman,NONE,0,Rajender Singh,Jyoti Ram,0,0,Unreserved,latin,,2132,Kurukshetra.pdf
Kurukshetra,Thanesar,29,Dhurali,Other than Woman,NONE,0,Gurdeep Singh,Amreek Singh,0,0,Unreserved,latin,,2132,Kurukshetra.pdf
Kurukshetra,Thanesar,30,Doda Kheri,Other than Woman,NONE,0,Babu Ram,Sadhu Ram,0,0,Unreserved,latin,,2132,Kurukshetra.pdf
Kurukshetra,Thanesar,31,Daulat Pur,Woman,NONE,1,Gurdeep Kaur,Randhir Singh,0,0,Women,latin,,2132,Kurukshetra.pdf
Kurukshetra,Thanesar,32,Dudhla,SC Woman,SC,1,Kulwinder Kaur,Sukhbir Singh,0,0,Scheduled Caste (Women),latin,,2132,Kurukshetra.pdf
Kurukshetra,Thanesar,33,Dayal Pur,Other than Woman,NONE,0,Rajat Kumar,Rajesh Kumar,0,0,Unreserved,latin,,2132,Kurukshetra.pdf
Kurukshetra,Thanesar,34,Fathupur,Other than Woman,NONE,0,Shamsher Singh,Chatar Singh,0,0,Unreserved,latin,,2132,Kurukshetra.pdf
Kurukshetra,Thanesar,35,Gamri Jattan,Other than Woman,NONE,0,Kusum Rani,Parveen Kumar,0,0,Unreserved,latin,,2132,Kurukshetra.pdf
Kurukshetra,Thanesar,36,Ghamor Kheri,SC Woman,SC,1,Rajwant Kaur,Surjeet Singh,0,0,Scheduled Caste (Women),latin,,2132,Kurukshetra.pdf
Kurukshetra,Thanesar,37,Ghararsi,SC Other than Woman,SC,0,Rajender Kumar,Ramkala,0,0,Scheduled Caste,latin,,2132,Kurukshetra.pdf
Kurukshetra,Thanesar,38,Gobind Majra,Other than Woman,NONE,0,Kavita Rani,Amit Kumar,0,0,Unreserved,latin,,2132,Kurukshetra.pdf
Kurukshetra,Thanesar,39,Hansala,Woman,NONE,1,Mandeep Kaur,Daler Singh,0,0,Women,latin,,2132,Kurukshetra.pdf
Kurukshetra,Thanesar,40,Haryapur,SC Other than Woman,SC,0,Prem Chand,Moman Ram,0,0,Scheduled Caste,latin,,2132,Kurukshetra.pdf
Kurukshetra,Thanesar,41,Hassan Pur,Other than Woman,NONE,0,Gurlal Singh,Baljeet Singh,0,0,Unreserved,latin,,2132,Kurukshetra.pdf
Kurukshetra,Thanesar,42,Hathira,SC Other than Woman,SC,0,Sunil Mehra,Om Parkash,0,0,Scheduled Caste,latin,,2132,Kurukshetra.pdf
Kurukshetra,Thanesar,43,Hinga Kheri,Other than Woman,NONE,0,Darbara Singh,Jeet Singh,0,0,Unreserved,latin,,2132,Kurukshetra.pdf
Kurukshetra,Thanesar,44,Ishaqpur,Woman,NONE,1,Sushma Devi,Sukhbir Singh,0,0,Women,latin,,2132,Kurukshetra.pdf
Kurukshetra,Thanesar,45,Isher Garh,Other than Woman,NONE,0,Gurudatt Sharma,Sushil Kumar,0,0,Unreserved,latin,,2132,Kurukshetra.pdf
Kurukshetra,Thanesar,46,Jhimwerheri,Other than Woman,NONE,0,Dharmender Singh,Didar Singh,0,0,Unreserved,latin,,2132,Kurukshetra.pdf
Kurukshetra,Thanesar,47,Jhinjer Pur,Other than Woman,NONE,0,Randhir Singh,Dayal Singh,0,0,Unreserved,latin,,2132,Kurukshetra.pdf
Kurukshetra,Thanesar,48,Jirbari,Woman,NONE,1,Reena Devi,Krishan Lal,0,0,Women,latin,,2132,Kurukshetra.pdf
Kurukshetra,Thanesar,49,Jogna Khera,Other than Woman,NONE,0,Amarjeet Singh,Bachan Singh,0,0,Unreserved,latin,,2132,Kurukshetra.pdf
Kurukshetra,Thanesar,50,Jyotisar,Woman,NONE,1,Been Devi,Rajesh Kumar,0,0,Women,latin,,2132,Kurukshetra.pdf
Kurukshetra,Thanesar,51,Kamoda,Other than Woman,NONE,0,Rahul,Rajkumar,0,0,Unreserved,latin,,2132,Kurukshetra.pdf
Kurukshetra,Thanesar,52,Kanipla,Other than Woman,NONE,0,Gurmail Singh,Kuldeep Singh,0,0,Unreserved,latin,,2132,Kurukshetra.pdf
Kurukshetra,Thanesar,53,Kanwarkheri,Other than Woman,NONE,0,Maan Singh,Dila Ram,0,0,Unreserved,latin,,2132,Kurukshetra.pdf
Kurukshetra,Thanesar,54,Khan Pur Kolian,SC Other than Woman,SC,0,Neeraj Kumar,Mehar Singh,0,0,Scheduled Caste,latin,,2132,Kurukshetra.pdf
Kurukshetra,Thanesar,55,Khanpur Roran,Woman,NONE,1,Anju,Vijay Pal Singh,0,0,Women,latin,,2132,Kurukshetra.pdf
Kurukshetra,Thanesar,56,Kainthala Khurd,Woman,NONE,1,Kamlesh Devi,Rajender Singh,0,0,Women,latin,,2132,Kurukshetra.pdf
Kurukshetra,Thanesar,57,Khaspur,Woman,NONE,1,Pinki Chaudhary,Surinder Singh,0,0,Women,latin,,2132,Kurukshetra.pdf
Kurukshetra,Thanesar,58,Kheri Markanda,Other than Woman,NONE,0,Angrej Pal,Ami Chand,0,0,Unreserved,latin,,2132,Kurukshetra.pdf
Kurukshetra,Thanesar,59,Kheri Brahman,Woman,NONE,1,Sapna Saini,Maan Singh,0,0,Women,latin,,2132,Kurukshetra.pdf
Kurukshetra,Thanesar,60,Kheri Ram Nagar,Other than Woman,NONE,0,Shailesh Devi,Satbir,0,0,Unreserved,latin,,2132,Kurukshetra.pdf
Kurukshetra,Thanesar,61,Khijarpura,Woman,NONE,1,Harjeet Kaur,Shamsher Singh,0,0,Women,latin,,2132,Kurukshetra.pdf
Kurukshetra,Thanesar,62,Kirmach,SC Other than Woman,SC,0,Om Parkash,Mai Chand,0,0,Scheduled Caste,latin,,2132,Kurukshetra.pdf
Kurukshetra,Thanesar,63,Kishangarh,Woman,NONE,1,Palwinder Kaur,Sahab Singh,1,0,Women,latin,,2132,Kurukshetra.pdf
Kurukshetra,Thanesar,64,Kola Pur,SC Other than Woman,SC,0,Laxman Singh,Ram Kishan,0,0,Scheduled Caste,latin,,2132,Kurukshetra.pdf
Kurukshetra,Thanesar,65,Lohar Majra,Other than Woman,NONE,0,Uday Singh,Kehar Singh,0,0,Unreserved,latin,,2132,Kurukshetra.pdf
Kurukshetra,Thanesar,66,Lukhi,SC Woman,SC,1,Ranjeet Kaur,Krishan Singh,0,0,Scheduled Caste (Women),latin,,2132,Kurukshetra.pdf
Kurukshetra,Thanesar,67,Malik Pur (Singh Pura),Other than Woman,NONE,0,Harpal Singh,Ajit Singh,0,0,Unreserved,latin,,2132,Kurukshetra.pdf
Kurukshetra,Thanesar,68,Masana,SC Other than Woman,SC,0,Meena Rani,Nand Kishor,0,0,Scheduled Caste,latin,,2132,Kurukshetra.pdf
Kurukshetra,Thanesar,69,Mathana,Woman,NONE,1,Kiran Bala,Tejpal,0,0,Women,latin,,2132,Kurukshetra.pdf
Kurukshetra,Thanesar,70,Mirjapur,Woman,NONE,1,Rekha Devi,Surender Kumar,0,0,Women,latin,,2132,Kurukshetra.pdf
Kurukshetra,Thanesar,71,Morthala,SC Other than Woman,SC,0,Rajinder Kumar,Rattan Lal,0,0,Scheduled Caste,latin,,2132,Kurukshetra.pdf
Kurukshetra,Thanesar,72,Munda Khera,Other than Woman,NONE,0,Rajender Kumar,Jagdish Ram,0,0,Unreserved,latin,,2132,Kurukshetra.pdf
Kurukshetra,Thanesar,73,Muniarpur,Other than Woman,NONE,0,Rajinder Kumar,Kehar Singh,0,0,Unreserved,latin,,2132,Kurukshetra.pdf
Kurukshetra,Thanesar,74,Narkatari,Other than Woman,NONE,0,Satbir Singh,Rishal Singh,0,0,Unreserved,latin,,2132,Kurukshetra.pdf
Kurukshetra,Thanesar,75,Palwal,SC Other than Woman,SC,0,Krishan Lal,Asha Ram,0,0,Scheduled Caste,latin,,2132,Kurukshetra.pdf
Kurukshetra,Thanesar,76,Partapgarh,SC Other than Woman,SC,0,Kaushal Kumari,Satpal,0,0,Scheduled Caste,latin,,2132,Kurukshetra.pdf
Kurukshetra,Thanesar,77,Patti Kaserla,Other than Woman,NONE,0,Sandeep Kumar,Ramesh Chand,0,0,Unreserved,latin,,2132,Kurukshetra.pdf
Kurukshetra,Thanesar,78,Patti Kishan Pura,Other than Woman,NONE,0,Rampal,Inder Kumar,0,0,Unreserved,latin,,2132,Kurukshetra.pdf
Kurukshetra,Thanesar,79,Pindarsi,Other than Woman,NONE,0,Om Parkash,Surta Ram,0,0,Unreserved,latin,,2132,Kurukshetra.pdf
Kurukshetra,Thanesar,80,Pipli,Woman,NONE,1,Navjot Kaur,Gurpreet Singh,0,0,Women,latin,,2132,Kurukshetra.pdf
Kurukshetra,Thanesar,81,Ramgarh,Other than Woman,NONE,0,Roshan Lal,Rampal,0,0,Unreserved,latin,,2132,Kurukshetra.pdf
Kurukshetra,Thanesar,82,Raogarh,Woman,NONE,1,Rekha Rani,Naurang,0,0,Women,latin,,2132,Kurukshetra.pdf
Kurukshetra,Thanesar,83,Rattandera,Other than Woman,NONE,0,Sukhdev Singh,Darshan Singh,0,0,Unreserved,latin,,2132,Kurukshetra.pdf
Kurukshetra,Thanesar,84,Sadipur Ladwa,Other than Woman,NONE,0,Sandeep Kumar,Mewa Ram,0,0,Unreserved,latin,,2132,Kurukshetra.pdf
Kurukshetra,Thanesar,85,Samani,Woman,NONE,1,Seema Devi,Ram Pal,1,0,Women,latin,,2132,Kurukshetra.pdf
Kurukshetra,Thanesar,86,Samsipur,Other than Woman,NONE,0,Harpal Singh,Ramswarup,0,0,Unreserved,latin,,2132,Kurukshetra.pdf
Kurukshetra,Thanesar,87,Samaspur,Woman,NONE,1,Sonia Rani,Hakam Singh,0,0,Women,latin,,2132,Kurukshetra.pdf
Kurukshetra,Thanesar,88,Sanwla,Woman,NONE,1,Amarjot,Maan Singh,0,0,Women,latin,,2132,Kurukshetra.pdf
Kurukshetra,Thanesar,89,Sarai Sukhi,Other than Woman,NONE,0,Ram Kumar,Dharam Pal,0,0,Unreserved,latin,,2132,Kurukshetra.pdf
Kurukshetra,Thanesar,90,Shadi Pur Sahidan,Other than Woman,NONE,0,Ishwar Singh,Singa Singh,0,0,Unreserved,latin,,2132,Kurukshetra.pdf
Kurukshetra,Thanesar,91,Sirsala,Other than Woman,NONE,0,Jitender Singh,Chetan Singh,0,0,Unreserved,latin,,2132,Kurukshetra.pdf
Kurukshetra,Thanesar,92,Sirsama,SC Woman,SC,1,Poonam Rani,Rinku,0,0,Scheduled Caste (Women),latin,,2132,Kurukshetra.pdf
Kurukshetra,Thanesar,93,Sodi,Other than Woman,NONE,0,Mandeep Singh,Jaswant Singh,0,0,Unreserved,latin,,2132,Kurukshetra.pdf
Kurukshetra,Thanesar,94,Santokh Pura,Other than Woman,NONE,0,Tarsem Singh,Sarup Singh,0,0,Unreserved,latin,,2132,Kurukshetra.pdf
Kurukshetra,Thanesar,95,Sunheri Khalsa,Other than Woman,NONE,0,Rajesh Kumar,Chatar Singh,0,0,Unreserved,latin,,2132,Kurukshetra.pdf
Kurukshetra,Thanesar,96,Tigri Khalsa,Other than Woman,NONE,0,Sandeep Kumar,Balwan Singh,0,0,Unreserved,latin,,2132,Kurukshetra.pdf
Kurukshetra,Thanesar,97,Udarsi,SC Woman,SC,1,Sarita Devi,Karam Singh,0,0,Scheduled Caste (Women),latin,,2132,Kurukshetra.pdf
Kurukshetra,Thanesar,98,Umri,SC Other than Woman,SC,0,Krishan Lal,Telu Ram,0,0,Scheduled Caste,latin,,2132,Kurukshetra.pdf
Kurukshetra,Thanesar,99,Untsal (Bangro),Other than Woman,NONE,0,Sukhwinder Walia,Kamal Kant,0,0,Unreserved,latin,,2132,Kurukshetra.pdf
Kurukshetra,Thanesar,100,Dera Abranwa,Woman,NONE,1,Ranjeet Kaur,Angrej Singh,1,0,Women,latin,,2132,Kurukshetra.pdf
Kurukshetra,Thanesar,101,Dera Sant Singh,SC Other than Woman,SC,0,Krishan Kumar,Charan Singh,0,0,Scheduled Caste,latin,,2132,Kurukshetra.pdf
Mahendergarh,Ateli Nangal,1,Ateli,Other than Woman,NONE,0,Hardool Singh,Todaram,1,0,Unreserved,latin,,2137,Mahendergarh.pdf
Mahendergarh,Ateli Nangal,2,Bachhod,Other than Woman,NONE,0,Satish Kumar,Kawar Singh,0,0,Unreserved,latin,,2137,Mahendergarh.pdf
Mahendergarh,Ateli Nangal,3,Bazar,Woman,NONE,1,Saroj,Shamsher Singh,0,0,Women,latin,,2137,Mahendergarh.pdf
Mahendergarh,Ateli Nangal,4,Begpur,Woman,NONE,1,Sharmila Yadav,Virender Singh,0,0,Women,latin,,2137,Mahendergarh.pdf
Mahendergarh,Ateli Nangal,5,Bhilwara,SC Woman,SC,1,Sushma,Ajit Singh,0,0,Scheduled Caste (Women),latin,,2137,Mahendergarh.pdf
Mahendergarh,Ateli Nangal,6,Bhori,Other than Woman,NONE,0,Dalip Singh,Chiranjilal,0,0,Unreserved,latin,,2137,Mahendergarh.pdf
Mahendergarh,Ateli Nangal,7,Bihali,Other than Woman,NONE,0,Kavita,Hansraj,0,0,Unreserved,latin,,2137,Mahendergarh.pdf
Mahendergarh,Ateli Nangal,8,Bocharia,Other than Woman,NONE,0,Kuldeep,Satywan Yadav,0,0,Unreserved,latin,,2137,Mahendergarh.pdf
Mahendergarh,Ateli Nangal,9,Chandpura,SC Other than Woman,SC,0,Rajender Parshad,Thawar Singh,0,0,Scheduled Caste,latin,,2137,Mahendergarh.pdf
Mahendergarh,Ateli Nangal,10,Dhanonda,SC Other than Woman,SC,0,Manoj Kumar,Jhabar Singh,0,0,Scheduled Caste,latin,,2137,Mahendergarh.pdf
Mahendergarh,Ateli Nangal,11,Fatehpur,Other than Woman,NONE,0,Ranbeer,Natthu Singh,0,0,Unreserved,latin,,2137,Mahendergarh.pdf
Mahendergarh,Ateli Nangal,12,Ganiyar,Woman,NONE,1,Veena Devi,Arvind Kumar,0,0,Women,latin,,2137,Mahendergarh.pdf
Mahendergarh,Ateli Nangal,13,Gadhiruthal,Other than Woman,NONE,0,Suresh Chand,Raghubeer Singh,0,0,Unreserved,latin,,2137,Mahendergarh.pdf
Mahendergarh,Ateli Nangal,14,Gujarwas,Other than Woman,NONE,0,Ramkishan Yadav,Chotelal Yadav,0,0,Unreserved,latin,,2137,Mahendergarh.pdf
Mahendergarh,Ateli Nangal,15,Hasanpur,Other than Woman,NONE,0,Balram,Tara Chand,0,0,Unreserved,latin,,2137,Mahendergarh.pdf
Mahendergarh,Ateli Nangal,16,Kanti,Other than Woman,NONE,0,Devi Singh,Sitaram,0,0,Unreserved,latin,,2137,Mahendergarh.pdf
Mahendergarh,Ateli Nangal,17,Karia,Woman,NONE,1,Bachana Devi,Prem Kumar,0,0,Women,latin,,2137,Mahendergarh.pdf
Mahendergarh,Ateli Nangal,18,Katkai,Woman,NONE,1,Krishna Devi,Ajay Singh,0,0,Women,latin,,2137,Mahendergarh.pdf
Mahendergarh,Ateli Nangal,19,Kairani,SC Woman,SC,1,Sarita Devi,Munipal,0,0,Scheduled Caste (Women),latin,,2137,Mahendergarh.pdf
Mahendergarh,Ateli Nangal,20,Khariwara,Other than Woman,NONE,0,Veer Singh Chauhan,Jhabar Singh,0,0,Unreserved,latin,,2137,Mahendergarh.pdf
Mahendergarh,Ateli Nangal,21,Kheri,Other than Woman,NONE,0,Narender Singh,Jaipal Singh,0,0,Unreserved,latin,,2137,Mahendergarh.pdf
Mahendergarh,Ateli Nangal,22,Khor,SC Other than Woman,SC,0,Rakesh Kumar,Lalchand,0,0,Scheduled Caste,latin,,2137,Mahendergarh.pdf
Mahendergarh,Ateli Nangal,23,Kunjpura,Other than Woman,NONE,0,Dalip Singh,Patram,0,0,Unreserved,latin,,2137,Mahendergarh.pdf
Mahendergarh,Ateli Nangal,24,Mahasar,Woman,NONE,1,Sunita,Harikesh,0,0,Women,latin,,2137,Mahendergarh.pdf
Mahendergarh,Ateli Nangal,25,Mirjapur,Other than Woman,NONE,0,Attar Singh,Babulal,0,0,Unreserved,latin,,2137,Mahendergarh.pdf
Mahendergarh,Ateli Nangal,26,Mohmandpur,Woman,NONE,1,Manju Yadav,Yogender,0,0,Women,latin,,2137,Mahendergarh.pdf
Mahendergarh,Ateli Nangal,27,Mohlra,Woman,NONE,1,Shashi,Ajit Kumar,0,0,Women,latin,,2137,Mahendergarh.pdf
Mahendergarh,Ateli Nangal,28,Nangal,SC Other than Woman,SC,0,Dharmender,Rameshwar Dayal,0,0,Scheduled Caste,latin,,2137,Mahendergarh.pdf
Mahendergarh,Ateli Nangal,29,Nawdi,SC Other than Woman,SC,0,Mahaveer Singh,Rudaram,0,0,Scheduled Caste,latin,,2137,Mahendergarh.pdf
Mahendergarh,Ateli Nangal,30,Neerpur®,Other than Woman,NONE,0,Rahul Chauhan,Vedparkash,0,0,Unreserved,latin,,2137,Mahendergarh.pdf
Mahendergarh,Ateli Nangal,31,Privithipura,Other than Woman,NONE,0,Jaswant,Sultan,0,0,Unreserved,latin,,2137,Mahendergarh.pdf
Mahendergarh,Ateli Nangal,32,Rajpura,Other than Woman,NONE,0,Manju,Balwan Singh,0,0,Unreserved,latin,,2137,Mahendergarh.pdf
Mahendergarh,Ateli Nangal,33,Rampura,Woman,NONE,1,Krishna,Ombeer,0,0,Women,latin,,2137,Mahendergarh.pdf
Mahendergarh,Ateli Nangal,34,Ratakala,SC Woman,SC,1,Madhu Bala,Pawan Kumar,0,0,Scheduled Caste (Women),latin,,2137,Mahendergarh.pdf
Mahendergarh,Ateli Nangal,35,Ratakhurad,Other than Woman,NONE,0,Dharam Chand,Digaram,0,0,Unreserved,latin,,2137,Mahendergarh.pdf
Mahendergarh,Ateli Nangal,36,Saidpur,SC Other than Woman,SC,0,Babulal,Jisukhram,0,0,Scheduled Caste,latin,,2137,Mahendergarh.pdf
Mahendergarh,Ateli Nangal,37,Salimpur,Woman,NONE,1,Urmila Devi,Aswani Kumar,0,0,Women,latin,,2137,Mahendergarh.pdf
Mahendergarh,Ateli Nangal,38,S.B. Nangar,Other than Woman,NONE,0,Pardeep Kumar,Shri Chand,0,0,Unreserved,latin,,2137,Mahendergarh.pdf
Mahendergarh,Ateli Nangal,39,Sujapur,Woman,NONE,1,Sharmila,Anil Kumar,0,0,Women,latin,,2137,Mahendergarh.pdf
Mahendergarh,Ateli Nangal,40,Tajpur,Other than Woman,NONE,0,Inderjeet,Ramcharan,0,0,Unreserved,latin,,2137,Mahendergarh.pdf
Mahendergarh,Ateli Nangal,41,Tigra,Other than Woman,NONE,0,Ved Parkash,Ramsharan,0,0,Unreserved,latin,,2137,Mahendergarh.pdf
Mahendergarh,Ateli Nangal,42,Tobra,Other than Woman,NONE,0,Ram Singh,Hari Ram,0,0,Unreserved,latin,,2137,Mahendergarh.pdf
Mahendergarh,Ateli Nangal,43,Uninda,Other than Woman,NONE,0,Shiv Charan,Prabhu Dayal,0,0,Unreserved,latin,,2137,Mahendergarh.pdf
Mahendergarh,Kanina,1,Aghiyar,Woman,NONE,1,Maya Devi,Bharat Singh,0,0,Women,latin,,2139,Mahendergarh.pdf
Mahendergarh,Kanina,2,Anawas,SC Other than Woman,SC,0,Mukesh Kumar,Ragbir Singh,0,0,Scheduled Caste,latin,,2139,Mahendergarh.pdf
Mahendergarh,Kanina,3,Bhojawas,Woman,NONE,1,Manju Bala,Narpal,0,0,Women,latin,,2139,Mahendergarh.pdf
Mahendergarh,Kanina,4,Bewal,Woman,NONE,1,Anju Rani,Ramkishan,0,0,Women,latin,,2139,Mahendergarh.pdf
Mahendergarh,Kanina,5,Bhalkhi,SC Other than Woman,SC,0,Sonu Kumari,Ashwani Kumar,0,0,Scheduled Caste,latin,,2139,Mahendergarh.pdf
Mahendergarh,Kanina,6,Bachini,Other than Woman,NONE,0,Deepak,Hanuman Singh,0,0,Unreserved,latin,,2139,Mahendergarh.pdf
Mahendergarh,Kanina,7,Bawania,SC Woman,SC,1,Poonam,Jai Pal,0,0,Scheduled Caste (Women),latin,,2139,Mahendergarh.pdf
Mahendergarh,Kanina,8,Buchawas,Other than Woman,NONE,0,Ajit Singh,Khajan Singh,0,0,Unreserved,latin,,2139,Mahendergarh.pdf
Mahendergarh,Kanina,9,Baghot,Other than Woman,NONE,0,Vinod Kumar,Harbhaj,0,0,Unreserved,latin,,2139,Mahendergarh.pdf
Mahendergarh,Kanina,11,Chelawas,Woman,NONE,1,Anju Devi,Satender Kumar,0,0,Women,latin,,2139,Mahendergarh.pdf
Mahendergarh,Kanina,12,Chhithroli,Woman,NONE,1,Ishwanti,Pardeep,0,0,Women,latin,,2139,Mahendergarh.pdf
Mahendergarh,Kanina,13,Dhanounda,Other than Woman,NONE,0,Vikram Singh,Mohan Kumar,0,0,Unreserved,latin,,2139,Mahendergarh.pdf
Mahendergarh,Kanina,14,Dhana,Other than Woman,NONE,0,Sushil Kumar,Rohtash Singh,0,0,Unreserved,latin,,2139,Mahendergarh.pdf
Mahendergarh,Kanina,15,Gomla,Other than Woman,NONE,0,Dayaram,Jai Lal,0,0,Unreserved,latin,,2139,Mahendergarh.pdf
Mahendergarh,Kanina,16,Gudha,Other than Woman,NONE,0,Dharmpal,Shri Chand,0,0,Unreserved,latin,,2139,Mahendergarh.pdf
Mahendergarh,Kanina,17,Gahra,SC Other than Woman,SC,0,Raju,Lakhmi Chand,0,0,Scheduled Caste,latin,,2139,Mahendergarh.pdf
Mahendergarh,Kanina,18,Gagarwas,Other than Woman,NONE,0,Ravinder Kumar,Sube Singh,0,0,Unreserved,latin,,2139,Mahendergarh.pdf
Mahendergarh,Kanina,20,Jhigawan,Other than Woman,NONE,0,Priyanka,Sudhir,0,0,Unreserved,latin,,2139,Mahendergarh.pdf
Mahendergarh,Kanina,21,Jhagroli,Other than Woman,NONE,0,Sunil Kumar,Perbhu Dayal,0,0,Unreserved,latin,,2139,Mahendergarh.pdf
Mahendergarh,Kanina,22,Jharli,Other than Woman,NONE,0,Bhagwat Dayal,Durga Parshad,0,0,Unreserved,latin,,2139,Mahendergarh.pdf
Mahendergarh,Kanina,23,Kemla,Other than Woman,NONE,0,Dalip,Ramanand,0,0,Unreserved,latin,,2139,Mahendergarh.pdf
Mahendergarh,Kanina,24,Khera,SC Woman,SC,1,Rinku Devi,Ramesh Kumar,0,0,Scheduled Caste (Women),latin,,2139,Mahendergarh.pdf
Mahendergarh,Kanina,25,Kapoori,Other than Woman,NONE,0,Satpal,Gordhan,0,0,Unreserved,latin,,2139,Mahendergarh.pdf
Mahendergarh,Kanina,26,Khairana,Other than Woman,NONE,0,Rameshwar,Richpal,0,0,Unreserved,latin,,2139,Mahendergarh.pdf
Mahendergarh,Kanina,27,Koka,Other than Woman,NONE,0,Naresh Kumar,Raghubir Singh,0,0,Unreserved,latin,,2139,Mahendergarh.pdf
Mahendergarh,Kanina,28,Kakrala,Other than Woman,NONE,0,Krishan Singh,Bhur Singh,0,0,Unreserved,latin,,2139,Mahendergarh.pdf
Mahendergarh,Kanina,29,Karira,Other than Woman,NONE,0,Rakesh Kumar,Sish Ram,0,0,Unreserved,latin,,2139,Mahendergarh.pdf
Mahendergarh,Kanina,30,Kharkara Bass,Other than Woman,NONE,0,Balwan Singh,Dharam Singh,0,0,Unreserved,latin,,2139,Mahendergarh.pdf
Mahendergarh,Kanina,31,Kheri,Other than Woman,NONE,0,Sube Singh,Sheo Pal Singh,0,0,Unreserved,latin,,2139,Mahendergarh.pdf
Mahendergarh,Kanina,32,Kotia,Woman,NONE,1,Ramgiri,Dalip Singh,0,0,Women,latin,,2139,Mahendergarh.pdf
Mahendergarh,Kanina,33,Man Pura,SC Other than Woman,SC,0,Ajit Singh,Harikishan,0,0,Scheduled Caste,latin,,2139,Mahendergarh.pdf
Mahendergarh,Kanina,34,Mohan Pur,SC Other than Woman,SC,0,Rati Ram,Kundan Lal,0,0,Scheduled Caste,latin,,2139,Mahendergarh.pdf
Mahendergarh,Kanina,35,Mudayan,Woman,NONE,1,Sahanta,Srikant,0,0,Women,latin,,2139,Mahendergarh.pdf
Mahendergarh,Kanina,36,Mehganwas,Other than Woman,NONE,0,Rama Devi,Yogender,0,0,Unreserved,latin,,2139,Mahendergarh.pdf
Mahendergarh,Kanina,37,Mori,Other than Woman,NONE,0,Sharmila Davi,Mahender,0,0,Unreserved,latin,,2139,Mahendergarh.pdf
Mahendergarh,Kanina,38,Nangal Harnath,Other than Woman,NONE,0,Rajender,Bhuru Ram,0,0,Unreserved,latin,,2139,Mahendergarh.pdf
Mahendergarh,Kanina,39,Nangal,Woman,NONE,1,Sanita,Ravi Parkash,0,0,Women,latin,,2139,Mahendergarh.pdf
Mahendergarh,Kanina,40,Nautana,Other than Woman,NONE,0,Gajender Singh,Puni Chand,0,0,Unreserved,latin,,2139,Mahendergarh.pdf
Mahendergarh,Kanina,41,Pota,Woman,NONE,1,Lalita Devi,Pardeep Kumar,0,0,Women,latin,,2139,Mahendergarh.pdf
Mahendergarh,Kanina,42,Pathera,SC Woman,SC,1,Krishna,Parmal Kumar,0,0,Scheduled Caste (Women),latin,,2139,Mahendergarh.pdf
Mahendergarh,Kanina,43,Partal,Woman,NONE,1,Sunita,Jaswant Singh,0,0,Women,latin,,2139,Mahendergarh.pdf
Mahendergarh,Kanina,44,Rasul Pur,Other than Woman,NONE,0,Umed Singh,Omparkash,0,0,Unreserved,latin,,2139,Mahendergarh.pdf
Mahendergarh,Kanina,45,Ram Bass,Woman,NONE,1,Prem Devi,Vikram Singh,0,0,Women,latin,,2139,Mahendergarh.pdf
Mahendergarh,Kanina,46,Sehlang,SC Other than Woman,SC,0,Vijay Pal,Anand Parkash,0,0,Scheduled Caste,latin,,2139,Mahendergarh.pdf
Mahendergarh,Kanina,47,Sihor,SC Other than Woman,SC,0,Munesh,Anoop Kumar,0,0,Scheduled Caste,latin,,2139,Mahendergarh.pdf
Mahendergarh,Kanina,48,Sayna,Woman,NONE,1,Pooja Yadav,Kartar Singh,0,0,Women,latin,,2139,Mahendergarh.pdf
Mahendergarh,Kanina,49,Sigra,Other than Woman,NONE,0,Subash Chand,Surjan Singh,0,0,Unreserved,latin,,2139,Mahendergarh.pdf
Mahendergarh,Kanina,50,Sigri,Other than Woman,NONE,0,Sawai Singh,Jai Narayan Singh,0,0,Unreserved,latin,,2139,Mahendergarh.pdf
Mahendergarh,Kanina,51,Sundreh,SC Woman,SC,1,Lalita Kumari,Sandeep Kumar,0,0,Scheduled Caste (Women),latin,,2139,Mahendergarh.pdf
Mahendergarh,Kanina,52,Surjanwas,Other than Woman,NONE,0,Jitender Kumar,Kanhi Ram,0,0,Unreserved,latin,,2139,Mahendergarh.pdf
Mahendergarh,Kanina,53,Talwana,Woman,NONE,1,Monika,Vinay Kumar,0,0,Women,latin,,2139,Mahendergarh.pdf
Mahendergarh,Kanina,54,Uchhat,Other than Woman,NONE,0,Mahavir Singh,Chandgi Ram,0,0,Unreserved,latin,,2139,Mahendergarh.pdf
Mahendergarh,Kanina,55,Unhani,Other than Woman,NONE,0,Ravinder Kumar,Hosiar Singh,0,0,Unreserved,latin,,2139,Mahendergarh.pdf
Mahendergarh,Mahendergarh,1,Adalpur,Other than Woman,NONE,0,Attar Singh,Ram Kumar,0,0,Unreserved,latin,,2141,Mahendergarh.pdf
Mahendergarh,Mahendergarh,2,Bairawas,Other than Woman,NONE,0,Ramkisan Yadav,Har Phool Singh Yadav,0,0,Unreserved,latin,,2141,Mahendergarh.pdf
Mahendergarh,Mahendergarh,3,Balaicha,Other than Woman,NONE,0,Sunil,Radheyshyam,0,0,Unreserved,latin,,2141,Mahendergarh.pdf
Mahendergarh,Mahendergarh,4,Bass Khudana,SC Woman,SC,1,Jyoti Devi,Ashok Kumar,0,0,Scheduled Caste (Women),latin,,2141,Mahendergarh.pdf
Mahendergarh,Mahendergarh,5,Bassai,Woman,NONE,1,Indu,Anil Kumar,0,0,Women,latin,,2141,Mahendergarh.pdf
Mahendergarh,Mahendergarh,6,Bawana,Other than Woman,NONE,0,Santosh Kumar,Sheochand,0,0,Unreserved,latin,,2141,Mahendergarh.pdf
Mahendergarh,Mahendergarh,7,Beri,Other than Woman,NONE,0,Pawan Kumar,Chhaju Ram,0,0,Unreserved,latin,,2141,Mahendergarh.pdf
Mahendergarh,Mahendergarh,8,Bhagdana,Other than Woman,NONE,0,Satyavir,Niranjan Lal,0,0,Unreserved,latin,,2141,Mahendergarh.pdf
Mahendergarh,Mahendergarh,9,Bhandor Nichi,Woman,NONE,1,Lalita,Dhanpat Ram,0,0,Women,latin,,2141,Mahendergarh.pdf
Mahendergarh,Mahendergarh,10,Bhandor Unchi,BC-A Other than Woman,BC_A,0,Vinod Kumar,Satya Narain,0,0,Unreserved Backward Class,latin,,2141,Mahendergarh.pdf
Mahendergarh,Mahendergarh,11,Bhurjat,Other than Woman,NONE,0,Sanjay Singh,Mahavir Singh,0,0,Unreserved,latin,,2141,Mahendergarh.pdf
Mahendergarh,Mahendergarh,12,Bucholi,SC Other than Woman,SC,0,Surender Kumar,Ramprasad,0,0,Scheduled Caste,latin,,2141,Mahendergarh.pdf
Mahendergarh,Mahendergarh,13,Budeen,SC Woman,SC,1,Kanta Devi,Ranbir Singh,0,0,Scheduled Caste (Women),latin,,2141,Mahendergarh.pdf
Mahendergarh,Mahendergarh,14,Chamdhera,Other than Woman,NONE,0,Vishnu Yadav,Babu Lal,0,0,Unreserved,latin,,2141,Mahendergarh.pdf
Mahendergarh,Mahendergarh,15,Chhajiawas,Other than Woman,NONE,0,Mahesh Kumar,Sita Ram,0,0,Unreserved,latin,,2141,Mahendergarh.pdf
Mahendergarh,Mahendergarh,16,Chitlang,Other than Woman,NONE,0,Hariom,Rajender Singh,0,0,Unreserved,latin,,2141,Mahendergarh.pdf
Mahendergarh,Mahendergarh,17,Deroli Jat,Other than Woman,NONE,0,Ran Singh,Het Ram,0,0,Unreserved,latin,,2141,Mahendergarh.pdf
Mahendergarh,Mahendergarh,18,Dewas,Woman,NONE,1,Reena,Ashok Kumar,0,0,Women,latin,,2141,Mahendergarh.pdf
Mahendergarh,Mahendergarh,19,Dholi,Other than Woman,NONE,0,Rohtas Singh,Kurda,0,0,Unreserved,latin,,2141,Mahendergarh.pdf
Mahendergarh,Mahendergarh,20,Dulana,Woman,NONE,1,Parveen Yadav,Parmjeet Singh,0,0,Women,latin,,2141,Mahendergarh.pdf
Mahendergarh,Mahendergarh,21,Duloth Ahir,Other than Woman,NONE,0,Rajiv,Ranbir Singh,0,0,Unreserved,latin,,2141,Mahendergarh.pdf
Mahendergarh,Mahendergarh,22,Gadania,SC Other than Woman,SC,0,Ashok Kumar,Moti Lal,0,0,Scheduled Caste,latin,,2141,Mahendergarh.pdf
Mahendergarh,Mahendergarh,23,Garhi,Other than Woman,NONE,0,Lalit Singh,Bachchan Singh,0,0,Unreserved,latin,,2141,Mahendergarh.pdf
Mahendergarh,Mahendergarh,24,Gulawala,SC Other than Woman,SC,0,Rajveer Singh,Banwari Lal,0,0,Scheduled Caste,latin,,2141,Mahendergarh.pdf
Mahendergarh,Mahendergarh,25,Janjariawas,Other than Woman,NONE,0,Mamta,Yogesh,0,0,Unreserved,latin,,2141,Mahendergarh.pdf
Mahendergarh,Mahendergarh,26,Jant,Other than Woman,NONE,0,Hoshiyar Singh,Mangu Singh,0,0,Unreserved,latin,,2141,Mahendergarh.pdf
Mahendergarh,Mahendergarh,27,Jasawas,Other than Woman,NONE,0,Ashok Kumar,Roopchand,0,0,Unreserved,latin,,2141,Mahendergarh.pdf
Mahendergarh,Mahendergarh,28,Jatwas,Woman,NONE,1,Bhoop Kaur,Anoop Singh,0,0,Women,latin,,2141,Mahendergarh.pdf
Mahendergarh,Mahendergarh,29,Jhook,SC Woman,SC,1,Shakuntala,Mukesh Kumar,0,0,Scheduled Caste (Women),latin,,2141,Mahendergarh.pdf
Mahendergarh,Mahendergarh,30,Jonawas,Other than Woman,NONE,0,Jogender,Hoshiyar Singh,0,0,Unreserved,latin,,2141,Mahendergarh.pdf
Mahendergarh,Mahendergarh,31,Khaira,Other than Woman,NONE,0,Abhe Singh,Musadi Lal,0,0,Unreserved,latin,,2141,Mahendergarh.pdf
Mahendergarh,Mahendergarh,32,Khairoli,Woman,NONE,1,Mamta,Raj Kumar,0,0,Women,latin,,2141,Mahendergarh.pdf
Mahendergarh,Mahendergarh,33,Kharkara Akoda,SC Other than Woman,SC,0,Dharmender,Jhutha Ram,0,0,Scheduled Caste,latin,,2141,Mahendergarh.pdf
Mahendergarh,Mahendergarh,34,Khatiwas,SC Woman,SC,1,Jyoti,Vishnu Kumar,0,0,Scheduled Caste (Women),latin,,2141,Mahendergarh.pdf
Mahendergarh,Mahendergarh,35,Khatod,Other than Woman,NONE,0,Anil Kumar,Rajender Parsad,0,0,Unreserved,latin,,2141,Mahendergarh.pdf
Mahendergarh,Mahendergarh,36,Khatodra,SC Other than Woman,SC,0,Mahender Singh,Sheochand,0,0,Scheduled Caste,latin,,2141,Mahendergarh.pdf
Mahendergarh,Mahendergarh,37,Kherki,Other than Woman,NONE,0,Hardawari Lal,Banwari Lal,0,0,Unreserved,latin,,2141,Mahendergarh.pdf
Mahendergarh,Mahendergarh,38,Khudana,Other than Woman,NONE,0,Anand Singh,Ompal Singh,0,0,Unreserved,latin,,2141,Mahendergarh.pdf
Mahendergarh,Mahendergarh,39,Kothal Kalan,Woman,NONE,1,Anju Rani,Yogesh Kumar,0,0,Women,latin,,2141,Mahendergarh.pdf
Mahendergarh,Mahendergarh,40,Kothal Khurd,Other than Woman,NONE,0,Parmjit,Jagdish Parsad,0,0,Unreserved,latin,,2141,Mahendergarh.pdf
Mahendergarh,Mahendergarh,41,Kuksi,Other than Woman,NONE,0,Kamaljeet,Satender Kumar,0,0,Unreserved,latin,,2141,Mahendergarh.pdf
Mahendergarh,Mahendergarh,42,Kurahwata,Woman,NONE,1,Anita,Ved Parkash,0,0,Women,latin,,2141,Mahendergarh.pdf
Mahendergarh,Mahendergarh,43,Lawan,Woman,NONE,1,Rajesh Devi,Pardeep Yadav,0,0,Women,latin,,2141,Mahendergarh.pdf
Mahendergarh,Mahendergarh,44,Majra Kalan,Woman,NONE,1,Suman,Sanjay Kumar,0,0,Women,latin,,2141,Mahendergarh.pdf
Mahendergarh,Mahendergarh,45,Majra Khurd,Other than Woman,NONE,0,Bhem Singh,Hardayal Singh,0,0,Unreserved,latin,,2141,Mahendergarh.pdf
Mahendergarh,Mahendergarh,46,Malra Bass,Other than Woman,NONE,0,Usha Yadav,Mukesh Kumar,0,0,Unreserved,latin,,2141,Mahendergarh.pdf
Mahendergarh,Mahendergarh,47,Malra Sarai,Other than Woman,NONE,0,Lalchand,Shimbhu Dayal,0,0,Unreserved,latin,,2141,Mahendergarh.pdf
Mahendergarh,Mahendergarh,48,Mandola,Other than Woman,NONE,0,Jitender,Sukarm Pal,0,0,Unreserved,latin,,2141,Mahendergarh.pdf
Mahendergarh,Mahendergarh,49,Nanagwas,Woman,NONE,1,Parmila Devi,Narender,0,0,Women,latin,,2141,Mahendergarh.pdf
Mahendergarh,Mahendergarh,50,Nangal Sirohi,Woman,NONE,1,Sarita,Hawa Singh,0,0,Women,latin,,2141,Mahendergarh.pdf
Mahendergarh,Mahendergarh,51,Nihalawas,Woman,NONE,1,Manisha,Vidhadhar,0,0,Women,latin,,2141,Mahendergarh.pdf
Mahendergarh,Mahendergarh,52,Nimbhera,Other than Woman,NONE,0,Sandeep Kumar,Shiv Lal,0,0,Unreserved,latin,,2141,Mahendergarh.pdf
Mahendergarh,Mahendergarh,53,Nimbi,Woman,NONE,1,Seema Devi,Naveen,0,0,Women,latin,,2141,Mahendergarh.pdf
Mahendergarh,Mahendergarh,54,Paiga,SC Other than Woman,SC,0,Surander,Pratap Singh,0,0,Scheduled Caste,latin,,2141,Mahendergarh.pdf
Mahendergarh,Mahendergarh,55,Palh,SC Other than Woman,SC,0,Praveen Kumar,Sher Singh,0,0,Scheduled Caste,latin,,2141,Mahendergarh.pdf
Mahendergarh,Mahendergarh,56,Pali,Other than Woman,NONE,0,Surender Singh,Kanha Singh,0,0,Unreserved,latin,,2141,Mahendergarh.pdf
Mahendergarh,Mahendergarh,57,Pall,SC Woman,SC,1,Rajnei,Ramakant,0,0,Scheduled Caste (Women),latin,,2141,Mahendergarh.pdf
Mahendergarh,Mahendergarh,58,Palri Panihar,SC Other than Woman,SC,0,Ravi Dutt,Chhalu Ram,0,0,Scheduled Caste,latin,,2141,Mahendergarh.pdf
Mahendergarh,Mahendergarh,59,Riwasa,Other than Woman,NONE,0,Rajkumar,Jagmal,0,0,Unreserved,latin,,2141,Mahendergarh.pdf
Mahendergarh,Mahendergarh,60,Sisoth,Woman,NONE,1,Kalavati,Vijay Singh,0,0,Women,latin,,2141,Mahendergarh.pdf
Mahendergarh,Mahendergarh,61,Ushmapur,Other than Woman,NONE,0,Hariom,Lal Singh,0,0,Unreserved,latin,,2141,Mahendergarh.pdf
Mahendergarh,Mahendergarh,62,Zerpur,Woman,NONE,1,Priyanka Devi,Surender,0,0,Women,latin,,2141,Mahendergarh.pdf
Mahendergarh,Nangal Chaudhary,1,Akbarpur Sirohi,Woman,NONE,1,Kusum Lata,Satish Sehrawat,0,0,Women,latin,,2143,Mahendergarh.pdf
Mahendergarh,Nangal Chaudhary,2,Akoli,SC Other than Woman,SC,0,Parveen Kumar,Kailash Chand,0,0,Scheduled Caste,latin,,2143,Mahendergarh.pdf
Mahendergarh,Nangal Chaudhary,3,Amarpura,Other than Woman,NONE,0,Kuldeep Singh,Sadhu Ram,0,0,Unreserved,latin,,2143,Mahendergarh.pdf
Mahendergarh,Nangal Chaudhary,4,Antri,Other than Woman,NONE,0,Manoj Kumar,Hanumaan Parshad,0,0,Unreserved,latin,,2143,Mahendergarh.pdf
Mahendergarh,Nangal Chaudhary,5,Asrawas,Other than Woman,NONE,0,Kailash,Ram Kumar,0,0,Unreserved,latin,,2143,Mahendergarh.pdf
Mahendergarh,Nangal Chaudhary,6,Banihari,Other than Woman,NONE,0,Nihal Singh,Shri Ram,0,0,Unreserved,latin,,2143,Mahendergarh.pdf
Mahendergarh,Nangal Chaudhary,7,Bhedanti,Other than Woman,NONE,0,Hari Ram,Jeeta Ram,0,0,Unreserved,latin,,2143,Mahendergarh.pdf
Mahendergarh,Nangal Chaudhary,8,Bhojawas,SC Other than Woman,SC,0,Pawan Kumar,Murari Lal,0,0,Scheduled Caste,latin,,2143,Mahendergarh.pdf
Mahendergarh,Nangal Chaudhary,9,Biharipur,SC Other than Woman,SC,0,Sarjeet,Lila Ram,0,0,Scheduled Caste,latin,,2143,Mahendergarh.pdf
Mahendergarh,Nangal Chaudhary,10,Budhwal,Other than Woman,NONE,0,Manoj Kumar,Mahaveer,0,0,Unreserved,latin,,2143,Mahendergarh.pdf
Mahendergarh,Nangal Chaudhary,11,Chhapra Bibipur,Other than Woman,NONE,0,Rajender Singh,Parbhu Dayal,0,0,Unreserved,latin,,2143,Mahendergarh.pdf
Mahendergarh,Nangal Chaudhary,12,Datal,Woman,NONE,1,Mukesh Devi,Jaswant Singh,0,0,Women,latin,,2143,Mahendergarh.pdf
Mahendergarh,Nangal Chaudhary,13,Dholera,SC Other than Woman,SC,0,Sunil Kumar,Mange Ram,0,0,Scheduled Caste,latin,,2143,Mahendergarh.pdf
Mahendergarh,Nangal Chaudhary,14,Dokhera,Other than Woman,NONE,0,Madan Lal,Bhura Mal,0,0,Unreserved,latin,,2143,Mahendergarh.pdf
Mahendergarh,Nangal Chaudhary,15,Dongli,Other than Woman,NONE,0,Jay Parkash,Bhud Ram,0,0,Unreserved,latin,,2143,Mahendergarh.pdf
Mahendergarh,Nangal Chaudhary,16,Dostpur,Other than Woman,NONE,0,Devender Kumar,Dhramveer,0,0,Unreserved,latin,,2143,Mahendergarh.pdf
Mahendergarh,Nangal Chaudhary,17,Gadwa,Other than Woman,NONE,0,Manisha,Aman Kumar,1,0,Unreserved,latin,,2143,Mahendergarh.pdf
Mahendergarh,Nangal Chaudhary,18,Gotheri,Woman,NONE,1,Suman Devi,Virender Singh,0,0,Women,latin,,2143,Mahendergarh.pdf
Mahendergarh,Nangal Chaudhary,19,Iqbalpur Nangli,Woman,NONE,1,Mukesh Devi,Subash Chand,0,0,Women,latin,,2143,Mahendergarh.pdf
Mahendergarh,Nangal Chaudhary,20,Jainpur,Other than Woman,NONE,0,Rajesh Kumar,Data Ram,0,0,Unreserved,latin,,2143,Mahendergarh.pdf
Mahendergarh,Nangal Chaudhary,21,Kalba,Other than Woman,NONE,0,Satyender,Sultan Singh,0,0,Unreserved,latin,,2143,Mahendergarh.pdf
Mahendergarh,Nangal Chaudhary,22,Kamaniya,Woman,NONE,1,Santosh Kumari,Karan Singh,0,0,Women,latin,,2143,Mahendergarh.pdf
Mahendergarh,Nangal Chaudhary,23,Khatoli Ahir,Woman,NONE,1,Suman,Rajesh,0,0,Women,latin,,2143,Mahendergarh.pdf
Mahendergarh,Nangal Chaudhary,24,Khatoli Jat,SC Other than Woman,SC,0,Krishan Kumar,Rohtash,0,0,Scheduled Caste,latin,,2143,Mahendergarh.pdf
Mahendergarh,Nangal Chaudhary,25,Lujota,Woman,NONE,1,Mukesh Devi,Vikram Singh,0,0,Women,latin,,2143,Mahendergarh.pdf
Mahendergarh,Nangal Chaudhary,26,Mausampur,SC Woman,SC,1,Kamlesh,Dhramender,0,0,Scheduled Caste (Women),latin,,2143,Mahendergarh.pdf
Mahendergarh,Nangal Chaudhary,27,Meghot Binja,Other than Woman,NONE,0,Devender,Satyaveer,0,0,Unreserved,latin,,2143,Mahendergarh.pdf
Mahendergarh,Nangal Chaudhary,28,Meghot Hala,SC Other than Woman,SC,0,Krishana Kumari,Dalip Singh,0,0,Scheduled Caste,latin,,2143,Mahendergarh.pdf
Mahendergarh,Nangal Chaudhary,29,Mohabatpur Bhungarka,Other than Woman,NONE,0,Jagat Singh,Jhabal Ram,0,0,Unreserved,latin,,2143,Mahendergarh.pdf
Mahendergarh,Nangal Chaudhary,30,Morund,Woman,NONE,1,Neelam Devi,Harpat Singh,0,0,Women,latin,,2143,Mahendergarh.pdf
Mahendergarh,Nangal Chaudhary,31,Mulodi,Woman,NONE,1,Ritu Yadav,Mahi Pal,0,0,Women,latin,,2143,Mahendergarh.pdf
Mahendergarh,Nangal Chaudhary,32,Nangal Kalia,Woman,NONE,1,Seo Bai Devi,Subash Chand,0,0,Women,latin,,2143,Mahendergarh.pdf
Mahendergarh,Nangal Chaudhary,33,Nangal Nunia,Woman,NONE,1,Anita Devi,Het Ram,0,0,Women,latin,,2143,Mahendergarh.pdf
Mahendergarh,Nangal Chaudhary,34,Nangal Pipa,Woman,NONE,1,Neetu Devi,Jai Singh,0,0,Women,latin,,2143,Mahendergarh.pdf
Mahendergarh,Nangal Chaudhary,35,Nangal Soda,SC Woman,SC,1,Menka,Mukesh,0,0,Scheduled Caste (Women),latin,,2143,Mahendergarh.pdf
Mahendergarh,Nangal Chaudhary,36,Nayan,Woman,NONE,1,Khamosh,Pitram,0,0,Women,latin,,2143,Mahendergarh.pdf
Mahendergarh,Nangal Chaudhary,37,Niyamatpur,Other than Woman,NONE,0,Balbir,Jagdish,0,0,Unreserved,latin,,2143,Mahendergarh.pdf
Mahendergarh,Nangal Chaudhary,38,Rai Malikpur,Other than Woman,NONE,0,Maya Devi,Vikram,0,0,Unreserved,latin,,2143,Mahendergarh.pdf
Mahendergarh,Nangal Chaudhary,39,Saidlipur,Other than Woman,NONE,0,Deshpal,Bahadur Singh,0,0,Unreserved,latin,,2143,Mahendergarh.pdf
Mahendergarh,Nangal Chaudhary,40,Shehbajpur,Other than Woman,NONE,0,Poonam Devi,Ashok Kumar,0,0,Unreserved,latin,,2143,Mahendergarh.pdf
Mahendergarh,Nangal Chaudhary,41,Sheoramnathp ura,Other than Woman,NONE,0,Sube Singh,Phool Chand,0,0,Unreserved,latin,,2143,Mahendergarh.pdf
Mahendergarh,Nangal Chaudhary,42,Sirohi Bahali,Other than Woman,NONE,0,Amresh,Pradeep,0,0,Unreserved,latin,,2143,Mahendergarh.pdf
Mahendergarh,Nangal Chaudhary,43,Thanwas,Other than Woman,NONE,0,Ashok Kumar,Banwari Lal,0,0,Unreserved,latin,,2143,Mahendergarh.pdf
Mahendergarh,Nangal Chaudhary,44,Totaheri,Other than Woman,NONE,0,Surender Kumar,Yad Ram,0,0,Unreserved,latin,,2143,Mahendergarh.pdf
Mahendergarh,Narnaul,1,Amarpur Jorasi,Other than Woman,NONE,0,Ramesh Chand,Kanaheya Lal,0,0,Unreserved,latin,,2145,Mahendergarh.pdf
Mahendergarh,Narnaul,2,Badopur,Other than Woman,NONE,0,Raghubir,Sagarmal,0,0,Unreserved,latin,,2145,Mahendergarh.pdf
Mahendergarh,Narnaul,3,Balaha Kalan,SC Other than Woman,SC,0,Balwant Singh,Sadhuram,0,0,Scheduled Caste,latin,,2145,Mahendergarh.pdf
Mahendergarh,Narnaul,4,Balaha Khurd,Woman,NONE,1,Savitri Devi,Bahadur Singh,0,0,Women,latin,,2145,Mahendergarh.pdf
Mahendergarh,Narnaul,5,Baproli,Woman,NONE,1,Saroj,Partipal Singh,0,0,Women,latin,,2145,Mahendergarh.pdf
Mahendergarh,Narnaul,6,Bargaon,Other than Woman,NONE,0,Vikram Singh,Sardar Singh,0,0,Unreserved,latin,,2145,Mahendergarh.pdf
Mahendergarh,Narnaul,7,Barkoda,Woman,NONE,1,Sarita,Rajpal,0,0,Women,latin,,2145,Mahendergarh.pdf
Mahendergarh,Narnaul,8,Bass Kirarodh Umrabad,Woman,NONE,1,Meena,Somesh Kumar,0,0,Women,latin,,2145,Mahendergarh.pdf
Mahendergarh,Narnaul,9,Bhankhari,Other than Woman,NONE,0,Saroj Devi,Naresh Kumar,0,0,Unreserved,latin,,2145,Mahendergarh.pdf
Mahendergarh,Narnaul,10,Bhushan Kalan,Other than Woman,NONE,0,Pawan Kumar,Jagdish Parsad,0,0,Unreserved,latin,,2145,Mahendergarh.pdf
Mahendergarh,Narnaul,11,Bhushan Khurd,Other than Woman,NONE,0,Sarita,Jai Singh,0,0,Unreserved,latin,,2145,Mahendergarh.pdf
Mahendergarh,Narnaul,12,Chindaliya,SC Other than Woman,SC,0,Subhash Chand,Mangeram,0,0,Scheduled Caste,latin,,2145,Mahendergarh.pdf
Mahendergarh,Narnaul,13,Dhani Bathotha,Woman,NONE,1,Babli Urf Preeti,Sanjay Kumar,0,0,Women,latin,,2145,Mahendergarh.pdf
Mahendergarh,Narnaul,14,Dhani Kirarodh Afgan,Other than Woman,NONE,0,Aashish Kumar,Hukamchand,0,0,Unreserved,latin,,2145,Mahendergarh.pdf
Mahendergarh,Narnaul,15,Dharsoon,Other than Woman,NONE,0,Mukesh Saini,Ramniwas,0,0,Unreserved,latin,,2145,Mahendergarh.pdf
Mahendergarh,Narnaul,16,Dochana,Woman,NONE,1,Pooja,Naveen,0,0,Women,latin,,2145,Mahendergarh.pdf
Mahendergarh,Narnaul,17,Dohar Kalan,Other than Woman,NONE,0,Dayanand Yadav,Jairam,0,0,Unreserved,latin,,2145,Mahendergarh.pdf
Mahendergarh,Narnaul,18,Dohar Khurd,SC Other than Woman,SC,0,Vinod Kumar,Jagdish Parsad,0,0,Scheduled Caste,latin,,2145,Mahendergarh.pdf
Mahendergarh,Narnaul,19,Faizlipur,SC Woman,SC,1,Pinki Devi,Suresh Kumar,0,0,Scheduled Caste (Women),latin,,2145,Mahendergarh.pdf
Mahendergarh,Narnaul,20,Gehli,Other than Woman,NONE,0,Naresh Kumar,Subhash Chand,0,0,Unreserved,latin,,2145,Mahendergarh.pdf
Mahendergarh,Narnaul,21,Goad,SC Woman,SC,1,Rinki,Mahender Kumar,0,0,Scheduled Caste (Women),latin,,2145,Mahendergarh.pdf
Mahendergarh,Narnaul,22,Hamindpur,Other than Woman,NONE,0,Shiv Kumar,Meghsingh,0,0,Unreserved,latin,,2145,Mahendergarh.pdf
Mahendergarh,Narnaul,23,Hajipur,Other than Woman,NONE,0,Satish Kumar,Dheer Singh,0,0,Unreserved,latin,,2145,Mahendergarh.pdf
Mahendergarh,Narnaul,24,Jadupur,Other than Woman,NONE,0,Bansidhar,Biharilal,0,0,Unreserved,latin,,2145,Mahendergarh.pdf
Mahendergarh,Narnaul,25,Jailaf,SC Other than Woman,SC,0,Suresh Chand,Ramchander,0,0,Scheduled Caste,latin,,2145,Mahendergarh.pdf
Mahendergarh,Narnaul,26,Jakhani,Other than Woman,NONE,0,Sanjay Singh,Jawahar Lal,0,0,Unreserved,latin,,2145,Mahendergarh.pdf
Mahendergarh,Narnaul,27,Kanwi,Other than Woman,NONE,0,Mahipal,Bhom Singh,0,0,Unreserved,latin,,2145,Mahendergarh.pdf
Mahendergarh,Narnaul,28,Karota,Other than Woman,NONE,0,Manjeet,Prabhudayal,0,0,Unreserved,latin,,2145,Mahendergarh.pdf
Mahendergarh,Narnaul,29,Khanpur,SC Woman,SC,1,Yogesh Kumari,Pawan Kumar,0,0,Scheduled Caste (Women),latin,,2145,Mahendergarh.pdf
Mahendergarh,Narnaul,30,Khatoti Khurd,Woman,NONE,1,Pinki Sharma,Jagdish Parsad,0,0,Women,latin,,2145,Mahendergarh.pdf
Mahendergarh,Narnaul,31,Khatotikalan,Other than Woman,NONE,0,Sapna Yadav,Manoj Kumar,0,0,Unreserved,latin,,2145,Mahendergarh.pdf
Mahendergarh,Narnaul,32,Khodma,Woman,NONE,1,Sushma,Tejparkash,0,0,Women,latin,,2145,Mahendergarh.pdf
Mahendergarh,Narnaul,33,Kojinda,Other than Woman,NONE,0,Vinod Kumar,Balbir Singh,0,0,Unreserved,latin,,2145,Mahendergarh.pdf
Mahendergarh,Narnaul,34,Koriawas,Other than Woman,NONE,0,Rajaram,Bhagwan Singh,0,0,Unreserved,latin,,2145,Mahendergarh.pdf
Mahendergarh,Narnaul,35,Kultajpur,Other than Woman,NONE,0,Vikram,Harnam Singh,0,0,Unreserved,latin,,2145,Mahendergarh.pdf
Mahendergarh,Narnaul,36,Kutbapur,Woman,NONE,1,Sudesh,Manoj Kumar,0,0,Women,latin,,2145,Mahendergarh.pdf
Mahendergarh,Narnaul,37,Lehroda,SC Other than Woman,SC,0,Sandeep,Sukhram,0,0,Scheduled Caste,latin,,2145,Mahendergarh.pdf
Mahendergarh,Narnaul,38,Mehrampur,Woman,NONE,1,Sunil Devi,Satyapal,0,0,Women,latin,,2145,Mahendergarh.pdf
Mahendergarh,Narnaul,39,Maksuspur,Other than Woman,NONE,0,Randhir,Bhagwana,0,0,Unreserved,latin,,2145,Mahendergarh.pdf
Mahendergarh,Narnaul,40,Mandhana,Woman,NONE,1,Sarita Kumari,Vikrant,0,0,Women,latin,,2145,Mahendergarh.pdf
Mahendergarh,Narnaul,41,Mandlana,Other than Woman,NONE,0,Rajbir,Kailash Chand,0,0,Unreserved,latin,,2145,Mahendergarh.pdf
Mahendergarh,Narnaul,42,Mohamadpur Hamindkhan,Other than Woman,NONE,0,Sanjaypal,Anoop Singh,0,0,Unreserved,latin,,2145,Mahendergarh.pdf
Mahendergarh,Narnaul,43,Mukandpura,Other than Woman,NONE,0,Rajkumar,Shree Ram,0,0,Unreserved,latin,,2145,Mahendergarh.pdf
Mahendergarh,Narnaul,44,Nangal Katha,SC Other than Woman,SC,0,Parmila Kumari,Munshi Ram,0,0,Scheduled Caste,latin,,2145,Mahendergarh.pdf
Mahendergarh,Narnaul,45,Nangal Sayalu,Other than Woman,NONE,0,Rajkumar,Khayaliram,0,0,Unreserved,latin,,2145,Mahendergarh.pdf
Mahendergarh,Narnaul,46,Nangtihari,Other than Woman,NONE,0,Vinod Kumar,Parhalad,0,0,Unreserved,latin,,2145,Mahendergarh.pdf
Mahendergarh,Narnaul,47,Nasibpur,Woman,NONE,1,Parmila Bai,Sanjay,0,0,Women,latin,,2145,Mahendergarh.pdf
Mahendergarh,Narnaul,48,Niwaj Nagar,Woman,NONE,1,Maya Devi,Mukesh Kumar,0,0,Women,latin,,2145,Mahendergarh.pdf
Mahendergarh,Narnaul,49,Nuniawal,SC Woman,SC,1,Poonam Kumari,Ramotar,0,0,Scheduled Caste (Women),latin,,2145,Mahendergarh.pdf
Mahendergarh,Narnaul,50,Patikara,Other than Woman,NONE,0,Subhash Yadav,Totaram,0,0,Unreserved,latin,,2145,Mahendergarh.pdf
Mahendergarh,Narnaul,51,Raghunath pura,SC Woman,SC,1,Karamvir,Rohtash,0,0,Scheduled Caste Scheduled Caste (Women),latin,,2145,Mahendergarh.pdf
Mahendergarh,Narnaul,52,Seka,Woman,NONE,1,Usha Devi,Anil Kumar,0,0,Women,latin,,2145,Mahendergarh.pdf
Mahendergarh,Narnaul,53,Shekhpura,Other than Woman,NONE,0,Shubhram,Bhanisahaye,0,0,Unreserved,latin,,2145,Mahendergarh.pdf
Mahendergarh,Narnaul,54,Shahpur-1,Woman,NONE,1,Parvanti,Narender Singh,0,0,Women,latin,,2145,Mahendergarh.pdf
Mahendergarh,Narnaul,55,Silarpur Mehta,Other than Woman,NONE,0,Ajay,Satyavir,0,0,Unreserved,latin,,2145,Mahendergarh.pdf
Mahendergarh,Narnaul,56,Shobhapur,Other than Woman,NONE,0,Bijender Singh,Lal Singh,0,0,Unreserved,latin,,2145,Mahendergarh.pdf
Mahendergarh,Narnaul,57,Tajipur,SC Other than Woman,SC,0,Naveen,Chottelal,0,0,Scheduled Caste,latin,,2145,Mahendergarh.pdf
Mahendergarh,Narnaul,58,Tehla,Other than Woman,NONE,0,Vikram Singh,Durga Parsad,0,0,Unreserved,latin,,2145,Mahendergarh.pdf
Mahendergarh,Narnaul,59,Thana,Woman,NONE,1,Pushpa,Jagdish,0,0,Women,latin,,2145,Mahendergarh.pdf
Mahendergarh,Nizampur,1,Ajmabad Mokhuta,Other than Woman,NONE,0,Arun Kumar,Ramkishan,0,0,Unreserved,latin,,2151,Mahendergarh.pdf
Mahendergarh,Nizampur,2,Islampura,Other than Woman,NONE,0,Lekhraj,Ramotar,0,0,Unreserved,latin,,2151,Mahendergarh.pdf
Mahendergarh,Nizampur,3,Karoli,Other than Woman,NONE,0,Rajesh Kumar,Kailash Chand,0,0,Unreserved,latin,,2151,Mahendergarh.pdf
Mahendergarh,Nizampur,4,Gawari Jat,Other than Woman,NONE,0,Rajesh Kumar,Hawa Singh,0,0,Unreserved,latin,,2151,Mahendergarh.pdf
Mahendergarh,Nizampur,5,Golwa,Other than Woman,NONE,0,Rajpal Singh,Maharam,0,0,Unreserved,latin,,2151,Mahendergarh.pdf
Mahendergarh,Nizampur,6,Ghatasher,Woman,NONE,1,Ramesh Devi,Ravinder,0,0,Women,latin,,2151,Mahendergarh.pdf
Mahendergarh,Nizampur,7,Chhilro,Other than Woman,NONE,0,Sandeep Kumar,Rai Singh,0,0,Unreserved,latin,,2151,Mahendergarh.pdf
Mahendergarh,Nizampur,8,Talot,Other than Woman,NONE,0,Pramod Kumar,Omprakash,0,0,Unreserved,latin,,2151,Mahendergarh.pdf
Mahendergarh,Nizampur,9,Dancholi,SC Other than Woman,SC,0,Satish Kumar,Badluram,0,0,Scheduled Caste,latin,,2151,Mahendergarh.pdf
Mahendergarh,Nizampur,10,Dhanota,SC Other than Woman,SC,0,Vijay Singh,Jagdish Prasad,0,0,Scheduled Caste,latin,,2151,Mahendergarh.pdf
Mahendergarh,Nizampur,11,Nangal Dargu,Woman,NONE,1,Radha Bai,Narender Kumar,0,0,Women,latin,,2151,Mahendergarh.pdf
Mahendergarh,Nizampur,12,Napla,Woman,NONE,1,Suman,Vikash,0,0,Women,latin,,2151,Mahendergarh.pdf
Mahendergarh,Nizampur,13,Narhedi,Other than Woman,NONE,0,Ashok Kumar,Ramawatar,0,0,Unreserved,latin,,2151,Mahendergarh.pdf
Mahendergarh,Nizampur,14,Nizampur,Other than Woman,NONE,0,Shushila,Jaipal,0,0,Unreserved,latin,,2151,Mahendergarh.pdf
Mahendergarh,Nizampur,15,Niyajlipur,Other than Woman,NONE,0,Nand Lal,Gorishahy,0,0,Unreserved,latin,,2151,Mahendergarh.pdf
Mahendergarh,Nizampur,16,Pawera,SC Woman,SC,1,Lalita,Sunil Kumar,0,0,Scheduled Caste (Women),latin,,2151,Mahendergarh.pdf
Mahendergarh,Nizampur,17,Pachnota,Woman,NONE,1,Chanderkala,Radheshyam,0,0,Women,latin,,2151,Mahendergarh.pdf
Mahendergarh,Nizampur,18,Basirpur,SC Other than Woman,SC,0,Sunil,Babulal,0,0,Scheduled Caste,latin,,2151,Mahendergarh.pdf
Mahendergarh,Nizampur,19,Bamanwas Nuh,Woman,NONE,1,Suman,Suresh,0,0,Women,latin,,2151,Mahendergarh.pdf
Mahendergarh,Nizampur,20,Bayal,Other than Woman,NONE,0,Prity Kanwar,Dipendersingh,0,0,Unreserved,latin,,2151,Mahendergarh.pdf
Mahendergarh,Nizampur,21,Bigopur,Other than Woman,NONE,0,Suman Devi,Vedprakash,0,0,Unreserved,latin,,2151,Mahendergarh.pdf
Mahendergarh,Nizampur,22,Berundla,Woman,NONE,1,Anju Rani,Netram,0,0,Women,latin,,2151,Mahendergarh.pdf
Mahendergarh,Nizampur,23,Maroli,Other than Woman,NONE,0,Maharam,Dharampal,0,0,Unreserved,latin,,2151,Mahendergarh.pdf
Mahendergarh,Nizampur,24,Musnota,SC Woman,SC,1,Sher Singh,Ramji Lal,0,0,Scheduled Caste (Women),latin,,2151,Mahendergarh.pdf
Mahendergarh,Nizampur,25,Rambass,Other than Woman,NONE,0,Deshraj,Mahaveer Singh,0,0,Unreserved,latin,,2151,Mahendergarh.pdf
Mahendergarh,Nizampur,26,Ropar Sarai,Other than Woman,NONE,0,Chiranji Lal,Umrao,0,0,Unreserved,latin,,2151,Mahendergarh.pdf
Mahendergarh,Nizampur,27,Sareli,Other than Woman,NONE,0,Reena Devi,Babulal,0,0,Unreserved,latin,,2151,Mahendergarh.pdf
Mahendergarh,Nizampur,28,Hasanpur,SC Woman,SC,1,Poonam,Iswar Singh,0,0,Scheduled Caste (Women),latin,,2151,Mahendergarh.pdf
Mahendergarh,Satnali,1,Balana,Woman,NONE,1,Pinki Kumari,Parveen Kumar,0,0,Women,latin,,2149,Mahendergarh.pdf
Mahendergarh,Satnali,2,Barda,SC Other than Woman,SC,0,Dayachand,Bhana Ram,0,0,Scheduled Caste,latin,,2149,Mahendergarh.pdf
Mahendergarh,Satnali,3,Basri,Other than Woman,NONE,0,Munshiram,Ramratan,0,0,Unreserved,latin,,2149,Mahendergarh.pdf
Mahendergarh,Satnali,4,Bass,Other than Woman,NONE,0,Harpal Singh,Nirbhe Singh,0,0,Unreserved,latin,,2149,Mahendergarh.pdf
Mahendergarh,Satnali,5,Dalanwas,Woman,NONE,1,Suman,Ajit Singh,0,0,Women,latin,,2149,Mahendergarh.pdf
Mahendergarh,Satnali,6,Dhadhot,Other than Woman,NONE,0,Bijender Kumar,Amilal,0,0,Unreserved,latin,,2149,Mahendergarh.pdf
Mahendergarh,Satnali,7,Dhana,Other than Woman,NONE,0,Munni Devi,Bajrang Singh,0,0,Unreserved,latin,,2149,Mahendergarh.pdf
Mahendergarh,Satnali,8,Dhani Kumharan,Other than Woman,NONE,0,Balbir Singh,Chunni Lal,0,0,Unreserved,latin,,2149,Mahendergarh.pdf
Mahendergarh,Satnali,9,Digrota,Other than Woman,NONE,0,Mahipal,Mohan Singh,0,0,Unreserved,latin,,2149,Mahendergarh.pdf
Mahendergarh,Satnali,10,Gadarwas,Woman,NONE,1,Bimla Devi,Sunil Kumar,0,0,Women,latin,,2149,Mahendergarh.pdf
Mahendergarh,Satnali,11,Jarwa,Other than Woman,NONE,0,Ravi Singh,Bajrang Lal,0,0,Unreserved,latin,,2149,Mahendergarh.pdf
Mahendergarh,Satnali,12,Jawahar Nagar,SC Other than Woman,SC,0,Nandkor,Dharmvir,0,0,Scheduled Caste,latin,,2149,Mahendergarh.pdf
Mahendergarh,Satnali,13,Madhogarh,Other than Woman,NONE,0,Munshi Ram,Kishan Lal,0,0,Unreserved,latin,,2149,Mahendergarh.pdf
Mahendergarh,Satnali,14,Nangal Mala,Other than Woman,NONE,0,Ajay Kumar,Suresh Kumar,0,0,Unreserved,latin,,2149,Mahendergarh.pdf
Mahendergarh,Satnali,15,Nangla,SC Woman,SC,1,Sushila,Kurada Ram,0,0,Scheduled Caste (Women),latin,,2149,Mahendergarh.pdf
Mahendergarh,Satnali,16,Nanwan,Other than Woman,NONE,0,Krishan Singh,Devi Singh,0,0,Unreserved,latin,,2149,Mahendergarh.pdf
Mahendergarh,Satnali,17,Patharwa,Other than Woman,NONE,0,Satyender Kumar,Hoshiar Singh,0,0,Unreserved,latin,,2149,Mahendergarh.pdf
Mahendergarh,Satnali,18,Rajawas,Woman,NONE,1,Bala,Hanuman Singh,0,0,Women,latin,,2149,Mahendergarh.pdf
Mahendergarh,Satnali,19,Satnali,Other than Woman,NONE,0,Rinku Devi,Hoshiyar Singh,0,0,Unreserved,latin,,2149,Mahendergarh.pdf
Mahendergarh,Satnali,20,Shyampura,SC Woman,SC,1,Bindiya Devi,Devi Singh,0,0,Scheduled Caste (Women),latin,,2149,Mahendergarh.pdf
Mahendergarh,Satnali,21,Sohla,Woman,NONE,1,Durga Devi,Vikash Kumar,0,0,Women,latin,,2149,Mahendergarh.pdf
Mahendergarh,Satnali,22,Sohri,Other than Woman,NONE,0,Karan Singh,Rajendar Singh,0,0,Unreserved,latin,,2149,Mahendergarh.pdf
Mahendergarh,Satnali,23,Surehti Jakhal,SC Other than Woman,SC,0,Mahinder Singh,Jai Lal,0,0,Scheduled Caste,latin,,2149,Mahendergarh.pdf
Mahendergarh,Satnali,24,Surehti Modiyan,Woman,NONE,1,Rajbala,Mahender Singh,0,0,Women,latin,,2149,Mahendergarh.pdf
Mahendergarh,Satnali,25,Surehti Pilania,Other than Woman,NONE,0,Rajveer Singh,Pyarelal Singh,0,0,Unreserved,latin,,2149,Mahendergarh.pdf
Mahendergarh,Sihma,1,Azamnagar,Other than Woman,NONE,0,Anita,Rajesh Kumar,0,0,Unreserved,latin,,2147,Mahendergarh.pdf
Mahendergarh,Sihma,2,Akbarpur Ramu,SC Woman,SC,1,Manoj Devi,Sunil Kumar,0,0,Scheduled Class (Women),latin,,2147,Mahendergarh.pdf
Mahendergarh,Sihma,3,Atali,Other than Woman,NONE,0,Amar Singh,Nanar Ram,0,0,Unreserved,latin,,2147,Mahendergarh.pdf
Mahendergarh,Sihma,4,Chhapra Salimpur,SC Other than Woman,SC,0,Ramrati,Omparkash,0,0,Scheduled Class,latin,,2147,Mahendergarh.pdf
Mahendergarh,Sihma,5,Deroli Ahir,Other than Woman,NONE,0,Rajpal Singh,Maman Chand,0,0,Unreserved,latin,,2147,Mahendergarh.pdf
Mahendergarh,Sihma,6,Dongra Ahir,Woman,NONE,1,Nitu Yadav,Devesh,0,0,Women,latin,,2147,Mahendergarh.pdf
Mahendergarh,Sihma,7,Dongra Jat,Other than Woman,NONE,0,Omparkash,Kundan Lal,0,0,Unreserved,latin,,2147,Mahendergarh.pdf
Mahendergarh,Sihma,8,Dublana,Other than Woman,NONE,0,Dharampal,Chhajuram,0,0,Unreserved,latin,,2147,Mahendergarh.pdf
Mahendergarh,Sihma,9,Duloth Jat,Woman,NONE,1,Anjubala,Dharamveer,0,0,Women,latin,,2147,Mahendergarh.pdf
Mahendergarh,Sihma,10,Faizabad,Woman,NONE,1,Poonam Yadav,Rajpal,0,0,Women,latin,,2147,Mahendergarh.pdf
Mahendergarh,Sihma,11,Guwani,Other than Woman,NONE,0,Vijaypal,Balwant Singh,0,0,Unreserved,latin,,2147,Mahendergarh.pdf
Mahendergarh,Sihma,12,Hudina,Other than Woman,NONE,0,Krishan Kumar,Raghuveer Singh,0,0,Unreserved,latin,,2147,Mahendergarh.pdf
Mahendergarh,Sihma,13,Jatguwana,Other than Woman,NONE,0,Mukesh Kumar,Parbhu Singh,0,0,Unreserved,latin,,2147,Mahendergarh.pdf
Mahendergarh,Sihma,14,Kalwari,Other than Woman,NONE,0,Karan Singh,Biharilal,0,0,Unreserved,latin,,2147,Mahendergarh.pdf
Mahendergarh,Sihma,15,Khampura,Woman,NONE,1,Soniya/ Sunita,Ashok Kumar,0,0,Women,latin,,2147,Mahendergarh.pdf
Mahendergarh,Sihma,16,Khaspur,Other than Woman,NONE,0,Rajesh Kumar,Abhay Singh,0,0,Unreserved,latin,,2147,Mahendergarh.pdf
Mahendergarh,Sihma,17,Khatripur,Woman,NONE,1,Rajesh Devi,Parvinder Kumar,0,0,Women,latin,,2147,Mahendergarh.pdf
Mahendergarh,Sihma,18,Mayee,Other than Woman,NONE,0,Kamlesh,Mahipal,0,0,Unreserved,latin,,2147,Mahendergarh.pdf
Mahendergarh,Sihma,19,Mitarpura,Woman,NONE,1,Paramjeet Kaur,Gernail Singh,0,0,Women,latin,,2147,Mahendergarh.pdf
Mahendergarh,Sihma,20,Mundia Khera,Woman,NONE,1,Priti Yadav,Devendar,0,0,Women,latin,,2147,Mahendergarh.pdf
Mahendergarh,Sihma,21,Neerpur(N),SC Other than Woman,SC,0,Gyan Chand,Chhajuram,0,0,Scheduled Class,latin,,2147,Mahendergarh.pdf
Mahendergarh,Sihma,22,Nunikalan,Other than Woman,NONE,0,Vikram Singh,Sardar Singh,0,0,Unreserved,latin,,2147,Mahendergarh.pdf
Mahendergarh,Sihma,23,Rampura,Other than Woman,NONE,0,Naresh,Suresh,0,0,Unreserved,latin,,2147,Mahendergarh.pdf
Mahendergarh,Sihma,24,Sagarpur,Other than Woman,NONE,0,Rohtash Kumar,Nihal Singh,0,0,Unreserved,latin,,2147,Mahendergarh.pdf
Mahendergarh,Sihma,25,Saharpur,SC Other than Woman,SC,0,Pushpa Devi,Rajesh Kumar,0,0,Scheduled Class,latin,,2147,Mahendergarh.pdf
Mahendergarh,Sihma,26,Saluni,Other than Woman,NONE,0,Ajit Singh,Mahaveer,0,0,Unreserved,latin,,2147,Mahendergarh.pdf
Mahendergarh,Sihma,27,Sihma,SC Other than Woman,SC,0,Harnam,Ganpatram,0,0,Scheduled Class,latin,,2147,Mahendergarh.pdf
Mahendergarh,Sihma,28,Silarpur,Other than Woman,NONE,0,Urmila Devi,Sanjay Kumar,0,0,Unreserved,latin,,2147,Mahendergarh.pdf
Mahendergarh,Sihma,29,Surana,SC Woman,SC,1,Amita Kumari,Narendar Kumar,0,0,Scheduled Class (Women),latin,,2147,Mahendergarh.pdf
Mahendergarh,Sihma,30,Surani,Woman,NONE,1,Annu Devi,Ashok Kumar,0,0,Women,latin,,2147,Mahendergarh.pdf
Mewat,Firozpur Jhirka,1,Agon,SC Woman,SC,1,Renuka,Rohtash,0,0,Secheduled Caste (Women),latin,,2154,Mewat.pdf
Mewat,Firozpur Jhirka,2,Ahmedbass,Other than Woman,NONE,0,Mohd. Aasif,Jaan Mohd,0,0,Unreserved,latin,,2154,Mewat.pdf
Mewat,Firozpur Jhirka,3,Akhnaka,SC Other than Woman,SC,0,Raj Kumar,Kishan Lal,0,0,Scheduled Caste,latin,,2154,Mewat.pdf
Mewat,Firozpur Jhirka,4,Alipur Tigra,Other than Woman,NONE,0,Juhuruddin,Dindaar,0,0,Unreserved,latin,,2154,Mewat.pdf
Mewat,Firozpur Jhirka,5,Anchwari,Other than Woman,NONE,0,Afsana,Jahul,0,0,Unreserved,latin,,2154,Mewat.pdf
Mewat,Firozpur Jhirka,6,Baded,Woman,NONE,1,Sabana Bano,Jamshed Ahmad,0,0,Women,latin,,2154,Mewat.pdf
Mewat,Firozpur Jhirka,7,Baghola,SC Other than Woman,SC,0,Balbir,Har Lal,0,0,Scheduled Caste,latin,,2154,Mewat.pdf
Mewat,Firozpur Jhirka,8,Baikhera,Other than Woman,NONE,0,Salma,Juber,0,0,Unreserved Unreserved,latin,,2154,Mewat.pdf
Mewat,Firozpur Jhirka,9,Basai Meo,Other than Woman,NONE,0,Mohd. Anish,Kamruddin,0,0,Unreserved,latin,,2154,Mewat.pdf
Mewat,Firozpur Jhirka,10,Bhakroji,Woman,NONE,1,Mubina Khan,Altaf Raja,0,0,Women Unreserved,latin,,2154,Mewat.pdf
Mewat,Firozpur Jhirka,11,Bhond,Woman,NONE,1,Rajina,Mubarik,0,0,Women Unreserved,latin,,2154,Mewat.pdf
Mewat,Firozpur Jhirka,11,Biwan,Other than Woman,NONE,0,Hussain,Subhan Khan,0,0, Unreserved,latin,,2154,Mewat.pdf
Mewat,Firozpur Jhirka,13,Bubalheri,Woman,NONE,1,Sahana,Tayyab Husain,0,0,Women,latin,,2154,Mewat.pdf
Mewat,Firozpur Jhirka,13,Chandraka,Woman,NONE,1,Alisher,,0,0,Women Unreserved,latin,,2154,Mewat.pdf
Mewat,Firozpur Jhirka,15,Chitora,Woman,NONE,1,Sarita Kumari,Mukesh Chand,0,0,Women Unreserved,latin,,2154,Mewat.pdf
Mewat,Firozpur Jhirka,16,Dhamala,SC Woman,SC,1,Seema Rani,Ram Phal,0,0,Secheduled Caste (Women),latin,,2154,Mewat.pdf
Mewat,Firozpur Jhirka,16,Dhana,Woman,NONE,1,Khan,Hasan Mohd.,0,0,Women Unreserved,latin,,2154,Mewat.pdf
Mewat,Firozpur Jhirka,18,Doha,Woman,NONE,1,Rubiya,Rahul,0,0,Women Unreserved,latin,,2154,Mewat.pdf
Mewat,Firozpur Jhirka,19,Dondal,Other than Woman,NONE,0,Arshad,Khursid,0,0,Unreserved,latin,,2154,Mewat.pdf
Mewat,Firozpur Jhirka,21,Ghata Samshabad,Woman,NONE,1,Tahira,Irfan,0,0,Women Unreserved,latin,,2154,Mewat.pdf
Mewat,Firozpur Jhirka,22,Gokalpur,SC Other than Woman,SC,0,Ved Prakash,Rajbir,0,0,Scheduled Caste Unreserved,latin,,2154,Mewat.pdf
Mewat,Firozpur Jhirka,23,Gujar Nangla,Other than Woman,NONE,0,Shahid,Jamil,0,0,Unreserved Unreserved,latin,,2154,Mewat.pdf
Mewat,Firozpur Jhirka,24,Hamjapur,Other than Woman,NONE,0,Mohd. Shahid,Abdul Rashid,0,0,Unreserved,latin,,2154,Mewat.pdf
Mewat,Firozpur Jhirka,25,Hasanpur Bilonda,Other than Woman,NONE,0,Mohd. Imran,Din Mohd.,0,0,Unreserved,latin,,2154,Mewat.pdf
Mewat,Firozpur Jhirka,26,Hirwari Bawanteri,Other than Woman,NONE,0,Mohd. Ikbal,Fajaruddin,0,0,Unreserved,latin,,2154,Mewat.pdf
Mewat,Firozpur Jhirka,27,Ibrahimbass,Woman,NONE,1,Sahruna,Wahida,0,0,Women,latin,,2154,Mewat.pdf
Mewat,Firozpur Jhirka,28,Jharpuri,Other than Woman,NONE,0,Jafaru,Mehtab,0,0,Unreserved Unreserved,latin,,2154,Mewat.pdf
Mewat,Firozpur Jhirka,29,Kameda,Other than Woman,NONE,0,Tahir Husain,Niyaz Mohd.,0,0,Unreserved,latin,,2154,Mewat.pdf
Mewat,Firozpur Jhirka,30,Kherla Khurd,Other than Woman,NONE,0,Mohd. Saved,Rashid Ahmad,0,0,Unreserved,latin,,2154,Mewat.pdf
Mewat,Firozpur Jhirka,31,Kolgaon,SC Other than Woman,SC,0,Jagram,Har Lal,0,0,Scheduled Caste,latin,,2154,Mewat.pdf
Mewat,Firozpur Jhirka,32,Luhinga Khurd,Other than Woman,NONE,0,Liyakat Ali,Juhur Khan,0,0,Unreserved Unreserved,latin,,2154,Mewat.pdf
Mewat,Firozpur Jhirka,33,Madapur,Woman,NONE,1,Jarsina,Sakir,0,0,Women,latin,,2154,Mewat.pdf
Mewat,Firozpur Jhirka,34,Maholi,Woman,NONE,1,Sakunat,Wasim,0,0,Women Unreserved,latin,,2154,Mewat.pdf
Mewat,Firozpur Jhirka,35,Mahun,Other than Woman,NONE,0,Mohd. Sabir,Samsuddin,0,0,Unreserved,latin,,2154,Mewat.pdf
Mewat,Firozpur Jhirka,36,Malhaka,Other than Woman,NONE,0,Heena Begam,Ayyub,0,0,Unreserved,latin,,2154,Mewat.pdf
Mewat,Firozpur Jhirka,37,Manota,Other than Woman,NONE,0,Rashid Ahmad,Sahabuddin,0,0,Unreserved,latin,,2154,Mewat.pdf
Mewat,Firozpur Jhirka,38,Mohd.Bass(Buchaka),Woman,NONE,1,Taslima,Yahaya,0,0,Women Unreserved,latin,,2154,Mewat.pdf
Mewat,Firozpur Jhirka,39,Mohd.Bass(Pol),Other than Woman,NONE,0,Ajay Kumar,Banwari Lal,0,0,Unreserved,latin,,2154,Mewat.pdf
Mewat,Firozpur Jhirka,40,Nasirbass,Other than Woman,NONE,0,Akhlak Ahmad,Sohrab Khan,0,0,Unreserved,latin,,2154,Mewat.pdf
Mewat,Firozpur Jhirka,41,Nawli,Woman,NONE,1,Sabila,Yusuf Khan,0,0,Women,latin,,2154,Mewat.pdf
Mewat,Firozpur Jhirka,42,Neemkhera,Other than Woman,NONE,0,Sakir Khan,Ilyash Khan,0,0,Unreserved,latin,,2154,Mewat.pdf
Mewat,Firozpur Jhirka,43,Padla Shahpuri,Other than Woman,NONE,0,Abdul Gaffar,Lad Khan,0,0,Unreserved Unreserved,latin,,2154,Mewat.pdf
Mewat,Firozpur Jhirka,44,Patan Udaypuri,SC Other than Woman,SC,0,Nisha,Naresh Kumar,0,0,Scheduled Caste Scheduled Caste,latin,,2154,Mewat.pdf
Mewat,Firozpur Jhirka,45,Pathrali,Other than Woman,NONE,0,Hamid Khan,Fajaru,0,0,Unreserved,latin,,2154,Mewat.pdf
Mewat,Firozpur Jhirka,45,Patkhori,Other than Woman,NONE,0,Sekhar,Chiranji Lal,0,0, Unreserved,latin,,2154,Mewat.pdf
Mewat,Firozpur Jhirka,47,Ranyala Ferozpur,SC Woman,SC,1,Deepika,Mahender Kumar,0,0,Secheduled Caste (Women),latin,,2154,Mewat.pdf
Mewat,Firozpur Jhirka,48,Ranyali,Other than Woman,NONE,0,Nafish,Jumma,0,0,Unreserved,latin,,2154,Mewat.pdf
Mewat,Firozpur Jhirka,48,Rawa,Other than Woman,NONE,0,Hussain,Islamuddin,0,0, Unreserved,latin,,2154,Mewat.pdf
Mewat,Firozpur Jhirka,50,Rawli,SC Other than Woman,SC,0,Shiv Charan,Budh Singh,0,0,Scheduled Caste,latin,,2154,Mewat.pdf
Mewat,Firozpur Jhirka,51,Reegarh,Other than Woman,NONE,0,Shabir Khan,Aash Mohd.,0,0,Unreserved,latin,,2154,Mewat.pdf
Mewat,Firozpur Jhirka,52,Sahapur,SC Woman,SC,1,Raj Bala,Ramavtar,0,0,Secheduled Caste (Women),latin,,2154,Mewat.pdf
Mewat,Firozpur Jhirka,53,Saimeerbass,Woman,NONE,1,Aabida,Shahid Khan,0,0,Women,latin,,2154,Mewat.pdf
Mewat,Firozpur Jhirka,54,Sakarpuri,Woman,NONE,1,Rajbai Saini,Rohtash,0,0,Women,latin,,2154,Mewat.pdf
Mewat,Firozpur Jhirka,55,Sakras,SC Other than Woman,SC,0,Fool Chand,Chandmal,0,0,Scheduled Caste,latin,,2154,Mewat.pdf
Mewat,Firozpur Jhirka,56,Shekhpur,Other than Woman,NONE,0,Aabid,Sher Mohd.,0,0,Unreserved,latin,,2154,Mewat.pdf
Mewat,Firozpur Jhirka,57,Sidhrawat,Other than Woman,NONE,0,Mohd. Anish,Jaan Mohd,0,0,Unreserved,latin,,2154,Mewat.pdf
Mewat,Firozpur Jhirka,58,Sulela,Woman,NONE,1,Bilkish,Hasin Ahmad,0,0,Women,latin,,2154,Mewat.pdf
Mewat,Firozpur Jhirka,59,Tigaon,Other than Woman,NONE,0,Aabid Hussain,Abdul Rahim,0,0,Unreserved,latin,,2154,Mewat.pdf
Mewat,Nagina,1,Akhlimpur Nuh,Woman,NONE,1,Jahida,Sameem,0,0,Women,latin,,2156,Mewat.pdf
Mewat,Nagina,1,Akhlimpur Firozpur,Other than Woman,NONE,0,Mohd Samun,Yasin Khan Or,0,0,Unreserved,latin,,2156,Mewat.pdf
Mewat,Nagina,3,Aterna Samsabad,Other than Woman,NONE,0,Jayda,Jaan Mohd.,0,0,Unreserved,latin,,2156,Mewat.pdf
Mewat,Nagina,4,Badarpur,Other than Woman,NONE,0,Tasleem Ahmed,Fajrudeen,0,0,Unreserved,latin,,2156,Mewat.pdf
Mewat,Nagina,5,Bajidpur,Other than Woman,NONE,0,Rajuddin,Jaikam,0,0,Unreserved,latin,,2156,Mewat.pdf
Mewat,Nagina,6,Balai,Woman,NONE,1,Sarjina,Tasim,0,0,Women,latin,,2156,Mewat.pdf
Mewat,Nagina,7,Banarsi,Other than Woman,NONE,0,Jakir Hussain,Abdul Rahim,0,0,Unreserved,latin,,2156,Mewat.pdf
Mewat,Nagina,8,Basai Khajada,Woman,NONE,1,Ruksina,Mohd Salim,0,0,Women,latin,,2156,Mewat.pdf
Mewat,Nagina,9,* Anju Bala,SC Other than Woman,SC,0,Chaturbhuj,,0,0,Schedule Caste,latin,,2156,Mewat.pdf
Mewat,Nagina,10,Bhukaraka,Other than Woman,NONE,0,Nafish Ahmed,Sorab Khan,0,0,Unreserved,latin,,2156,Mewat.pdf
Mewat,Nagina,11,Dhadoli Kalan,SC Other than Woman,SC,0,Sanjay Kumar,Sumra,0,0,Schedule Caste,latin,,2156,Mewat.pdf
Mewat,Nagina,11,Dungrashejadpu r,Woman,NONE,1,Nida Ajad,Rafakat Aazad,0,0,Women,latin,,2156,Mewat.pdf
Mewat,Nagina,13,Ganduri,Other than Woman,NONE,0,Mohd Aarif,Ali Mohd.,0,0,Unreserved,latin,,2156,Mewat.pdf
Mewat,Nagina,14,Gumat Bihari,Other than Woman,NONE,0,Ramjan Khan,Kamar Khan,0,0,Unreserved,latin,,2156,Mewat.pdf
Mewat,Nagina,15,Ghagas,Other than Woman,NONE,0,Sakir Hussain,Mohd. Khan,0,0,Unreserved,latin,,2156,Mewat.pdf
Mewat,Nagina,15,Bimlesh,SC Woman,SC,1,Dinesh,,0,0,Scheduled Caste (Women),latin,,2156,Mewat.pdf
Mewat,Nagina,17,Hasanpur Nuh,Other than Woman,NONE,0,Mohd Sarfudin,Mohd Ilyas Khan,0,0,Unreserved,latin,,2156,Mewat.pdf
Mewat,Nagina,17,* Sanower,Other than Woman,NONE,0,Arshad,,0,0,Unreserved,latin,,2156,Mewat.pdf
Mewat,Nagina,19,Jetaka,Woman,NONE,1,Najma,Sahid Hussain,0,0,Women,latin,,2156,Mewat.pdf
Mewat,Nagina,19,Jajalpur Firozpur,SC Other than Woman,SC,0,Mehender,Lala Ji,0,0,Scheduled Caste,latin,,2156,Mewat.pdf
Mewat,Nagina,21,Jalalpur Nuh,Woman,NONE,1,Sakunat,Jaan Mohd.,0,0,Women,latin,,2156,Mewat.pdf
Mewat,Nagina,22,Jimrawat,SC Other than Woman,SC,0,Subash,Naval,0,0,Scheduled Caste,latin,,2156,Mewat.pdf
Mewat,Nagina,23,Kansali,Other than Woman,NONE,0,Altaf Hussain,Usman Khan,0,0,Unreserved,latin,,2156,Mewat.pdf
Mewat,Nagina,24,Karheda,Woman,NONE,1,Miskina,Hanif,0,0,Women,latin,,2156,Mewat.pdf
Mewat,Nagina,25,Karhedi,Other than Woman,NONE,0,Khalil,Sube Khan,0,0,Unreserved,latin,,2156,Mewat.pdf
Mewat,Nagina,26,Kultajpur Kalan,Other than Woman,NONE,0,Mohd Insaf Urf Insaf,Chander Khan,0,0,Unreserved,latin,,2156,Mewat.pdf
Mewat,Nagina,27,Khan Mohammadpur,Other than Woman,NONE,0,Altaf Hussain,Isha Khan,0,0,Unreserved,latin,,2156,Mewat.pdf
Mewat,Nagina,28,Khanpur Ghati,Woman,NONE,1,Nasima,Saifuddin,0,0,Women,latin,,2156,Mewat.pdf
Mewat,Nagina,29,Khedli Kalan,Woman,NONE,1,Parveen,Mubarik,0,0,Women,latin,,2156,Mewat.pdf
Mewat,Nagina,30,Khedli Khurd,Woman,NONE,1,Kalsum,Juber,0,0,Women,latin,,2156,Mewat.pdf
Mewat,Nagina,31,Khedli Nuh,SC Other than Woman,SC,0,Ravinder,Jagdish,0,0,Scheduled Caste,latin,,2156,Mewat.pdf
Mewat,Nagina,32,Khuspuri,Other than Woman,NONE,0,Ibrahim,Subhan Khan,0,0,Unreserved,latin,,2156,Mewat.pdf
Mewat,Nagina,33,Yadin Urf Riyaj Mohd,Other than Woman,NONE,0,Yasin,,0,0,Unreserved,latin,,2156,Mewat.pdf
Mewat,Nagina,33,Pinki,SC Woman,SC,1,Yogesh,,0,0,Scheduled Caste (Women),latin,,2156,Mewat.pdf
Mewat,Nagina,35,Mohlaka,Other than Woman,NONE,0,Najir,Hasan Mohd,0,0,Unreserved,latin,,2156,Mewat.pdf
Mewat,Nagina,36,Marora,SC Other than Woman,SC,0,Gopi,Phool Singh,0,0,Scheduled Caste,latin,,2156,Mewat.pdf
Mewat,Nagina,37,Mohd Nagar,Other than Woman,NONE,0,Imran,Jakir Hussain,0,0,Unreserved,latin,,2156,Mewat.pdf
Mewat,Nagina,38,Moolthan,Other than Woman,NONE,0,Nasim Ahmed,Sorab Khan,0,0,Unreserved,latin,,2156,Mewat.pdf
Mewat,Nagina,39,Nagina,Other than Woman,NONE,0,Naseem,Israil Khan,0,0,Unreserved,latin,,2156,Mewat.pdf
Mewat,Nagina,39,* Sangita,SC Woman,SC,1,Surender,,0,0,Scheduled Caste (Women),latin,,2156,Mewat.pdf
Mewat,Nagina,41,Nagal Mubarikpur,Other than Woman,NONE,0,Jubair Ahmed,Muhur Khan,0,0,Unreserved,latin,,2156,Mewat.pdf
Mewat,Nagina,42,Notki,Other than Woman,NONE,0,Rizwan,Mehmood,0,0,Unreserved,latin,,2156,Mewat.pdf
Mewat,Nagina,43,Rajaka,Other than Woman,NONE,0,Altaf,Jamil,0,0,Unreserved,latin,,2156,Mewat.pdf
Mewat,Nagina,44,Ranika,Other than Woman,NONE,0,Aamir Khan,Jamaludeen,0,0,Unreserved,latin,,2156,Mewat.pdf
Mewat,Nagina,45,Ranyala Patakpur,Other than Woman,NONE,0,Sagir Ahmed,Abdul Subhan,1,0,Unreserved,latin,,2156,Mewat.pdf
Mewat,Nagina,45,Poonam Devi,SC Woman,SC,1,Suresh Chand,,0,0,Scheduled Caste (Women),latin,,2156,Mewat.pdf
Mewat,Nagina,47,Satawari,Other than Woman,NONE,0,Rajkumar,Ghanshyam Dass,0,0,Unreserved,latin,,2156,Mewat.pdf
Mewat,Nagina,48,Sadipur,Other than Woman,NONE,0,Naseem,Sapat Khan,0,0,Unreserved,latin,,2156,Mewat.pdf
Mewat,Nagina,49,Siswana Jatka,SC Other than Woman,SC,0,Rekha,Sanjay,0,0,Scheduled Caste,latin,,2156,Mewat.pdf
Mewat,Nagina,50,Sukhpuri,Woman,NONE,1,Aliman,Naved,0,0,Women,latin,,2156,Mewat.pdf
Mewat,Nagina,51,Sultanpur Nuh,Woman,NONE,1,Samsida,Aakib Javed,0,0,Women,latin,,2156,Mewat.pdf
Mewat,Nagina,52,Uleta,Other than Woman,NONE,0,Alim Urf Aalim,Maksood,0,0,Unreserved,latin,,2156,Mewat.pdf
Mewat,Nagina,53,Umra,Woman,NONE,1,Saista,Yasir Khan,0,0,Women,latin,,2156,Mewat.pdf
Mewat,Nagina,54,Umri,Other than Woman,NONE,0,Abdul Salim,Kamrudeen,0,0,Unreserved,latin,,2156,Mewat.pdf
Mewat,Nuh,1,Adbar,Other than Woman,NONE,0,Sanaulla,Attaullah,0,0,Unreserved,latin,,2158,Mewat.pdf
Mewat,Nuh,2,Akera,SC Other than Woman,SC,0,Subhash Chand,Ami Chand,0,0,Scheduled Caste,latin,,2158,Mewat.pdf
Mewat,Nuh,3,Alawal Pur,SC Other than Woman,SC,0,Naresh,Bachusignh,0,0,Scheduled Cast,latin,,2158,Mewat.pdf
Mewat,Nuh,4,Alduka,Other than Woman,NONE,0,Bijender,Sube Singh,0,0,Unreserved,latin,,2158,Mewat.pdf
Mewat,Nuh,5,Atta,Other than Woman,NONE,0,Anand Kumar,Nahar Singh,0,0,Unreserved,latin,,2158,Mewat.pdf
Mewat,Nuh,6,Babupur,Woman,NONE,1,Sayara,Shakeel Ahmed,1,0,Women,latin,,2158,Mewat.pdf
Mewat,Nuh,7,Bai,Woman,NONE,1,Sarvari,Liyaqat Ali,0,0,Women,latin,,2158,Mewat.pdf
Mewat,Nuh,8,Bainsi,Other than Woman,NONE,0,Arshad Hussain,Ishak,0,0,Unreserved,latin,,2158,Mewat.pdf
Mewat,Nuh,9,Bajarka,Other than Woman,NONE,0,Asif,Nayab,0,0,Unreserved,latin,,2158,Mewat.pdf
Mewat,Nuh,10,Bajhera,Woman,NONE,1,Ganga Rajawat,Kamal Singh,0,0,Women,latin,,2158,Mewat.pdf
Mewat,Nuh,11,Barka Alimudin,Other than Woman,NONE,0,Alijan,Ramjan,0,0,Unreserved,latin,,2158,Mewat.pdf
Mewat,Nuh,12,Baroji,Other than Woman,NONE,0,Susharma,Puran Lal,0,0,Unreserved,latin,,2158,Mewat.pdf
Mewat,Nuh,13,Barota,Woman,NONE,1,Antu Kumari,Dharmender,0,0,Women,latin,,2158,Mewat.pdf
Mewat,Nuh,15,Bhapawali,Woman,NONE,1,Arshida,Rukmuddin,0,0,Women,latin,,2158,Mewat.pdf
Mewat,Nuh,16,Bhirawati,Other than Woman,NONE,0,Ram Kishan,Kallu Singh,0,0,Unreserved,latin,,2158,Mewat.pdf
Mewat,Nuh,17,Bibipur,Woman,NONE,1,Sameena,Shaheed,0,0,Women,latin,,2158,Mewat.pdf
Mewat,Nuh,18,Binwa,Other than Woman,NONE,0,Sarika,Akbar,0,0,Unreserved Unreserved,latin,,2158,Mewat.pdf
Mewat,Nuh,19,Birsika,Woman,NONE,1,Affeeda,Sahjad,0,0,Women,latin,,2158,Mewat.pdf
Mewat,Nuh,19,Chandeni,Woman,NONE,1,Billkish Begam,,0,0,Women,latin,,2158,Mewat.pdf
Mewat,Nuh,21,Chhachera,SC Other than Woman,SC,0,Monu Devi,Rajbir Singh,0,0,Scheduled Caste,latin,,2158,Mewat.pdf
Mewat,Nuh,22,Chhapera,SC Other than Woman,SC,0,Ramesh,Roshan,0,0,Scheduled Caste,latin,,2158,Mewat.pdf
Mewat,Nuh,23,Devlanangli,Other than Woman,NONE,0,Mohd Ali,Mohd Jakirya,0,0,Unreserved,latin,,2158,Mewat.pdf
Mewat,Nuh,24,Dhanduka,Other than Woman,NONE,0,Jakir Hussain,Budhi,0,0,Unreserved,latin,,2158,Mewat.pdf
Mewat,Nuh,25,Dhenkli,Other than Woman,NONE,0,Mubarik,Rasid Ahmad,0,0,Unreserved,latin,,2158,Mewat.pdf
Mewat,Nuh,26,Dihana,Other than Woman,NONE,0,Niyaz Mohd,Sher Mohd,0,0,Unreserved,latin,,2158,Mewat.pdf
Mewat,Nuh,27,Dubalu,Other than Woman,NONE,0,Jagdev,Chetram,0,0,Unreserved,latin,,2158,Mewat.pdf
Mewat,Nuh,29,Gajarpur,Other than Woman,NONE,0,Aarif,Altaf,0,0,Unreserved,latin,,2158,Mewat.pdf
Mewat,Nuh,30,Gangoli,Other than Woman,NONE,0,Mahender Pal,Bedram,0,0,Unreserved,latin,,2158,Mewat.pdf
Mewat,Nuh,31,Ghasera,Other than Woman,NONE,0,Ashraf,Allah Bakash,0,0,Unreserved,latin,,2158,Mewat.pdf
Mewat,Nuh,34,Hilalpur,Woman,NONE,1,Usha Sharma,Yogesh Sharma,0,0,Women,latin,,2158,Mewat.pdf
Mewat,Nuh,36,Husainpur,Woman,NONE,1,Faruna,Abbas Khan,1,0,Women,latin,,2158,Mewat.pdf
Mewat,Nuh,37,Indri,Other than Woman,NONE,0,Kamal Singh,Bhagat Singh,0,0,Unreserved,latin,,2158,Mewat.pdf
Mewat,Nuh,41,Kaliyaka,Other than Woman,NONE,0,Birpal,Govid Ram,0,0,Unreserved,latin,,2158,Mewat.pdf
Mewat,Nuh,43,Khanpur,Other than Woman,NONE,0,Hasan Mohd,Kabir Ahmed,1,0,Unreserved,latin,,2158,Mewat.pdf
Mewat,Nuh,44,Khera Khalilpur,Other than Woman,NONE,0,Santlal,Ikram,0,0,Unreserved,latin,,2158,Mewat.pdf
Mewat,Nuh,45,Kheri Kankar,Other than Woman,NONE,0,Mohd Aspe,Abdul Rahim,0,0,Unreserved,latin,,2158,Mewat.pdf
Mewat,Nuh,46,Kherla,SC Other than Woman,SC,0,Mankeshar,Subhash Chand,0,0,Scheduled Caste,latin,,2158,Mewat.pdf
Mewat,Nuh,47,Kherli Dosa,Other than Woman,NONE,0,Mahesh Kumar,Roshan Lal,0,0,Unreserved,latin,,2158,Mewat.pdf
Mewat,Nuh,48,Kira,Other than Woman,NONE,0,Jitender Singh,Gian Chand,0,0,Unreserved,latin,,2158,Mewat.pdf
Mewat,Nuh,49,Kiranj,SC Other than Woman,SC,0,Mohar Pal,Jahaj Ram,0,0,Scheduled Caste,latin,,2158,Mewat.pdf
Mewat,Nuh,51,Kontlaka,Other than Woman,NONE,0,Mohd Wakil,Nasruddin,0,0,Unreserved,latin,,2158,Mewat.pdf
Mewat,Nuh,52,Kotla,Woman,NONE,1,Sahina,Wasim,0,0,Women,latin,,2158,Mewat.pdf
Mewat,Nuh,53,Kurthala,SC Other than Woman,SC,0,Rajkumar,Gyasi Ram,0,0,Scheduled Caste,latin,,2158,Mewat.pdf
Mewat,Nuh,54,Kutubgarh,Other than Woman,NONE,0,Narayan Singh,Deeg Ram,1,0,Unreserved,latin,,2158,Mewat.pdf
Mewat,Nuh,55,Mahrola,Other than Woman,NONE,0,Wahid,Husaina,0,0,Unreserved,latin,,2158,Mewat.pdf
Mewat,Nuh,58,Marora,Other than Woman,NONE,0,Sokat Ali,Haneef,0,0,Unreserved,latin,,2158,Mewat.pdf
Mewat,Nuh,59,Meoli,Other than Woman,NONE,0,Tayyab Hussain,Ayyub Khan,0,0,Unreserved,latin,,2158,Mewat.pdf
Mewat,Nuh,60,Muradbas,Woman,NONE,1,Hansira,Abid Hussain,0,0,Women,latin,,2158,Mewat.pdf
Mewat,Nuh,61,Nalhar,Other than Woman,NONE,0,Waseem Akram,Chuttan Khan,0,0,Unreserved,latin,,2158,Mewat.pdf
Mewat,Nuh,62,Naushera,Woman,NONE,1,Rukaiya,Mukeem,0,0,Women,latin,,2158,Mewat.pdf
Mewat,Nuh,63,Palla,Woman,NONE,1,Zahida,Jakariya Khan,0,0,Women,latin,,2158,Mewat.pdf
Mewat,Nuh,64,Rahuka,Other than Woman,NONE,0,Sattar Khan,Rehmat Khan,0,0,Unreserved,latin,,2158,Mewat.pdf
Mewat,Nuh,65,Rai Puri,Other than Woman,NONE,0,Saddik,Sirdar,0,0,Unreserved,latin,,2158,Mewat.pdf
Mewat,Nuh,66,Ranika,Woman,NONE,1,Parveen Bani,Fakruddin,0,0,Women,latin,,2158,Mewat.pdf
Mewat,Nuh,66,Rehna,Woman,NONE,1,Mohd Talha,,0,0,Women,latin,,2158,Mewat.pdf
Mewat,Nuh,68,Rewasan,SC Other than Woman,SC,0,Neha Devi,Deepak,0,0,Scheduled Caste,latin,,2158,Mewat.pdf
Mewat,Nuh,69,Rithora,Woman,NONE,1,Tahira Begum,Fateh Mohd,0,0,Women,latin,,2158,Mewat.pdf
Mewat,Nuh,70,Rozkameo,Woman,NONE,1,Khatoni,Deen Mohd,0,0,Women,latin,,2158,Mewat.pdf
Mewat,Nuh,71,Sahpur Nangli,Other than Woman,NONE,0,Farjana,Mukeem,0,0,Unreserved,latin,,2158,Mewat.pdf
Mewat,Nuh,72,Salaheri,Woman,NONE,1,Smt Aarastooni,Mohd Sakir,0,0,Women Unreserved,latin,,2158,Mewat.pdf
Mewat,Nuh,73,Salamba,Other than Woman,NONE,0,Halima,Aabid,0,0,Unreserved,latin,,2158,Mewat.pdf
Mewat,Nuh,74,Sangail,Other than Woman,NONE,0,Rajender Singh,Prahalad Singh,0,0,Unreserved,latin,,2158,Mewat.pdf
Mewat,Nuh,75,Shadai,Woman,NONE,1,Nafisa,Shaheed,0,0,Women,latin,,2158,Mewat.pdf
Mewat,Nuh,75,Sonkh,Other than Woman,NONE,0,Nirmala,Rajender,0,0, Unreserved,latin,,2158,Mewat.pdf
Mewat,Nuh,77,Sudaka,Woman,NONE,1,Afsari,Mohd Azad,0,0,Women,latin,,2158,Mewat.pdf
Mewat,Nuh,78,Tain,Other than Woman,NONE,0,Fakruddin,Abdul Majid,0,0,Unreserved,latin,,2158,Mewat.pdf
Mewat,Nuh,79,Tapkan,Other than Woman,NONE,0,Taj Mohd,Sageer Ahmad,0,0,Unreserved,latin,,2158,Mewat.pdf
Mewat,Nuh,80,Udaka,SC Other than Woman,SC,0,Rahul,Sher Singh,0,0,Scheduled Caste,latin,,2158,Mewat.pdf
Mewat,Nuh,81,Ujina,SC Other than Woman,SC,0,Bhagwat Singh,Shiv Charan,0,0,Scheduled Caste,latin,,2158,Mewat.pdf
Mewat,Nuh,82,Uleta,Woman,NONE,1,Bala Urf Rajbala,Ravinder Kumar,0,0,Women,latin,,2158,Mewat.pdf
Mewat,Nuh,83,Untka,Other than Woman,NONE,0,Mohd Aarish,Mohd Aatun,0,0,Unreserved,latin,,2158,Mewat.pdf
Mewat,Punhana,1,Akbarpur,Other than Woman,NONE,0,Muin Khan,Umer Mohd.,0,0,Unreserved,latin,,2160,Mewat.pdf
Mewat,Punhana,2,Aminabad,Other than Woman,NONE,0,Ash Mohd.,Dharmal,0,0,Unreserved,latin,,2160,Mewat.pdf
Mewat,Punhana,3,Andhaki,SC Woman,SC,1,Radha,Sonu,1,0,Secheduled Caste (Women),latin,,2160,Mewat.pdf
Mewat,Punhana,4,Badli,Other than Woman,NONE,0,Javed Ali,Abdul Rajjak,0,0,Unreserved,latin,,2160,Mewat.pdf
Mewat,Punhana,5,Bandholi,Other than Woman,NONE,0,Mustak Ahmed,Suleman,0,0,Unreserved,latin,,2160,Mewat.pdf
Mewat,Punhana,6,Bhuriyaki,Woman,NONE,1,Shahnaj Kumari,Fakrudeen,0,0,Women,latin,,2160,Mewat.pdf
Mewat,Punhana,7,Bichhor,Woman,NONE,1,Anjum,Mohd. Iqbal,0,0,Women,latin,,2160,Mewat.pdf
Mewat,Punhana,8,Bisru,Other than Woman,NONE,0,Rumshida,Vaseem Khan,0,0,Unreserved,latin,,2160,Mewat.pdf
Mewat,Punhana,9,Chandanki,Other than Woman,NONE,0,Sanjida,Shahid Hussain,0,0,Unreserved,latin,,2160,Mewat.pdf
Mewat,Punhana,10,Dudoli,SC Other than Woman,SC,0,Daulat Ram,Kannu Ram,0,0,Scheduled Caste,latin,,2160,Mewat.pdf
Mewat,Punhana,11,Firoj Pur Meo,Woman,NONE,1,Mubeena,Ashfak,0,0,Women,latin,,2160,Mewat.pdf
Mewat,Punhana,12,Falendi,SC Woman,SC,1,Savitri,Sita Ram,0,0,Secheduled Caste (Women),latin,,2160,Mewat.pdf
Mewat,Punhana,13,Fardari,SC Woman,SC,1,Babita Rani,Dinesh,0,0,Secheduled Caste (Women),latin,,2160,Mewat.pdf
Mewat,Punhana,14,Gangwani,Other than Woman,NONE,0,Najma,Mubarik,0,0,Unreserved,latin,,2160,Mewat.pdf
Mewat,Punhana,15,Gheeda,Other than Woman,NONE,0,Abbas,Jan Mohd,0,0,Unreserved,latin,,2160,Mewat.pdf
Mewat,Punhana,16,Godhola,Other than Woman,NONE,0,Mohd. Noman,Noor Mohd.,0,0,Unreserved,latin,,2160,Mewat.pdf
Mewat,Punhana,17,Gubradi,Other than Woman,NONE,0,Rahul,Hanif Khan,0,0,Unreserved,latin,,2160,Mewat.pdf
Mewat,Punhana,18,Gulalta,SC Other than Woman,SC,0,Prem chand,Mool Chand,0,0,Scheduled Caste,latin,,2160,Mewat.pdf
Mewat,Punhana,19,Haji Pur,Other than Woman,NONE,0,Sanjida,Ashfak Hussain,0,0,Unreserved,latin,,2160,Mewat.pdf
Mewat,Punhana,20,Hathangaon,Other than Woman,NONE,0,Khurshid Ahmed,Samay Singh,0,0,Unreserved,latin,,2160,Mewat.pdf
Mewat,Punhana,21,Hingan pur,SC Other than Woman,SC,0,Jai Singh,Ram Chand,0,0,Scheduled Caste,latin,,2160,Mewat.pdf
Mewat,Punhana,22,Indana,Woman,NONE,1,Anisha,Jahid Hussain,0,0,Women,latin,,2160,Mewat.pdf
Mewat,Punhana,23,Jadoli,Other than Woman,NONE,0,Hafij,Usman,0,0,Unreserved,latin,,2160,Mewat.pdf
Mewat,Punhana,24,Jehtana,Woman,NONE,1,Sanjida,Aarif Khan,0,0,Women,latin,,2160,Mewat.pdf
Mewat,Punhana,25,Jaiwant,Woman,NONE,1,Afsana,Irshad,0,0,Women,latin,,2160,Mewat.pdf
Mewat,Punhana,26,Jakhokar,Woman,NONE,1,Sahnaj Bano,Maksood,0,0,Women,latin,,2160,Mewat.pdf
Mewat,Punhana,27,Jalika,Other than Woman,NONE,0,Mohd. Hassan,Nasar Khan,0,0,Unreserved,latin,,2160,Mewat.pdf
Mewat,Punhana,28,Jamal Garh,Woman,NONE,1,Sanjida,Imdad,0,0,Women,latin,,2160,Mewat.pdf
Mewat,Punhana,29,Jharokari,Other than Woman,NONE,0,Sabbir Ahmed,Abdul Jabbar,0,0,Unreserved,latin,,2160,Mewat.pdf
Mewat,Punhana,30,Khawajli Kalan,Woman,NONE,1,Arjeena,Mustak Ahmed,0,0,Women,latin,,2160,Mewat.pdf
Mewat,Punhana,31,Khedla Punhana,Other than Woman,NONE,0,Farukh,Jasmal,0,0,Unreserved,latin,,2160,Mewat.pdf
Mewat,Punhana,32,Khori Shah Chokha,Other than Woman,NONE,0,Mohd. Sarfraj,Mohd. Yunus,0,0,Unreserved,latin,,2160,Mewat.pdf
Mewat,Punhana,33,Lafoori,Other than Woman,NONE,0,Sabbir Ahmed,Ismail,0,0,Unreserved,latin,,2160,Mewat.pdf
Mewat,Punhana,34,Laherwari,Other than Woman,NONE,0,Sahoon Khan,Safi Mohd.,0,0,Unreserved,latin,,2160,Mewat.pdf
Mewat,Punhana,35,Lahabass,SC Other than Woman,SC,0,Rukmani,Vinod Kumar,1,0,Scheduled Caste,latin,,2160,Mewat.pdf
Mewat,Punhana,36,Luhinga Kalan,Other than Woman,NONE,0,Mohd. Saleem,Mohd. Khan,0,0,Unreserved,latin,,2160,Mewat.pdf
Mewat,Punhana,37,Madhiyaki,Other than Woman,NONE,0,Mubeen,Nasru,0,0,Unreserved,latin,,2160,Mewat.pdf
Mewat,Punhana,38,Mamlika,SC Woman,SC,1,Kamla,Bakshi Ram,0,0,Secheduled Caste (Women),latin,,2160,Mewat.pdf
Mewat,Punhana,39,"Mohd,Pur Ter",Other than Woman,NONE,0,Manisha Khan,Rijwan,0,0,Unreserved,latin,,2160,Mewat.pdf
Mewat,Punhana,40,Mubarikpur,SC Other than Woman,SC,0,Amar Singh,Jal Singh,0,0,Scheduled Caste,latin,,2160,Mewat.pdf
Mewat,Punhana,41,Mundheta,Other than Woman,NONE,0,Niyamat Hussain,Ishak Khan,0,0,Unreserved,latin,,2160,Mewat.pdf
Mewat,Punhana,42,Naharpur,SC Other than Woman,SC,0,Rekha Rani,Ashok Kumar,1,0,Scheduled Caste,latin,,2160,Mewat.pdf
Mewat,Punhana,43,Nai,SC Other than Woman,SC,0,Bhanwar Singh,Prabhati,0,0,Scheduled Caste,latin,,2160,Mewat.pdf
Mewat,Punhana,44,Naheda,Other than Woman,NONE,0,Najrana,Aleem,0,0,Unreserved,latin,,2160,Mewat.pdf
Mewat,Punhana,45,Neemka,Woman,NONE,1,Aabida Nisha,Sajid Hussain,0,0,Women,latin,,2160,Mewat.pdf
Mewat,Punhana,46,Newana,Woman,NONE,1,Farheen,Rijwan,0,0,Women,latin,,2160,Mewat.pdf
Mewat,Punhana,47,Outha,Other than Woman,NONE,0,Noman Ahmed,Isha Khan,0,0,Unreserved,latin,,2160,Mewat.pdf
Mewat,Punhana,48,Papra,Other than Woman,NONE,0,Karar Hussain,Taffujal Hussian,0,0,Unreserved,latin,,2160,Mewat.pdf
Mewat,Punhana,49,Pema Khera,Other than Woman,NONE,0,Irshad,Imrat,0,0,Unreserved,latin,,2160,Mewat.pdf
Mewat,Punhana,50,Pinagwan,Other than Woman,NONE,0,Sanjay Kumar,Girraj Prasad,0,0,Unreserved,latin,,2160,Mewat.pdf
Mewat,Punhana,51,Peproli,Other than Woman,NONE,0,Hanif,Rujdar,0,0,Unreserved,latin,,2160,Mewat.pdf
Mewat,Punhana,52,Raipur,Other than Woman,NONE,0,MOHD. IKBAL,Niwaj Khan,0,0,Unreserved,latin,,2160,Mewat.pdf
Mewat,Punhana,53,Rajpur,Other than Woman,NONE,0,Tahir,Abdul Kareem,0,0,Unreserved,latin,,2160,Mewat.pdf
Mewat,Punhana,54,Rehpua,SC Woman,SC,1,Poonam Rani,Narender,0,0,Secheduled Caste (Women),latin,,2160,Mewat.pdf
Mewat,Punhana,55,Samsa bad Khurd,Other than Woman,NONE,0,Sarmina,Saad,0,0,Unreserved,latin,,2160,Mewat.pdf
Mewat,Punhana,56,Sikrawa,SC Other than Woman,SC,0,Surender,Suresh,0,0,Scheduled Caste,latin,,2160,Mewat.pdf
Mewat,Punhana,57,Sihri Singalheri,Other than Woman,NONE,0,Asloop Khan,Noor Mohd.,0,0,Unreserved,latin,,2160,Mewat.pdf
Mewat,Punhana,58,Singar,Woman,NONE,1,Aamna Khan,Sahab Khan,0,0,Women,latin,,2160,Mewat.pdf
Mewat,Punhana,59,Siroli,Other than Woman,NONE,0,Asraf Ali,Noor Mohd.,0,0,Unreserved,latin,,2160,Mewat.pdf
Mewat,Punhana,60,Sultan Pur Punhana,Other than Woman,NONE,0,Mohd. Yakoob,Mohd. Ilyas,1,0,Unreserved,latin,,2160,Mewat.pdf
Mewat,Punhana,61,Sunhera,Woman,NONE,1,Manisha,Tasleem,0,0,Women,latin,,2160,Mewat.pdf
Mewat,Punhana,62,Ter,Woman,NONE,1,Samina,Sakir,0,0,Women,latin,,2160,Mewat.pdf
Mewat,Punhana,63,Thek,Other than Woman,NONE,0,Akbar Khan,Abdul Raseed,0,0,Unreserved,latin,,2160,Mewat.pdf
Mewat,Punhana,64,Tirwara,Woman,NONE,1,Farjana,Sakir,0,0,Women,latin,,2160,Mewat.pdf
Mewat,Punhana,65,Tuseini,Woman,NONE,1,Aarifa,Hajar Khan,0,0,Women,latin,,2160,Mewat.pdf
Mewat,Punhana,66,Tundlaka,Woman,NONE,1,Amant,Arshad,0,0,Women,latin,,2160,Mewat.pdf
Mewat,Tauru,1,Bawla,Woman,NONE,1,Sabila,Mohd Fareed,0,0,Women,latin,,2162,Mewat.pdf
Mewat,Tauru,3,Bhajlaka,Woman,NONE,1,Jasna,Kamru,0,0,Women,latin,,2162,Mewat.pdf
Mewat,Tauru,4,Bhangoh,Woman,NONE,1,Sajida,Talim,0,0,Women,latin,,2162,Mewat.pdf
Mewat,Tauru,6,Buraka Tauru,Woman,NONE,1,Murfina,Mustaq,0,0,Women,latin,,2162,Mewat.pdf
Mewat,Tauru,7,Chahalka,Other than Woman,NONE,0,Aabida,Mujammil,0,0,Unreserved,latin,,2162,Mewat.pdf
Mewat,Tauru,8,Cheela,Woman,NONE,1,Firdosh,Tahir Hussain,0,0,Women,latin,,2162,Mewat.pdf
Mewat,Tauru,9,Chharora,Other than Woman,NONE,0,Irshad,Ash Mohd,0,0,Unreserved,latin,,2162,Mewat.pdf
Mewat,Tauru,10,Chilawali,Other than Woman,NONE,0,Mohd Sajid,Jumme Khan,0,0,Unreserved,latin,,2162,Mewat.pdf
Mewat,Tauru,11,Dadu,SC Other than Woman,SC,0,Anchal,Raju,1,0,Secheduled Caste,latin,,2162,Mewat.pdf
Mewat,Tauru,12,Dalawas,Woman,NONE,1,Sanjida,Mohd Sahid,0,0,Women,latin,,2162,Mewat.pdf
Mewat,Tauru,13,Dhulawat,Woman,NONE,1,Najreen,Sahil,0,0,Women,latin,,2162,Mewat.pdf
Mewat,Tauru,14,Didhara,Other than Woman,NONE,0,Mubeen,Ilyas,0,0,Unreserved,latin,,2162,Mewat.pdf
Mewat,Tauru,15,Dingerheri,Other than Woman,NONE,0,Deepak Sharma,Lakhpat,0,0,Unreserved,latin,,2162,Mewat.pdf
Mewat,Tauru,16,Fatehpur,SC Other than Woman,SC,0,Arvind,Randhir Singh,0,0,Scheduled Caste,latin,,2162,Mewat.pdf
Mewat,Tauru,17,Gogjaka,Woman,NONE,1,Sakuntla,Promod Kumar,0,0,Women,latin,,2162,Mewat.pdf
Mewat,Tauru,18,Goyla,Other than Woman,NONE,0,Narender Singh,Brahm Singh,0,0,Unreserved,latin,,2162,Mewat.pdf
Mewat,Tauru,19,Gudhi,Other than Woman,NONE,0,Jahir Abbas,Ayyub,0,0,Unreserved,latin,,2162,Mewat.pdf
Mewat,Tauru,20,Gwarka,SC Other than Woman,SC,0,Ashok Kumar,Darbari,1,0,Scheduled Caste,latin,,2162,Mewat.pdf
Mewat,Tauru,21,Hasanpur,Other than Woman,NONE,0,Pardeep Kumar,Leelaram,0,0,Unreserved,latin,,2162,Mewat.pdf
Mewat,Tauru,22,Jafrabad,Other than Woman,NONE,0,Fakruddin,Isaak,0,0,Unreserved,latin,,2162,Mewat.pdf
Mewat,Tauru,23,Jalalpur Sohna,Other than Woman,NONE,0,Imran Urf Ibran,Fajru,0,0,Unreserved,latin,,2162,Mewat.pdf
Mewat,Tauru,24,Jaurasi,Other than Woman,NONE,0,Devender Singh,Rajender Singh,0,0,Unreserved,latin,,2162,Mewat.pdf
Mewat,Tauru,25,Jhamuwas,SC Woman,SC,1,Leela Devi,Ajeet Singh,1,0,Scheduled Caste (Women),latin,,2162,Mewat.pdf
Mewat,Tauru,26,Kalarpuri,SC Other than Woman,SC,0,Kuldeep,Surat Singh,0,0,Scheduled Caste,latin,,2162,Mewat.pdf
Mewat,Tauru,27,Kaliyaka,SC Woman,SC,1,Soniya,Ramchander,0,0,Scheduled Caste (Women),latin,,2162,Mewat.pdf
Mewat,Tauru,28,Kalwari,Other than Woman,NONE,0,Krishan Kumar,Harnarayan,1,0,Unreserved,latin,,2162,Mewat.pdf
Mewat,Tauru,29,Kharkhari,SC Other than Woman,SC,0,Ravinder Kumar,Tota Ram,0,0,Scheduled Caste,latin,,2162,Mewat.pdf
Mewat,Tauru,30,Khori Kalan,SC Other than Woman,SC,0,Jagdish Chand,Shibbanlal,0,0,Scheduled Caste,latin,,2162,Mewat.pdf
Mewat,Tauru,31,Khori Khurd,SC Woman,SC,1,Mukesh Devi,Bijendar Singh,0,0,Scheduled Caste (Women),latin,,2162,Mewat.pdf
Mewat,Tauru,33,M.P.Ahir,Other than Woman,NONE,0,Mukesh,Satbir,0,0,Unreserved,latin,,2162,Mewat.pdf
Mewat,Tauru,34,Malhaka,Other than Woman,NONE,0,Hasan Mohd,Haneef,0,0,Unreserved,latin,,2162,Mewat.pdf
Mewat,Tauru,35,Mandarka,Other than Woman,NONE,0,Mustakeem,Shakoor,0,0,Unreserved,latin,,2162,Mewat.pdf
Mewat,Tauru,36,Nizampur,SC Woman,SC,1,Dayawanti,Desraj,0,0,Scheduled Caste (Women),latin,,2162,Mewat.pdf
Mewat,Tauru,37,Pachgaon,Woman,NONE,1,Memuna,Mubarik,0,0,Women,latin,,2162,Mewat.pdf
Mewat,Tauru,38,Padheni,Other than Woman,NONE,0,Rishipal,Samesingh,0,0,Unreserved,latin,,2162,Mewat.pdf
Mewat,Tauru,39,Para,Other than Woman,NONE,0,Samay Singh,Sher Singh,0,0,Unreserved,latin,,2162,Mewat.pdf
Mewat,Tauru,40,Raheri,Other than Woman,NONE,0,Jamshed Khan,Ashraf Khan,0,0,Unreserved,latin,,2162,Mewat.pdf
Mewat,Tauru,41,Rangala,Other than Woman,NONE,0,Jaswant Singh,Hari Singh,0,0,Unreserved,latin,,2162,Mewat.pdf
Mewat,Tauru,42,Raniyaki,Other than Woman,NONE,0,Jamshed Ahmed,Sabdal,0,0,Unreserved,latin,,2162,Mewat.pdf
Mewat,Tauru,43,Rathiwas,Other than Woman,NONE,0,Rohan Singh,Narender Singh,0,0,Unreserved,latin,,2162,Mewat.pdf
Mewat,Tauru,44,Sabras,SC Other than Woman,SC,0,Ved Prakash,Surjan Singh,0,0,Scheduled Caste,latin,,2162,Mewat.pdf
Mewat,Tauru,45,Sahsola,Woman,NONE,1,Anjumaara,Aamir Khan,0,0,Women,latin,,2162,Mewat.pdf
Mewat,Tauru,46,Salhaka,Other than Woman,NONE,0,Sumer Khan,Chhatru,1,0,Unreserved,latin,,2162,Mewat.pdf
Mewat,Tauru,47,Sarai,Other than Woman,NONE,0,Sandeep,Samay Lal,0,0,Unreserved,latin,,2162,Mewat.pdf
Mewat,Tauru,48,Sewka,Other than Woman,NONE,0,Sahid Khan,Tayyab Hussain,0,0,Unreserved,latin,,2162,Mewat.pdf
Mewat,Tauru,49,Sheelkho,Other than Woman,NONE,0,Hasam,Rehmuddin,0,0,Unreserved,latin,,2162,Mewat.pdf
Mewat,Tauru,50,Shikarpur,Woman,NONE,1,Kherun Nisha,Salmudin,0,0,Women,latin,,2162,Mewat.pdf
Mewat,Tauru,51,Subaseri,Other than Woman,NONE,0,Rajesh Kumar,Kesh Ram,0,0,Unreserved,latin,,2162,Mewat.pdf
Mewat,Tauru,52,Sunari,Other than Woman,NONE,0,Shaukat Ali,Lal Khan,0,0,Unreserved,latin,,2162,Mewat.pdf
Mewat,Tauru,53,Sundh,Other than Woman,NONE,0,Irfan,Aas Mohd,0,0,Unreserved,latin,,2162,Mewat.pdf
Mewat,Tauru,54,Uton,Woman,NONE,1,Sanjida,Iqbal,0,0,Women,latin,,2162,Mewat.pdf
Palwal,Hassanpur,1,Achheja,Other than Woman,NONE,0,Raja Ram,Mani Ram,0,0,Unreserved,latin,,2165,Palwal.pdf
Palwal,Hassanpur,2,Ajijabad,Woman,NONE,1,Nasreen,Munashib,0,0,Women,latin,,2165,Palwal.pdf
Palwal,Hassanpur,3,Amroli,Other than Woman,NONE,0,Sarjeet,Sri Chand,0,0,Unreserved,latin,,2165,Palwal.pdf
Palwal,Hassanpur,4,Atwa,Other than Woman,NONE,0,Devdutt Sharma,Dharam Prakash,0,0,Unreserved,latin,,2165,Palwal.pdf
Palwal,Hassanpur,5,Ayanagar,Woman,NONE,1,Anita,Ramu,0,0,Women,latin,,2165,Palwal.pdf
Palwal,Hassanpur,6,Badoli,Woman,NONE,1,Monika,Sunil,0,0,Women,latin,,2165,Palwal.pdf
Palwal,Hassanpur,7,Bamariyaka,Woman,NONE,1,Geeta,Parveen Kumar,0,0,Women,latin,,2165,Palwal.pdf
Palwal,Hassanpur,8,Bata,Other than Woman,NONE,0,Sunder Lal,Bhima,0,0,Unreserved,latin,,2165,Palwal.pdf
Palwal,Hassanpur,9,Bela,SC Woman,SC,1,Suman,Dharmender,0,0,Scheduled Caste (Women),latin,,2165,Palwal.pdf
Palwal,Hassanpur,10,Bhaindoli,Woman,NONE,1,Urmila,Surender Singh,0,0,Women,latin,,2165,Palwal.pdf
Palwal,Hassanpur,11,Bharatgharh,SC Other than Woman,SC,0,Chetram,Bhuddan,0,0,Scheduled Caste,latin,,2165,Palwal.pdf
Palwal,Hassanpur,12,Badka,Other than Woman,NONE,0,Suraj Singh,Ramfal,0,0,Unreserved,latin,,2165,Palwal.pdf
Palwal,Hassanpur,13,Bhawana,SC Woman,SC,1,Anita,Vinod,0,0,Scheduled Caste (Women),latin,,2165,Palwal.pdf
Palwal,Hassanpur,14,Bilochpur,Other than Woman,NONE,0,Sachin Bainsla,Jasveer Bainsla,0,0,Unreserved,latin,,2165,Palwal.pdf
Palwal,Hassanpur,15,Chavvan Ka Nagla,Other than Woman,NONE,0,Sabnam,Vakil,0,0,Unreserved,latin,,2165,Palwal.pdf
Palwal,Hassanpur,16,Darana,Woman,NONE,1,Sushila,Harveer,0,0,Women,latin,,2165,Palwal.pdf
Palwal,Hassanpur,17,Fataskonagar,Other than Woman,NONE,0,Arvind,Sriram,0,0,Unreserved,latin,,2165,Palwal.pdf
Palwal,Hassanpur,18,Ghasera,Other than Woman,NONE,0,Hanshraj,Nanua Ram,0,0,Unreserved,latin,,2165,Palwal.pdf
Palwal,Hassanpur,19,Gulawad,Other than Woman,NONE,0,Arsad,Sorab,0,0,Unreserved,latin,,2165,Palwal.pdf
Palwal,Hassanpur,20,Gundwas,Other than Woman,NONE,0,Saleem Khan,Rahim Khan,0,0,Unreserved,latin,,2165,Palwal.pdf
Palwal,Hassanpur,21,Hafjabad,SC Other than Woman,SC,0,Rajender,Bhikari,0,0,Scheduled Caste,latin,,2165,Palwal.pdf
Palwal,Hassanpur,22,Jatoli,Other than Woman,NONE,0,Devender,Nanak Chand,0,0,Unreserved,latin,,2165,Palwal.pdf
Palwal,Hassanpur,23,Kamrawali,SC Woman,SC,1,Asha,Yashpal,1,0,Scheduled Caste (Women),latin,,2165,Palwal.pdf
Palwal,Hassanpur,24,Kanwarka,Woman,NONE,1,Rekha,Vikram,0,0,Women,latin,,2165,Palwal.pdf
Palwal,Hassanpur,25,Karimpur,SC Other than Woman,SC,0,Rajveer,Rambeer,0,0,Scheduled Caste,latin,,2165,Palwal.pdf
Palwal,Hassanpur,26,Kashipur,Other than Woman,NONE,0,Ajeet Kumar,Kriparam,0,0,Unreserved,latin,,2165,Palwal.pdf
Palwal,Hassanpur,27,Khambi,Woman,NONE,1,Hemlata,Hariduttsharma,0,0,Women,latin,,2165,Palwal.pdf
Palwal,Hassanpur,28,Kushak,Other than Woman,NONE,0,Khadak Singh,Kirori,0,0,Unreserved,latin,,2165,Palwal.pdf
Palwal,Hassanpur,29,Lalgarh,Other than Woman,NONE,0,Dinesh Kumar,Shriram,0,0,Unreserved,latin,,2165,Palwal.pdf
Palwal,Hassanpur,30,Likhi,Woman,NONE,1,Sunita,Prempal,0,0,Women,latin,,2165,Palwal.pdf
Palwal,Hassanpur,31,Lulwari,SC Other than Woman,SC,0,Daulatram,Mahveer,0,0,Scheduled Caste,latin,,2165,Palwal.pdf
Palwal,Hassanpur,32,Machhipura,Woman,NONE,1,Savita,Brahamdutt,0,0,Women,latin,,2165,Palwal.pdf
Palwal,Hassanpur,33,Maholi,Other than Woman,NONE,0,Gopal,Jeevanlal,0,0,Unreserved,latin,,2165,Palwal.pdf
Palwal,Hassanpur,34,Mirpur Korali,SC Other than Woman,SC,0,Omparkash,Mahipal,0,0,Scheduled Caste,latin,,2165,Palwal.pdf
Palwal,Hassanpur,35,Murtjabad,Woman,NONE,1,Priti,Surender,0,0,Women,latin,,2165,Palwal.pdf
Palwal,Hassanpur,36,Mustfabad,Other than Woman,NONE,0,Indraj Singh,Likhiram,0,0,Unreserved,latin,,2165,Palwal.pdf
Palwal,Hassanpur,37,Nai Nagla,SC Other than Woman,SC,0,Dharam Singh,Gyalal,0,0,Scheduled Caste,latin,,2165,Palwal.pdf
Palwal,Hassanpur,38,Nandawala,Other than Woman,NONE,0,Rohit,Ratanlal,0,0,Unreserved,latin,,2165,Palwal.pdf
Palwal,Hassanpur,39,Peergarhi,Other than Woman,NONE,0,Tayab Hussain,Sahid Khan,0,0,Unreserved,latin,,2165,Palwal.pdf
Palwal,Hassanpur,40,Pingore,Other than Woman,NONE,0,Changalal,Tek Chand,0,0,Unreserved,latin,,2165,Palwal.pdf
Palwal,Hassanpur,41,Rahimpur,Woman,NONE,1,Rekha,Gyanender,0,0,Women,latin,,2165,Palwal.pdf
Palwal,Hassanpur,42,Raidaska,Other than Woman,NONE,0,Virender,Banwarilal,0,0,Unreserved,latin,,2165,Palwal.pdf
Palwal,Hassanpur,43,Ramgarh,Other than Woman,NONE,0,Hukam Singh,Sohanlal,0,0,Unreserved,latin,,2165,Palwal.pdf
Palwal,Hassanpur,44,Sehnoli,Woman,NONE,1,Sangita Sharma,Vedram,0,0,Women,latin,,2165,Palwal.pdf
Palwal,Hassanpur,45,Souru Ka Nagla,Woman,NONE,1,Anju,Devender,0,0,Women,latin,,2165,Palwal.pdf
Palwal,Hassanpur,46,Sultanpur,Other than Woman,NONE,0,Kiran Kumar,Lekhi,0,0,Unreserved,latin,,2165,Palwal.pdf
Palwal,Hassanpur,47,Tappa,Woman,NONE,1,Meena,Rajesh,0,0,Women,latin,,2165,Palwal.pdf
Palwal,Hassanpur,48,Tikri Gujjar,SC Other than Woman,SC,0,Shiv Kumar,Mam Chand,0,0,Scheduled Caste,latin,,2165,Palwal.pdf
Palwal,Hassanpur,49,Walimohmad pur,Other than Woman,NONE,0,Kirparam,Hargovind,0,0,Unreserved,latin,,2165,Palwal.pdf
Palwal,Hathin,1,Ali Meo,Other than Woman,NONE,0,Sakir Khan,Habib Khan,0,0,Unreserved,latin,,2167,Palwal.pdf
Palwal,Hathin,2,Ali Brahman,SC Woman,SC,1,Birjesh Kumari,Hemchand,0,0,Scheduled Caste (Women),latin,,2167,Palwal.pdf
Palwal,Hathin,3,Andhop,Other than Woman,NONE,0,Naresh Kumar,Kishan Chand,0,0,Unreserved,latin,,2167,Palwal.pdf
Palwal,Hathin,4,Andhrola,Other than Woman,NONE,0,Abdul Hamid,Munna Khan,0,0,Unreserved,latin,,2167,Palwal.pdf
Palwal,Hathin,5,Bahin,Other than Woman,NONE,0,Shyam Singh,Ramprashad,0,0,Unreserved,latin,,2167,Palwal.pdf
Palwal,Hathin,6,Bichpuri,Other than Woman,NONE,0,Narender Kumar,Ghisa Ram,0,0,Unreserved,latin,,2167,Palwal.pdf
Palwal,Hathin,7,Bhimsika,SC Other than Woman,SC,0,Rajender,Ballu,0,0,Scheduled Caste,latin,,2167,Palwal.pdf
Palwal,Hathin,8,Bajda Pahari,Woman,NONE,1,Neelam,Vinod,0,0,Women,latin,,2167,Palwal.pdf
Palwal,Hathin,9,Bhamrola Jogi,Other than Woman,NONE,0,Virender,Hardatt,0,0,Unreserved,latin,,2167,Palwal.pdf
Palwal,Hathin,10,Bhanguri Palwal,Other than Woman,NONE,0,Dalvir,Hemraj,1,0,Unreserved,latin,,2167,Palwal.pdf
Palwal,Hathin,11,Bighawali,Woman,NONE,1,Reeta,Bhupender Singh,0,0,Women,latin,,2167,Palwal.pdf
Palwal,Hathin,12,Babupur Hathin,Woman,NONE,1,Farjana,Saleem,0,0,Women,latin,,2167,Palwal.pdf
Palwal,Hathin,13,Bhoodpur,Other than Woman,NONE,0,Mumtaj,Mubarik Khan,0,0,Unreserved,latin,,2167,Palwal.pdf
Palwal,Hathin,14,Buraka,Woman,NONE,1,Imranaparveen,Tarif,0,0,Women,latin,,2167,Palwal.pdf
Palwal,Hathin,15,Chhainsa,SC Woman,SC,1,Sunita,Ramkishan,0,0,Scheduled Caste (Women),latin,,2167,Palwal.pdf
Palwal,Hathin,16,Chilli,SC Other than Woman,SC,0,Naresh Kumar,Mangeram,1,0,Scheduled Caste,latin,,2167,Palwal.pdf
Palwal,Hathin,17,Dhiranki,SC Other than Woman,SC,0,Jaiveer,Lakhmi Chand,0,0,Scheduled Caste,latin,,2167,Palwal.pdf
Palwal,Hathin,18,Duranchi,Other than Woman,NONE,0,Samsuddin,Shajmal,0,0,Unreserved,latin,,2167,Palwal.pdf
Palwal,Hathin,19,Dhakalpur,Woman,NONE,1,Reshma,Mohd.Mustafa,0,0,Women,latin,,2167,Palwal.pdf
Palwal,Hathin,20,Ferozepur Rajput,Other than Woman,NONE,0,Uday,Lakkhee,0,0,Unreserved,latin,,2167,Palwal.pdf
Palwal,Hathin,21,Gadhi Vinoda,SC Other than Woman,SC,0,Baljeet,Laxman,0,0,Scheduled Caste,latin,,2167,Palwal.pdf
Palwal,Hathin,22,Ghigdaka,Other than Woman,NONE,0,Sazid,Abdul Gani,0,0,Unreserved,latin,,2167,Palwal.pdf
Palwal,Hathin,23,Ghudawali,SC Woman,SC,1,Rajvinder Kor,Sabir,0,0,Scheduled Caste (Women),latin,,2167,Palwal.pdf
Palwal,Hathin,24,Gahlab,Other than Woman,NONE,0,Narender Singh,Hemraj,0,0,Unreserved,latin,,2167,Palwal.pdf
Palwal,Hathin,25,Guraksar,Other than Woman,NONE,0,Mohmad Khan,Jabbar Khan,0,0,Unreserved,latin,,2167,Palwal.pdf
Palwal,Hathin,26,Gohpur,Other than Woman,NONE,0,Sahina,Juber,0,0,Unreserved,latin,,2167,Palwal.pdf
Palwal,Hathin,27,Gharrot,Woman,NONE,1,Seema Kumari,Yogesh Kumar,0,0,Women,latin,,2167,Palwal.pdf
Palwal,Hathin,28,Huchpuri Kalan,Other than Woman,NONE,0,Kherunisha,Mohd. Aamir,0,0,Unreserved,latin,,2167,Palwal.pdf
Palwal,Hathin,29,Hurithal,Woman,NONE,1,Hemlata,Satish,0,0,Women,latin,,2167,Palwal.pdf
Palwal,Hathin,30,Jarari,Woman,NONE,1,Sahinparveen,Wasim Ahmad,0,0,Women,latin,,2167,Palwal.pdf
Palwal,Hathin,31,Janacholi,Woman,NONE,1,Geeta,Naresh Kumar,0,0,Women,latin,,2167,Palwal.pdf
Palwal,Hathin,32,Jalalpur Hathin,Other than Woman,NONE,0,Sajja,Aameen Khan,0,0,Unreserved,latin,,2167,Palwal.pdf
Palwal,Hathin,33,Jainpur,Woman,NONE,1,Lalita Kumari,Jitender,0,0,Women,latin,,2167,Palwal.pdf
Palwal,Hathin,34,Khaeka Hathin,Other than Woman,NONE,0,Ikbal,Nazir Ahmad,0,0,Unreserved,latin,,2167,Palwal.pdf
Palwal,Hathin,35,Kalsada,Other than Woman,NONE,0,Sher Singh,Hari Singh,0,0,Unreserved,latin,,2167,Palwal.pdf
Palwal,Hathin,36,Khilluka,SC Other than Woman,SC,0,Tarachand,Nannu,0,0,Scheduled Caste,latin,,2167,Palwal.pdf
Palwal,Hathin,37,Kot Mithaka,Woman,NONE,1,Kehkasha Khan,Ezaz Ahmad,0,0,Women,latin,,2167,Palwal.pdf
Palwal,Hathin,38,Khedli Jeeta,SC Other than Woman,SC,0,Gopal,Deepchand,0,0,Scheduled Caste,latin,,2167,Palwal.pdf
Palwal,Hathin,39,Kukarchati,Woman,NONE,1,Aishya,Liyakat,0,0,Women,latin,,2167,Palwal.pdf
Palwal,Hathin,40,Kondal,Other than Woman,NONE,0,Sandeep Kumar,Rajveer Singh,0,0,Unreserved,latin,,2167,Palwal.pdf
Palwal,Hathin,41,Kanoli,Woman,NONE,1,Mithlesh,Narender Kumar,0,0,Women,latin,,2167,Palwal.pdf
Palwal,Hathin,42,Kumrehda,Woman,NONE,1,Aisha,Sarajuddin,0,0,Women,latin,,2167,Palwal.pdf
Palwal,Hathin,43,Khokiyaka,Other than Woman,NONE,0,Sher Singh,Govind Ram,0,0,Unreserved,latin,,2167,Palwal.pdf
Palwal,Hathin,44,Lakhnaka,SC Woman,SC,1,Rajni Devi,Jitender,0,0,Scheduled Caste (Women),latin,,2167,Palwal.pdf
Palwal,Hathin,45,Ladmaki,Other than Woman,NONE,0,Kulsum,Mohd. Jahid,0,0,Unreserved,latin,,2167,Palwal.pdf
Palwal,Hathin,46,Meerka,SC Other than Woman,SC,0,Anil,Ramesh,1,0,Scheduled Caste,latin,,2167,Palwal.pdf
Palwal,Hathin,47,Mahluka,SC Other than Woman,SC,0,Laltesh Kimari,Sanjay,0,0,Scheduled Caste,latin,,2167,Palwal.pdf
Palwal,Hathin,48,Mangoraka,SC Woman,SC,1,Lata Mangesh,Kishanchand,0,0,Scheduled Caste (Women),latin,,2167,Palwal.pdf
Palwal,Hathin,49,Maluka,Other than Woman,NONE,0,Sabir Khan,Mohd. Ishak,0,0,Unreserved,latin,,2167,Palwal.pdf
Palwal,Hathin,50,Mathepur,SC Woman,SC,1,Seema Rani,Bijender,0,0,Scheduled Caste (Women),latin,,2167,Palwal.pdf
Palwal,Hathin,51,Mandnaka,Woman,NONE,1,Gomti Devi,Tulsi Ram,0,0,Women,latin,,2167,Palwal.pdf
Palwal,Hathin,52,Mohadamka,Woman,NONE,1,Ruksana,Samim,0,0,Women,latin,,2167,Palwal.pdf
Palwal,Hathin,53,Malai,Other than Woman,NONE,0,Fakruddin,Abdul Mazid,0,0,Unreserved,latin,,2167,Palwal.pdf
Palwal,Hathin,54,Manpur,Woman,NONE,1,Mithlesh,Ajit Singh,0,0,Women,latin,,2167,Palwal.pdf
Palwal,Hathin,55,Mandori,Other than Woman,NONE,0,Partap Singh,Hari Singh,0,0,Unreserved,latin,,2167,Palwal.pdf
Palwal,Hathin,56,Malokhera,Other than Woman,NONE,0,Abdul Jabbar,Fojkhan,0,0,Unreserved,latin,,2167,Palwal.pdf
Palwal,Hathin,57,Mandkola,Woman,NONE,1,Asha Rani,Devi Singh,0,0,Women,latin,,2167,Palwal.pdf
Palwal,Hathin,58,Nangal Jat,Woman,NONE,1,Savita Devi,Dinesh Kumar,0,0,Women,latin,,2167,Palwal.pdf
Palwal,Hathin,59,Nangal Sabha,Other than Woman,NONE,0,Sahzad,Habibulha,0,0,Unreserved,latin,,2167,Palwal.pdf
Palwal,Hathin,60,Pachanka,Other than Woman,NONE,0,Samsuddin,Harun Khan,0,0,Unreserved,latin,,2167,Palwal.pdf
Palwal,Hathin,61,Pondri,Other than Woman,NONE,0,Birender,Sher Singh,1,0,Unreserved,latin,,2167,Palwal.pdf
Palwal,Hathin,62,Pawsar,Other than Woman,NONE,0,Sahid,Hasan Mohmad,0,0,Unreserved,latin,,2167,Palwal.pdf
Palwal,Hathin,63,Pahari,Other than Woman,NONE,0,Surenderpal,Vijay Singh,0,0,Unreserved,latin,,2167,Palwal.pdf
Palwal,Hathin,64,Pahadpur,Other than Woman,NONE,0,Sakir Husain,Khalil Ahmad,0,0,Unreserved,latin,,2167,Palwal.pdf
Palwal,Hathin,65,Puthali,Other than Woman,NONE,0,Pritam Singh,Rambir Singh,0,0,Unreserved,latin,,2167,Palwal.pdf
Palwal,Hathin,66,Rupdaka,Other than Woman,NONE,0,Mohd. Husain,Jaan Mohd.,0,0,Unreserved,latin,,2167,Palwal.pdf
Palwal,Hathin,67,Riber,Other than Woman,NONE,0,Shiv Girraj,Brahmparkash,0,0,Unreserved,latin,,2167,Palwal.pdf
Palwal,Hathin,68,Roopnagar Natoli,Other than Woman,NONE,0,Mohd. Irfan,Subey Kha,0,0,Unreserved,latin,,2167,Palwal.pdf
Palwal,Hathin,69,Rindka,Woman,NONE,1,Manita Devi,Sunil,0,0,Women,latin,,2167,Palwal.pdf
Palwal,Hathin,70,Raniyala Khurd,SC Other than Woman,SC,0,Balkishan,Ramjilal,0,0,Scheduled Caste,latin,,2167,Palwal.pdf
Palwal,Hathin,71,Ransika,SC Other than Woman,SC,0,Asha Rani,Satveer,0,0,Scheduled Caste,latin,,2167,Palwal.pdf
Palwal,Hathin,72,Syaroli,Woman,NONE,1,Jagwati,Mohan,0,0,Women,latin,,2167,Palwal.pdf
Palwal,Hathin,73,Swamika,Woman,NONE,1,Soniya,Sunil,0,0,Women,latin,,2167,Palwal.pdf
Palwal,Hathin,74,Sapanki,Other than Woman,NONE,0,Javed Khan,Rati Khan,0,0,Unreserved,latin,,2167,Palwal.pdf
Palwal,Hathin,75,Tonka,Other than Woman,NONE,0,Jarnail,Israil,0,0,Unreserved,latin,,2167,Palwal.pdf
Palwal,Hathin,76,Uttawar,Other than Woman,NONE,0,Yunus,Abdul Rehman,0,0,Unreserved,latin,,2167,Palwal.pdf
Palwal,Hodal,1,Atohan,Other than Woman,NONE,0,Narveer,Lakhmi Chand,0,0,Unreserved,latin,,2169,Palwal.pdf
Palwal,Hodal,2,Aurangabad,Other than Woman,NONE,0,Hardeep,Girraj Singh,0,0,Unreserved,latin,,2169,Palwal.pdf
Palwal,Hodal,3,Bamnikhera,Other than Woman,NONE,0,Mahavir,Prem Chand,0,0,Unreserved,latin,,2169,Palwal.pdf
Palwal,Hodal,4,Banchari,Other than Woman,NONE,0,Rajender Singh,Kishan Singh,0,0,Unreserved,latin,,2169,Palwal.pdf
Palwal,Hodal,5,Banswa,Other than Woman,NONE,0,Dalvir,Bhagirath,0,0,Unreserved,latin,,2169,Palwal.pdf
Palwal,Hodal,6,Behrola,Woman,NONE,1,Krishna,Udham Singh,0,0,Women,latin,,2169,Palwal.pdf
Palwal,Hodal,7,Bhiduki,Other than Woman,NONE,0,Satydev Gautam,Data Ram,0,0,Unreserved,latin,,2169,Palwal.pdf
Palwal,Hodal,8,Bhulwana,Woman,NONE,1,Madhu,Dharmender,0,0,Women,latin,,2169,Palwal.pdf
Palwal,Hodal,9,Boraka,SC Other than Woman,SC,0,Hansraj,Hari,0,0,Scheduled Caste,latin,,2169,Palwal.pdf
Palwal,Hodal,10,Dadka,Other than Woman,NONE,0,Aslam,Farukh,0,0,Unreserved,latin,,2169,Palwal.pdf
Palwal,Hodal,11,Dakora,SC Woman,SC,1,Pooja Devi,Vinod,0,0,Scheduled Caste( Women),latin,,2169,Palwal.pdf
Palwal,Hodal,12,Deeghot,Other than Woman,NONE,0,Jitender,Dharamvir,0,0,Unreserved,latin,,2169,Palwal.pdf
Palwal,Hodal,13,Gorota,SC Other than Woman,SC,0,Bijender Singh,Hukam Singh,0,0,Scheduled Caste,latin,,2169,Palwal.pdf
Palwal,Hodal,14,Gopalgarh,Other than Woman,NONE,0,Rajkumar,Jagbir Singh,0,0,Unreserved,latin,,2169,Palwal.pdf
Palwal,Hodal,15,Gudhrana,Woman,NONE,1,Veer Wati,Rakesh Kumar,0,0,Women,latin,,2169,Palwal.pdf
Palwal,Hodal,16,Hidayatpur,SC Woman,SC,1,Rameshwari,Atar Singh,0,0,Scheduled Caste( Women),latin,,2169,Palwal.pdf
Palwal,Hodal,17,Karman,Other than Woman,NONE,0,Ramgopal,Bharatlal,0,0,Unreserved,latin,,2169,Palwal.pdf
Palwal,Hodal,18,Khatela Sarai,Other than Woman,NONE,0,Saahid Khan,Rasid Ahmed,0,0,Unreserved,latin,,2169,Palwal.pdf
Palwal,Hodal,19,Khirbi,Other than Woman,NONE,0,Reena,Lakhan,0,0,Unreserved,latin,,2169,Palwal.pdf
Palwal,Hodal,20,Ladiyaka,Woman,NONE,1,Usha,Bijender Kumar,0,0,Women,latin,,2169,Palwal.pdf
Palwal,Hodal,21,Lohina,Woman,NONE,1,Laccho Devi,Atar Singh,0,0,Women,latin,,2169,Palwal.pdf
Palwal,Hodal,22,Marroli,SC Other than Woman,SC,0,Mohan Hari Ashok,Puran Lal,0,0,Scheduled Caste,latin,,2169,Palwal.pdf
Palwal,Hodal,23,Mitrol,Other than Woman,NONE,0,Jogender,Udhamsingh,0,0,Unreserved,latin,,2169,Palwal.pdf
Palwal,Hodal,24,Nangal Brahman,SC Other than Woman,SC,0,Rajkumar,Babulal,0,0,Scheduled Caste,latin,,2169,Palwal.pdf
Palwal,Hodal,25,Bhupgarh (Palri),Woman,NONE,1,Manju,Kanhayalal,0,0,Women,latin,,2169,Palwal.pdf
Palwal,Hodal,26,Pengaltu,Woman,NONE,1,Manju,Rajesh,0,0,Women,latin,,2169,Palwal.pdf
Palwal,Hodal,27,Phulwari,Other than Woman,NONE,0,Surender Kumar,Baljeet Singh,0,0,Unreserved,latin,,2169,Palwal.pdf
Palwal,Hodal,28,Rundhi,Other than Woman,NONE,0,Mahendri Devi,Bhudutt,0,0,Unreserved,latin,,2169,Palwal.pdf
Palwal,Hodal,29,Sevali,Woman,NONE,1,Manju,Virender Singh,0,0,Women,latin,,2169,Palwal.pdf
Palwal,Hodal,30,Siha,SC Other than Woman,SC,0,Rajveer,Dulichand,0,0,Scheduled Caste,latin,,2169,Palwal.pdf
Palwal,Hodal,31,Selothi,Woman,NONE,1,Rakhi,Parveen,0,0,Women,latin,,2169,Palwal.pdf
Palwal,Hodal,32,Solaka,Other than Woman,NONE,0,Ishmuddin,Hansmal,0,0,Unreserved,latin,,2169,Palwal.pdf
Palwal,Hodal,33,Sondh,Other than Woman,NONE,0,Ramjeet,Mohar Singh,0,0,Unreserved,latin,,2169,Palwal.pdf
Palwal,Hodal,34,Tumesra,Woman,NONE,1,Rajni,Birjesh,0,0,Women,latin,,2169,Palwal.pdf
Palwal,Palwal,1,Paroli,Other than Woman,NONE,0,Mahender Singh,Baljeet Singh,0,0,Unreserved,latin,,2171,Palwal.pdf
Palwal,Palwal,2,Dehlaka,Woman,NONE,1,Rama,Paramvir,0,0,Women,latin,,2171,Palwal.pdf
Palwal,Palwal,3,Chandpur,Other than Woman,NONE,0,Kiran Yadav,Tejpal Yadav,0,0,Unreserved,latin,,2171,Palwal.pdf
Palwal,Palwal,4,Jaindapur,SC Other than Woman,SC,0,Mamta Mouray,Khush Lal,0,0,Scheduled Caste,latin,,2171,Palwal.pdf
Palwal,Palwal,5,Dungarpur,Other than Woman,NONE,0,Azad,Ilyash,0,0,Unreserved,latin,,2171,Palwal.pdf
Palwal,Palwal,6,Teharki,Other than Woman,NONE,0,Karam Chand,Brij Lal,0,0,Unreserved,latin,,2171,Palwal.pdf
Palwal,Palwal,7,Attarchata,Other than Woman,NONE,0,Bishamber Singh,Gopal,0,0,Unreserved,latin,,2171,Palwal.pdf
Palwal,Palwal,8,Kishorpur,Other than Woman,NONE,0,Puran Mal,Nathi Singh,0,0,Unreserved,latin,,2171,Palwal.pdf
Palwal,Palwal,9,Adupur,Other than Woman,NONE,0,Virender Singh,Lakhmi,0,0,Unreserved,latin,,2171,Palwal.pdf
Palwal,Palwal,10,Maheshpur,Woman,NONE,1,Santosh,Lekhraj,0,0,Women,latin,,2171,Palwal.pdf
Palwal,Palwal,11,Kairaka,Woman,NONE,1,Sangeeta,Nepal Singh,0,0,Women,latin,,2171,Palwal.pdf
Palwal,Palwal,12,Rajolaka,Other than Woman,NONE,0,Ram Lal,Data Ram,0,0,Unreserved,latin,,2171,Palwal.pdf
Palwal,Palwal,13,Badha,Woman,NONE,1,Seema,Anil Kumar,0,0,Women,latin,,2171,Palwal.pdf
Palwal,Palwal,14,Joher Khera,Other than Woman,NONE,0,Bijender Singh,Padam Singh,0,0,Unreserved,latin,,2171,Palwal.pdf
Palwal,Palwal,15,Rakhota,SC Other than Woman,SC,0,Pratap,Rajmal,0,0,Scheduled Caste,latin,,2171,Palwal.pdf
Palwal,Palwal,16,Dhamaka,Other than Woman,NONE,0,Rohtash,Sumer Singh,0,0,Unreserved,latin,,2171,Palwal.pdf
Palwal,Palwal,17,Jalalpur Khalsa,Woman,NONE,1,Anjuman Bano,Aneesh,0,0,Women,latin,,2171,Palwal.pdf
Palwal,Palwal,18,Aherwan,Other than Woman,NONE,0,Mohit,Vijay Pal,0,0,Unreserved,latin,,2171,Palwal.pdf
Palwal,Palwal,19,Durgapur,Other than Woman,NONE,0,Dharmender Tewtia,Karan Singh,0,0,Unreserved,latin,,2171,Palwal.pdf
Palwal,Palwal,20,Ratipur,Other than Woman,NONE,0,Raj Singh,Shri Chand,0,0,Unreserved,latin,,2171,Palwal.pdf
Palwal,Palwal,21,Gailpur,SC Other than Woman,SC,0,Surender Singh,Jagbir,0,0,Scheduled Caste,latin,,2171,Palwal.pdf
Palwal,Palwal,22,Karna,Other than Woman,NONE,0,Harikishan,Bhajan Lal,0,0,Unreserved,latin,,2171,Palwal.pdf
Palwal,Palwal,23,Allika,Other than Woman,NONE,0,Dhir Singh,Bharat Singh,0,0,Unreserved,latin,,2171,Palwal.pdf
Palwal,Palwal,24,Ghughera,SC Other than Woman,SC,0,Sumran Singh,Bhoop Singh,0,0,Scheduled Caste,latin,,2171,Palwal.pdf
Palwal,Palwal,25,Kakrali,Woman,NONE,1,Safed,Amit Kumar,0,0,Women,latin,,2171,Palwal.pdf
Palwal,Palwal,26,Lalwa,Other than Woman,NONE,0,Vijay Ram,Ved Ram,0,0,Unreserved,latin,,2171,Palwal.pdf
Palwal,Palwal,27,Dhatir,Other than Woman,NONE,0,Sohan Lal,Amar Singh,0,0,Unreserved,latin,,2171,Palwal.pdf
Palwal,Palwal,28,Jodhpur,Other than Woman,NONE,0,Sunder Singh,Jagdish,1,0,Unreserved,latin,,2171,Palwal.pdf
Palwal,Palwal,29,Rajpura,Other than Woman,NONE,0,Mustkim,Alam,0,0,Unreserved,latin,,2171,Palwal.pdf
Palwal,Palwal,30,Tikri Brahman,Other than Woman,NONE,0,Ayub Khan,Ishmaile,0,0,Unreserved,latin,,2171,Palwal.pdf
Palwal,Palwal,31,Chirawata,SC Other than Woman,SC,0,Ganga Ram,Amilal,0,0,Scheduled Caste,latin,,2171,Palwal.pdf
Palwal,Palwal,32,Rehrana,Woman,NONE,1,Pista,Narender,0,0,Women,latin,,2171,Palwal.pdf
Palwal,Palwal,33,Asawata,Other than Woman,NONE,0,Yogesh,Brahamjeet,0,0,Unreserved,latin,,2171,Palwal.pdf
Palwal,Palwal,34,Chajju Nagar,Woman,NONE,1,Lokenderi,Rajender,0,0,Women,latin,,2171,Palwal.pdf
Palwal,Palwal,35,Hosangabad,Other than Woman,NONE,0,Mahesh,Hari Chand,0,0,Unreserved,latin,,2171,Palwal.pdf
Palwal,Palwal,36,Rashulpur,Other than Woman,NONE,0,Rajkumar,Kishan Singh,0,0,Unreserved,latin,,2171,Palwal.pdf
Palwal,Palwal,37,Akbarpur Dakora,SC Woman,SC,1,Anita,Sikander,0,0,Scheduled Caste (Women),latin,,2171,Palwal.pdf
Palwal,Palwal,38,Farijanpur Khedla,Other than Woman,NONE,0,Manider,Rajender,0,0,Unreserved,latin,,2171,Palwal.pdf
Palwal,Palwal,39,Taraka,SC Woman,SC,1,Sheela,Ashok Kumar,0,0,Scheduled Caste (Women),latin,,2171,Palwal.pdf
Palwal,Palwal,40,Farijrabad Missa,Woman,NONE,1,Reena,Nupender,0,0,Women,latin,,2171,Palwal.pdf
Palwal,Palwal,41,Chandhat,Woman,NONE,1,Pooja,Manjeet,0,0,Women,latin,,2171,Palwal.pdf
Palwal,Palwal,42,Gurwari,Woman,NONE,1,Karam Wati,Jagat Singh,0,0,Women,latin,,2171,Palwal.pdf
Palwal,Palwal,43,Prahladpur,SC Other than Woman,SC,0,Vishnu,Ami Chand,0,0,Scheduled Caste,latin,,2171,Palwal.pdf
Palwal,Palwal,44,Ghori,Other than Woman,NONE,0,Rajender Singh,Jaswant Singh,0,0,Unreserved,latin,,2171,Palwal.pdf
Palwal,Palwal,45,Sihol,Other than Woman,NONE,0,Suman Lata,Mahender,0,0,Unreserved,latin,,2171,Palwal.pdf
Palwal,Palwal,46,Pelak,Other than Woman,NONE,0,Bhagwat Prashad,Manohar Lal,0,0,Unreserved,latin,,2171,Palwal.pdf
Palwal,Palwal,47,Sujwari,Woman,NONE,1,Usha Devi,Tota Ram,0,0,Women,latin,,2171,Palwal.pdf
Palwal,Palwal,48,Milkgani,SC Woman,SC,1,Pinki,Laxman,0,0,Scheduled Caste (Women),latin,,2171,Palwal.pdf
Palwal,Palwal,49,Lalpur Kadim,Other than Woman,NONE,0,Kulbir,Rajbir,0,0,Unreserved,latin,,2171,Palwal.pdf
Palwal,Palwal,50,Chirwari,SC Other than Woman,SC,0,Mange Ram,Sukh Ram,0,0,Scheduled Caste,latin,,2171,Palwal.pdf
Palwal,Palwal,51,Rampur Khor,Woman,NONE,1,Priyanka,Yogesh Kumar,0,0,Women,latin,,2171,Palwal.pdf
Palwal,Palwal,52,Thanthri,Other than Woman,NONE,0,Manoj Kumar,Tirkha,0,0,Unreserved,latin,,2171,Palwal.pdf
Palwal,Palwal,53,Balai,Woman,NONE,1,Babita,Udayvir,0,0,Women,latin,,2171,Palwal.pdf
Palwal,Palwal,54,Hassapur,Other than Woman,NONE,0,Ram Ratan,Puran Singh,0,0,Unreserved,latin,,2171,Palwal.pdf
Palwal,Palwal,55,Kulaina,Other than Woman,NONE,0,Poonam Sharma,Yashpal,0,0,Unreserved,latin,,2171,Palwal.pdf
Palwal,Palwal,56,Rajupur Khadar,Woman,NONE,1,Suman Rani,Manoj Kumar,0,0,Women,latin,,2171,Palwal.pdf
Palwal,Palwal,57,Bholra,Other than Woman,NONE,0,Satvir,Pyare Lal,0,0,Unreserved,latin,,2171,Palwal.pdf
Palwal,Palwal,58,Solra,SC Other than Woman,SC,0,Mehar Singh,Satpal,0,0,Scheduled Caste,latin,,2171,Palwal.pdf
Palwal,Palwal,59,Pehruka Nangla,Other than Woman,NONE,0,Gaya Lal,Attar Singh,0,0,Unreserved,latin,,2171,Palwal.pdf
Palwal,Palwal,60,Bagpur Khurd,Woman,NONE,1,Vandana,Lalit Kumar,0,0,Women,latin,,2171,Palwal.pdf
Palwal,Palwal,61,Sunehari Ka Nangla,SC Woman,SC,1,Sunita,Mool Chand,0,0,Scheduled Caste (Women),latin,,2171,Palwal.pdf
Palwal,Palwal,62,Mala Singh Farm,Other than Woman,NONE,0,Gurmeet Kaur,Raghuvinder Singh,0,0,Unreserved,latin,,2171,Palwal.pdf
Palwal,Palwal,63,Nangliya,SC Woman,SC,1,Kiran,Kamal Singh,0,0,Scheduled Caste (Women),latin,,2171,Palwal.pdf
Palwal,Palwal,64,Shekhpur,Other than Woman,NONE,0,Preeti,Purshotam,0,0,Unreserved,latin,,2171,Palwal.pdf
Palwal,Palwal,65,Bhud,SC Other than Woman,SC,0,Anil,Mehar Chand,0,0,Scheduled Caste,latin,,2171,Palwal.pdf
Palwal,Palwal,66,Jebabad Khedli,Woman,NONE,1,Pooja,Trilok,0,0,Women,latin,,2171,Palwal.pdf
Palwal,Prithala,1,Alawalpur,SC Woman,SC,1,Babali,Satveer,0,0,Scheduled Caste (Women),latin,,2173,Palwal.pdf
Palwal,Prithala,2,Amarpru,SC Other than Woman,SC,0,Krishan,Sunder,0,0,Scheduled Caste,latin,,2173,Palwal.pdf
Palwal,Prithala,3,Amru,Other than Woman,NONE,0,Ombir,Sahiram,0,0,Unreserved,latin,,2173,Palwal.pdf
Palwal,Prithala,4,Assawati,Other than Woman,NONE,0,Kanchhind,Atarsingh,0,0,Unreserved,latin,,2173,Palwal.pdf
Palwal,Prithala,5,Badhram,Other than Woman,NONE,0,Shyamveer,Sukhveer,0,0,Unreserved,latin,,2173,Palwal.pdf
Palwal,Prithala,6,Baghola,Other than Woman,NONE,0,Ravidutt,Ghanshyam,0,0,Unreserved,latin,,2173,Palwal.pdf
Palwal,Prithala,7,Bhurja,Woman,NONE,1,Manju,Ajay,0,0,Women,latin,,2173,Palwal.pdf
Palwal,Prithala,8,Chhaprola,Woman,NONE,1,Pratibha,Balraj,1,0,Women,latin,,2173,Palwal.pdf
Palwal,Prithala,9,Dadhota,Other than Woman,NONE,0,Poonam Sharma,Naresh Kumar,0,0,Unreserved,latin,,2173,Palwal.pdf
Palwal,Prithala,10,Dewli,Other than Woman,NONE,0,Mahipal,Kanwarlal,0,0,Unreserved,latin,,2173,Palwal.pdf
Palwal,Prithala,11,Dudhola,Other than Woman,NONE,0,Sunder,Lalchand,0,0,Unreserved,latin,,2173,Palwal.pdf
Palwal,Prithala,12,Dundsa,SC Other than Woman,SC,0,Vinod Kumar,Rajaram,0,0,Scheduled Caste,latin,,2173,Palwal.pdf
Palwal,Prithala,13,Gadpuri,Other than Woman,NONE,0,Rajbir,Likkhi Ram,0,0,Unreserved,latin,,2173,Palwal.pdf
Palwal,Prithala,15,Gopikhera,Woman,NONE,1,Deepmala,Omprakash,0,0,Women,latin,,2173,Palwal.pdf
Palwal,Prithala,16,Harfali,Other than Woman,NONE,0,Devender,Rajsingh,0,0,Unreserved,latin,,2173,Palwal.pdf
Palwal,Prithala,17,Jalhaka,Other than Woman,NONE,0,Naresh Kumar,Bhajanlal,0,0,Unreserved,latin,,2173,Palwal.pdf
Palwal,Prithala,18,Janoli,SC Woman,SC,1,Manju,Baldev,0,0,Scheduled Caste (Women),latin,,2173,Palwal.pdf
Palwal,Prithala,19,Jatola,Other than Woman,NONE,0,Girraj,Nanak Chand,0,0,Unreserved,latin,,2173,Palwal.pdf
Palwal,Prithala,20,Kakripur,SC Other than Woman,SC,0,Gajenderi,Sohanpal,0,0,Scheduled Caste,latin,,2173,Palwal.pdf
Palwal,Prithala,21,Kalwaka,SC Other than Woman,SC,0,Babulal,Dharampal,0,0,Scheduled Caste,latin,,2173,Palwal.pdf
Palwal,Prithala,22,Katesra,Other than Woman,NONE,0,Rajesh,Chetram,0,0,Unreserved,latin,,2173,Palwal.pdf
Palwal,Prithala,23,Khajurka,Other than Woman,NONE,0,Rohtash,Jeetram,0,0,Unreserved,latin,,2173,Palwal.pdf
Palwal,Prithala,24,Mandkol,Other than Woman,NONE,0,Rajender Parshad,Lakhmi Chand,0,0,Unreserved,latin,,2173,Palwal.pdf
Palwal,Prithala,25,Mandpuri,Other than Woman,NONE,0,Robin,Haneek Mohmad,0,0,Unreserved,latin,,2173,Palwal.pdf
Palwal,Prithala,26,Meerapur,Woman,NONE,1,Kulwanti,Naval Singh,0,0,Women,latin,,2173,Palwal.pdf
Palwal,Prithala,27,Nangla Bhiku,Other than Woman,NONE,0,Rajender,Rajpal,0,0,Unreserved,latin,,2173,Palwal.pdf
Palwal,Prithala,28,Patli Khurd,Other than Woman,NONE,0,Chanderpal,Saroopa,0,0,Unreserved,latin,,2173,Palwal.pdf
Palwal,Prithala,29,Prithla,Woman,NONE,1,Renu,Mukesh,0,0,Women,latin,,2173,Palwal.pdf
Palwal,Prithala,30,Sadarpur,Woman,NONE,1,Krishna,Bansilal,0,0,Women,latin,,2173,Palwal.pdf
Palwal,Prithala,31,Sehrala,Other than Woman,NONE,0,Satbir,Sukhchain,0,0,Unreserved,latin,,2173,Palwal.pdf
Palwal,Prithala,32,Sikanderpur,Woman,NONE,1,Kavita,Sunil,0,0,Women,latin,,2173,Palwal.pdf
Palwal,Prithala,33,Softa,Woman,NONE,1,Rukhshar,Moh. Rajjak,0,0,Women,latin,,2173,Palwal.pdf
Palwal,Prithala,34,Tatarpur,SC Woman,SC,1,Sunita Kumari,Vikash,0,0,Scheduled Caste (Women),latin,,2173,Palwal.pdf
Panchkula,Barwala,1,Barwala,Other than Woman,NONE,0,Baljinder Goel,Ram Karan Goel,0,0,Unreserved,latin,,2176,Panchkula.pdf
Panchkula,Barwala,2,Bataur,SC Other than Woman,SC,0,Laxman Dass,Rachna Ram,0,0,Scheduled Caste,latin,,2176,Panchkula.pdf
Panchkula,Barwala,3,Batwal,Other than Woman,NONE,0,Pawan Pal,Shiv Dev,0,0,Unreserved,latin,,2176,Panchkula.pdf
Panchkula,Barwala,4,Bhagwanpur,Other than Woman,NONE,0,Jitender Singh,Bachan Dass,0,0,Unreserved,latin,,2176,Panchkula.pdf
Panchkula,Barwala,5,Bharauli,Other than Woman,NONE,0,Rampal,Bala Ram,0,0,Unreserved,latin,,2176,Panchkula.pdf
Panchkula,Barwala,6,Bhareli,Woman,NONE,1,Arti Devi,Gurpreet Singh,0,0,Women,latin,,2176,Panchkula.pdf
Panchkula,Barwala,7,Bunga,SC Woman,SC,1,Poonam,Raj Kumar,1,0,Scheduled Caste (Women),latin,,2176,Panchkula.pdf
Panchkula,Barwala,8,Dhandardu,Other than Woman,NONE,0,Pankaj Kapoor,Harkesh Kumar,0,0,Unreserved,latin,,2176,Panchkula.pdf
Panchkula,Barwala,9,Kami,Other than Woman,NONE,0,Vijender Kumar,Ishwar Chand,0,0,Unreserved,latin,,2176,Panchkula.pdf
Panchkula,Barwala,10,Kazampur,Other than Woman,NONE,0,Balkar Singh,Gian Chand,0,0,Unreserved,latin,,2176,Panchkula.pdf
Panchkula,Barwala,11,Kharwali Parwala,Other than Woman,NONE,0,Rakam Singh,Narata Ram,0,0,Unreserved,latin,,2176,Panchkula.pdf
Panchkula,Barwala,12,Khetpurali,Woman,NONE,1,Prem Lata,Rajesh Kumar,0,0,Women,latin,,2176,Panchkula.pdf
Panchkula,Barwala,13,Manaktabra,SC Other than Woman,SC,0,Navneet Kumar,Jyoti Ram,0,0,Scheduled Caste,latin,,2176,Panchkula.pdf
Panchkula,Barwala,14,Rattewali,Other than Woman,NONE,0,Roki Ram,Pala Ram,0,0,Unreserved,latin,,2176,Panchkula.pdf
Panchkula,Barwala,15,Rehore,Woman,NONE,1,Madhu Bala,Mohan Lal,0,0,Women,latin,,2176,Panchkula.pdf
Panchkula,Barwala,16,Shahpur,Other than Woman,NONE,0,Sunita Rani,Ajaib Singh,0,0,Unreserved,latin,,2176,Panchkula.pdf
Panchkula,Barwala,17,Shyamtoo,SC Woman,SC,1,Sonia,Manjeet Singh,0,0,Scheduled Caste (Women),latin,,2176,Panchkula.pdf
Panchkula,Barwala,18,Sultanpur,Other than Woman,NONE,0,Sanjiv Kumar,Pawan Kumar,0,0,Unreserved,latin,,2176,Panchkula.pdf
Panchkula,Barwala,19,Sunderpur,Woman,NONE,1,Shamsher Kaur,Rajpal,0,0,Women,latin,,2176,Panchkula.pdf
Panchkula,Barwala,20,Taprian,Other than Woman,NONE,0,Panch Ram,Jagan Nath,0,0,Unreserved,latin,,2176,Panchkula.pdf
Panchkula,Barwala,21,Tibbi,SC Other than Woman,SC,0,Hisham Singh,Gurdial Singh,0,0,Scheduled Caste,latin,,2176,Panchkula.pdf
Panchkula,Barwala,22,Trilokpur,Woman,NONE,1,Baljit Kaur,Vinod Kumar,0,0,Women,latin,,2176,Panchkula.pdf
Panchkula,Morni,1,Baladwala,SC Other than Woman,SC,0,Naresh Kumar,Neeta Ram,0,0,Scheduled Caste,latin,,2178,Panchkula.pdf
Panchkula,Morni,2,Bhoj Balag,Other than Woman,NONE,0,Pawan Kumar,Rikhi Ram,0,0,Unreserved,latin,,2178,Panchkula.pdf
Panchkula,Morni,3,Bhoj Darda,Other than Woman,NONE,0,Davender Singh,Prem Singh,1,0,Unreserved,latin,,2178,Panchkula.pdf
Panchkula,Morni,4,Bhoj Dharti,Other than Woman,NONE,0,Baldev Singh,Prem Singh,0,0,Unreserved,latin,,2178,Panchkula.pdf
Panchkula,Morni,5,Bhoj Jabyal,Other than Woman,NONE,0,Dharam Pal,Amar Nath,0,0,Unreserved,latin,,2178,Panchkula.pdf
Panchkula,Morni,6,Bhoj Kothi,Other than Woman,NONE,0,Khem Raj,Mohan Singh,0,0,Unreserved,latin,,2178,Panchkula.pdf
Panchkula,Morni,7,Bhoj Koti,Other than Woman,NONE,0,Ajay Singh,Dharam Singh,0,0,Unreserved,latin,,2178,Panchkula.pdf
Panchkula,Morni,8,Bhoj Kudana,Other than Woman,NONE,0,Manphool Kumar,Om Parkash,0,0,Unreserved,latin,,2178,Panchkula.pdf
Panchkula,Morni,9,Bhoj Matour,Woman,NONE,1,Kaushlya Devi,Hem Raj,0,0,Women,latin,,2178,Panchkula.pdf
Panchkula,Morni,10,Bhoj Naita,Other than Woman,NONE,0,Ranvir Singh,Sardar Singh,0,0,Unreserved,latin,,2178,Panchkula.pdf
Panchkula,Morni,11,Bhoj Plasra,SC Other than Woman,SC,0,Pawan Kumar,Baldev Singh,0,0,Scheduled Caste,latin,,2178,Panchkula.pdf
Panchkula,Morni,12,Bhoj Ponta,Other than Woman,NONE,0,Dharam Pal Sharma,Ram Lal,0,0,Unreserved,latin,,2178,Panchkula.pdf
Panchkula,Morni,13,Bhoj Rajpura,Woman,NONE,1,Santosh Rani,Balbir Singh,0,0,Women,latin,,2178,Panchkula.pdf
Panchkula,Morni,14,Bhoj Tipra,Other than Woman,NONE,0,Upender Dutt,Jai Kishan,0,0,Unreserved,latin,,2178,Panchkula.pdf
Panchkula,Morni,15,Dabsu,Woman,NONE,1,Deepa Sharma,Umesh Kumar Sharma,1,0,Women,latin,,2178,Panchkula.pdf
Panchkula,Morni,16,Dharla,Other than Woman,NONE,0,_,Suresh Pal,0,0,Unreserved,latin,,2178,Panchkula.pdf
Panchkula,Morni,17,Dudgarh,Woman,NONE,1,Nimo Devi,Sohan Lal,0,0,Women,latin,,2178,Panchkula.pdf
Panchkula,Morni,18,Rajitikri,Other than Woman,NONE,0,Virender Singh,Mohar Singh,0,0,Unreserved,latin,,2178,Panchkula.pdf
Panchkula,Morni,19,Sabilpur,Woman,NONE,1,Meera Devi,Sarban Singh,0,0,Women,latin,,2178,Panchkula.pdf
Panchkula,Morni,20,Thandog,SC Woman,SC,1,Champa Devi,Dharam Singh,1,0,Scheduled Caste (Women),latin,,2178,Panchkula.pdf
Panchkula,Morni,21,Thapli,Other than Woman,NONE,0,Sunil Kumar,Satpal,0,0,Unreserved,latin,,2178,Panchkula.pdf
Panchkula,Morni,22,Tikkar,Woman,NONE,1,Parmila Devi,Ramesh Kumar,0,0,Women,latin,,2178,Panchkula.pdf
Panchkula,Morni,23,Uttron,SC Woman,SC,1,Poonam Pundir,Pirthi Singh,1,0,Scheduled Caste (Women),latin,,2178,Panchkula.pdf
Panchkula,Pinjore,1,Banoi Khuda Baksh,Other than Woman,NONE,0,Neelakshi,Mahesh Kumar,0,0,Unreserved,latin,,2180,Panchkula.pdf
Panchkula,Pinjore,2,Bar,Other than Woman,NONE,0,Ram Chander,Ravi Dutt,0,0,Unreserved,latin,,2180,Panchkula.pdf
Panchkula,Pinjore,3,Bhuwana,Other than Woman,NONE,0,Prem Chand,Harnam,0,0,Unreserved,latin,,2180,Panchkula.pdf
Panchkula,Pinjore,4,Burj Kotian,Woman,NONE,1,Nishad,Bali Mohammad,0,0,Women,latin,,2180,Panchkula.pdf
Panchkula,Pinjore,5,Charnia,Woman,NONE,1,Ranjit Kaur,Hardeep Singh,0,0,Women,latin,,2180,Panchkula.pdf
Panchkula,Pinjore,6,Chikan,SC Woman,SC,1,Gurdeep Kaur,Jasbir Singh,0,0,Scheduled Caste (Women),latin,,2180,Panchkula.pdf
Panchkula,Pinjore,7,Dakhrog,Other than Woman,NONE,0,Charan Jeet,Sohan Singh,0,0,Unreserved,latin,,2180,Panchkula.pdf
Panchkula,Pinjore,8,Dhaluwal,Other than Woman,NONE,0,Jagpal Singh,Om Prakash,0,0,Unreserved,latin,,2180,Panchkula.pdf
Panchkula,Pinjore,9,Fatehpur Diwanwala,Other than Woman,NONE,0,Satvinder Singh,Lajja Ram,0,0,Unreserved,latin,,2180,Panchkula.pdf
Panchkula,Pinjore,10,Ganeshpur Bhoria,Other than Woman,NONE,0,Naresh Kumar,Dina Nath,0,0,Unreserved,latin,,2180,Panchkula.pdf
Panchkula,Pinjore,11,Gariran,Other than Woman,NONE,0,Lakhmir Singh,Ujagar Singh,0,0,Unreserved,latin,,2180,Panchkula.pdf
Panchkula,Pinjore,12,Gorakh Nath,Other than Woman,NONE,0,Ram Pal,Lahori Ram,0,0,Unreserved,latin,,2180,Panchkula.pdf
Panchkula,Pinjore,13,Jabrot,Woman,NONE,1,Babli Devi,Ompaal,0,0,Women,latin,,2180,Panchkula.pdf
Panchkula,Pinjore,14,Janouli,Other than Woman,NONE,0,Brij Bhushan,Ram Pratap,1,0,Unreserved,latin,,2180,Panchkula.pdf
Panchkula,Pinjore,15,Johluwal,Other than Woman,NONE,0,Manjeet Singh,Dayal Singh,0,0,Unreserved,latin,,2180,Panchkula.pdf
Panchkula,Pinjore,16,Kandiala,Other than Woman,NONE,0,Jit Ram,Bhangi Ram,0,0,Unreserved,latin,,2180,Panchkula.pdf
Panchkula,Pinjore,17,Karanpur,Woman,NONE,1,Jaswinder Kaur,Raghuvir Singh,0,0,Women,latin,,2180,Panchkula.pdf
Panchkula,Pinjore,18,Kedarpur,SC Woman,SC,1,Suman,Pardeep Kumar,1,0,Scheduled Caste (Women),latin,,2180,Panchkula.pdf
Panchkula,Pinjore,19,Kharkua,Woman,NONE,1,Suman Devi,Jai Ram,0,0,Women,latin,,2180,Panchkula.pdf
Panchkula,Pinjore,20,Kheranwali,Other than Woman,NONE,0,Sunil Kumar,Munshi Ram,0,0,Unreserved,latin,,2180,Panchkula.pdf
Panchkula,Pinjore,21,Khoi,Woman,NONE,1,Neelam Sharma,Lakshman Dass,0,0,Women,latin,,2180,Panchkula.pdf
Panchkula,Pinjore,22,Khokhra,Woman,NONE,1,Poonam Devi,Raj Kumar,0,0,Women,latin,,2180,Panchkula.pdf
Panchkula,Pinjore,23,Khol Mola,Other than Woman,NONE,0,Prem Singh,Gurmukh Singh,0,0,Unreserved,latin,,2180,Panchkula.pdf
Panchkula,Pinjore,24,Kholfateh Singh,Woman,NONE,1,Kiran Devi,Randhir Singh,0,0,Women,latin,,2180,Panchkula.pdf
Panchkula,Pinjore,25,Kiratpur,SC Woman,SC,1,Vacant,,0,1,Scheduled Caste (Women),latin,,2180,Panchkula.pdf
Panchkula,Pinjore,26,Kona,Woman,NONE,1,Pinky,Mohan Lal,0,0,Women,latin,,2180,Panchkula.pdf
Panchkula,Pinjore,27,Magniwala,SC Other than Woman,SC,0,Krishan Kumar,Roop Lal,1,0,Scheduled Caste,latin,,2180,Panchkula.pdf
Panchkula,Pinjore,28,Mallha,SC Other than Woman,SC,0,Rajinder Kumar,Surat Ram,0,0,Scheduled Caste,latin,,2180,Panchkula.pdf
Panchkula,Pinjore,29,Maranwala,Other than Woman,NONE,0,Ram Rakha,Amar Singh,0,0,Unreserved,latin,,2180,Panchkula.pdf
Panchkula,Pinjore,30,Miranpur Bakshiwala,Other than Woman,NONE,0,Hardev Singh,Bishambar Dass,0,0,Unreserved,latin,,2180,Panchkula.pdf
Panchkula,Pinjore,31,Nagal Routal,Other than Woman,NONE,0,Dharam Pal,Partap Singh,0,0,Unreserved,latin,,2180,Panchkula.pdf
Panchkula,Pinjore,32,Nanakpur,SC Other than Woman,SC,0,Sandeep,Ram Dyal,0,0,Scheduled Caste,latin,,2180,Panchkula.pdf
Panchkula,Pinjore,33,Nawan Nagar,SC Other than Woman,SC,0,Karamjit Kaur,Gurmail Singh,0,0,Scheduled Caste,latin,,2180,Panchkula.pdf
Panchkula,Pinjore,34,Paploha,SC Other than Woman,SC,0,Ram Chander,Hans Raj,0,0,Scheduled Caste,latin,,2180,Panchkula.pdf
Panchkula,Pinjore,35,Prempura,Woman,NONE,1,Manpreet Kaur,Surmukh Singh,0,0,Women,latin,,2180,Panchkula.pdf
Panchkula,Pinjore,36,Ram Nagar,Other than Woman,NONE,0,Jeet Singh,Jaimal Singh,0,0,Unreserved,latin,,2180,Panchkula.pdf
Panchkula,Pinjore,37,Rampur Jangi,Other than Woman,NONE,0,Pardeep Kumar,Roop Chand,0,0,Unreserved,latin,,2180,Panchkula.pdf
Panchkula,Pinjore,38,Thane Ki Sair,Other than Woman,NONE,0,Nek Mohammad,Babu Khan,0,0,Unreserved,latin,,2180,Panchkula.pdf
Panchkula,Pinjore,39,Toran,Other than Woman,NONE,0,Ashok Kumar,Sondhu Ram,1,0,Unreserved,latin,,2180,Panchkula.pdf
Panchkula,Raipur Rani,1,Barona Kalan,Other than Woman,NONE,0,Gurjeet Singh,Ram Pal,0,0,Unreserved,latin,,2182,Panchkula.pdf
Panchkula,Raipur Rani,2,Badhour,Other than Woman,NONE,0,Sushil Kumar,Joginder Singh,0,0,Unreserved,latin,,2182,Panchkula.pdf
Panchkula,Raipur Rani,3,Bagwala,SC Other than Woman,SC,0,Joginder Kumar,Joti Ram,0,0,Scheduled Caste,latin,,2182,Panchkula.pdf
Panchkula,Raipur Rani,4,Bagwali,SC Other than Woman,SC,0,Narender Kumar,Rameshwar Dass,0,0,Scheduled Caste,latin,,2182,Panchkula.pdf
Panchkula,Raipur Rani,5,Behbalpur,SC Other than Woman,SC,0,Ram Kishan,Jagdish Ram,1,0,Scheduled Caste,latin,,2182,Panchkula.pdf
Panchkula,Raipur Rani,6,Bhood,Other than Woman,NONE,0,Nirmal Singh,Kesha Ram,0,0,Unreserved,latin,,2182,Panchkula.pdf
Panchkula,Raipur Rani,7,Bhonwli,SC Other than Woman,SC,0,Gurcharan Singh,Lajja Ram,0,0,Scheduled Caste,latin,,2182,Panchkula.pdf
Panchkula,Raipur Rani,8,Dandlawar,Other than Woman,NONE,0,Jitender Saini,Dharam Pal,0,0,Unreserved,latin,,2182,Panchkula.pdf
Panchkula,Raipur Rani,9,Debar,Other than Woman,NONE,0,Ram Nath,Dila Ram,1,0,Unreserved,latin,,2182,Panchkula.pdf
Panchkula,Raipur Rani,10,Firozpur,Other than Woman,NONE,0,Sharanjeet Singh,Kishan Chand,0,0,Unreserved,latin,,2182,Panchkula.pdf
Panchkula,Raipur Rani,11,Golpura,Other than Woman,NONE,0,Anil Kumar,Janak Singh,0,0,Unreserved,latin,,2182,Panchkula.pdf
Panchkula,Raipur Rani,12,Ganouli,Other than Woman,NONE,0,Jasvinder,Rasal Singh,0,0,Unreserved,latin,,2182,Panchkula.pdf
Panchkula,Raipur Rani,13,Garhi Kotaha,Other than Woman,NONE,0,Mehender Singh,Khushi Ram,0,0,Unreserved,latin,,2182,Panchkula.pdf
Panchkula,Raipur Rani,14,Gobindpur,Other than Woman,NONE,0,Nasib Singh,Atma Ram,0,0,Unreserved,latin,,2182,Panchkula.pdf
Panchkula,Raipur Rani,15,Haripur,Woman,NONE,1,Suman Rani,Rati Ram Sharma,0,0,Women,latin,,2182,Panchkula.pdf
Panchkula,Raipur Rani,16,Haryoli,Other than Woman,NONE,0,Sawarn Singh,Jaswant Singh,0,0,Unreserved,latin,,2182,Panchkula.pdf
Panchkula,Raipur Rani,17,Hangoli,SC Woman,SC,1,Nishu,Dev Raj,1,0,Scheduled Caste (Women),latin,,2182,Panchkula.pdf
Panchkula,Raipur Rani,18,Hangola,Other than Woman,NONE,0,Narender Singh,Gajjan Singh,0,0,Unreserved,latin,,2182,Panchkula.pdf
Panchkula,Raipur Rani,19,Jaspur,Woman,NONE,1,Poonam Sharma,Manish Kumar,0,0,Women,latin,,2182,Panchkula.pdf
Panchkula,Raipur Rani,20,Kakrali,Other than Woman,NONE,0,Krisan Pal,Thakur Singh,0,0,Unreserved,latin,,2182,Panchkula.pdf
Panchkula,Raipur Rani,21,Kheri,Other than Woman,NONE,0,Shis Pal,Yog Raj,0,0,Unreserved,latin,,2182,Panchkula.pdf
Panchkula,Raipur Rani,22,Mandlai,SC Other than Woman,SC,0,Hoshiar Singh,Banarsi Dass,1,0,Scheduled Caste,latin,,2182,Panchkula.pdf
Panchkula,Raipur Rani,23,Mouli,Other than Woman,NONE,0,Bir Singh,Najar Singh,0,0,Unreserved,latin,,2182,Panchkula.pdf
Panchkula,Raipur Rani,24,Meerpur,Other than Woman,NONE,0,Balak Ram,Atma Ram,0,0,Unreserved,latin,,2182,Panchkula.pdf
Panchkula,Raipur Rani,25,Masoompur,Other than Woman,NONE,0,Dharampal,Manohar Lal,1,0,Unreserved,latin,,2182,Panchkula.pdf
Panchkula,Raipur Rani,26,Mandpa,Other than Woman,NONE,0,Karnail Singh,Bishna Ram,0,0,Unreserved,latin,,2182,Panchkula.pdf
Panchkula,Raipur Rani,27,Narayanpur,SC Woman,SC,1,Swaranjit Kaur,Prince Chopra,1,0,Scheduled Caste (Women),latin,,2182,Panchkula.pdf
Panchkula,Raipur Rani,28,Natwal,Woman,NONE,1,Renu Bala,Jagmal Singh,0,0,Women,latin,,2182,Panchkula.pdf
Panchkula,Raipur Rani,29,Naya Goan,Woman,NONE,1,Suman Devi,Ram Sharan,0,0,Women,latin,,2182,Panchkula.pdf
Panchkula,Raipur Rani,30,Pyarewala,Woman,NONE,1,Salindro Devi,Raj Kumar,0,0,Women,latin,,2182,Panchkula.pdf
Panchkula,Raipur Rani,31,Raipur Rani,Other than Woman,NONE,0,Mukesh Kumar,Krishan Lal,0,0,Unreserved,latin,,2182,Panchkula.pdf
Panchkula,Raipur Rani,32,Rehna,Other than Woman,NONE,0,Alamgir,Yashin Khan,0,0,Unreserved,latin,,2182,Panchkula.pdf
Panchkula,Raipur Rani,33,Ratta Tibbi,Other than Woman,NONE,0,Madan Singh,Bishan Singh,0,0,Unreserved,latin,,2182,Panchkula.pdf
Panchkula,Raipur Rani,34,Rampur Thadion,Woman,NONE,1,Kamaljeet,Ramesh Chand,0,0,Women,latin,,2182,Panchkula.pdf
Panchkula,Raipur Rani,35,Samlehri,Other than Woman,NONE,0,Ramesh Chand,Galtan Singh,0,0,Unreserved,latin,,2182,Panchkula.pdf
Panchkula,Raipur Rani,36,Shazanpur,Woman,NONE,1,Neelam Devi,Parmal Singh,0,0,Women,latin,,2182,Panchkula.pdf
Panchkula,Raipur Rani,37,Sultanpur,Woman,NONE,1,Reshma,Akram Khan,1,0,Women,latin,,2182,Panchkula.pdf
Panchkula,Raipur Rani,38,Sarakpur,Other than Woman,NONE,0,Raman Kumar,Ranbir Singh,0,0,Unreserved,latin,,2182,Panchkula.pdf
Panchkula,Raipur Rani,39,Toda,Woman,NONE,1,Anita Rani,Sunil Kumar,0,0,Women,latin,,2182,Panchkula.pdf
Panchkula,Raipur Rani,40,Tharwa,Woman,NONE,1,Rekha Rani,Baljinder Singh,0,0,Women,latin,,2182,Panchkula.pdf
Panchkula,Raipur Rani,41,Tabar,SC Woman,SC,1,Deepti,Dharampal,1,0,Scheduled Caste (Women),latin,,2182,Panchkula.pdf
Panchkula,Raipur Rani,42,Tibbi Majra,Woman,NONE,1,Anjali,Shalender Kumar,0,0,Women,latin,,2182,Panchkula.pdf
Panchkula,Raipur Rani,43,Samanwa,Other than Woman,NONE,0,Netar Pal,Hukam Chand,0,0,Unreserved,latin,,2182,Panchkula.pdf
Panipat,Bapoli,1,Atola Pur,Other than Woman,NONE,0,Om Pal,Devi Singh,0,0,Unreserved,latin,,2185,Panipat.pdf
Panipat,Bapoli,2,Bapoli,Woman,NONE,1,Dimpal,Shiv Kumar,0,0,Women,latin,,2185,Panipat.pdf
Panipat,Bapoli,3,Behrampur,SC Other than Woman,SC,0,Sandeep Kumar,Pop Singh,0,0,Schedule Caste,latin,,2185,Panipat.pdf
Panipat,Bapoli,4,Bhalor,Other than Woman,NONE,0,Bhupender Singh,Rameshwar Dass,0,0,Unreserved,latin,,2185,Panipat.pdf
Panipat,Bapoli,5,Begampur Taharpur,Woman,NONE,1,Kavita Devi,Ravinder Deshwal,0,0,Women,latin,,2185,Panipat.pdf
Panipat,Bapoli,6,Dadola,SC Woman,SC,1,Lalita,Sandeep,0,0,Schedule Caste (Women),latin,,2185,Panipat.pdf
Panipat,Bapoli,7,Garhi Bhalor,Woman,NONE,1,Pinki,Narender Kumar,0,0,Women,latin,,2185,Panipat.pdf
Panipat,Bapoli,8,Goela Khurd,Woman,NONE,1,Poonam Devi,Manish Rawal,0,0,Women,latin,,2185,Panipat.pdf
Panipat,Bapoli,9,Goela Kalan,SC Other than Woman,SC,0,Rakesh Kumar,Bijender,0,0,Schedule Caste,latin,,2185,Panipat.pdf
Panipat,Bapoli,10,Goela Khera,SC Other than Woman,SC,0,Jai Kumar,Lakhi Ram,0,0,Schedule Caste,latin,,2185,Panipat.pdf
Panipat,Bapoli,11,Jalpar,Other than Woman,NONE,0,Deepak,Ram Niwas,0,0,Unreserved,latin,,2185,Panipat.pdf
Panipat,Bapoli,12,Jalmana,Other than Woman,NONE,0,Sunderpal,Kishan Chand,0,0,Unreserved,latin,,2185,Panipat.pdf
Panipat,Bapoli,13,Khojkipur,Other than Woman,NONE,0,Neelam,Parvesh,0,0,Unreserved,latin,,2185,Panipat.pdf
Panipat,Bapoli,14,Khojkipur Khurd,SC Woman,SC,1,Sonia,Sunil Kumar,0,0,Schedule Caste (Women),latin,,2185,Panipat.pdf
Panipat,Bapoli,15,Matnoli,Other than Woman,NONE,0,Love Sharma,Ishwar Singh,0,0,Unreserved,latin,,2185,Panipat.pdf
Panipat,Bapoli,16,Nurpur Muglan,Other than Woman,NONE,0,Naresh Kumar,Surjan,0,0,Unreserved,latin,,2185,Panipat.pdf
Panipat,Bapoli,17,Pasina Kalan,Other than Woman,NONE,0,Karmbir,Shiv Charan,0,0,Unreserved,latin,,2185,Panipat.pdf
Panipat,Bapoli,18,Pasina Khurd,Other than Woman,NONE,0,Mahender Pal,Ramesh Chand,0,0,Unreserved,latin,,2185,Panipat.pdf
Panipat,Bapoli,19,Raslapur,Other than Woman,NONE,0,Mangal Dass,Ram Singh,0,0,Unreserved,latin,,2185,Panipat.pdf
Panipat,Bapoli,20,Raimal,Other than Woman,NONE,0,Narender Kumar,Lalchand,0,0,Unreserved,latin,,2185,Panipat.pdf
Panipat,Bapoli,21,Sanjoli,Woman,NONE,1,Santosh,Parmod Kumar,0,0,Women,latin,,2185,Panipat.pdf
Panipat,Bapoli,22,Shimla Gujran,Woman,NONE,1,Suman,Bhisham,0,0,Women,latin,,2185,Panipat.pdf
Panipat,Bapoli,23,Tajpur,Other than Woman,NONE,0,Dalip Kumar,Ramdas,0,0,Unreserved,latin,,2185,Panipat.pdf
Panipat,Bapoli,24,Ujha,Other than Woman,NONE,0,Dharmbir,Sular Singh,0,0,Unreserved,latin,,2185,Panipat.pdf
Panipat,Israna,1,Ahar,Other than Woman,NONE,0,Ramdiya,Nihala,0,0,Unreserved,latin,,2187,Panipat.pdf
Panipat,Israna,2,Balana,Other than Woman,NONE,0,Kamlesh Kumari,Virender,0,0,Unreserved,latin,,2187,Panipat.pdf
Panipat,Israna,3,Bandh,Other than Woman,NONE,0,Gulab Singh,Chandan Singh,0,0,Unreserved,latin,,2187,Panipat.pdf
Panipat,Israna,4,Bhaupur,Other than Woman,NONE,0,Deepak,Sube Singh,0,0,Unreserved,latin,,2187,Panipat.pdf
Panipat,Israna,5,Bijawa,Woman,NONE,1,Murti Devi,Surender,0,0,Women,latin,,2187,Panipat.pdf
Panipat,Israna,6,Brahaman Majra,Other than Woman,NONE,0,Ved Parakash,Shugan Chand,0,0,Unreserved,latin,,2187,Panipat.pdf
Panipat,Israna,7,Buana Lakhu,SC Woman,SC,1,Darshna Devi,Suresh Kumar,0,0,Scheduled Caste(Women),latin,,2187,Panipat.pdf
Panipat,Israna,8,Bursham,SC Other than Woman,SC,0,Poonam,Raj Kumar,0,0,Scheduled Caste,latin,,2187,Panipat.pdf
Panipat,Israna,9,Chamrara,Woman,NONE,1,Suman,Jitender,0,0,Women,latin,,2187,Panipat.pdf
Panipat,Israna,10,Chhichhrana,Woman,NONE,1,Meena,Rakesh Kumar,0,0,Women,latin,,2187,Panipat.pdf
Panipat,Israna,11,Dahar,Other than Woman,NONE,0,Arun Kumar,Balraj,0,0,Unreserved,latin,,2187,Panipat.pdf
Panipat,Israna,12,Didwari,Other than Woman,NONE,0,Promila,Puran Singh,0,0,Unreserved,latin,,2187,Panipat.pdf
Panipat,Israna,13,Gawalra,Woman,NONE,1,Raveena,Deepak,0,0,Women,latin,,2187,Panipat.pdf
Panipat,Israna,14,Hartari,Other than Woman,NONE,0,Gurmeet Singh,Phool Singh,0,0,Unreserved,latin,,2187,Panipat.pdf
Panipat,Israna,15,Israna,Other than Woman,NONE,0,Surender,Mahender,0,0,Unreserved,latin,,2187,Panipat.pdf
Panipat,Israna,16,Jondhan Kalan,Other than Woman,NONE,0,Bijender Singh,Sadhu Ram,0,0,Unreserved,latin,,2187,Panipat.pdf
Panipat,Israna,17,Jondhan Khurd,Woman,NONE,1,Sudesh Kumari,Balraj,0,0,Women,latin,,2187,Panipat.pdf
Panipat,Israna,18,Kaith,Other than Woman,NONE,0,Kamlesh,Subhash,0,0,Unreserved,latin,,2187,Panipat.pdf
Panipat,Israna,19,Kakoda,Other than Woman,NONE,0,Salinder,Karnail Singh,0,0,Unreserved,latin,,2187,Panipat.pdf
Panipat,Israna,20,Karad,Other than Woman,NONE,0,Ran Singh,Ratan Singh,0,0,Unreserved,latin,,2187,Panipat.pdf
Panipat,Israna,21,Khalila Majra,Other than Woman,NONE,0,Sunil Kumar,Dya Singh,0,0,Unreserved,latin,,2187,Panipat.pdf
Panipat,Israna,22,Kurana,SC Other than Woman,SC,0,Sataywan Jhanda,Fateh Singh Jhanda,0,0,Scheduled Caste,latin,,2187,Panipat.pdf
Panipat,Israna,23,Mahrana,Other than Woman,NONE,0,Naveen,Ramratan,0,0,Unreserved,latin,,2187,Panipat.pdf
Panipat,Israna,24,Mandi,Woman,NONE,1,Jyoti,Sanjay,0,0,Women,latin,,2187,Panipat.pdf
Panipat,Israna,25,Naultha,Other than Woman,NONE,0,Balraj Singh,Ram Kishan,0,0,Unreserved,latin,,2187,Panipat.pdf
Panipat,Israna,26,Naultha Dungran,SC Other than Woman,SC,0,Ajmer Singh,Daya Chand,0,0,Scheduled Caste,latin,,2187,Panipat.pdf
Panipat,Israna,27,Palri,Other than Woman,NONE,0,Naresh Kumar,Phool Singh,0,0,Unreserved,latin,,2187,Panipat.pdf
Panipat,Israna,28,Pardhana,Woman,NONE,1,Rachna,Shakti Singh,0,0,Women,latin,,2187,Panipat.pdf
Panipat,Israna,29,Pathri,SC Other than Woman,SC,0,Deepak,Ram Kumar,0,0,Scheduled Caste,latin,,2187,Panipat.pdf
Panipat,Israna,30,Puthar,SC Woman,SC,1,Nirmla,Sawant Singh,0,0,Scheduled Caste(Women),latin,,2187,Panipat.pdf
Panipat,Israna,31,Seenk,Woman,NONE,1,Anjali,Sardyal,0,0,Women,latin,,2187,Panipat.pdf
Panipat,Israna,32,Shahpur,SC Woman,SC,1,Sangeeta Devi,Tinku,0,0,Scheduled Caste(Women),latin,,2187,Panipat.pdf
Panipat,Madlauda,1,Adiyana,Other than Woman,NONE,0,Ramphal,Ramkishan,0,0,Unreserved,latin,,2189,Panipat.pdf
Panipat,Madlauda,2,Ahamadpur Majra,Other than Woman,NONE,0,Amir Mann,Rajpal,0,0,Unreserved,latin,,2189,Panipat.pdf
Panipat,Madlauda,3,Alupur,SC Other than Woman,SC,0,Vickey Kumar,Ved Parkash,0,0,Scheduled Caste,latin,,2189,Panipat.pdf
Panipat,Madlauda,4,Assan Khurd,Woman,NONE,1,Neelam Rani,Beer Singh,0,0,Women,latin,,2189,Panipat.pdf
Panipat,Madlauda,5,Attawala,Other than Woman,NONE,0,Jagbir,Dharam Singh,0,0,Unreserved,latin,,2189,Panipat.pdf
Panipat,Madlauda,6,Bal Jatan,SC Woman,SC,1,Sarita,Karambir,0,0,Scheduled Caste (Women),latin,,2189,Panipat.pdf
Panipat,Madlauda,7,Bhadar,Woman,NONE,1,Reena Rani,Krishan Kumar,0,0,Women,latin,,2189,Panipat.pdf
Panipat,Madlauda,8,Bhalsi,Woman,NONE,1,Sunil Kumari,Surender Singh,0,0,Women,latin,,2189,Panipat.pdf
Panipat,Madlauda,9,Bhandari,Woman,NONE,1,Vijay Devi,Devi Dayal,0,0,Women,latin,,2189,Panipat.pdf
Panipat,Madlauda,10,Bohli,Other than Woman,NONE,0,Vikram Singh,Satnam Singh,0,0,Unreserved,latin,,2189,Panipat.pdf
Panipat,Madlauda,11,Dariyapur,Other than Woman,NONE,0,Ramphal,Net Ram,0,0,Unreserved,latin,,2189,Panipat.pdf
Panipat,Madlauda,12,Dharamgarh,Other than Woman,NONE,0,Mehar Singh,Ratan Singh,0,0,Unreserved,latin,,2189,Panipat.pdf
Panipat,Madlauda,13,Dumiyana,Other than Woman,NONE,0,Praveen Kumar,Babu Ram,0,0,Unreserved,latin,,2189,Panipat.pdf
Panipat,Madlauda,14,Joshi,Woman,NONE,1,Bharti,Virender Singh,0,0,Women,latin,,2189,Panipat.pdf
Panipat,Madlauda,15,Kalkha,SC Other than Woman,SC,0,Saroj,Balwan Singh,0,0,Scheduled Caste,latin,,2189,Panipat.pdf
Panipat,Madlauda,16,Kawi,Other than Woman,NONE,0,Sumer Singh,Jagdishchander,0,0,Unreserved,latin,,2189,Panipat.pdf
Panipat,Madlauda,17,Khandra,Other than Woman,NONE,0,Shailender Kumar,Dhanna Ram,0,0,Unreserved,latin,,2189,Panipat.pdf
Panipat,Madlauda,18,Khukhrana,Other than Woman,NONE,0,Rekha,Sandeep Kumar,0,0,Unreserved,latin,,2189,Panipat.pdf
Panipat,Madlauda,19,Lohari,SC Other than Woman,SC,0,Sandeep Kumar,Rammehar,0,0,Scheduled Caste,latin,,2189,Panipat.pdf
Panipat,Madlauda,20,Madlauda,Other than Woman,NONE,0,Ashok Kumar,Lehna Singh,0,0,Unreserved,latin,,2189,Panipat.pdf
Panipat,Madlauda,21,Mohidinpur Thirana,Woman,NONE,1,Geeta Rani,Sukhbir Singh,0,0,Women,latin,,2189,Panipat.pdf
Panipat,Madlauda,22,Nain,Other than Woman,NONE,0,Vikram Singh,Ramphal,0,0,Unreserved,latin,,2189,Panipat.pdf
Panipat,Madlauda,23,Nara,SC Other than Woman,SC,0,Surajbhan Urf Surajmal,Chatru Singh,0,0,Scheduled Caste,latin,,2189,Panipat.pdf
Panipat,Madlauda,24,Nohra,Woman,NONE,1,Saroj Devi,Surender Singh,0,0,Women,latin,,2189,Panipat.pdf
Panipat,Madlauda,25,Rair Kalan,Other than Woman,NONE,0,Shishpal,Ramphal,0,0,Unreserved,latin,,2189,Panipat.pdf
Panipat,Madlauda,26,Shera,SC Other than Woman,SC,0,Suresh Kumar,Balbir Singh,0,0,Scheduled Caste,latin,,2189,Panipat.pdf
Panipat,Madlauda,27,Shodapur,Other than Woman,NONE,0,Vacant,,0,1,Unreserved,latin,,2189,Panipat.pdf
Panipat,Madlauda,28,Sithana,Other than Woman,NONE,0,Satpal,Khajan Chand,0,0,Unreserved,latin,,2189,Panipat.pdf
Panipat,Madlauda,29,Sutana,SC Woman,SC,1,Anita Rani,Karambir,0,0,Scheduled Caste(Women),latin,,2189,Panipat.pdf
Panipat,Madlauda,30,Untla,Woman,NONE,1,Babli Devi,Lakhmi Chand,0,0,Women,latin,,2189,Panipat.pdf
Panipat,Madlauda,31,Urlana Kalan,Other than Woman,NONE,0,Krishan,Mahabir,0,0,Unreserved,latin,,2189,Panipat.pdf
Panipat,Madlauda,32,Urlana Khurd,Woman,NONE,1,Dilraj Kaur,Simranjeet Singh,0,0,Women,latin,,2189,Panipat.pdf
Panipat,Madlauda,33,Waiser,Other than Woman,NONE,0,Rajbir Singh,Ratan Singh,0,0,Unreserved,latin,,2189,Panipat.pdf
Panipat,Madlauda,34,Waiseri,Other than Woman,NONE,0,Ranbir Singh,Bir Singh,0,0,Unreserved,latin,,2189,Panipat.pdf
Panipat,Panipat,1,Assan Kalan,Other than Woman,NONE,0,Krishan Lal,Gulshan Rai,0,0,Unreserved,latin,,2191,Panipat.pdf
Panipat,Panipat,2,Babail,Other than Woman,NONE,0,Rakesh,Om Parkash,0,0,Unreserved,latin,,2191,Panipat.pdf
Panipat,Panipat,3,Babarpur,Other than Woman,NONE,0,Baldev Raj,Bihari Lal,0,0,Unreserved,latin,,2191,Panipat.pdf
Panipat,Panipat,4,Barana,Woman,NONE,1,Santosh Kumari,Jayender Kumar,0,0,Women,latin,,2191,Panipat.pdf
Panipat,Panipat,5,Barauli,SC Other than Woman,SC,0,Prem Kumar,Hari Singh,0,0,Scheduled Caste,latin,,2191,Panipat.pdf
Panipat,Panipat,6,Bhainswal,Other than Woman,NONE,0,Bajinder,Sher Singh,0,0,Unreserved,latin,,2191,Panipat.pdf
Panipat,Panipat,7,Binjhol,Woman,NONE,1,Sangeeta,Satish Kumar,0,0,Women,latin,,2191,Panipat.pdf
Panipat,Panipat,8,Chandoli,Woman,NONE,1,Amit Devi,Manoj Kumar,0,0,Women,latin,,2191,Panipat.pdf
Panipat,Panipat,9,Dadlana,Other than Woman,NONE,0,Deepak Kumar,Hisham Singh,0,0,Unreserved,latin,,2191,Panipat.pdf
Panipat,Panipat,10,Diwana,Other than Woman,NONE,0,Devender Kumar,Rishpal Singh,0,0,Unreserved,latin,,2191,Panipat.pdf
Panipat,Panipat,11,Faridpur,Other than Woman,NONE,0,Kulwant Singh,Pyara Singh,0,0,Unreserved,latin,,2191,Panipat.pdf
Panipat,Panipat,12,Ganjbar,SC Woman,SC,1,Pinki Rani,Sunil Kumar,0,0,Scheduled Caste(Women),latin,,2191,Panipat.pdf
Panipat,Panipat,13,Garh Sarnai,Other than Woman,NONE,0,Bhim Singh,Ramchander,0,0,Unreserved,latin,,2191,Panipat.pdf
Panipat,Panipat,14,Garhi Sikenderpur,Other than Woman,NONE,0,Rekha,Sanjay Kumar,0,0,Unreserved,latin,,2191,Panipat.pdf
Panipat,Panipat,15,Jattal,SC Other than Woman,SC,0,Mahabir Singh,Munshi Ram,0,0,Scheduled Caste,latin,,2191,Panipat.pdf
Panipat,Panipat,16,Jhattipur,Other than Woman,NONE,0,Ashok Kumar,Khajan Singh,0,0,Unreserved,latin,,2191,Panipat.pdf
Panipat,Panipat,17,Kabri,Woman,NONE,1,Amrita,Ankush,0,0,Women,latin,,2191,Panipat.pdf
Panipat,Panipat,18,Kachroli,Other than Woman,NONE,0,Sunil Kumar,Vedpal,0,0,Unreserved,latin,,2191,Panipat.pdf
Panipat,Panipat,19,Khotpura,Other than Woman,NONE,0,Vinod Kumar,Inder Pal,0,0,Unreserved,latin,,2191,Panipat.pdf
Panipat,Panipat,20,Kutani,SC Woman,SC,1,Monika,Rakesh,0,0,Scheduled Caste(Women),latin,,2191,Panipat.pdf
Panipat,Panipat,21,Mahmadpur,Other than Woman,NONE,0,Jinder Singh Cheema,S. Barkat Singh,0,0,Unreserved,latin,,2191,Panipat.pdf
Panipat,Panipat,22,Nangal Kheri,Woman,NONE,1,Suman Devi,Karambir,0,0,Women,latin,,2191,Panipat.pdf
Panipat,Panipat,23,Nimbri,Other than Woman,NONE,0,Jagbir,Ranjeet,0,0,Unreserved,latin,,2191,Panipat.pdf
Panipat,Panipat,24,Nizampur,Woman,NONE,1,Kavita,Vinod Kumar,0,0,Women,latin,,2191,Panipat.pdf
Panipat,Panipat,25,Palheri,SC Woman,SC,1,Sheetal,Sanjeev Kumar,0,0,Scheduled Caste(Women),latin,,2191,Panipat.pdf
Panipat,Panipat,26,Pehladpur Khalila,Other than Woman,NONE,0,Sukhbir Singh,Ram Dhan,0,0,Unreserved,latin,,2191,Panipat.pdf
Panipat,Panipat,27,Raja Kheri,Other than Woman,NONE,0,Anita,Jogender,0,0,Unreserved,latin,,2191,Panipat.pdf
Panipat,Panipat,28,Rajapur,Other than Woman,NONE,0,Dharambir,Diwan Chand,0,0,Unreserved,latin,,2191,Panipat.pdf
Panipat,Panipat,29,Ramnagar,Woman,NONE,1,Mukesh Devi,Ashok Kumar,0,0,Women,latin,,2191,Panipat.pdf
Panipat,Panipat,30,Risalu,Other than Woman,NONE,0,Renu Bala,Naresh,0,0,Unreserved,latin,,2191,Panipat.pdf
Panipat,Panipat,31,Siwah,Other than Woman,NONE,0,Khushdil,Karan Singh,0,0,Unreserved,latin,,2191,Panipat.pdf
Panipat,Panipat,32,Shimla Molana,SC Woman,SC,1,Pinki,Ravinder Kumar,0,0,Scheduled Caste(Women),latin,,2191,Panipat.pdf
Panipat,Panipat,33,Ugra Kheri,SC Other than Woman,SC,0,Bijender Singh,Ishwar Singh,0,0,Scheduled Caste,latin,,2191,Panipat.pdf
Panipat,Samalkha,1,Atta,Other than Woman,NONE,0,Kulbir,Bhagat Singh,0,0,Unreserved,latin,,2193,Panipat.pdf
Panipat,Samalkha,2,Basara,Other than Woman,NONE,0,Gaurav Kumar,Subhash Chand,0,0,Unreserved,latin,,2193,Panipat.pdf
Panipat,Samalkha,3,Beholi,Other than Woman,NONE,0,Zile Singh,Ram Singh,0,0,Unreserved,latin,,2193,Panipat.pdf
Panipat,Samalkha,4,Bhodwal Majri,Woman,NONE,1,Lakshmi Devi,Vijay Pal,0,0,Women,latin,,2193,Panipat.pdf
Panipat,Samalkha,5,Bilaspur,Other than Woman,NONE,0,Jaibir,Ishwar Singh,0,0,Unreserved,latin,,2193,Panipat.pdf
Panipat,Samalkha,6,Budhanpur,SC Woman,SC,1,Mamta Bidlan,Deepak,0,0,Scheduled Caste (Women),latin,,2193,Panipat.pdf
Panipat,Samalkha,7,Chaddia Yusufpur,Other than Woman,NONE,0,Sudesh Bala,Mukesh,0,0,Unreserved,latin,,2193,Panipat.pdf
Panipat,Samalkha,8,Chulkana,Other than Woman,NONE,0,Madan Lal,Satnarain,0,0,Unreserved,latin,,2193,Panipat.pdf
Panipat,Samalkha,9,Dehra,SC Other than Woman,SC,0,Maman Chachiya,Ram Kumar,0,0,Scheduled Caste,latin,,2193,Panipat.pdf
Panipat,Samalkha,10,Dhindar,Other than Woman,NONE,0,Subhash Gupta,Suraj Bhan,0,0,Unreserved,latin,,2193,Panipat.pdf
Panipat,Samalkha,11,Dhodpur,Other than Woman,NONE,0,Rajnish,Shyam Lal,0,0,Unreserved,latin,,2193,Panipat.pdf
Panipat,Samalkha,12,Dikadla,Woman,NONE,1,Mukesh Rani,Ajit Singh,0,0,Women,latin,,2193,Panipat.pdf
Panipat,Samalkha,13,Garhi Chhaju,Other than Woman,NONE,0,Parveen Kumar,Jai Bhagwan,0,0,Unreserved,latin,,2193,Panipat.pdf
Panipat,Samalkha,14,Garhi Tayagian,Other than Woman,NONE,0,Subhash,Kabul Singh,0,0,Unreserved,latin,,2193,Panipat.pdf
Panipat,Samalkha,15,Haldana,Other than Woman,NONE,0,Shiv Kumar,Nand Lal,0,0,Unreserved,latin,,2193,Panipat.pdf
Panipat,Samalkha,16,Hathwala,Woman,NONE,1,Ruby Rani,Amit Tyagi,0,0,Women,latin,,2193,Panipat.pdf
Panipat,Samalkha,17,Jaurasi Khalsa,Other than Woman,NONE,0,Kuldeep,Dharmpal,0,0,Unreserved,latin,,2193,Panipat.pdf
Panipat,Samalkha,18,Jaurasi Sarf Khas,Woman,NONE,1,Poonam,Dharmbir,0,0,Women,latin,,2193,Panipat.pdf
Panipat,Samalkha,19,Karhans,SC Woman,SC,1,Saroj,Ashok Kumar,0,0,Scheduled Caste (Women),latin,,2193,Panipat.pdf
Panipat,Samalkha,20,Karkoli,Other than Woman,NONE,0,Kuldeep Kumar,Babu Ram,0,0,Unreserved,latin,,2193,Panipat.pdf
Panipat,Samalkha,21,Kiwana,SC Other than Woman,SC,0,Monika,Sohan Lal,0,0,Scheduled Caste,latin,,2193,Panipat.pdf
Panipat,Samalkha,22,Machhrouli,Woman,NONE,1,Krishana Devi,Balraj,0,0,Women,latin,,2193,Panipat.pdf
Panipat,Samalkha,23,Mahawati,Other than Woman,NONE,0,Kapil Dev,Naresh Kumar,0,0,Unreserved,latin,,2193,Panipat.pdf
Panipat,Samalkha,24,Manana,Woman,NONE,1,Sunita,Sandeep,0,0,Women,latin,,2193,Panipat.pdf
Panipat,Samalkha,25,Namunda,SC Other than Woman,SC,0,Sri Kishan,Gangan,0,0,Scheduled Caste,latin,,2193,Panipat.pdf
Panipat,Samalkha,26,Naraina,Woman,NONE,1,Seema Rani,Jai Kumar,0,0,Women,latin,,2193,Panipat.pdf
Panipat,Samalkha,27,Patti Kalyana,Woman,NONE,1,Nisha,Anil Kumar,0,0,Women,latin,,2193,Panipat.pdf
Panipat,Samalkha,28,Pawti,SC Woman,SC,1,Sharmila,Jitender,0,0,Scheduled Caste (Women),latin,,2193,Panipat.pdf
Panipat,Samalkha,29,Rakesera,Other than Woman,NONE,0,Jai Parkash,Fateh Chand Urf Fateh Singh,0,0,Unreserved,latin,,2193,Panipat.pdf
Panipat,Samalkha,30,Shahar Malpur,Other than Woman,NONE,0,Pardeep Duhan,Daryav,0,0,Unreserved,latin,,2193,Panipat.pdf
Panipat,Samalkha,31,Simbalgarh,SC Other than Woman,SC,0,Sanjay Kumar,Mehar Singh,0,0,Scheduled Caste,latin,,2193,Panipat.pdf
Panipat,Samalkha,32,Wazirpur Titana,Other than Woman,NONE,0,Jasbir Singh,Karan Singh,0,0,Unreserved,latin,,2193,Panipat.pdf
Panipat,Sanauli Khurd,1,Adhmi,Other than Woman,NONE,0,Vasid Ali,Liyakat Ali,0,0,Unreserved,latin,,2195,Panipat.pdf
Panipat,Sanauli Khurd,2,Chhajpur Kalan,Other than Woman,NONE,0,Rajesh,Lakhmi,0,0,Unreserved,latin,,2195,Panipat.pdf
Panipat,Sanauli Khurd,3,Chhajpur Khurd,Other than Woman,NONE,0,Sohan Lal,Jagdish,0,0,Unreserved,latin,,2195,Panipat.pdf
Panipat,Sanauli Khurd,4,Dhansoli,Other than Woman,NONE,0,Harvinder Singh,Rammeher,0,0,Unreserved,latin,,2195,Panipat.pdf
Panipat,Sanauli Khurd,5,Garhi Besik,SC Other than Woman,SC,0,Sunil Kumar,Babu Ram,0,0,Scheduled Caste,latin,,2195,Panipat.pdf
Panipat,Sanauli Khurd,6,Jhamba,SC Woman,SC,1,Anju,Vijay,0,0,Scheduled Caste (Women),latin,,2195,Panipat.pdf
Panipat,Sanauli Khurd,7,Jalalpur-1,Other than Woman,NONE,0,Ramesh,Ram Kishan,0,0,Unreserved,latin,,2195,Panipat.pdf
Panipat,Sanauli Khurd,8,Jalajpur-2,Other than Woman,NONE,0,Mohd. Mazahir,Jakir Husan,0,0,Unreserved,latin,,2195,Panipat.pdf
Panipat,Sanauli Khurd,9,Kundala Patthargarh,Other than Woman,NONE,0,Amjad Majidi,Mohd. Harun,0,0,Unreserved,latin,,2195,Panipat.pdf
Panipat,Sanauli Khurd,10,Kurar,Woman,NONE,1,Poonam Devi,Dharambir Singh,0,0,Women,latin,,2195,Panipat.pdf
Panipat,Sanauli Khurd,11,Mohali,Woman,NONE,1,Raj bala,Suresh Kumar,0,0,Women,latin,,2195,Panipat.pdf
Panipat,Sanauli Khurd,12,Nanhera,Woman,NONE,1,Reena Devi,Sunil Kumar,1,0,Women,latin,,2195,Panipat.pdf
Panipat,Sanauli Khurd,13,Nagla -R,Woman,NONE,1,Meena Devi,Kuldeep Singh,0,0,Women,latin,,2195,Panipat.pdf
Panipat,Sanauli Khurd,14,Navada-R,Woman,NONE,1,Naseem,Rahul,0,0,Women,latin,,2195,Panipat.pdf
Panipat,Sanauli Khurd,15,Navada-PAR,Other than Woman,NONE,0,Mo. Israil,Bashir Ahamad,0,0,Unreserved,latin,,2195,Panipat.pdf
Panipat,Sanauli Khurd,16,Rana majra,SC Other than Woman,SC,0,Darshan kumar,Atbari,0,0,Scheduled Caste,latin,,2195,Panipat.pdf
Panipat,Sanauli Khurd,17,Rishpur,Other than Woman,NONE,0,Ravinder Kumar,Khila Ram,0,0,Unreserved,latin,,2195,Panipat.pdf
Panipat,Sanauli Khurd,18,Sanoli Kalan,SC Other than Woman,SC,0,Nishi Devi,Dharambir,0,0,Scheduled Caste,latin,,2195,Panipat.pdf
Panipat,Sanauli Khurd,19,Sanoli Khurd,Woman,NONE,1,Prachi,Sanjay,0,0,Women,latin,,2195,Panipat.pdf
Panipat,Sanauli Khurd,20,Tamsabad,Other than Woman,NONE,0,Usha,Krishan,0,0,Unreserved,latin,,2195,Panipat.pdf
Rewari,Bawal,1,Alawalpur,Other than Woman,NONE,0,Dinesh Kumar,Mangal Singh,0,0,Unreserved,latin,,2209,Rewari.pdf
Rewari,Bawal,2,Anandpur,Woman,NONE,1,Rajbala,Dinesh Kumar,0,0,Women,latin,,2209,Rewari.pdf
Rewari,Bawal,3,Aramnagar Kanuka,SC Other than Woman,SC,0,Babudan,Mohar Singh,0,0,Schedule Caste,latin,,2209,Rewari.pdf
Rewari,Bawal,4,Asalwas,Other than Woman,NONE,0,Rajesh Kumar,Ganpat,0,0,Unreserved,latin,,2209,Rewari.pdf
Rewari,Bawal,5,Asiaki Tappa Jarthal,Other than Woman,NONE,0,Mahesh Kumar,Dharambir Singh,0,0,Unreserved,latin,,2209,Rewari.pdf
Rewari,Bawal,6,Asraka Majra,Other than Woman,NONE,0,Vikash,Dhrambir Singh,0,0,Unreserved,latin,,2209,Rewari.pdf
Rewari,Bawal,7,Badhrana,Woman,NONE,1,Suman,Dharambir,0,0,Women,latin,,2209,Rewari.pdf
Rewari,Bawal,8,Bagthala,Other than Woman,NONE,0,Parvesh Kumar,Sukh Ram,0,0,Unreserved,latin,,2209,Rewari.pdf
Rewari,Bawal,9,Bakhapur,Woman,NONE,1,Menka,Kawar Singh,0,0,Women,latin,,2209,Rewari.pdf
Rewari,Bawal,10,Balawas,Other than Woman,NONE,0,Rajesh Kumar,Subhram,0,0,Unreserved,latin,,2209,Rewari.pdf
Rewari,Bawal,11,Banipur,Woman,NONE,1,Sulochana,Parveen Kumar,0,0,Women,latin,,2209,Rewari.pdf
Rewari,Bawal,12,Behrampur Bharangi,SC Other than Woman,SC,0,Anil Kumar,Rishal Singh,0,0,Schedule Caste,latin,,2209,Rewari.pdf
Rewari,Bawal,13,Berwal,Other than Woman,NONE,0,Narayan Singh,Balbir Singh,0,0,Unreserved,latin,,2209,Rewari.pdf
Rewari,Bawal,14,Bhudla,Other than Woman,NONE,0,Balwant,Attar Singh,0,0,Unreserved,latin,,2209,Rewari.pdf
Rewari,Bawal,15,Bidawas,Woman,NONE,1,Sarita,Jogender,0,0,Women,latin,,2209,Rewari.pdf
Rewari,Bawal,16,Bishanpur,Other than Woman,NONE,0,Sube Singh,Beeru Singh,0,0,Unreserved,latin,,2209,Rewari.pdf
Rewari,Bawal,17,Bolni,Other than Woman,NONE,0,Naresh Kumar,Surender Singh,0,0,Unreserved,latin,,2209,Rewari.pdf
Rewari,Bawal,18,Chanduwas,Other than Woman,NONE,0,Subhash Chand,Lalsingh,0,0,Unreserved,latin,,2209,Rewari.pdf
Rewari,Bawal,19,Chirhara,Woman,NONE,1,Jyoti,Inderjeet,0,0,Women,latin,,2209,Rewari.pdf
Rewari,Bawal,20,Deodhai,Woman,NONE,1,Reena Devi,Mahesh Kumar,0,0,Women,latin,,2209,Rewari.pdf
Rewari,Bawal,21,Dharan,Other than Woman,NONE,0,Anil,Girwar,0,0,Unreserved,latin,,2209,Rewari.pdf
Rewari,Bawal,22,Dharchana,Other than Woman,NONE,0,Tej Singh,Bhanwar Singh,0,0,Unreserved,latin,,2209,Rewari.pdf
Rewari,Bawal,23,Dulhera Kalan,SC Other than Woman,SC,0,Sarjit,Dharam Pal,0,0,Schedule Caste,latin,,2209,Rewari.pdf
Rewari,Bawal,24,Dulhera Khurd,Other than Woman,NONE,0,Seema,Saitan,0,0,Unreserved,latin,,2209,Rewari.pdf
Rewari,Bawal,25,Garhi,Other than Woman,NONE,0,Madan Lal,Chander Singh,0,0,Unreserved,latin,,2209,Rewari.pdf
Rewari,Bawal,26,Gujjar Majri,Woman,NONE,1,Guddi,Lakhmi Chand,0,0,Women,latin,,2209,Rewari.pdf
Rewari,Bawal,27,Gujriwas,Other than Woman,NONE,0,Dharam Singh,Ganpat,0,0,Unreserved,latin,,2209,Rewari.pdf
Rewari,Bawal,28,Harchandpu r,Other than Woman,NONE,0,Kavita,Surender,1,0,Unreserved,latin,,2209,Rewari.pdf
Rewari,Bawal,29,Ibrahimpur,Other than Woman,NONE,0,Balbir Singh,Mangturam,0,0,Unreserved,latin,,2209,Rewari.pdf
Rewari,Bawal,30,Jaisinghpur a Khera,Other than Woman,NONE,0,Bintu Singh,Munshi Singh,0,0,Unreserved,latin,,2209,Rewari.pdf
Rewari,Bawal,31,Jalalpur,Other than Woman,NONE,0,Kavita,Vijay,0,0,Unreserved,latin,,2209,Rewari.pdf
Rewari,Bawal,32,Jaliawas,Other than Woman,NONE,0,Parkash,Layakram,0,0,Unreserved,latin,,2209,Rewari.pdf
Rewari,Bawal,33,Jarthal,SC Woman,SC,1,Rekha Punia,Vinod Kumar,0,0,Schedule Caste (Women),latin,,2209,Rewari.pdf
Rewari,Bawal,34,Jhabua,Other than Woman,NONE,0,Bhim Singh,Sardara Singh,0,0,Unreserved,latin,,2209,Rewari.pdf
Rewari,Bawal,35,Kalrawas,SC Other than Woman,SC,0,Surender Kumar,Chetram,0,0,Schedule Caste,latin,,2209,Rewari.pdf
Rewari,Bawal,36,Kamalpur,Woman,NONE,1,Nirmala,Ramesh,1,0,Women,latin,,2209,Rewari.pdf
Rewari,Bawal,37,Kasola,Other than Woman,NONE,0,Rajpal,Sajan Singh,0,0,Unreserved,latin,,2209,Rewari.pdf
Rewari,Bawal,38,Kasoli,Other than Woman,NONE,0,Jagdish Singh,Udmi Ram,0,0,Unreserved,latin,,2209,Rewari.pdf
Rewari,Bawal,39,Kathuwas Dawana,Woman,NONE,1,Rekha,Shamsher Singh,0,0,Women,latin,,2209,Rewari.pdf
Rewari,Bawal,40,Keshopur,Other than Woman,NONE,0,Mahesh Kumar,Lalsingh,0,0,Unreserved,latin,,2209,Rewari.pdf
Rewari,Bawal,41,Khandora,Other than Woman,NONE,0,Satyanaryan,Bhoop Singh,0,0,Unreserved,latin,,2209,Rewari.pdf
Rewari,Bawal,42,Kharkhari,Other than Woman,NONE,0,Mukesh,Umrao,0,0,Unreserved,latin,,2209,Rewari.pdf
Rewari,Bawal,43,Khatiwas Dhani Ahiran,Other than Woman,NONE,0,Praveen Kumar,Kailash,0,0,Unreserved,latin,,2209,Rewari.pdf
Rewari,Bawal,44,Khera Murar,Other than Woman,NONE,0,Kavita,Sachin,0,0,Unreserved,latin,,2209,Rewari.pdf
Rewari,Bawal,45,Kheridalusin gh,Other than Woman,NONE,0,Chandan Singh,Ramesh,0,0,Unreserved,latin,,2209,Rewari.pdf
Rewari,Bawal,46,Kehri Motla,Other than Woman,NONE,0,Ramotar,Hukam Chand,0,0,Unreserved,latin,,2209,Rewari.pdf
Rewari,Bawal,47,Khijuri,SC Other than Woman,SC,0,Kuldeep,Rameshwar,0,0,Schedule Caste,latin,,2209,Rewari.pdf
Rewari,Bawal,48,Khurampur,Other than Woman,NONE,0,Somvir,Maha Singh,0,0,Unreserved,latin,,2209,Rewari.pdf
Rewari,Bawal,49,Kishanpur,Woman,NONE,1,Manju,Devi Lal,0,0,Women,latin,,2209,Rewari.pdf
Rewari,Bawal,50,Ladhuwas Gujjar,Other than Woman,NONE,0,Prem Prakash,Ram Naryan,0,0,Unreserved,latin,,2209,Rewari.pdf
Rewari,Bawal,51,Lalpur,SC Woman,SC,1,Sunita Devi,Prem,0,0,Schedule Caste (Women),latin,,2209,Rewari.pdf
Rewari,Bawal,52,Lodhana,SC Woman,SC,1,Pinki Devi,Nawal Singh,0,0,Schedule Caste (Women),latin,,2209,Rewari.pdf
Rewari,Bawal,53,Mangleshwa r,Other than Woman,NONE,0,Ramotar,Balbir,0,0,Unreserved,latin,,2209,Rewari.pdf
Rewari,Bawal,54,Mohammad pur,Woman,NONE,1,Preetam Devi Urf Preeta,Satpal,0,0,Women,latin,,2209,Rewari.pdf
Rewari,Bawal,55,Mohanpur,Woman,NONE,1,Kavita Devi,Anil Kumar,0,0,Women,latin,,2209,Rewari.pdf
Rewari,Bawal,56,Mukundpur Basai,Other than Woman,NONE,0,Joginder,Indraj Singh,0,0,Unreserved,latin,,2209,Rewari.pdf
Rewari,Bawal,57,Naichana,SC Other than Woman,SC,0,Karambir.,Roshan Lal,0,0,Schedule Caste,latin,,2209,Rewari.pdf
Rewari,Bawal,58,Nangal Sehbajpur,Other than Woman,NONE,0,Balmukund,Kanharam,0,0,Unreserved,latin,,2209,Rewari.pdf
Rewari,Bawal,59,Nangal Teju,Other than Woman,NONE,0,Surender Singh,Fateh Singh,0,0,Unreserved,latin,,2209,Rewari.pdf
Rewari,Bawal,60,Nangal Ugra,Woman,NONE,1,Sharmila,Laxman Singh,0,0,Women,latin,,2209,Rewari.pdf
Rewari,Bawal,61,Nangli Parsapur,Woman,NONE,1,Rekha,Karambir,0,0,Women,latin,,2209,Rewari.pdf
Rewari,Bawal,62,Narsinghpur Garhi,Other than Woman,NONE,0,Norang Lal,Atama Ram,0,0,Unreserved,latin,,2209,Rewari.pdf
Rewari,Bawal,63,Odhi,Other than Woman,NONE,0,Gajender,Ram Singh,0,0,Unreserved,latin,,2209,Rewari.pdf
Rewari,Bawal,64,Panchgaon,Woman,NONE,1,Manju,Pawan,0,0,Women,latin,,2209,Rewari.pdf
Rewari,Bawal,65,Panchor Majri Dudha,Woman,NONE,1,Promila,Vijay Pal,0,0,Women,latin,,2209,Rewari.pdf
Rewari,Bawal,66,Panwar,SC Other than Woman,SC,0,Soahan Lal,Nathu Ram,0,0,Schedule Caste,latin,,2209,Rewari.pdf
Rewari,Bawal,67,Pathuhera,Woman,NONE,1,Sarla Devi,Rakesh Kumar,0,0,Women,latin,,2209,Rewari.pdf
Rewari,Bawal,68,Pawati,SC Other than Woman,SC,0,Deep Chand,Hari Singh,0,0,Schedule Caste,latin,,2209,Rewari.pdf
Rewari,Bawal,69,Pithanwas,Woman,NONE,1,Kavita,Satish Kumar,0,0,Women,latin,,2209,Rewari.pdf
Rewari,Bawal,70,Pragpura,SC Woman,SC,1,Joyati,Bijender Kumar,0,0,Schedule Caste (Women),latin,,2209,Rewari.pdf
Rewari,Bawal,71,Pranpura,Other than Woman,NONE,0,Ishwar Singh,Bhoop Singh,0,0,Unreserved,latin,,2209,Rewari.pdf
Rewari,Bawal,72,Raghunathp ura,Other than Woman,NONE,0,Rajesh Kumar,Bhawani Shankar,0,0,Unreserved,latin,,2209,Rewari.pdf
Rewari,Bawal,73,Raipur,SC Other than Woman,SC,0,Ravinder Kumar,Banwari Lal,0,0,Schedule Caste,latin,,2209,Rewari.pdf
Rewari,Bawal,74,Rajgarh,SC Other than Woman,SC,0,Gordhan,Sardar Singh,0,0,Schedule Caste,latin,,2209,Rewari.pdf
Rewari,Bawal,75,Raliawas,Other than Woman,NONE,0,Chabila Ram,Raghubir Singh,0,0,Unreserved,latin,,2209,Rewari.pdf
Rewari,Bawal,76,Ramsinghpu ra,Other than Woman,NONE,0,Karan Singh,Gopi Ram,0,0,Unreserved,latin,,2209,Rewari.pdf
Rewari,Bawal,77,Ranoli,Woman,NONE,1,Pinki Devi,Ajeet Singh,0,0,Women,latin,,2209,Rewari.pdf
Rewari,Bawal,78,Ransi Majri,SC Other than Woman,SC,0,Ram Chander,Bihari Lal,0,0,Schedule Caste,latin,,2209,Rewari.pdf
Rewari,Bawal,79,Rasiawas,Other than Woman,NONE,0,,,0,1,Narbir Singh Mahipat Sarpanch Unreserved,latin,,2209,Rewari.pdf
Rewari,Bawal,80,Rudh,SC Woman,SC,1,Rekha,Anil Kumar,0,0,Schedule Caste (Women),latin,,2209,Rewari.pdf
Rewari,Bawal,81,Saban,Other than Woman,NONE,0,Charan Singh,Dalip Singh,0,0,Unreserved,latin,,2209,Rewari.pdf
Rewari,Bawal,82,Saidpur Urf Jaitpur,SC Woman,SC,1,Sumitra,Tejpal,1,0,Schedule Caste (Women),latin,,2209,Rewari.pdf
Rewari,Bawal,83,Salhawas,Woman,NONE,1,Suman Devi,Mahipal,0,0,Women,latin,,2209,Rewari.pdf
Rewari,Bawal,84,Sampli,Other than Woman,NONE,0,Ashok Kumar,Roop Chand,0,0,Unreserved,latin,,2209,Rewari.pdf
Rewari,Bawal,85,Sangwari,SC Other than Woman,SC,0,Vinod Kumar,Mange Ram,0,0,Schedule Caste,latin,,2209,Rewari.pdf
Rewari,Bawal,86,Sanjharpur,SC Woman,SC,1,Anju,Rajbir,0,0,Schedule Caste (Women),latin,,2209,Rewari.pdf
Rewari,Bawal,87,Shahpur,Other than Woman,NONE,0,Ratan Singh,Sardar Singh,0,0,Unreserved,latin,,2209,Rewari.pdf
Rewari,Bawal,88,Shekhpur,Woman,NONE,1,Parmila Devi,Samunder Singh,0,0,Women,latin,,2209,Rewari.pdf
Rewari,Bawal,89,Subasheri,Other than Woman,NONE,0,Rajender Kumar,Manphool,0,0,Unreserved,latin,,2209,Rewari.pdf
Rewari,Bawal,90,Sulkha,Other than Woman,NONE,0,Mukesh Kumar,Karan Singh,0,0,Unreserved,latin,,2209,Rewari.pdf
Rewari,Bawal,91,Suthana,Woman,NONE,1,Poonam Devi,Vivek Kumar,0,0,Women,latin,,2209,Rewari.pdf
Rewari,Bawal,92,Suthani Dhani Suthani,Other than Woman,NONE,0,Billu Ram,Chotu Ram,0,0,Unreserved,latin,,2209,Rewari.pdf
Rewari,Bawal,93,Tankri,Woman,NONE,1,Hem Kanwar,Dharmender Singh,0,0,Women,latin,,2209,Rewari.pdf
Rewari,Bawal,94,Tihara,Other than Woman,NONE,0,Sarjit,Raje Singh,0,0,Unreserved,latin,,2209,Rewari.pdf
Rewari,Bawal,95,Teekla,Woman,NONE,1,Bimlesh Rana,Seeta Ram,0,0,Women,latin,,2209,Rewari.pdf
Rewari,Jatusana,13,Choki No.2,SC Other than Woman,SC,0,Ram Chander,Killku Ram,0,0,Schedule Cast,latin,,2211,Rewari.pdf
Rewari,Jatusana,14,Dahina,Woman,NONE,1,Asha Devi,Vishal,0,0,Women,latin,,2211,Rewari.pdf
Rewari,Jatusana,15,Dakhora,SC Other than Woman,SC,0,Santlal,Jagdiesh,0,0,Schedule Cast,latin,,2211,Rewari.pdf
Rewari,Jatusana,16,Daroli,Other than Woman,NONE,0,Satya Parkash,Ram Chander,0,0,Unreserved,latin,,2211,Rewari.pdf
Rewari,Jatusana,17,Dehlawas,Woman,NONE,1,Anita,Rajkumar,0,0,Women,latin,,2211,Rewari.pdf
Rewari,Jatusana,18,Dhokia,Other than Woman,NONE,0,Narsingh,Deep Chand,0,0,Unreserved,latin,,2211,Rewari.pdf
Rewari,Jatusana,19,Didoli,Other than Woman,NONE,0,Nitu Devi,Nihal Singh,0,0,Unreserved,latin,,2211,Rewari.pdf
Rewari,Jatusana,20,Fatehpuri Tappa Dahina,Other than Woman,NONE,0,Jai Bhagwan,Rattan Lal,0,0,Unreserved,latin,,2211,Rewari.pdf
Rewari,Jatusana,21,Gadhla,Woman,NONE,1,Rashmi,Inderjit,0,0,Women,latin,,2211,Rewari.pdf
Rewari,Jatusana,22,Gopalpur Gaji,Other than Woman,NONE,0,Virender Singh,Balbir Singh,0,0,Unreserved,latin,,2211,Rewari.pdf
Rewari,Jatusana,23,Gothada Tappa Dahina,Other than Woman,NONE,0,Suresh,Ramniwas,0,0,Unreserved,latin,,2211,Rewari.pdf
Rewari,Jatusana,24,Gulabpura,Other than Woman,NONE,0,Inder Parkash,Hoshiyar Singh,0,0,Unreserved,latin,,2211,Rewari.pdf
Rewari,Jatusana,25,Gurawara,SC Other than Woman,SC,0,Sanehlata,Avacant,0,0,Schedule Cast,latin,,2211,Rewari.pdf
Rewari,Jatusana,26,Haluhera,Woman,NONE,1,Sangita,Madan,0,0,Women,latin,,2211,Rewari.pdf
Rewari,Jatusana,27,Hansawas,Other than Woman,NONE,0,Nathu Singh,Dhrampal Singh,0,0,Unreserved,latin,,2211,Rewari.pdf
Rewari,Jatusana,28,Jatusana,Other than Woman,NONE,0,Satyparkash,Chandgi Ram,0,0,Unreserved,latin,,2211,Rewari.pdf
Rewari,Jatusana,29,Jiwara,SC Other than Woman,SC,0,Mahender,Tara Chand,0,0,Schedule Cast,latin,,2211,Rewari.pdf
Rewari,Jatusana,30,Kahari,SC Woman,SC,1,Mamta Devi,Salesh Kumar,0,0,Schedule Cast Women,latin,,2211,Rewari.pdf
Rewari,Jatusana,31,Kanhora,Other than Woman,NONE,0,Maan Singh,Ranjit Singh,0,0,Unreserved,latin,,2211,Rewari.pdf
Rewari,Jatusana,32,Kanhori,Other than Woman,NONE,0,Parveen Kumar,Amar Singh,0,0,Unreserved,latin,,2211,Rewari.pdf
Rewari,Jatusana,33,Kanwali,Other than Woman,NONE,0,Amit,Arun Chand,0,0,Unreserved,latin,,2211,Rewari.pdf
Rewari,Jatusana,34,Karawara Mankpur,Other than Woman,NONE,0,Raja Ram,Nand Ram,0,0,Unreserved,latin,,2211,Rewari.pdf
Rewari,Jatusana,35,Khera Alampur,Other than Woman,NONE,0,Birender Singh,Nanad Ram,0,0,Unreserved,latin,,2211,Rewari.pdf
Rewari,Jatusana,36,Kumrodha,Other than Woman,NONE,0,Annu Devi,Dhrampal,0,0,Unreserved,latin,,2211,Rewari.pdf
Rewari,Jatusana,37,Kushpura,Woman,NONE,1,Sanju Devi,Ram Niwas,0,0,Women,latin,,2211,Rewari.pdf
Rewari,Jatusana,38,Lala,SC Woman,SC,1,Poonam Devi,Anil Kumar,0,0,Schedule Cast Women,latin,,2211,Rewari.pdf
Rewari,Jatusana,39,Lishan,Woman,NONE,1,Sangita Devi,Jilajeet,0,0,Women,latin,,2211,Rewari.pdf
Rewari,Jatusana,40,Mandia Khurd,Other than Woman,NONE,0,Dheeraj Singh,Jagdish Chand,0,0,Unreserved,latin,,2211,Rewari.pdf
Rewari,Jatusana,41,Masit,Other than Woman,NONE,0,Krishan Dev,Hiralal,0,0,Unreserved,latin,,2211,Rewari.pdf
Rewari,Jatusana,42,Mastapur,Other than Woman,NONE,0,Satbir Singh,Harphool Singh,0,0,Unreserved,latin,,2211,Rewari.pdf
Rewari,Jatusana,43,Mohdinpur,Other than Woman,NONE,0,Sudesh Kumar,Bahadur Singh,0,0,Unreserved,latin,,2211,Rewari.pdf
Rewari,Jatusana,44,Motla Kalan,Other than Woman,NONE,0,Chander,Ganpat,0,0,Unreserved,latin,,2211,Rewari.pdf
Rewari,Jatusana,45,Motla Khurd,Woman,NONE,1,Anita,Dharmender,0,0,Women,latin,,2211,Rewari.pdf
Rewari,Jatusana,46,Murlipur,Woman,NONE,1,Kanta Devi,Bhopal Singh,0,0,Women,latin,,2211,Rewari.pdf
Rewari,Jatusana,47,Musepur,Woman,NONE,1,Jaganti,Suren Yadav,0,0,Women,latin,,2211,Rewari.pdf
Rewari,Jatusana,48,Nainsukhpura,Woman,NONE,1,Kanta Devi,Manoj Kumar,0,0,Women,latin,,2211,Rewari.pdf
Rewari,Jatusana,49,Nangal Mundi,SC Other than Woman,SC,0,Ram Singh,Mange Ram,0,0,Schedule Cast,latin,,2211,Rewari.pdf
Rewari,Jatusana,50,Nangal Pathani,SC Woman,SC,1,Savita Devi,Dinesh Kumar,0,0,Schedule Cast Women,latin,,2211,Rewari.pdf
Rewari,Jatusana,51,Nanglia Ranmokh,Other than Woman,NONE,0,Abhay Singh,Ram Narayan,0,0,Unreserved,latin,,2211,Rewari.pdf
Rewari,Jatusana,52,Paharajwas,Other than Woman,NONE,0,Ashok Kumar,Ramanand,0,0,Unreserved,latin,,2211,Rewari.pdf
Rewari,Jatusana,53,Palhawas,Other than Woman,NONE,0,Dharmender,Dharmpal,0,0,Unreserved,latin,,2211,Rewari.pdf
Rewari,Jatusana,54,Parkhotampur,Other than Woman,NONE,0,Mukesh Kumar,Manohar Lal,0,0,Unreserved,latin,,2211,Rewari.pdf
Rewari,Jatusana,55,Qutubpuri Bujarg,Other than Woman,NONE,0,Sunil Kumar,Gajraj Singh,0,0,Unreserved,latin,,2211,Rewari.pdf
Rewari,Jatusana,56,Rampuri,SC Other than Woman,SC,0,Balwan,Nanar,0,0,Schedule Cast,latin,,2211,Rewari.pdf
Rewari,Jatusana,57,Rajawas,SC Woman,SC,1,Sushila,Kanwar Singh,0,0,Schedule Cast Women,latin,,2211,Rewari.pdf
Rewari,Jatusana,58,Rasuli,Other than Woman,NONE,0,Narender,Sultan Singh,0,0,Unreserved,latin,,2211,Rewari.pdf
Rewari,Jatusana,59,Rohrai,Woman,NONE,1,Kavita,Ajay Kumar,0,0,Women,latin,,2211,Rewari.pdf
Rewari,Jatusana,60,Rojhuwas,Other than Woman,NONE,0,Pardeep,Ajit Singh,0,0,Unreserved,latin,,2211,Rewari.pdf
Rewari,Jatusana,61,Shadipur,Other than Woman,NONE,0,Tekchand,Mukhtayar Singh,0,0,Unreserved,latin,,2211,Rewari.pdf
Rewari,Jatusana,62,Sihas,SC Other than Woman,SC,0,Saroop Chand,Baluram,0,0,Schedule Cast,latin,,2211,Rewari.pdf
Rewari,Jatusana,63,Suma Khera,Woman,NONE,1,Urmila,Inder Singh,0,0,Women,latin,,2211,Rewari.pdf
Rewari,Jatusana,64,Tehana Depalpur,Other than Woman,NONE,0,Abhilash,Satvir Singh,0,0,Unreserved,latin,,2211,Rewari.pdf
Rewari,Khol,1,Ahrod,Other than Woman,NONE,0,Rajender singh,Amar singh,0,0,Unreserved,latin,,2213,Rewari.pdf
Rewari,Khol,2,Aliawas,Other than Woman,NONE,0,Satyanarain,Chandan Singh,0,0,Unreserved,latin,,2213,Rewari.pdf
Rewari,Khol,3,Balwari,Woman,NONE,1,Rekha,Gopal,0,0,Women,latin,,2213,Rewari.pdf
Rewari,Khol,4,Basdudha,Other than Woman,NONE,0,Pooja devi,Ravi kumar,0,0,Unreserved,latin,,2213,Rewari.pdf
Rewari,Khol,5,Bass,Other than Woman,NONE,0,Gulshan,Lila Ram,0,0,Unreserved,latin,,2213,Rewari.pdf
Rewari,Khol,6,Bawana Gujjar,Other than Woman,NONE,0,Abhay singh,Ganpat singh,0,0,Unreserved,latin,,2213,Rewari.pdf
Rewari,Khol,7,Bhalkhi,SC Other than Woman,SC,0,Raj singh,Ramsingh,0,0,Schedule Caste,latin,,2213,Rewari.pdf
Rewari,Khol,8,Bhandor,Woman,NONE,1,Ramkalan,Omparkash,0,0,Women,latin,,2213,Rewari.pdf
Rewari,Khol,9,Bhatera,Other than Woman,NONE,0,Anil kumar,Lakhpat singh,0,0,Unreserved,latin,,2213,Rewari.pdf
Rewari,Khol,10,Bhotwas Ahir,Other than Woman,NONE,0,Mahesh kumar,Parmal Singh,0,0,Unreserved,latin,,2213,Rewari.pdf
Rewari,Khol,11,Bitori,Woman,NONE,1,Ravina,Devender Singh,0,0,Women,latin,,2213,Rewari.pdf
Rewari,Khol,12,Bohka,SC Other than Woman,SC,0,Yadram,Murlidhar,0,0,Schedule Caste,latin,,2213,Rewari.pdf
Rewari,Khol,13,Buroli,Other than Woman,NONE,0,Jai kumar,Hoshiar singh,0,0,Unreserved,latin,,2213,Rewari.pdf
Rewari,Khol,14,Chimnawas,SC Woman,SC,1,Monika,Omparkash,0,0,Schedule Caste (Women),latin,,2213,Rewari.pdf
Rewari,Khol,15,Chitadungra,Other than Woman,NONE,0,Ramphal,Ramkumar,0,0,Unreserved,latin,,2213,Rewari.pdf
Rewari,Khol,16,Dhamlawas,SC Other than Woman,SC,0,Jagdish Chander,Bhula Ram,0,0,Schedule Caste,latin,,2213,Rewari.pdf
Rewari,Khol,17,Dhani santo,Other than Woman,NONE,0,Sumer singh,Hari singh,0,0,Unreserved,latin,,2213,Rewari.pdf
Rewari,Khol,18,Dhani Sobha,Woman,NONE,1,Suman Devi,Devender,0,0,Women,latin,,2213,Rewari.pdf
Rewari,Khol,19,Dhani Thethar bad,Other than Woman,NONE,0,Parishat,Ghisha Singh,0,0,Unreserved,latin,,2213,Rewari.pdf
Rewari,Khol,20,DhaniSundroj,SC Other than Woman,SC,0,Rajesh kumar,Ramesh Kumar,0,0,Schedule Caste,latin,,2213,Rewari.pdf
Rewari,Khol,21,Dhawana,SC Woman,SC,1,Santosh,Bir singh,0,0,Schedule Caste (Women),latin,,2213,Rewari.pdf
Rewari,Khol,22,Goliyaka,Other than Woman,NONE,0,Shiv singh,Banwari lal,0,0,Unreserved,latin,,2213,Rewari.pdf
Rewari,Khol,23,Gothra tappa khori,SC Other than Woman,SC,0,Ravipal singh,Hoishar singh,0,0,Schedule Caste,latin,,2213,Rewari.pdf
Rewari,Khol,24,Gumina,Other than Woman,NONE,0,Nisha,Annand singh,0,0,Unreserved,latin,,2213,Rewari.pdf
Rewari,Khol,25,Harjipur,Other than Woman,NONE,0,Prem Parkash,Moti lal,0,0,Unreserved,latin,,2213,Rewari.pdf
Rewari,Khol,26,Khaleta,Other than Woman,NONE,0,Satyaroop,Nand lal,0,0,Unreserved,latin,,2213,Rewari.pdf
Rewari,Khol,27,Khol,Other than Woman,NONE,0,Rampal singh,Bagirat singh,0,0,Unreserved,latin,,2213,Rewari.pdf
Rewari,Khol,28,Khori,Woman,NONE,1,Pooja Sharma,Krishan Kumar,0,0,Women,latin,,2213,Rewari.pdf
Rewari,Khol,29,Kolana,Other than Woman,NONE,0,Manoj kumar,Omperkash,0,0,Unreserved,latin,,2213,Rewari.pdf
Rewari,Khol,30,Kund,Woman,NONE,1,Sonia Gupta,Pardeep narain,0,0,Women,latin,,2213,Rewari.pdf
Rewari,Khol,31,Kundal,Other than Woman,NONE,0,Laxmi,Deepak,0,0,Unreserved,latin,,2213,Rewari.pdf
Rewari,Khol,32,Luhana,Woman,NONE,1,Rajdulari,Mool Chand,0,0,Women,latin,,2213,Rewari.pdf
Rewari,Khol,33,Mailawas,Woman,NONE,1,Shashi kalan,Desh RaJ,0,0,Women,latin,,2213,Rewari.pdf
Rewari,Khol,34,Majra Mu Bhalkhi,SC Other than Woman,SC,0,Desh Raj,Lala Ram,0,0,Schedule Caste,latin,,2213,Rewari.pdf
Rewari,Khol,35,Mamria Ahir,Other than Woman,NONE,0,Parmila,Sanjay,0,0,Unreserved,latin,,2213,Rewari.pdf
Rewari,Khol,36,Mamria Ashampur,Woman,NONE,1,Manoj kumari,Mahavir Singh,0,0,Women,latin,,2213,Rewari.pdf
Rewari,Khol,37,Mamria Thethar,SC Other than Woman,SC,0,Poonam,Neeraj,0,0,Schedule Caste,latin,,2213,Rewari.pdf
Rewari,Khol,38,Mandola,Other than Woman,NONE,0,Manoj Kumar,Surender Singh,0,0,Unreserved,latin,,2213,Rewari.pdf
Rewari,Khol,39,Manethi,Other than Woman,NONE,0,Sheo Taj,Harsawroop,0,0,Unreserved,latin,,2213,Rewari.pdf
Rewari,Khol,40,Mayan,Other than Woman,NONE,0,Ravinder kumar,Jagrattan,0,0,Unreserved,latin,,2213,Rewari.pdf
Rewari,Khol,41,Mundi,Woman,NONE,1,Sunita,Kamal Singh,0,0,Women,latin,,2213,Rewari.pdf
Rewari,Khol,42,Nandha,Woman,NONE,1,Lakhan devi,Sukhpal,0,0,Women,latin,,2213,Rewari.pdf
Rewari,Khol,43,Nangal jamalpur,Other than Woman,NONE,0,Hanuman prashad,Tirkha ram,0,0,Unreserved,latin,,2213,Rewari.pdf
Rewari,Khol,44,Nimoth,Other than Woman,NONE,0,Sataywan,Gopi Ram,0,0,Unreserved,latin,,2213,Rewari.pdf
Rewari,Khol,45,Pali,SC Other than Woman,SC,0,Manju Devi,Shamsher Singh,0,0,Schedule Caste,latin,,2213,Rewari.pdf
Rewari,Khol,46,Paranpura,Woman,NONE,1,Saroj Devi,Anil kumar,0,0,Women,latin,,2213,Rewari.pdf
Rewari,Khol,47,Parla,Woman,NONE,1,Rachna devi,Amar pal,0,0,Women,latin,,2213,Rewari.pdf
Rewari,Khol,49,Punsika,SC Other than Woman,SC,0,Bhupender,Amilal,0,0,Schedule Caste,latin,,2213,Rewari.pdf
Rewari,Khol,50,Rajiyaka,Woman,NONE,1,Neha Yadav,Ashwani Kumar,0,0,Women,latin,,2213,Rewari.pdf
Rewari,Khol,51,Rajpura Istmurar,Other than Woman,NONE,0,Harish kumar,Mahender singh,0,0,Unreserved,latin,,2213,Rewari.pdf
Rewari,Khol,52,Roliawas,Woman,NONE,1,Kamlesh Devi,Ajit singh,0,0,Women,latin,,2213,Rewari.pdf
Rewari,Khol,53,Sahabajpur Istmurar,Other than Woman,NONE,0,Ranveer Singh,Jainarain,0,0,Unreserved,latin,,2213,Rewari.pdf
Rewari,Khol,54,Siha,Other than Woman,NONE,0,Rajender,Shiv chand,0,0,Unreserved,latin,,2213,Rewari.pdf
Rewari,Khol,55,Sundroj,Woman,NONE,1,Gargi,Vijay Pal,0,0,Women,latin,,2213,Rewari.pdf
Rewari,Khol,56,Tint,Other than Woman,NONE,0,Samay Singh,Kanwer Singh,0,0,Unreserved,latin,,2213,Rewari.pdf
Rewari,Khol,57,Uncha,Other than Woman,NONE,0,Prem Kumar,Hoishar singh,0,0,Unreserved,latin,,2213,Rewari.pdf
Rewari,Khol,58,Zainabad,SC Other than Woman,SC,0,Gopi Chand,Roop Chand,0,0,Schedule Caste,latin,,2213,Rewari.pdf
Rewari,Nahar,1,Ahmadpur Partal,Other than Woman,NONE,0,Dharambeer,Deen Dyal,0,0,Unreserved,latin,,2215,Rewari.pdf
Rewari,Nahar,2,Bahala,SC Other than Woman,SC,0,Kashmira Devi,Prem Singh,0,0,Schedule Caste,latin,,2215,Rewari.pdf
Rewari,Nahar,3,Bass,SC Other than Woman,SC,0,Ram Pal,Parbhu Ram,0,0,Schedule Caste,latin,,2215,Rewari.pdf
Rewari,Nahar,4,Bawwa,SC Woman,SC,1,Sanjog,Darshan Kumar,0,0,Schedule Caste (Women),latin,,2215,Rewari.pdf
Rewari,Nahar,5,Bhakli-1,SC Other than Woman,SC,0,Ruksena,Udai Singh,0,0,Schedule Caste,latin,,2215,Rewari.pdf
Rewari,Nahar,6,Bhakli-2,Other than Woman,NONE,0,Hari Om,Amilal,0,0,Unreserved,latin,,2215,Rewari.pdf
Rewari,Nahar,7,Bharampur,Other than Woman,NONE,0,Kiror Pati,Lilu Ram,0,0,Unreserved,latin,,2215,Rewari.pdf
Rewari,Nahar,8,Bharangi,Woman,NONE,1,Rekha Devi,Devender Kumar,0,0,Women,latin,,2215,Rewari.pdf
Rewari,Nahar,9,Bhurthala,SC Other than Woman,SC,0,Tarachand,Sheoji Ram,0,0,Schedule Caste,latin,,2215,Rewari.pdf
Rewari,Nahar,10,Bishowa,Other than Woman,NONE,0,Sushila Bai,Yashwant Kumar,0,0,Unreserved,latin,,2215,Rewari.pdf
Rewari,Nahar,11,Chhawa,Other than Woman,NONE,0,Krishan Kumar,Mangtu Ram,0,0,Unreserved,latin,,2215,Rewari.pdf
Rewari,Nahar,12,Garhi,Woman,NONE,1,Sonu Parjapat,Hawa Singh,0,0,Women,latin,,2215,Rewari.pdf
Rewari,Nahar,13,Gudiani,Other than Woman,NONE,0,Manoj Kumar,Pyare Lal,0,0,Unreserved,latin,,2215,Rewari.pdf
Rewari,Nahar,14,Gugodh,SC Other than Woman,SC,0,Krishan Kumar,Rai Singh,0,0,Schedule Caste,latin,,2215,Rewari.pdf
Rewari,Nahar,15,Gujarwas,Woman,NONE,1,Suman Devi,Sanjay Kumar,0,0,Women,latin,,2215,Rewari.pdf
Rewari,Nahar,16,Jahidpur,Woman,NONE,1,Khushwant Devi,Vijay Kumar,1,0,Women,latin,,2215,Rewari.pdf
Rewari,Nahar,17,Jakhala,Other than Woman,NONE,0,Yash Pal,Hira Singh,0,0,Unreserved,latin,,2215,Rewari.pdf
Rewari,Nahar,18,Jhal,Other than Woman,NONE,0,Dushyant Kumar,Rajender Singh,0,0,Unreserved,latin,,2215,Rewari.pdf
Rewari,Nahar,19,Jharoda,Woman,NONE,1,Sneh Lata,Ram Bilash,0,0,Women,latin,,2215,Rewari.pdf
Rewari,Nahar,20,Jholari,Other than Woman,NONE,0,Jallal,Khubiram,0,0,Unreserved,latin,,2215,Rewari.pdf
Rewari,Nahar,21,Juddi,Other than Woman,NONE,0,Rajender Singh,Mangal Ram,0,0,Unreserved,latin,,2215,Rewari.pdf
Rewari,Nahar,22,Kanharwas,Other than Woman,NONE,0,Surender Singh,Partap Singh,0,0,Unreserved,latin,,2215,Rewari.pdf
Rewari,Nahar,23,Karoli,SC Other than Woman,SC,0,Rampal,Sadhuram,0,0,Schedule Caste,latin,,2215,Rewari.pdf
Rewari,Nahar,24,Kheri Ramgarh,Other than Woman,NONE,0,Anil Kumar,Ameer Singh,0,0,Unreserved,latin,,2215,Rewari.pdf
Rewari,Nahar,25,Khurshid Nagar,Woman,NONE,1,Hemlata,Dharmraj,0,0,Women,latin,,2215,Rewari.pdf
Rewari,Nahar,26,Koharar,Other than Woman,NONE,0,Sandeep,Ran Singh,0,0,Unreserved,latin,,2215,Rewari.pdf
Rewari,Nahar,27,Kosli,SC Other than Woman,SC,0,Balwan Singh,Charan Singh,0,0,Schedule Caste,latin,,2215,Rewari.pdf
Rewari,Nahar,28,Lilodh,Woman,NONE,1,Laxmi Yadav,Vinod Kumar,0,0,Women,latin,,2215,Rewari.pdf
Rewari,Nahar,29,Lukhi,Other than Woman,NONE,0,Chander Has,Gyani Ram,0,0,Unreserved,latin,,2215,Rewari.pdf
Rewari,Nahar,30,Lula Ahir,Other than Woman,NONE,0,Virender Singh,Atar Singh,0,0,Unreserved,latin,,2215,Rewari.pdf
Rewari,Nahar,31,Mumtajpur,Other than Woman,NONE,0,Keerat Singh,Kanheya Lal,0,0,Unreserved,latin,,2215,Rewari.pdf
Rewari,Nahar,32,Mundra,Other than Woman,NONE,0,Vikash,Ramehar,0,0,Unreserved,latin,,2215,Rewari.pdf
Rewari,Nahar,33,Nahar,Other than Woman,NONE,0,Pardeep Kumar,Sube Singh,0,0,Unreserved,latin,,2215,Rewari.pdf
Rewari,Nahar,34,Nangal Bhagwanpur,Other than Woman,NONE,0,Surat Singh,Hira Lal,0,0,Unreserved,latin,,2215,Rewari.pdf
Rewari,Nahar,35,Nathera,Woman,NONE,1,Sarita Devi,Hemant,0,0,Women,latin,,2215,Rewari.pdf
Rewari,Nahar,36,Naya Gaon,SC Woman,SC,1,Sarita,Amit Kumar,0,0,Schedule Caste (Women),latin,,2215,Rewari.pdf
Rewari,Nahar,37,Nehrugarh,Other than Woman,NONE,0,Rakesh Kumar,Om Parkash,0,0,Unreserved,latin,,2215,Rewari.pdf
Rewari,Nahar,38,Rattanthal,Other than Woman,NONE,0,Jai Bhagwan,Pushpender Singh,0,0,Unreserved,latin,,2215,Rewari.pdf
Rewari,Nahar,39,Shadat Nagar,Woman,NONE,1,Roshni Devi,Taj Singh Yadav,0,0,Women,latin,,2215,Rewari.pdf
Rewari,Nahar,40,Shadipur Bhuriwas,Other than Woman,NONE,0,Abhay Singh,Kishan Lal,0,0,Unreserved,latin,,2215,Rewari.pdf
Rewari,Nahar,41,Shyam Nagar,Woman,NONE,1,Anita,Vikrant,0,0,Women,latin,,2215,Rewari.pdf
Rewari,Nahar,42,Sudhrana,Other than Woman,NONE,0,Braham Dutt,Dhani Ram,0,0,Unreserved,latin,,2215,Rewari.pdf
Rewari,Nahar,43,Surheli,Woman,NONE,1,Anju Bala,Kuldeep,0,0,Women,latin,,2215,Rewari.pdf
Rewari,Nahar,44,Surkhpur,Woman,NONE,1,Poonam Kumari,Billu Yadav,0,0,Women,latin,,2215,Rewari.pdf
Rewari,Nahar,45,Tumana,Other than Woman,NONE,0,Chand Singh,Durga Ram,0,0,Unreserved,latin,,2215,Rewari.pdf
Rewari,Nahar,46,Ushmapur,Other than Woman,NONE,0,Harinder,Budhram,0,0,Unreserved,latin,,2215,Rewari.pdf
Rewari,Rewari,1,Aakera,Other than Woman,NONE,0,Prem Kumar,Dharam Singh,0,0,Unreserved,latin,,2217,Rewari.pdf
Rewari,Rewari,2,Akbarpur,Woman,NONE,1,Mamta,Hiralal,0,0,Women,latin,,2217,Rewari.pdf
Rewari,Rewari,3,Alawalpur,Woman,NONE,1,Urmila,Surender,0,0,Women,latin,,2217,Rewari.pdf
Rewari,Rewari,4,Balawas Ahir,Other than Woman,NONE,0,Ranvir Singh,Lal Singh,0,0,Unreserved,latin,,2217,Rewari.pdf
Rewari,Rewari,5,Baliar Kalan,Other than Woman,NONE,0,Manoj Kumar,Deen Dayal,0,0,Unreserved,latin,,2217,Rewari.pdf
Rewari,Rewari,6,Baliar Khurd,Other than Woman,NONE,0,Suraj Singh,Mangtu Ram,0,0,Unreserved,latin,,2217,Rewari.pdf
Rewari,Rewari,7,Bamber,SC Woman,SC,1,Sunita Devi,Surender Singh,0,0,Schedule Caste (Women),latin,,2217,Rewari.pdf
Rewari,Rewari,8,Bariawas,Other than Woman,NONE,0,Sarla Devi,Kanwar Singh,0,0,Unreserved,latin,,2217,Rewari.pdf
Rewari,Rewari,9,Bhagwanpur,SC Other than Woman,SC,0,Kartar Singh,Lal Singh,0,0,Schedule Caste,latin,,2217,Rewari.pdf
Rewari,Rewari,10,Bharawas,SC Other than Woman,SC,0,Kaluram,Lahri,0,0,Schedule Caste,latin,,2217,Rewari.pdf
Rewari,Rewari,11,Bhatsana,Other than Woman,NONE,0,Yudhisthar,Lal Singh,0,0,Unreserved,latin,,2217,Rewari.pdf
Rewari,Rewari,12,Bhudpur,Other than Woman,NONE,0,Hukam Singh,Sheotaj Singh,0,0,Unreserved,latin,,2217,Rewari.pdf
Rewari,Rewari,13,Bhurthal Jat,Other than Woman,NONE,0,Shishpal,Rajender,0,0,Unreserved,latin,,2217,Rewari.pdf
Rewari,Rewari,14,Bikaner,Woman,NONE,1,Pinki,Karan Singh,0,0,Women,latin,,2217,Rewari.pdf
Rewari,Rewari,15,Bithwana,Woman,NONE,1,Sharmila,Anil Kumar,0,0,Women,latin,,2217,Rewari.pdf
Rewari,Rewari,16,Budana,Woman,NONE,1,Mukesh,Randeep,0,0,Women,latin,,2217,Rewari.pdf
Rewari,Rewari,17,Budani,SC Woman,SC,1,Reena Devi,Suresh Kumar,0,0,Schedule Caste (Women),latin,,2217,Rewari.pdf
Rewari,Rewari,18,Chandawas,Other than Woman,NONE,0,Sarjeet,Tirkharam,0,0,Unreserved,latin,,2217,Rewari.pdf
Rewari,Rewari,19,Chhuriawas,Woman,NONE,1,Rekha Sharma,Sandeep Kumar,0,0,Women,latin,,2217,Rewari.pdf
Rewari,Rewari,20,Chillar,Other than Woman,NONE,0,Balram,Ramkuwar,0,0,Unreserved,latin,,2217,Rewari.pdf
Rewari,Rewari,21,Dabri,Woman,NONE,1,Jyoti Devi,Vinod Kumar,0,0,Women,latin,,2217,Rewari.pdf
Rewari,Rewari,22,Daliaki,Woman,NONE,1,Jyoti Kumari,Mahender Singh,0,0,Women,latin,,2217,Rewari.pdf
Rewari,Rewari,23,Devlawas,Woman,NONE,1,Sumitra,Jile Singh,0,0,Women,latin,,2217,Rewari.pdf
Rewari,Rewari,24,Dhakia,Other than Woman,NONE,0,Sunil Kumar,Jhabar Singh,0,0,Unreserved,latin,,2217,Rewari.pdf
Rewari,Rewari,25,Dhaliawas,SC Woman,SC,1,Kanta,Om Parkash,0,0,Schedule Caste (Women),latin,,2217,Rewari.pdf
Rewari,Rewari,26,Dohki,Other than Woman,NONE,0,Renu,Kuldeep,0,0,Unreserved,latin,,2217,Rewari.pdf
Rewari,Rewari,27,Dungarwas,Woman,NONE,1,Suman Devi,Suresh Kumar,0,0,Women,latin,,2217,Rewari.pdf
Rewari,Rewari,28,Fadni,Other than Woman,NONE,0,Jitender,Prahlad,0,0,Unreserved,latin,,2217,Rewari.pdf
Rewari,Rewari,29,Fideri,Other than Woman,NONE,0,Rajender Singh,Ganga Parsad,0,0,Unreserved,latin,,2217,Rewari.pdf
Rewari,Rewari,30,Gangaycha Ahir,Other than Woman,NONE,0,Sushila,Mansa Ram,0,0,Unreserved,latin,,2217,Rewari.pdf
Rewari,Rewari,31,Gangaycha Jat,Other than Woman,NONE,0,Amrit Singh,Ramesh Chand,0,0,Unreserved,latin,,2217,Rewari.pdf
Rewari,Rewari,32,Garhi Alawalpur,SC Other than Woman,SC,0,Tejpal,Mangat Ram,0,0,Schedule Caste,latin,,2217,Rewari.pdf
Rewari,Rewari,33,Ghatal Mahaniawas,Other than Woman,NONE,0,Manju,Bharat Singh Tongar,0,0,Unreserved,latin,,2217,Rewari.pdf
Rewari,Rewari,34,Ghurkawas,Other than Woman,NONE,0,Yudishtra,Ramphal,0,0,Unreserved,latin,,2217,Rewari.pdf
Rewari,Rewari,35,Gindokhar,Other than Woman,NONE,0,Pardeep Kumar,Abhay Singh,0,0,Unreserved,latin,,2217,Rewari.pdf
Rewari,Rewari,36,Gokal Garh,Woman,NONE,1,Sunita Devi,Suresh,0,0,Women,latin,,2217,Rewari.pdf
Rewari,Rewari,37,Gokalpur,Other than Woman,NONE,0,Surender Singh,Lila Ram,0,0,Unreserved,latin,,2217,Rewari.pdf
Rewari,Rewari,38,Hansaka,SC Other than Woman,SC,0,Anju,Prem Parkash,0,0,Schedule Caste,latin,,2217,Rewari.pdf
Rewari,Rewari,39,Husainpur,Other than Woman,NONE,0,Anand Yadav,Sarjeet Singh,0,0,Unreserved,latin,,2217,Rewari.pdf
Rewari,Rewari,40,Jadra,Other than Woman,NONE,0,Krishanswaroop,Prahlad Singh,0,0,Unreserved,latin,,2217,Rewari.pdf
Rewari,Rewari,41,Jaitpur Shekhpur,Other than Woman,NONE,0,Mukesh Kumar,Lakhi Ram,0,0,Unreserved,latin,,2217,Rewari.pdf
Rewari,Rewari,42,Jaitrawas,Other than Woman,NONE,0,Sunil Kumar,Dharmbir Singh,0,0,Unreserved,latin,,2217,Rewari.pdf
Rewari,Rewari,43,Jant Sairwas,Woman,NONE,1,Kavita Devi,Shri Bhagwan,0,0,Women,latin,,2217,Rewari.pdf
Rewari,Rewari,44,Janti,Other than Woman,NONE,0,Parminder Singh,Jawaharlal,0,0,Unreserved,latin,,2217,Rewari.pdf
Rewari,Rewari,45,Jatuwas,SC Other than Woman,SC,0,Makhan,Ram Lal,0,0,Schedule Caste,latin,,2217,Rewari.pdf
Rewari,Rewari,46,Jitpur Istmurar,SC Other than Woman,SC,0,Rakesh Kumar,Kanhiyalal,0,0,Schedule Caste,latin,,2217,Rewari.pdf
Rewari,Rewari,47,Jonawas,SC Woman,SC,1,Chanchal Devi,Rajpal,0,0,Schedule Caste (Women),latin,,2217,Rewari.pdf
Rewari,Rewari,48,Joniawas,SC Woman,SC,1,Pooja,Parmod,0,0,Schedule Caste (Women),latin,,2217,Rewari.pdf
Rewari,Rewari,49,Kakoria,Woman,NONE,1,Jyoti Yadav,Bhupender Singh,0,0,Women,latin,,2217,Rewari.pdf
Rewari,Rewari,50,Kalaka,Woman,NONE,1,Munesh Kumari,Rajbir Singh,0,0,Women,latin,,2217,Rewari.pdf
Rewari,Rewari,51,Kaluwas,Woman,NONE,1,Manju Bala,Jaipal,0,0,Women,latin,,2217,Rewari.pdf
Rewari,Rewari,52,Kamalpur,Other than Woman,NONE,0,Satish Kumar,Dhan Singh,0,0,Unreserved,latin,,2217,Rewari.pdf
Rewari,Rewari,53,Kapriwas,SC Other than Woman,SC,0,Rajkumar,Surat Singh,0,0,Schedule Caste,latin,,2217,Rewari.pdf
Rewari,Rewari,54,Karnawas,Other than Woman,NONE,0,Subhash Chand,Kundan Lal,0,0,Unreserved,latin,,2217,Rewari.pdf
Rewari,Rewari,55,Konsiwas,Woman,NONE,1,Saroj,Rajesh Yadav,0,0,Women,latin,,2217,Rewari.pdf
Rewari,Rewari,56,Khaliawas,Other than Woman,NONE,0,Ravinder Singh,Rohtash,0,0,Unreserved,latin,,2217,Rewari.pdf
Rewari,Rewari,57,Khalil Puri,Other than Woman,NONE,0,Omparkash,Sultan Singh,0,0,Unreserved,latin,,2217,Rewari.pdf
Rewari,Rewari,58,Kharagwas,Other than Woman,NONE,0,Amilal,Shiv Lal,0,0,Unreserved,latin,,2217,Rewari.pdf
Rewari,Rewari,59,Kharkhara,SC Other than Woman,SC,0,Rampal,Matadin,0,0,Schedule Caste,latin,,2217,Rewari.pdf
Rewari,Rewari,60,Kharsanki,Other than Woman,NONE,0,Sunil Kumar,Diwan Singh,0,0,Unreserved,latin,,2217,Rewari.pdf
Rewari,Rewari,61,Khatawali,Other than Woman,NONE,0,Umesh Kumar,Gyasi Ram,0,0,Unreserved,latin,,2217,Rewari.pdf
Rewari,Rewari,62,Khijuri,Woman,NONE,1,Promila,Mukesh Kumar,0,0,Women,latin,,2217,Rewari.pdf
Rewari,Rewari,63,Kishangarh,Woman,NONE,1,Anju,Jai Bhagwan,0,0,Women,latin,,2217,Rewari.pdf
Rewari,Rewari,64,Ladhuwas Ahir,SC Woman,SC,1,Sweeti,Dinesh Kumar,0,0,Schedule Caste (Women),latin,,2217,Rewari.pdf
Rewari,Rewari,65,Lakhnor,Other than Woman,NONE,0,Pohap Singh,Shri Bhadur Singh,0,0,Unreserved,latin,,2217,Rewari.pdf
Rewari,Rewari,66,Lisana,Other than Woman,NONE,0,Jitender,Jagdev,0,0,Unreserved,latin,,2217,Rewari.pdf
Rewari,Rewari,67,Maheshwari,Other than Woman,NONE,0,Joginder Singh,Mahender Singh,0,0,Unreserved,latin,,2217,Rewari.pdf
Rewari,Rewari,68,Majra Gurdas,Other than Woman,NONE,0,Ravinder Kumar,Nihal Singh,0,0,Unreserved,latin,,2217,Rewari.pdf
Rewari,Rewari,69,Majra- Sheoraj,Other than Woman,NONE,0,Ajit Kumar,Kawar Singh,0,0,Unreserved,latin,,2217,Rewari.pdf
Rewari,Rewari,70,Malahera,Other than Woman,NONE,0,Omparkash,Ganpat Singh,0,0,Unreserved,latin,,2217,Rewari.pdf
Rewari,Rewari,71,Malpura,Other than Woman,NONE,0,Malkhan Singh,Tej Singh,0,0,Unreserved,latin,,2217,Rewari.pdf
Rewari,Rewari,72,Mandhia Kalan,Woman,NONE,1,Neelam Devi,Birender Singh,0,0,Women,latin,,2217,Rewari.pdf
Rewari,Rewari,73,Masani,Other than Woman,NONE,0,Lala Ram,Bhagwan Singh,0,0,Unreserved,latin,,2217,Rewari.pdf
Rewari,Rewari,74,Meerpur,Other than Woman,NONE,0,Ashok Kumar,Jagpal Singh,0,0,Unreserved,latin,,2217,Rewari.pdf
Rewari,Rewari,75,Mundhalia,Woman,NONE,1,Pooja,Parveen,0,0,Women,latin,,2217,Rewari.pdf
Rewari,Rewari,76,Nandrampur Bas,Other than Woman,NONE,0,Rawat Singh,Suresh Chand,0,0,Unreserved,latin,,2217,Rewari.pdf
Rewari,Rewari,77,Nangli Godha,Other than Woman,NONE,0,Mukesh Kumar,Jai Singh,0,0,Unreserved,latin,,2217,Rewari.pdf
Rewari,Rewari,78,Narianpur,Other than Woman,NONE,0,Devender,Daljeet Singh,0,0,Unreserved,latin,,2217,Rewari.pdf
Rewari,Rewari,79,Naya Gaon,Woman,NONE,1,Mamta Yadav,Harish Kumar,0,0,Women,latin,,2217,Rewari.pdf
Rewari,Rewari,80,Niganiawas,Other than Woman,NONE,0,Kanwar Singh,Sawant Singh,0,0,Unreserved,latin,,2217,Rewari.pdf
Rewari,Rewari,81,Nikhri,Other than Woman,NONE,0,Kapildev,Kuldeep Singh,0,0,Unreserved,latin,,2217,Rewari.pdf
Rewari,Rewari,82,Padhiawas,Other than Woman,NONE,0,Ramesh Kumar,Kanwar Singh,0,0,Unreserved,latin,,2217,Rewari.pdf
Rewari,Rewari,83,Rajpura Alamgirpur,SC Other than Woman,SC,0,Ramesh Chander,Mam Chand,1,0,Schedule Caste,latin,,2217,Rewari.pdf
Rewari,Rewari,84,Rajpura Khalsa,Woman,NONE,1,Sashi Kalan,Raj Singh,0,0,Women,latin,,2217,Rewari.pdf
Rewari,Rewari,85,Ramgarh,SC Other than Woman,SC,0,Satyaparkash,Munni Lal,0,0,Schedule Caste,latin,,2217,Rewari.pdf
Rewari,Rewari,86,Rampura,Woman,NONE,1,Kavita Singh,Rao Ajit Singh,0,0,Women,latin,,2217,Rewari.pdf
Rewari,Rewari,87,Rasgan,Other than Woman,NONE,0,Suman Kumar,Jagram,0,0,Unreserved,latin,,2217,Rewari.pdf
Rewari,Rewari,88,Saharanwas,Woman,NONE,1,Aayushi Yadav,Abhimanyu Rao,0,0,Women,latin,,2217,Rewari.pdf
Rewari,Rewari,89,Shahbajpur Khalsa,SC Woman,SC,1,Geeta,Rajbeer,0,0,Schedule Caste (Women),latin,,2217,Rewari.pdf
Rewari,Rewari,90,Shekhpur Shikarpur,Other than Woman,NONE,0,Krishan Kumar,Vasu Dev,0,0,Unreserved,latin,,2217,Rewari.pdf
Rewari,Rewari,91,Sunaria,SC Other than Woman,SC,0,Mohan Singh,Mawasi Ram,0,0,Schedule Caste,latin,,2217,Rewari.pdf
Rewari,Rewari,92,Tatarpur Istmurar,Woman,NONE,1,Archana,Vineet Kumar,0,0,Women,latin,,2217,Rewari.pdf
Rewari,Rewari,93,Tatarpur Khalsa,SC Other than Woman,SC,0,Rakesh Kumar,Ganpat Ram,0,0,Schedule Caste,latin,,2217,Rewari.pdf
Rewari,Rewari,94,Thothwal,Other than Woman,NONE,0,Rajesh,Krishan,0,0,Unreserved,latin,,2217,Rewari.pdf
Rohtak,Kalanaur,1,Anwal,Other than Woman,NONE,0,Anil,Gurbachan Singh,0,0,Unreserved,latin,,2198,Rohtak.pdf
Rohtak,Kalanaur,2,Ballab,Other than Woman,NONE,0,Bijender Singh,Om Parkash,0,0,Unreserved,latin,,2198,Rohtak.pdf
Rohtak,Kalanaur,3,Baniyani,Other than Woman,NONE,0,Reema,Bansi Lal,0,0,Unreserved,latin,,2198,Rohtak.pdf
Rohtak,Kalanaur,4,Basana,Woman,NONE,1,Soni,Deepak Singh,0,0,Women,latin,,2198,Rohtak.pdf
Rohtak,Kalanaur,5,Bhali Anand Pur,SC Other than Woman,SC,0,Balraj Singh,Kapoor Singh,0,0,Scheduled Caste,latin,,2198,Rohtak.pdf
Rohtak,Kalanaur,6,Garhi Ballab,Woman,NONE,1,Krishana Devi,Shri Bhagwan,0,0,Women,latin,,2198,Rohtak.pdf
Rohtak,Kalanaur,7,Garnawathi,Other than Woman,NONE,0,Ved Pal,Sher Singh,0,0,Unreserved,latin,,2198,Rohtak.pdf
Rohtak,Kalanaur,8,Gudhan,SC Other than Woman,SC,0,Ashok,Mange Ram,0,0,Scheduled Caste,latin,,2198,Rohtak.pdf
Rohtak,Kalanaur,9,Jindran,Other than Woman,NONE,0,Balraj,Phool Singh,0,0,Unreserved,latin,,2198,Rohtak.pdf
Rohtak,Kalanaur,10,Kahnaur,Other than Woman,NONE,0,Amit,Shamsher Singh,0,0,Unreserved,latin,,2198,Rohtak.pdf
Rohtak,Kalanaur,11,Kakrana,Other than Woman,NONE,0,Hari Bhagwan,Suraj Bhan,0,0,Unreserved,latin,,2198,Rohtak.pdf
Rohtak,Kalanaur,12,Katesra,SC Woman,SC,1,Priyanka,Sunil Kumar,0,0,Scheduled Caste Woman,latin,,2198,Rohtak.pdf
Rohtak,Kalanaur,13,Kherari,Other than Woman,NONE,0,Bhupender,Muni Ram,0,0,Unreserved,latin,,2198,Rohtak.pdf
Rohtak,Kalanaur,14,Lahli,Woman,NONE,1,Renu,Ashok Kumar,0,0,Women,latin,,2198,Rohtak.pdf
Rohtak,Kalanaur,15,Marodhi Jattan,Woman,NONE,1,Saroj Bala,Jairaj,0,0,Women,latin,,2198,Rohtak.pdf
Rohtak,Kalanaur,16,Marodhi Rangran,Other than Woman,NONE,0,Neeraj,Raj Singh,0,0,Unreserved,latin,,2198,Rohtak.pdf
Rohtak,Kalanaur,17,Masudpur,Other than Woman,NONE,0,Naresh Kumar,Chandermann,0,0,Unreserved,latin,,2198,Rohtak.pdf
Rohtak,Kalanaur,18,Nigana,Woman,NONE,1,Monika,Rajesh,0,0,Women,latin,,2198,Rohtak.pdf
Rohtak,Kalanaur,19,Patwapur,Other than Woman,NONE,0,Rakesh Kumar,Rai Singh,0,0,Unreserved,latin,,2198,Rohtak.pdf
Rohtak,Kalanaur,20,Pilana,SC Woman,SC,1,Meenakshi,Ajit,0,0,Scheduled Caste (Women),latin,,2198,Rohtak.pdf
Rohtak,Kalanaur,21,Saimpal,Other than Woman,NONE,0,Ravinder Kumar,Rajender Parshad,0,0,Unreserved,latin,,2198,Rohtak.pdf
Rohtak,Kalanaur,22,Sangahera,Woman,NONE,1,Seema,Ram Avtar,0,0,Women,latin,,2198,Rohtak.pdf
Rohtak,Kalanaur,23,Sundana,SC Woman,SC,1,Kuldeep,Diwana,0,0,Scheduled Caste Women,latin,,2198,Rohtak.pdf
Rohtak,Kalanaur,24,Taimurpur,Other than Woman,NONE,0,Vinod Kumar,Om Parkash,0,0,Unreserved,latin,,2198,Rohtak.pdf
Rohtak,Lakhan Majra,1,Gugaheri,Woman,NONE,1,Renu Rani,Sandeep,0,0,Women,latin,,2200,Rohtak.pdf
Rohtak,Lakhan Majra,2,Kharak Jattan,Other than Woman,NONE,0,Savita,Jagbir,0,0,Unreserved,latin,,2200,Rohtak.pdf
Rohtak,Lakhan Majra,3,Chandi,Other than Woman,NONE,0,Amit Kumar,Gulshan Kumar,0,0,Unreserved,latin,,2200,Rohtak.pdf
Rohtak,Lakhan Majra,4,Indergarh,Woman,NONE,1,Sarita,Subhash,0,0,Women,latin,,2200,Rohtak.pdf
Rohtak,Lakhan Majra,5,Lakhan Majra,Woman,NONE,1,Soniya,Phool Singh,0,0,Women,latin,,2200,Rohtak.pdf
Rohtak,Lakhan Majra,6,Nandal,SC Other than Woman,SC,0,Anil Kumar,Satywan,0,0,Scheduled Caste,latin,,2200,Rohtak.pdf
Rohtak,Lakhan Majra,7,Kharainti,SC Woman,SC,1,Sushma,Ravi Dutt,0,0,Scheduled Caste (Women),latin,,2200,Rohtak.pdf
Rohtak,Lakhan Majra,8,Bainsi,Other than Woman,NONE,0,Krishan Lal,Sant Lal,0,0,Unreserved,latin,,2200,Rohtak.pdf
Rohtak,Lakhan Majra,9,Sunderpur,Other than Woman,NONE,0,Anil Nehra,Balwant Singh,0,0,Unreserved,latin,,2200,Rohtak.pdf
Rohtak,Lakhan Majra,10,Sisroli,Other than Woman,NONE,0,Sajjan Kumar,Hari Singh,0,0,Unreserved,latin,,2200,Rohtak.pdf
Rohtak,Lakhan Majra,11,Titoli,Woman,NONE,1,Parmila,Satyapal,0,0,Women,latin,,2200,Rohtak.pdf
Rohtak,Lakhan Majra,12,Chiri,SC Other than Woman,SC,0,Balkrishan,Hari Singh,0,0,Scheduled Caste,latin,,2200,Rohtak.pdf
Rohtak,Lakhan Majra,13,Gharawthi,Other than Woman,NONE,0,Darshana,Samunder,0,0,Unreserved,latin,,2200,Rohtak.pdf
Rohtak,Meham,1,Ajaib,Other than Woman,NONE,0,Samunder,Ramu,0,0,Unreserved,latin,,2202,Rohtak.pdf
Rohtak,Meham,2,Ajaib Khas,Woman,NONE,1,Manisha,Surender,0,0,Women,latin,,2202,Rohtak.pdf
Rohtak,Meham,3,Bahlba,Other than Woman,NONE,0,Manoj Kumar,Mahavir Singh,0,0,Unreserved,latin,,2202,Rohtak.pdf
Rohtak,Meham,4,Bahlba Bajan,Woman,NONE,1,Nirmala Devi,Sumer Singh,0,0,Women,latin,,2202,Rohtak.pdf
Rohtak,Meham,5,Bahlba Khas,Other than Woman,NONE,0,Samunder,Hawa Singh,0,0,Unreserved,latin,,2202,Rohtak.pdf
Rohtak,Meham,6,Bahlba Panri,Woman,NONE,1,Pinky,Ramraji,0,0,Women,latin,,2202,Rohtak.pdf
Rohtak,Meham,7,Bedwa,Other than Woman,NONE,0,Jagvinder Singh,Inder Singh,0,0,Unreserved,latin,,2202,Rohtak.pdf
Rohtak,Meham,8,Bhaini Bharon,Other than Woman,NONE,0,Rohtash,Dan Singh,0,0,Unreserved,latin,,2202,Rohtak.pdf
Rohtak,Meham,9,Bhaini Chanderpal,SC Woman,SC,1,Pinki,Rajesh Kumar,0,0,Scheduled Caste (Women),latin,,2202,Rohtak.pdf
Rohtak,Meham,10,Bhaini Maharajpur,Other than Woman,NONE,0,Shailender,Raghbir Singh,0,0,Unreserved,latin,,2202,Rohtak.pdf
Rohtak,Meham,11,Bhaini Mato,Woman,NONE,1,Anita,Bijender,0,0,Women,latin,,2202,Rohtak.pdf
Rohtak,Meham,12,Bhaini Surjan,Other than Woman,NONE,0,Ajay,Karambir,0,0,Unreserved,latin,,2202,Rohtak.pdf
Rohtak,Meham,13,Bharan Jindran,Other than Woman,NONE,0,Joginder Singh,Samer Singh,0,0,Unreserved,latin,,2202,Rohtak.pdf
Rohtak,Meham,14,Bharan Shekhupur Titri,Other than Woman,NONE,0,Karan Singh,Nathu Ram,0,0,Unreserved,latin,,2202,Rohtak.pdf
Rohtak,Meham,15,Farmana Badshahpur,Other than Woman,NONE,0,Ashish Kumar,Subash,0,0,Unreserved,latin,,2202,Rohtak.pdf
Rohtak,Meham,16,Farmana Khas,Woman,NONE,1,Poonam Devi,Sukhdeep,0,0,Women,latin,,2202,Rohtak.pdf
Rohtak,Meham,17,Gorawar,SC Other than Woman,SC,0,Om Parkash,Bilas Ram,0,0,Scheduled Caste,latin,,2202,Rohtak.pdf
Rohtak,Meham,18,Kharkara Bhikhlan,Woman,NONE,1,Parmila,Sanjay,0,0,Women,latin,,2202,Rohtak.pdf
Rohtak,Meham,19,Kharkara Chhajan,Other than Woman,NONE,0,Abhimanu,Ram Kisan,0,0,Unreserved,latin,,2202,Rohtak.pdf
Rohtak,Meham,20,Kheri Meham,Other than Woman,NONE,0,Sanjay,Umed Singh,0,0,Unreserved,latin,,2202,Rohtak.pdf
Rohtak,Meham,21,Krishangarh,Woman,NONE,1,Phoolpati,Naresh Kumar,0,0,Women,latin,,2202,Rohtak.pdf
Rohtak,Meham,22,Madina Gindhran,Woman,NONE,1,Anju Devi,Jagbir,0,0,Women,latin,,2202,Rohtak.pdf
Rohtak,Meham,23,Madina Kaursan,Other than Woman,NONE,0,Karam Singh,Tara Chand,0,0,Unreserved,latin,,2202,Rohtak.pdf
Rohtak,Meham,24,Mokhra Kheri,Woman,NONE,1,Yogita,Mukesh,0,0,Women,latin,,2202,Rohtak.pdf
Rohtak,Meham,25,Mokhra Roj,Other than Woman,NONE,0,Pardeep,Ram Chander,0,0,Unreserved,latin,,2202,Rohtak.pdf
Rohtak,Meham,26,Mokhra Khandain Chhajan,Other than Woman,NONE,0,Surender Singh,Diwan Singh,0,0,Unreserved,latin,,2202,Rohtak.pdf
Rohtak,Meham,27,Mokhra Khas,SC Other than Woman,SC,0,Laxmi Devi,Somvir,0,0,Scheduled Caste,latin,,2202,Rohtak.pdf
Rohtak,Meham,28,Muradpur Tekna,Other than Woman,NONE,0,Sunil,Kashmir Singh,0,0,Unreserved,latin,,2202,Rohtak.pdf
Rohtak,Meham,29,Nidana,Other than Woman,NONE,0,Ravi Parmar,Yashpal Singh,0,0,Unreserved,latin,,2202,Rohtak.pdf
Rohtak,Meham,30,Nindana Khas,SC Woman,SC,1,Rajrani,Shamsher,0,0,Scheduled Caste (Women),latin,,2202,Rohtak.pdf
Rohtak,Meham,31,Nindana Tigri,SC Woman,SC,1,Saroj,Rajesh,1,0,Scheduled Caste (Women),latin,,2202,Rohtak.pdf
Rohtak,Meham,32,Nindana Mohammadpur,SC Other than Woman,SC,0,Jaswant Singh,Rajbir Singh,0,0,Scheduled Caste,latin,,2202,Rohtak.pdf
Rohtak,Meham,33,Seeman,SC Other than Woman,SC,0,Ramniwas,Banwarilal,0,0,Scheduled Caste,latin,,2202,Rohtak.pdf
Rohtak,Meham,34,Sisar Khas,Other than Woman,NONE,0,Sandeep,Ramesh Kumar,0,0,Unreserved,latin,,2202,Rohtak.pdf
Rohtak,Rohtak,1,Assan,Other than Woman,NONE,0,Deepak,Bikram,0,0,Unreserved,latin,,2204,Rohtak.pdf
Rohtak,Rohtak,2,Bahu Akbarpur,SC Woman,SC,1,Poonam Rani,Devender Kumar,0,0,Scheduled Caste (Women),latin,,2204,Rohtak.pdf
Rohtak,Rohtak,3,Bahu Jamalpur,Woman,NONE,1,Pushpa,Jagbir,0,0,Women,latin,,2204,Rohtak.pdf
Rohtak,Rohtak,4,Bakheta,Other than Woman,NONE,0,Krishan Kumar,Sumer Chand,0,0,Unreserved,latin,,2204,Rohtak.pdf
Rohtak,Rohtak,5,Baland,Woman,NONE,1,Nirmla,Rajender,0,0,Women,latin,,2204,Rohtak.pdf
Rohtak,Rohtak,6,Basantpur,Other than Woman,NONE,0,Parveen Kumar,Ramphal,1,0,Unreserved,latin,,2204,Rohtak.pdf
Rohtak,Rohtak,7,Bhagwatipur,Other than Woman,NONE,0,Harikishan,Devak Ram,0,0,Unreserved,latin,,2204,Rohtak.pdf
Rohtak,Rohtak,8,Bhaiyan Pur,Woman,NONE,1,Krishna,Jai Pal,0,0,Women,latin,,2204,Rohtak.pdf
Rohtak,Rohtak,9,Bhalot,SC Other than Woman,SC,0,Balbir Singh,Phool Singh,0,0,Scheduled Caste,latin,,2204,Rohtak.pdf
Rohtak,Rohtak,10,Brahmanwas,Other than Woman,NONE,0,Jagdish Kumar,Ram Kumar,0,0,Unreserved,latin,,2204,Rohtak.pdf
Rohtak,Rohtak,11,Chamaria,SC Other than Woman,SC,0,Roshan,Bhim Singh,0,0,Scheduled Caste,latin,,2204,Rohtak.pdf
Rohtak,Rohtak,12,Dhamar,Other than Woman,NONE,0,Wazir,Bhim Singh,0,0,Unreserved,latin,,2204,Rohtak.pdf
Rohtak,Rohtak,13,Dobh,SC Woman,SC,1,Mamta,Bhupender,0,0,Scheduled Caste (Women),latin,,2204,Rohtak.pdf
Rohtak,Rohtak,14,Gaddi Kheri,SC Other than Woman,SC,0,Meena,Anil Kumar,0,0,Scheduled Caste,latin,,2204,Rohtak.pdf
Rohtak,Rohtak,15,Ghilor Kalan,SC Other than Woman,SC,0,Balwan,Dhara,0,0,Scheduled Caste,latin,,2204,Rohtak.pdf
Rohtak,Rohtak,16,Ghilor Khurd,Other than Woman,NONE,0,Deepak Kaushik,Ramniwas,1,0,Unreserved,latin,,2204,Rohtak.pdf
Rohtak,Rohtak,17,Ghuskani,Woman,NONE,1,Anita,Sandeep,0,0,Women,latin,,2204,Rohtak.pdf
Rohtak,Rohtak,18,Humayun Pur,Other than Woman,NONE,0,Geeta,Satpal,0,0,Unreserved,latin,,2204,Rohtak.pdf
Rohtak,Rohtak,19,Jassia,Woman,NONE,1,Munni Alise Minni,Mukesh,0,0,Women,latin,,2204,Rohtak.pdf
Rohtak,Rohtak,20,Jindran,Other than Woman,NONE,0,Kaptan,Ramhear,0,0,Unreserved,latin,,2204,Rohtak.pdf
Rohtak,Rohtak,21,Kabul Pur,Woman,NONE,1,Bhateri Devi,Sukhbir Singh,0,0,Women,latin,,2204,Rohtak.pdf
Rohtak,Rohtak,22,Kahni 12.5,Other than Woman,NONE,0,Rajender Kumar,Bhoop Singh,0,0,Unreserved,latin,,2204,Rohtak.pdf
Rohtak,Rohtak,23,Kanhi 7.5,Other than Woman,NONE,0,Mahabir Singh,Sube Singh,0,0,Unreserved,latin,,2204,Rohtak.pdf
Rohtak,Rohtak,24,Kansala,Woman,NONE,1,Suman Devi,Umesh,0,0,Women,latin,,2204,Rohtak.pdf
Rohtak,Rohtak,25,Karountha,Woman,NONE,1,Kanta,Ranbir Singh,0,0,Women,latin,,2204,Rohtak.pdf
Rohtak,Rohtak,26,Katwara,Woman,NONE,1,Babita Kumari,Deepak,0,0,Women,latin,,2204,Rohtak.pdf
Rohtak,Rohtak,27,Khidwali,Other than Woman,NONE,0,Om Parkash,Ram Bhaj,0,0,Unreserved,latin,,2204,Rohtak.pdf
Rohtak,Rohtak,28,Kiloi Dopana,Other than Woman,NONE,0,Rakesh Kumar,Ram Bhagat,0,0,Unreserved,latin,,2204,Rohtak.pdf
Rohtak,Rohtak,29,Kiloi Khas,Other than Woman,NONE,0,Ramphal,Hukam Singh,0,0,Unreserved,latin,,2204,Rohtak.pdf
Rohtak,Rohtak,30,Ladhot,Other than Woman,NONE,0,Manjeet,Daya Chand,0,0,Unreserved,latin,,2204,Rohtak.pdf
Rohtak,Rohtak,31,Maina,Woman,NONE,1,Monika,Dinesh,0,0,Women,latin,,2204,Rohtak.pdf
Rohtak,Rohtak,32,Makroli Kalan,Other than Woman,NONE,0,Karambir,Rajbir Singh,0,0,Unreserved,latin,,2204,Rohtak.pdf
Rohtak,Rohtak,33,Makroli Khurd,Other than Woman,NONE,0,Sumit Arya,Raj Kumar,0,0,Unreserved,latin,,2204,Rohtak.pdf
Rohtak,Rohtak,34,Mungan,Other than Woman,NONE,0,Sunil Kumar,Balbir Singh,0,0,Unreserved,latin,,2204,Rohtak.pdf
Rohtak,Rohtak,35,Polangi,SC Other than Woman,SC,0,Sanjay,Debi Sing,0,0,Scheduled Caste,latin,,2204,Rohtak.pdf
Rohtak,Rohtak,36,Ritauli,Other than Woman,NONE,0,Narender,Chand Singh,0,0,Unreserved,latin,,2204,Rohtak.pdf
Rohtak,Rohtak,37,Rithal Narwal,SC Other than Woman,SC,0,Shamsher,Maman,0,0,Scheduled Caste,latin,,2204,Rohtak.pdf
Rohtak,Rohtak,38,Rithal Phogat,SC Woman,SC,1,Jyoti,Rishi,0,0,Scheduled Caste (Women),latin,,2204,Rohtak.pdf
Rohtak,Rohtak,39,Rurkee,Other than Woman,NONE,0,Shamsher,Puran Singh,0,0,Unreserved,latin,,2204,Rohtak.pdf
Rohtak,Rohtak,40,Samar Gopal Pur Kalan,Other than Woman,NONE,0,Shiv Kumar,Rampal Singh,0,0,Unreserved,latin,,2204,Rohtak.pdf
Rohtak,Rohtak,41,Samar Gopal Pur Khurd,Woman,NONE,1,Gita Devi,Jai Bhagwan,0,0,Women,latin,,2204,Rohtak.pdf
Rohtak,Rohtak,42,Sanghi,Other than Woman,NONE,0,Satish,Raj Singh,0,0,Unreserved,latin,,2204,Rohtak.pdf
Rohtak,Rohtak,43,Sarai Ahamd Nasirpur,Other than Woman,NONE,0,Anil Kumar,Bir Singh,0,0,Unreserved,latin,,2204,Rohtak.pdf
Rohtak,Rohtak,44,Shimli,Woman,NONE,1,Anu Devi,Tajveer Singh,0,0,Women,latin,,2204,Rohtak.pdf
Rohtak,Rohtak,45,Singhpura Kalan,Other than Woman,NONE,0,Parmod Kumar,Prem Singh,0,0,Unreserved,latin,,2204,Rohtak.pdf
Rohtak,Rohtak,46,Singhpura Khurd,Other than Woman,NONE,0,Anup Singh,Bani Singh,0,0,Unreserved,latin,,2204,Rohtak.pdf
Rohtak,Rohtak,47,Taja Majra,Woman,NONE,1,Neelam,Narender Singh,0,0,Women,latin,,2204,Rohtak.pdf
Rohtak,Sampla,1,Atail,Woman,NONE,1,Sudesh Sharma,Sukhdev Singh,0,0,Women,latin,,2206,Rohtak.pdf
Rohtak,Sampla,2,Bhainsru Kalan,Woman,NONE,1,Meena Devi,Sushil Kumar,0,0,Women,latin,,2206,Rohtak.pdf
Rohtak,Sampla,3,Bhainsru Khurd,Other than Woman,NONE,0,Rajesh,Chand Singh,0,0,Unreserved,latin,,2206,Rohtak.pdf
Rohtak,Sampla,4,Chuliyana Duhan,Woman,NONE,1,Kavita,Sandeep,0,0,Women,latin,,2206,Rohtak.pdf
Rohtak,Sampla,5,Chuliyana Roj,Woman,NONE,1,Sudesh,Harender Singh,0,0,Women,latin,,2206,Rohtak.pdf
Rohtak,Sampla,6,Dattaur,Other than Woman,NONE,0,Surender Kumar,Tejram,0,0,Unreserved,latin,,2206,Rohtak.pdf
Rohtak,Sampla,7,Gandhra,Woman,NONE,1,Rajni,Sonu,0,0,Women,latin,,2206,Rohtak.pdf
Rohtak,Sampla,8,Garhi Sampla,Other than Woman,NONE,0,Sanjay Kumar,Ramkishan,0,0,Unreserved,latin,,2206,Rohtak.pdf
Rohtak,Sampla,9,Gijji,Other than Woman,NONE,0,Mahender,Ratan Singh,0,0,Unreserved,latin,,2206,Rohtak.pdf
Rohtak,Sampla,10,Hassangarh,SC Other than Woman,SC,0,Anil Kumar,Om Parkash,0,0,Scheduled Caste,latin,,2206,Rohtak.pdf
Rohtak,Sampla,11,Ismaila-9b,Other than Woman,NONE,0,Hoshyari,Surender,0,0,Unreserved,latin,,2206,Rohtak.pdf
Rohtak,Sampla,12,Ismiala-11b,Other than Woman,NONE,0,Santosh,Anup Singh,0,0,Unreserved,latin,,2206,Rohtak.pdf
Rohtak,Sampla,13,Karor,SC Woman,SC,1,Geeta Devi,Dayachand,0,0,Scheduled Caste (Women),latin,,2206,Rohtak.pdf
Rohtak,Sampla,14,Kharawar,Other than Woman,NONE,0,Bijender Singh,Gyan Singh,0,0,Unreserved,latin,,2206,Rohtak.pdf
Rohtak,Sampla,15,Kisranti,Other than Woman,NONE,0,Pardeep,Jaipal Singh,0,0,Unreserved,latin,,2206,Rohtak.pdf
Rohtak,Sampla,16,Kultana,Other than Woman,NONE,0,Vinod Kumar,Rajender Singh,0,0,Unreserved,latin,,2206,Rohtak.pdf
Rohtak,Sampla,17,Morkheri,Other than Woman,NONE,0,Manjeet Kumar,Satbir Singh,0,0,Unreserved,latin,,2206,Rohtak.pdf
Rohtak,Sampla,18,Nayabans,Other than Woman,NONE,0,Jasbir,Sunder Singh,0,0,Unreserved,latin,,2206,Rohtak.pdf
Rohtak,Sampla,19,Nonand,SC Woman,SC,1,Parveen Kumari,Shri Bhagwan,0,0,Scheduled Caste (Women),latin,,2206,Rohtak.pdf
Rohtak,Sampla,20,Pakasma,Other than Woman,NONE,0,Mukesh Kumar,Ishwar Singh,0,0,Unreserved,latin,,2206,Rohtak.pdf
Rohtak,Sampla,21,Samchana,SC Other than Woman,SC,0,Kusum Lata,Rajender Singh,0,0,Scheduled Caste,latin,,2206,Rohtak.pdf
Sirsa,Baraguda,1,Alikan,Other than Woman,NONE,0,Trilochan Singh,Hardayal Singh,0,0,Unreserved,latin,,2220,Sirsa.pdf
Sirsa,Baraguda,2,Baragudha,Other than Woman,NONE,0,Jasveer Singh,Preetam Singh,0,0,Unreserved,latin,,2220,Sirsa.pdf
Sirsa,Baraguda,3,Bhadra,SC Other than Woman,SC,0,Bansi Lal,Kehar Singh,0,0,Scheduled Caste,latin,,2220,Sirsa.pdf
Sirsa,Baraguda,4,Bhagser,Other than Woman,NONE,0,Sukhdev Singh,Hari Singh,0,0,Unreserved,latin,,2220,Sirsa.pdf
Sirsa,Baraguda,5,Bhangu,Other than Woman,NONE,0,Uttam Singh,Jora Singh,0,0,Unreserved,latin,,2220,Sirsa.pdf
Sirsa,Baraguda,6,Bhiwan,Woman,NONE,1,Balvinder Kaur,Tarsem Singh,0,0,Women,latin,,2220,Sirsa.pdf
Sirsa,Baraguda,7,Biruwala Gudha,Woman,NONE,1,Jagdip Kaur,Satnam Singh,0,0,Women,latin,,2220,Sirsa.pdf
Sirsa,Baraguda,8,Budhabhana,Other than Woman,NONE,0,Raghuveer Singh,Balbir Singh,0,0,Unreserved,latin,,2220,Sirsa.pdf
Sirsa,Baraguda,9,Bupp,SC Woman,SC,1,Bimla Devi,Anup Chand,0,0,Scheduled Caste (Women),latin,,2220,Sirsa.pdf
Sirsa,Baraguda,10,Burj Bhangu,Woman,NONE,1,Seema Rani,Vijay Singh,0,0,Women,latin,,2220,Sirsa.pdf
Sirsa,Baraguda,11,Burj Karamgarh,SC Other than Woman,SC,0,Ranjit Singh,Bhoop Singh,0,0,Scheduled Caste,latin,,2220,Sirsa.pdf
Sirsa,Baraguda,12,Chhartiyan,Other than Woman,NONE,0,Nand Ram,Ram Jass,0,0,Unreserved,latin,,2220,Sirsa.pdf
Sirsa,Baraguda,13,Desu Khurd,Other than Woman,NONE,0,Pal Singh,Inder Singh,0,0,Unreserved,latin,,2220,Sirsa.pdf
Sirsa,Baraguda,14,Dhaban,Other than Woman,NONE,0,Mohit Kumar,Vijay Kumar,0,0,Unreserved,latin,,2220,Sirsa.pdf
Sirsa,Baraguda,15,Dolatpur Khera,Other than Woman,NONE,0,Preetpal Kaur,Jaspal Singh,0,0,Unreserved,latin,,2220,Sirsa.pdf
Sirsa,Baraguda,16,Fatehpuria Niyamat Khan,Other than Woman,NONE,0,Ramesh Kumar,Chotu Ram,0,0,Unreserved,latin,,2220,Sirsa.pdf
Sirsa,Baraguda,17,Jhiri,Other than Woman,NONE,0,Gurcharan Singh,Jaspal Singh,0,0,Unreserved,latin,,2220,Sirsa.pdf
Sirsa,Baraguda,18,Jhorar Rohi,Woman,NONE,1,Saravjit Kaur,Jaskaran Singh,0,0,Women,latin,,2220,Sirsa.pdf
Sirsa,Baraguda,19,Kamal,Woman,NONE,1,Paramjit Kaur,Tarsem Singh,1,0,Women,latin,,2220,Sirsa.pdf
Sirsa,Baraguda,20,Karamgarh,SC Other than Woman,SC,0,Rani Devi,Karamjit,0,0,Scheduled Caste,latin,,2220,Sirsa.pdf
Sirsa,Baraguda,21,Khai Shergarh,SC Woman,SC,1,Badho Devi,Naresh,0,0,Scheduled Caste (Women),latin,,2220,Sirsa.pdf
Sirsa,Baraguda,22,Khuiyan Nepalpur,Other than Woman,NONE,0,Neelam Rani,Ved Parkash,1,0,Unreserved,latin,,2220,Sirsa.pdf
Sirsa,Baraguda,23,Kirar Kot,Other than Woman,NONE,0,Jagtar Singh,Jagdev Singh,1,0,Unreserved,latin,,2220,Sirsa.pdf
Sirsa,Baraguda,24,Kurangawali,Other than Woman,NONE,0,Jaspal Singh,Tej Singh,0,0,Unreserved,latin,,2220,Sirsa.pdf
Sirsa,Baraguda,25,Lehngewala,Other than Woman,NONE,0,Sandeep Singh,Baldev Singh,0,0,Unreserved,latin,,2220,Sirsa.pdf
Sirsa,Baraguda,26,Mallewala,Woman,NONE,1,Kiranjit Kaur,Uttam Singh,0,0,Women,latin,,2220,Sirsa.pdf
Sirsa,Baraguda,27,Malari,Woman,NONE,1,Sukhvinder Kaur,Sukhjit Singh,0,0,Women,latin,,2220,Sirsa.pdf
Sirsa,Baraguda,28,Mattar,Woman,NONE,1,Sukhanpreet Kaur,Budh Singh,0,0,Women,latin,,2220,Sirsa.pdf
Sirsa,Baraguda,29,Nagoki,Other than Woman,NONE,0,Balbir Singh,Gurdev Singh,0,0,Unreserved,latin,,2220,Sirsa.pdf
Sirsa,Baraguda,30,Nejadela Khurd,Other than Woman,NONE,0,Parhlad,Milkh Raj,0,0,Unreserved,latin,,2220,Sirsa.pdf
Sirsa,Baraguda,31,Pacca Shahidan,Woman,NONE,1,Harvinder Kaur,Amritpal Singh,0,0,Women,latin,,2220,Sirsa.pdf
Sirsa,Baraguda,32,Panjuana,SC Other than Woman,SC,0,Amar Singh,Puran Singh,0,0,Scheduled Caste,latin,,2220,Sirsa.pdf
Sirsa,Baraguda,33,Phaggu,Other than Woman,NONE,0,Baljit Singh,Ramdhir Singh,1,0,Unreserved,latin,,2220,Sirsa.pdf
Sirsa,Baraguda,34,Raghuana,Other than Woman,NONE,0,Kulvinder Kaur,Jagtar Singh,0,0,Unreserved,latin,,2220,Sirsa.pdf
Sirsa,Baraguda,35,Ranga,Woman,NONE,1,Kuldeep Kaur,Amarvinder,1,0,Women,latin,,2220,Sirsa.pdf
Sirsa,Baraguda,36,Rohan,Other than Woman,NONE,0,Balvinder Singh,Gurdev Singh,0,0,Unreserved,latin,,2220,Sirsa.pdf
Sirsa,Baraguda,37,Rori,Other than Woman,NONE,0,Mejar Singh,Kripal Singh,0,0,Unreserved,latin,,2220,Sirsa.pdf
Sirsa,Baraguda,38,Saharni,Other than Woman,NONE,0,Anil Kumar,Ram Lubhaya,0,0,Unreserved,latin,,2220,Sirsa.pdf
Sirsa,Baraguda,39,Sahuwala 1st,Woman,NONE,1,Ramandeep Kaur,Charanjit Singh,0,0,Women,latin,,2220,Sirsa.pdf
Sirsa,Baraguda,40,Shekhupuria,Other than Woman,NONE,0,Ramesh Kumar,Sahib Ram,0,0,Unreserved,latin,,2220,Sirsa.pdf
Sirsa,Baraguda,41,Sukhchian,Woman,NONE,1,Jasvinder Kaur,Jagdeep Singh,0,0,Women,latin,,2220,Sirsa.pdf
Sirsa,Baraguda,42,Subewala Khera,SC Other than Woman,SC,0,Dharampal,Sharwan Kumar,0,0,Scheduled Caste,latin,,2220,Sirsa.pdf
Sirsa,Baraguda,43,Surtia,SC Other than Woman,SC,0,Ganga Devi,Barkha,0,0,Scheduled Caste,latin,,2220,Sirsa.pdf
Sirsa,Baraguda,44,Thiraj,SC Woman,SC,1,Harmanjit Kaur,Pyara Singh,0,0,Scheduled Caste (Women),latin,,2220,Sirsa.pdf
Sirsa,Dabwali,1,Abubshahar,SC Other than Woman,SC,0,Rajender,Ami Lal,0,0,Scheduled Caste,latin,,2222,Sirsa.pdf
Sirsa,Dabwali,2,Ahmedpur Darewala,SC Woman,SC,1,Sharda Devi,Dalip Kumar,0,0,Scheduled Caste (Women),latin,,2222,Sirsa.pdf
Sirsa,Dabwali,3,Alikan,Other than Woman,NONE,0,Veerpal Kaur,Balkaran Singh,0,0,Unreserved,latin,,2222,Sirsa.pdf
Sirsa,Dabwali,4,Assa Khera,Other than Woman,NONE,0,Gagandeep,Jaimal,0,0,Unreserved,latin,,2222,Sirsa.pdf
Sirsa,Dabwali,5,Banwala,Woman,NONE,1,Suman Devi,Prahlad Singh,0,0,Women,latin,,2222,Sirsa.pdf
Sirsa,Dabwali,6,Bharu Khera,Woman,NONE,1,Poonam,Satpal,0,0,Women,latin,,2222,Sirsa.pdf
Sirsa,Dabwali,7,Bijjuwali,Other than Woman,NONE,0,Anil Kumar,Raj Kumar,0,0,Unreserved,latin,,2222,Sirsa.pdf
Sirsa,Dabwali,8,Chakjalu,Other than Woman,NONE,0,Bimla Devi,Jagdish Chander,0,0,Unreserved,latin,,2222,Sirsa.pdf
Sirsa,Dabwali,9,Chautala,SC Woman,SC,1,Nirmla Devi,Ranjeet Kumar,0,0,Scheduled Caste (Women),latin,,2222,Sirsa.pdf
Sirsa,Dabwali,10,Dabwali Village,Other than Woman,NONE,0,Parminder Singh,Sukhpal Singh,0,0,Unreserved,latin,,2222,Sirsa.pdf
Sirsa,Dabwali,11,Desujodha,Woman,NONE,1,Paramjeet Kaur,Gurdeep Singh,0,0,Women,latin,,2222,Sirsa.pdf
Sirsa,Dabwali,12,Diwan Khera,Other than Woman,NONE,0,Subeg Singh,Dilbag Singh,0,0,Unreserved,latin,,2222,Sirsa.pdf
Sirsa,Dabwali,13,Ganga,Other than Woman,NONE,0,Pawan Kumar,Amar Chand,0,0,Unreserved,latin,,2222,Sirsa.pdf
Sirsa,Dabwali,14,Gidder Khera,Other than Woman,NONE,0,Manveer Kaur,Amandeep Singh,0,0,Unreserved,latin,,2222,Sirsa.pdf
Sirsa,Dabwali,15,Godikan,Other than Woman,NONE,0,Dharampal,Ranjeet Singh,0,0,Unreserved,latin,,2222,Sirsa.pdf
Sirsa,Dabwali,16,Goriwala,Other than Woman,NONE,0,Kaushalya,Chander Bhan,0,0,Unreserved,latin,,2222,Sirsa.pdf
Sirsa,Dabwali,17,Haibuana,SC Woman,SC,1,Pinki,Bhupinder Singh,0,0,Scheduled Caste (Women),latin,,2222,Sirsa.pdf
Sirsa,Dabwali,18,Jandwala Bishnoian,SC Other than Woman,SC,0,Sant Lal,Pura Ram,0,0,Scheduled Caste,latin,,2222,Sirsa.pdf
Sirsa,Dabwali,19,Jhutti Khera,Woman,NONE,1,Mamta,Sandeep Kumar,0,0,Women,latin,,2222,Sirsa.pdf
Sirsa,Dabwali,20,Jogewala,Woman,NONE,1,Kiranjeet Kaur,Tarsem Singh,0,0,Women,latin,,2222,Sirsa.pdf
Sirsa,Dabwali,21,Jottanwali,Other than Woman,NONE,0,Manish Kumar,Rajesh Kumar,0,0,Unreserved,latin,,2222,Sirsa.pdf
Sirsa,Dabwali,22,Kaluana,Other than Woman,NONE,0,Geeta Devi,Jagdev Singh,0,0,Unreserved,latin,,2222,Sirsa.pdf
Sirsa,Dabwali,23,Khuiyan Malkana,Other than Woman,NONE,0,Savita,Sanjay Kumar,0,0,Unreserved,latin,,2222,Sirsa.pdf
Sirsa,Dabwali,24,Lakhuana,Woman,NONE,1,Monika,Kalu Ram,0,0,Women,latin,,2222,Sirsa.pdf
Sirsa,Dabwali,25,Lambi,Other than Woman,NONE,0,Om Parkash,Puran Ram,0,0,Unreserved,latin,,2222,Sirsa.pdf
Sirsa,Dabwali,26,Lohgarh,Other than Woman,NONE,0,Kirat Singh,Variyam Singh,0,0,Unreserved,latin,,2222,Sirsa.pdf
Sirsa,Dabwali,27,Mangeana,Woman,NONE,1,Veerpal Kaur,Gurvinder Singh,0,0,Women,latin,,2222,Sirsa.pdf
Sirsa,Dabwali,28,Masitan,Other than Woman,NONE,0,Khushkaran Singh,Amarjeet Singh,0,0,Unreserved,latin,,2222,Sirsa.pdf
Sirsa,Dabwali,29,Mattdadu,SC Other than Woman,SC,0,Prithavi Singh,Manphool Ram,0,0,Scheduled Caste,latin,,2222,Sirsa.pdf
Sirsa,Dabwali,30,Moujgarh,Other than Woman,NONE,0,Sukhjinder Singh,Kewal Singh,0,0,Unreserved,latin,,2222,Sirsa.pdf
Sirsa,Dabwali,31,Modi,Woman,NONE,1,Pardeep Kaur,Gurmander Singh,1,0,Women,latin,,2222,Sirsa.pdf
Sirsa,Dabwali,32,Munnawali,Other than Woman,NONE,0,Balwinder,Nanak Ram,0,0,Unreserved,latin,,2222,Sirsa.pdf
Sirsa,Dabwali,33,Nillianwali,Other than Woman,NONE,0,Harsimran Singh,Iqbal Singh,0,0,Unreserved,latin,,2222,Sirsa.pdf
Sirsa,Dabwali,34,Panniwali Morikan,Woman,NONE,1,Simarjeet Kaur,Daljeet Singh,0,0,Women,latin,,2222,Sirsa.pdf
Sirsa,Dabwali,35,Panniwala Ruldu,Woman,NONE,1,Karamjeet Kaur,Manjit Singh,0,0,Women,latin,,2222,Sirsa.pdf
Sirsa,Dabwali,36,Panna,Woman,NONE,1,Kiranpreet Kaur,Gurpreet Singh,0,0,Women,latin,,2222,Sirsa.pdf
Sirsa,Dabwali,37,Phullo,SC Other than Woman,SC,0,Hari Singh,Bhola Singh,0,0,Scheduled Caste,latin,,2222,Sirsa.pdf
Sirsa,Dabwali,38,Rajpura,SC Other than Woman,SC,0,Indraj,Jisukh Ram,0,0,Scheduled Caste,latin,,2222,Sirsa.pdf
Sirsa,Dabwali,39,Rajpura Majra,Woman,NONE,1,Darshana Devi,Bhajan Lal,0,0,Women,latin,,2222,Sirsa.pdf
Sirsa,Dabwali,40,Ramgarh,Other than Woman,NONE,0,Joginder Singh,Banta Singh,0,0,Unreserved,latin,,2222,Sirsa.pdf
Sirsa,Dabwali,41,Rampura Bishnoian,Other than Woman,NONE,0,Maya Rani,Satpal Singh,0,0,Unreserved,latin,,2222,Sirsa.pdf
Sirsa,Dabwali,42,Ratta Khera,SC Other than Woman,SC,0,Anil Kumar,Shri Chand,0,0,Scheduled Caste,latin,,2222,Sirsa.pdf
Sirsa,Dabwali,43,Risalia Khera,Other than Woman,NONE,0,Aazad Singh,Munshi Ram,0,0,Unreserved,latin,,2222,Sirsa.pdf
Sirsa,Dabwali,44,Sakta Khera,SC Other than Woman,SC,0,Yaadvir Singh,Teja Singh,0,0,Scheduled Caste,latin,,2222,Sirsa.pdf
Sirsa,Dabwali,45,Sawant Khera,Other than Woman,NONE,0,Sukhjinder Singh,Jagraj Singh,0,0,Unreserved,latin,,2222,Sirsa.pdf
Sirsa,Dabwali,46,Shergarh,Woman,NONE,1,Amardeep Kaur,Jasvinder Singh,0,0,Women,latin,,2222,Sirsa.pdf
Sirsa,Dabwali,47,Sukhera Khera,Other than Woman,NONE,0,Gurlal Singh,Labh Singh,0,0,Unreserved,latin,,2222,Sirsa.pdf
Sirsa,Dabwali,48,Teja Khera,Other than Woman,NONE,0,Om Parkash,Vedpal,0,0,Unreserved,latin,,2222,Sirsa.pdf
Sirsa,Ellenabad,1,Amritsar Kalan,Woman,NONE,1,...,Gurmeet Kaur,0,0,Women,latin,,2224,Sirsa.pdf
Sirsa,Ellenabad,2,Amritsar Khurd,SC Other than Woman,SC,0,...,Balwinder Singh,0,0,Schedule Caste,latin,,2224,Sirsa.pdf
Sirsa,Ellenabad,3,Beharwala,SC Other than Woman,SC,0,...,Vijay Kumar,0,0,Schedule Caste,latin,,2224,Sirsa.pdf
Sirsa,Ellenabad,4,Bhurantwala,Other than Woman,NONE,0,...,Ajil Kumar,0,0,Unreserved,latin,,2224,Sirsa.pdf
Sirsa,Ellenabad,5,Budimeri,Other than Woman,NONE,0,...,Sukhbaj Singh,0,0,Unreserved,latin,,2224,Sirsa.pdf
Sirsa,Ellenabad,6,Chilkani Dhab,Other than Woman,NONE,0,...,Satpal,0,0,Unreserved,latin,,2224,Sirsa.pdf
Sirsa,Ellenabad,7,Damdama,Other than Woman,NONE,0,...,Sham Singh,0,0,Unreserved,latin,,2224,Sirsa.pdf
Sirsa,Ellenabad,8,Daya Singh Ther,SC Other than Woman,SC,0,...,Gurmel Singh,0,0,Schedule Caste,latin,,2224,Sirsa.pdf
Sirsa,Ellenabad,9,Dhani Bachan Singh,SC Other than Woman,SC,0,...,Sheo Chand,0,0,Schedule Caste,latin,,2224,Sirsa.pdf
Sirsa,Ellenabad,10,Dhani Kahan Singh,Woman,NONE,1,...,Kuldeep Kaur Urf Rajvinder Kaur,0,0,Women,latin,,2224,Sirsa.pdf
Sirsa,Ellenabad,11,Dhani Sheran,Woman,NONE,1,...,Manju,0,0,Women,latin,,2224,Sirsa.pdf
Sirsa,Ellenabad,12,Dharampura,Other than Woman,NONE,0,...,Gurdev Singh,0,0,Unreserved,latin,,2224,Sirsa.pdf
Sirsa,Ellenabad,13,Dholpalia,Other than Woman,NONE,0,...,Gauri Shankar,0,0,Unreserved,latin,,2224,Sirsa.pdf
Sirsa,Ellenabad,14,Harnikhurd,Woman,NONE,1,...,Baljeet Kaur Urf Gurdeep Kaur,0,0,Women,latin,,2224,Sirsa.pdf
Sirsa,Ellenabad,15,Himayukhera,Other than Woman,NONE,0,...,Richpal Singh,0,0,Unreserved,latin,,2224,Sirsa.pdf
Sirsa,Ellenabad,16,Jagmalera (Santnagar),Other than Woman,NONE,0,...,Gurdeep Singh,0,0,Unreserved,latin,,2224,Sirsa.pdf
Sirsa,Ellenabad,17,Jiwan Nagar,Other than Woman,NONE,0,...,Sukhvir Singh,0,0,Unreserved,latin,,2224,Sirsa.pdf
Sirsa,Ellenabad,18,Karamsana,Other than Woman,NONE,0,...,Kuldeep,0,0,Unreserved,latin,,2224,Sirsa.pdf
Sirsa,Ellenabad,19,Kariwala,Other than Woman,NONE,0,...,Buta Singh,0,0,Unreserved,latin,,2224,Sirsa.pdf
Sirsa,Ellenabad,20,Kashi Ram Ka Bass,SC Other than Woman,SC,0,...,Krishan Kumar,0,0,Schedule Caste,latin,,2224,Sirsa.pdf
Sirsa,Ellenabad,21,Kesupura,Other than Woman,NONE,0,...,Balwinder Kaur,0,0,Unreserved,latin,,2224,Sirsa.pdf
Sirsa,Ellenabad,22,Khari Sureran,Other than Woman,NONE,0,...,Sohan Lal,0,0,Unreserved,latin,,2224,Sirsa.pdf
Sirsa,Ellenabad,23,Kishanpura / Dhani Jattan,Woman,NONE,1,...,Reena Rani,0,0,Women,latin,,2224,Sirsa.pdf
Sirsa,Ellenabad,24,Kotli,SC Woman,SC,1,...,Balbir Kaur,0,0,Schedule Caste Women,latin,,2224,Sirsa.pdf
Sirsa,Ellenabad,25,Kumthal,Other than Woman,NONE,0,...,Malkeet Singh,0,0,Unreserved,latin,,2224,Sirsa.pdf
Sirsa,Ellenabad,26,Kuttabadh,Woman,NONE,1,...,Punam Rani,0,0,Women,latin,,2224,Sirsa.pdf
Sirsa,Ellenabad,27,Mallekan,Other than Woman,NONE,0,...,Ramandeev Singh,0,0,Unreserved,latin,,2224,Sirsa.pdf
Sirsa,Ellenabad,28,Mamera Kalan,Woman,NONE,1,...,Sanju,0,0,Women,latin,,2224,Sirsa.pdf
Sirsa,Ellenabad,29,Mamera Khurd,Other than Woman,NONE,0,...,Bhim Singh,0,0,Unreserved,latin,,2224,Sirsa.pdf
Sirsa,Ellenabad,30,Mehna Khera,Other than Woman,NONE,0,...,Jagjeet Singh,0,0,Unreserved,latin,,2224,Sirsa.pdf
Sirsa,Ellenabad,31,Mirja Pur,Woman,NONE,1,...,Harvinder Kaur,0,0,Women,latin,,2224,Sirsa.pdf
Sirsa,Ellenabad,32,Mithanpura,Other than Woman,NONE,0,...,Ram Kumar,0,0,Unreserved,latin,,2224,Sirsa.pdf
Sirsa,Ellenabad,33,Mithisurera,Other than Woman,NONE,0,...,Charan Singh,0,0,Unreserved,latin,,2224,Sirsa.pdf
Sirsa,Ellenabad,34,Mojukhera,Woman,NONE,1,...,Kulwinder Kaur,0,0,Women,latin,,2224,Sirsa.pdf
Sirsa,Ellenabad,35,Mojuki Dhani,Other than Woman,NONE,0,...,Gurjant Singh,0,0,Unreserved,latin,,2224,Sirsa.pdf
Sirsa,Ellenabad,36,Musli,Woman,NONE,1,...,Gurpreet Kaur,0,0,Women,latin,,2224,Sirsa.pdf
Sirsa,Ellenabad,37,Neemla,Other than Woman,NONE,0,...,Surender Kumar,0,0,Unreserved,latin,,2224,Sirsa.pdf
Sirsa,Ellenabad,38,Partap Nagar,Woman,NONE,1,...,Ravinder Kaur,0,0,Women,latin,,2224,Sirsa.pdf
Sirsa,Ellenabad,40,Poharkan,SC Woman,SC,1,...,Maya Devi,0,0,Schedule Caste Women,latin,,2224,Sirsa.pdf
Sirsa,Ellenabad,41,Ratta Khera,Other than Woman,NONE,0,...,Sunita Rani,0,0,Unreserved,latin,,2224,Sirsa.pdf
Sirsa,Ellenabad,42,Shekhukhera,Other than Woman,NONE,0,...,Keval Singh,0,0,Unreserved,latin,,2224,Sirsa.pdf
Sirsa,Ellenabad,43,Talwara Khurd,Other than Woman,NONE,0,...,Naresh Kumar,0,0,Unreserved,latin,,2224,Sirsa.pdf
Sirsa,Ellenabad,44,Thobarian,SC Other than Woman,SC,0,...,Seeta Ram,0,0,Schedule Caste,latin,,2224,Sirsa.pdf
Sirsa,Ellenabad,45,Umedpura,Woman,NONE,1,...,Krishna,0,0,Women,latin,,2224,Sirsa.pdf
Sirsa,Nathusari Chopta,1,Ali Mohamad,Other than Woman,NONE,0,Manju,Dasarth,0,0,Unreserved,latin,,2226,Sirsa.pdf
Sirsa,Nathusari Chopta,2,Arniawali,SC Other than Woman,SC,0,Pardeep Kumar,Nathu Ram,0,0,Scheduled Caste,latin,,2226,Sirsa.pdf
Sirsa,Nathusari Chopta,3,Bakriawali,SC Woman,SC,1,Sumista,Randhir Singh,0,0,Scheduled Caste (Women),latin,,2226,Sirsa.pdf
Sirsa,Nathusari Chopta,4,Barasari,Other than Woman,NONE,0,Rajesh Kumar,Manphool,0,0,Unreserved,latin,,2226,Sirsa.pdf
Sirsa,Nathusari Chopta,5,Baruwali-II,Woman,NONE,1,Saroj Bala,Atma Ram,0,0,Women,latin,,2226,Sirsa.pdf
Sirsa,Nathusari Chopta,6,Chadiwal,Other than Woman,NONE,0,Shalender Kumar,Hawa Singh,0,0,Unreserved,latin,,2226,Sirsa.pdf
Sirsa,Nathusari Chopta,7,Chaharwala,Woman,NONE,1,Kalawati,Vinod Kumar,0,0,Women,latin,,2226,Sirsa.pdf
Sirsa,Nathusari Chopta,8,Chouburja,Other than Woman,NONE,0,Indraj,Jodha Ram,0,0,Unreserved,latin,,2226,Sirsa.pdf
Sirsa,Nathusari Chopta,9,Darba Kalan,SC Other than Woman,SC,0,Bhagwan Singh,Bhadar Singh,0,0,Scheduled Caste,latin,,2226,Sirsa.pdf
Sirsa,Nathusari Chopta,10,Dhingtania,SC Other than Woman,SC,0,Kulbir Singh,Banta Ram,0,0,Scheduled Caste,latin,,2226,Sirsa.pdf
Sirsa,Nathusari Chopta,11,Dhukra,SC Other than Woman,SC,0,Sita Ram,Bala Ram,0,0,Scheduled Caste,latin,,2226,Sirsa.pdf
Sirsa,Nathusari Chopta,12,Ding,Other than Woman,NONE,0,Saroj Bala,Arvind,0,0,Unreserved,latin,,2226,Sirsa.pdf
Sirsa,Nathusari Chopta,13,Gadli,Woman,NONE,1,Kanta,Ravinder,0,0,Women,latin,,2226,Sirsa.pdf
Sirsa,Nathusari Chopta,14,Ganja Rupana,Woman,NONE,1,Reeta Devi,Kuldeep,0,0,Women,latin,,2226,Sirsa.pdf
Sirsa,Nathusari Chopta,15,Gigorani,Other than Woman,NONE,0,Inderpal,Hawa Singh,0,0,Unreserved,latin,,2226,Sirsa.pdf
Sirsa,Nathusari Chopta,16,Gudia Khera,Woman,NONE,1,Sunita Kumari,Bharat Singh,0,0,Women,latin,,2226,Sirsa.pdf
Sirsa,Nathusari Chopta,17,Gusaiana,Other than Woman,NONE,0,Vinod Kumar,Ramsawroop,0,0,Unreserved,latin,,2226,Sirsa.pdf
Sirsa,Nathusari Chopta,18,Hanjira,Other than Woman,NONE,0,Duli Chand,Jisukh,0,0,Unreserved,latin,,2226,Sirsa.pdf
Sirsa,Nathusari Chopta,19,Jamal,Other than Woman,NONE,0,Nand Lal,Munshi Ram,0,0,Unreserved,latin,,2226,Sirsa.pdf
Sirsa,Nathusari Chopta,20,Jassania,Other than Woman,NONE,0,Roshan Lal,Khana Ram,0,0,Unreserved,latin,,2226,Sirsa.pdf
Sirsa,Nathusari Chopta,21,Jodhkan,Other than Woman,NONE,0,Randhir Singh,Ami Lal,0,0,Unreserved,latin,,2226,Sirsa.pdf
Sirsa,Nathusari Chopta,22,Jogiwala,SC Other than Woman,SC,0,Ramesh Kumar,Om Parkash,0,0,Scheduled Caste,latin,,2226,Sirsa.pdf
Sirsa,Nathusari Chopta,23,Jorian,Other than Woman,NONE,0,Dewat Ram,Balmukand,0,0,Unreserved,latin,,2226,Sirsa.pdf
Sirsa,Nathusari Chopta,25,Kheri,SC Other than Woman,SC,0,Balbir Singh,Kurda Ram,0,0,Scheduled Caste,latin,,2226,Sirsa.pdf
Sirsa,Nathusari Chopta,26,Kukarthana,Woman,NONE,1,Poonam,Satpal,0,0,Women,latin,,2226,Sirsa.pdf
Sirsa,Nathusari Chopta,27,Kumharia,Woman,NONE,1,Sakuntla,Suresh,0,0,Women,latin,,2226,Sirsa.pdf
Sirsa,Nathusari Chopta,28,Kutiana,Woman,NONE,1,Damyanti,Jagdish,0,0,Women,latin,,2226,Sirsa.pdf
Sirsa,Nathusari Chopta,31,Mochiwali,Woman,NONE,1,Kamla Devi,Devi Lal,0,0,Women,latin,,2226,Sirsa.pdf
Sirsa,Nathusari Chopta,32,Modia Khera,Other than Woman,NONE,0,Anila Rani,Bhoop Singh,0,0,Unreserved,latin,,2226,Sirsa.pdf
Sirsa,Nathusari Chopta,33,Narain Khera,SC Woman,SC,1,Yogesh Devi,Vijay Kumar,0,0,Scheduled Caste (Women),latin,,2226,Sirsa.pdf
Sirsa,Nathusari Chopta,37,Nirban,Other than Woman,NONE,0,Vikas,Satpal,0,0,Unreserved,latin,,2226,Sirsa.pdf
Sirsa,Nathusari Chopta,38,Raipur,Other than Woman,NONE,0,Subhash Chander,Dalip Singh,0,0,Unreserved,latin,,2226,Sirsa.pdf
Sirsa,Nathusari Chopta,40,Rajpura Sahani,Other than Woman,NONE,0,Sandeep Kumar,Ram Singh,0,0,Unreserved,latin,,2226,Sirsa.pdf
Sirsa,Nathusari Chopta,43,Randhawa,Other than Woman,NONE,0,Subhash Singh,OM Singh,0,0,Unreserved,latin,,2226,Sirsa.pdf
Sirsa,Nathusari Chopta,46,Rupawas,Other than Woman,NONE,0,Anirudh,Prithvi Singh,0,0,Unreserved,latin,,2226,Sirsa.pdf
Sirsa,Nathusari Chopta,47,Sahuwala-llnd,Woman,NONE,1,Anita,Baljit,0,0,Women,latin,,2226,Sirsa.pdf
Sirsa,Nathusari Chopta,48,Shahpuria,Other than Woman,NONE,0,Naresh Kumar,Om Parkash,0,0,Unreserved,latin,,2226,Sirsa.pdf
Sirsa,Nathusari Chopta,50,Sherpura,Other than Woman,NONE,0,Sukhvinder Singh,Ram Richhpal,0,0,Unreserved,latin,,2226,Sirsa.pdf
Sirsa,Nathusari Chopta,51,Tajia Khera,SC Other than Woman,SC,0,Vikram,Parbhu Dayal,0,0,Scheduled Caste,latin,,2226,Sirsa.pdf
Sirsa,Odhan,1,Anandgarh,Woman,NONE,1,Deepika,Sher Singh,0,0,Women,latin,,2228,Sirsa.pdf
Sirsa,Odhan,2,Assir,Woman,NONE,1,Inderjeet Kaur,Harvinder Singh,0,0,Women,latin,,2228,Sirsa.pdf
Sirsa,Odhan,3,Chatha,SC Other than Woman,SC,0,Happy Singh,Kartar Singh,0,0,Scheduled Caste,latin,,2228,Sirsa.pdf
Sirsa,Odhan,4,Chormar Khera,Other than Woman,NONE,0,Sardool Singh,Jagtar Singh,0,0,Unreserved,latin,,2228,Sirsa.pdf
Sirsa,Odhan,5,Chukerian,Other than Woman,NONE,0,Angrej Singh,Jagjiwan Singh,0,0,Unreserved,latin,,2228,Sirsa.pdf
Sirsa,Odhan,6,Dadu,Other than Woman,NONE,0,Manpreet Singh,Mukand Singh,0,0,Unreserved,latin,,2228,Sirsa.pdf
Sirsa,Odhan,7,Desu Malkana,Other than Woman,NONE,0,Beant Kaur,Harvinder Singh,0,0,Unreserved,latin,,2228,Sirsa.pdf
Sirsa,Odhan,8,Dharampura,SC Other than Woman,SC,0,Veer Singh,Janta Singh,0,0,Scheduled Caste,latin,,2228,Sirsa.pdf
Sirsa,Odhan,9,Gadrana,SC Other than Woman,SC,0,Jagseer singh,Nayab Singh,0,0,Scheduled caste,latin,,2228,Sirsa.pdf
Sirsa,Odhan,10,Ghukanwali,Other than Woman,NONE,0,Nayab Singh,Hardev Singh,0,0,Unreserved,latin,,2228,Sirsa.pdf
Sirsa,Odhan,11,Hassu,SC Woman,SC,1,Charanjeet Kaur,Mangat Raj,0,0,Scheduled Caste (Women),latin,,2228,Sirsa.pdf
Sirsa,Odhan,12,Jagmalwali,Woman,NONE,1,Gurjeet Kaur,Gurdev Singh,0,0,Women,latin,,2228,Sirsa.pdf
Sirsa,Odhan,13,Jalalana,Woman,NONE,1,Ranveer Kaur,Amandeep singh,0,0,Women,latin,,2228,Sirsa.pdf
Sirsa,Odhan,14,Jandwala Jattan,Other than Woman,NONE,0,Mangal Singh,Jagseer Singh,0,0,Unreserved,latin,,2228,Sirsa.pdf
Sirsa,Odhan,15,Kalanwali,Other than Woman,NONE,0,Paramjeet Kaur,Apjeet Singh,0,0,Unreserved,latin,,2228,Sirsa.pdf
Sirsa,Odhan,16,Kewal,Woman,NONE,1,Paramjeet Kaur,Jagar Singh,1,0,Women,latin,,2228,Sirsa.pdf
Sirsa,Odhan,17,Khatranwa,Woman,NONE,1,Kiranjeet Kaur,Manpreet Singh,0,0,Women,latin,,2228,Sirsa.pdf
Sirsa,Odhan,18,Kheowali,Other than Woman,NONE,0,Baljeet Singh,Om Parkash,0,0,Unreserved,latin,,2228,Sirsa.pdf
Sirsa,Odhan,19,Khokhar,SC Woman,SC,1,Bakhashpal Kaur,Bharpoor Singh,0,0,Scheduled Caste (Women),latin,,2228,Sirsa.pdf
Sirsa,Odhan,20,Kingre,Other than Woman,NONE,0,Amandeep Singh,Mahinder Singh,0,0,Unreserved,latin,,2228,Sirsa.pdf
Sirsa,Odhan,21,Lakranwali,SC Other than Woman,SC,0,Kulwinder Singh,Lila Singh,0,0,Scheduled Caste,latin,,2228,Sirsa.pdf
Sirsa,Odhan,22,Makha,Other than Woman,NONE,0,Veerpal Kaur,Jagtar Singh,0,0,Unreserved,latin,,2228,Sirsa.pdf
Sirsa,Odhan,23,Malikpura,Other than Woman,NONE,0,Gurmeet Singh,Ajaib Singh,0,0,Unreserved,latin,,2228,Sirsa.pdf
Sirsa,Odhan,24,Mithri,Other than Woman,NONE,0,Gurpal Singh,Gurbakhash Singh,0,0,Unreserved,latin,,2228,Sirsa.pdf
Sirsa,Odhan,25,Naurang,Other than Woman,NONE,0,Paramjeet Kaur,Laxman Singh,0,0,Unreserved,latin,,2228,Sirsa.pdf
Sirsa,Odhan,26,Nuhianwali,Other than Woman,NONE,0,Babu Ram,Dulli Chand,0,0,Unreserved,latin,,2228,Sirsa.pdf
Sirsa,Odhan,27,Odhan,SC Woman,SC,1,Lakhveer Kaur,Krishan Kumar,0,0,Scheduled Caste (Women),latin,,2228,Sirsa.pdf
Sirsa,Odhan,28,Paniwala Motta,Other than Woman,NONE,0,Satveer Kumar,Om Parkash,0,0,Unreserved,latin,,2228,Sirsa.pdf
Sirsa,Odhan,29,Pipli,Other than Woman,NONE,0,Shyam Lal,Karnail Ram,0,0,Unreserved,latin,,2228,Sirsa.pdf
Sirsa,Odhan,30,Rohiranwali,Other than Woman,NONE,0,Mahinder Singh,Kashi Ram,0,0,Unreserved,latin,,2228,Sirsa.pdf
Sirsa,Odhan,31,Salam Khera,Woman,NONE,1,Sarvjeet Kaur,Jagmeet Singh,0,0,Women,latin,,2228,Sirsa.pdf
Sirsa,Odhan,32,Singhpura,SC Other than Woman,SC,0,Gurmeet Singh,Teja Singh,0,0,Scheduled Caste,latin,,2228,Sirsa.pdf
Sirsa,Odhan,33,Takhatmal,Other than Woman,NONE,0,Lakhveer Kaur,Jagseer Singh,1,0,Unreserved,latin,,2228,Sirsa.pdf
Sirsa,Odhan,34,Tappi,Other than Woman,NONE,0,Dhavinderpal,Sadhu Ram,1,0,Unreserved,latin,,2228,Sirsa.pdf
Sirsa,Odhan,35,Taruana,Other than Woman,NONE,0,Kamaljeet Kaur,Jaspal Singh,0,0,Unreserved,latin,,2228,Sirsa.pdf
Sirsa,Odhan,36,Tigri,Woman,NONE,1,Baljeet Kaur,Luxman Singh,0,0,Women,latin,,2228,Sirsa.pdf
Sirsa,Odhan,37,Tilokewala,Other than Woman,NONE,0,Buta Singh,Jarnail Singh,0,0,Unreserved,latin,,2228,Sirsa.pdf
Sirsa,Rania,1,Abholi,Other than Woman,NONE,0,Paramjeet Singh,Jeet Singh,0,0,Unreserved,latin,,2230,Sirsa.pdf
Sirsa,Rania,2,Abutgarh,Other than Woman,NONE,0,Jaswinder Singh,Gyan Singh,0,0,Unreserved,latin,,2230,Sirsa.pdf
Sirsa,Rania,3,Bacher,SC Other than Woman,SC,0,Juglal,Pali Ram,0,0,Scheduled Caste,latin,,2230,Sirsa.pdf
Sirsa,Rania,4,Bahia,SC Other than Woman,SC,0,Dharma Devi,Ramesh Kumar,0,0,Scheduled Caste,latin,,2230,Sirsa.pdf
Sirsa,Rania,5,Balasar,Other than Woman,NONE,0,Dharampal,Birbal,0,0,Unreserved,latin,,2230,Sirsa.pdf
Sirsa,Rania,6,Bani,Other than Woman,NONE,0,Ram Singh,Babu Ram,0,0,Unreserved,latin,,2230,Sirsa.pdf
Sirsa,Rania,7,Bharolianwali,Other than Woman,NONE,0,Amandeep Singh,Nichhater Singh,0,0,Unreserved,latin,,2230,Sirsa.pdf
Sirsa,Rania,8,Bhuna,Other than Woman,NONE,0,Tulsi Ram,Mukhram,0,0,Unreserved,latin,,2230,Sirsa.pdf
Sirsa,Rania,9,Chakan,Other than Woman,NONE,0,Mahender Narayan,Bhura Ram,0,0,Unreserved,latin,,2230,Sirsa.pdf
Sirsa,Rania,10,Chakraiyan,Other than Woman,NONE,0,Nirver Singh,Chattar Singh,0,0,Unreserved,latin,,2230,Sirsa.pdf
Sirsa,Rania,11,Chaksahiba,Woman,NONE,1,Mandeep Kaur,Gurmangat Singh,1,0,Women,latin,,2230,Sirsa.pdf
Sirsa,Rania,12,Dariawala,Other than Woman,NONE,0,Mandeep Singh,Prem Singh,1,0,Unreserved,latin,,2230,Sirsa.pdf
Sirsa,Rania,13,Dhamora Their,Other than Woman,NONE,0,Sushma Rani,Harkishan Lal,0,0,Unreserved,latin,,2230,Sirsa.pdf
Sirsa,Rania,14,Dhani Bangi,Woman,NONE,1,Sukhwinder Kaur alias Surinderpal Kaur,Daljit Singh,1,0,Women,latin,,2230,Sirsa.pdf
Sirsa,Rania,15,Dhani Partap Singh,Woman,NONE,1,Raj Rani,Bhagat Singh,0,0,Women,latin,,2230,Sirsa.pdf
Sirsa,Rania,16,Dhani Satnam Singh,Other than Woman,NONE,0,Mangat Ram,Jagdish Lal,0,0,Unreserved,latin,,2230,Sirsa.pdf
Sirsa,Rania,17,Dhanoor,Other than Woman,NONE,0,Balwant Kaur,Tarsem Kumar,0,0,Unreserved,latin,,2230,Sirsa.pdf
Sirsa,Rania,18,Dhottar,Other than Woman,NONE,0,Vinod Kumar,Het Ram,0,0,Unreserved,latin,,2230,Sirsa.pdf
Sirsa,Rania,19,Dudianwali,Woman,NONE,1,Mamta,Balkar Singh,0,0,Women,latin,,2230,Sirsa.pdf
Sirsa,Rania,20,Fatehpuria,SC Woman,SC,1,Poonam,Manphool,0,0,Scheduled Caste (Women),latin,,2230,Sirsa.pdf
Sirsa,Rania,21,Ferojabad,Other than Woman,NONE,0,Rano Kaur,Paramjeet Singh,0,0,Unreserved,latin,,2230,Sirsa.pdf
Sirsa,Rania,22,Ghoranwali,Other than Woman,NONE,0,Sunita Devi,Raj Kumar,0,0,Unreserved,latin,,2230,Sirsa.pdf
Sirsa,Rania,23,Gindran,Woman,NONE,1,Taro Devi alias Tara Devi,Bhim Sain,0,0,Women,latin,,2230,Sirsa.pdf
Sirsa,Rania,24,Gidrawali,Woman,NONE,1,Nirmala Rani,Jaswinder Kumar,0,0,Women,latin,,2230,Sirsa.pdf
Sirsa,Rania,25,Govindpura,SC Other than Woman,SC,0,Gurmeet Singh,Jalander Singh,0,0,Scheduled Caste,latin,,2230,Sirsa.pdf
Sirsa,Rania,26,Haripura,Woman,NONE,1,Kuldeep Kaur,Darshan Singh,0,0,Women,latin,,2230,Sirsa.pdf
Sirsa,Rania,27,Jagjitnagar,SC Other than Woman,SC,0,Mukhtyar Singh,Joginder Singh,0,0,Scheduled Caste,latin,,2230,Sirsa.pdf
Sirsa,Rania,28,Jodhpuria,SC Other than Woman,SC,0,Rajender Kumar,Ram Kumar,0,0,Scheduled Caste,latin,,2230,Sirsa.pdf
Sirsa,Rania,29,Keharwala,SC Woman,SC,1,Sapna,Rajiv Kumar,0,0,Scheduled Caste (Women),latin,,2230,Sirsa.pdf
Sirsa,Rania,30,Khajakhera,Other than Woman,NONE,0,Parkash Veer,Dhnna Ram,0,0,Unreserved,latin,,2230,Sirsa.pdf
Sirsa,Rania,31,Kharian,SC Other than Woman,SC,0,Amar Singh,Brij Lal,0,0,Scheduled Caste,latin,,2230,Sirsa.pdf
Sirsa,Rania,32,Kothasenpal,Other than Woman,NONE,0,Dilraj Singh,Pritam Singh,0,0,Unreserved,latin,,2230,Sirsa.pdf
Sirsa,Rania,33,Kussar,Other than Woman,NONE,0,Raj Singh,Shanker Singh,0,0,Unreserved,latin,,2230,Sirsa.pdf
Sirsa,Rania,34,Mamerkhera,Other than Woman,NONE,0,Baldev Singh,Jai Narayan,0,0,Unreserved,latin,,2230,Sirsa.pdf
Sirsa,Rania,35,Mangalia,Other than Woman,NONE,0,Prem Kumar,Nihal Chand,0,0,Unreserved,latin,,2230,Sirsa.pdf
Sirsa,Rania,36,Mattuwala,Other than Woman,NONE,0,Madan Lal,Mukh Ram,0,0,Unreserved,latin,,2230,Sirsa.pdf
Sirsa,Rania,37,Mehnakhera,Other than Woman,NONE,0,Veerbhan,Rameshwar,0,0,Unreserved,latin,,2230,Sirsa.pdf
Sirsa,Rania,38,Mohmadpuria,SC Woman,SC,1,Geeta,Rohtash,0,0,Scheduled Caste (Women),latin,,2230,Sirsa.pdf
Sirsa,Rania,39,Moujdeen,Woman,NONE,1,Kulwinder Kaur alias Karwinder Kaur,Bachitar Singh,0,0,Women,latin,,2230,Sirsa.pdf
Sirsa,Rania,40,Nagrana,Woman,NONE,1,Baljeet Kaur,Gurmeet Singh,0,0,Women,latin,,2230,Sirsa.pdf
Sirsa,Rania,41,Naiwala,Other than Woman,NONE,0,Mahesh Kumar,Sagan Lal,0,0,Unreserved,latin,,2230,Sirsa.pdf
Sirsa,Rania,42,Nakora,Woman,NONE,1,Satnam Kaur,Dharampal Singh,1,0,Women,latin,,2230,Sirsa.pdf
Sirsa,Rania,43,Nanuana,Other than Woman,NONE,0,Chhotu Ram,Khyali Ram,0,0,Unreserved,latin,,2230,Sirsa.pdf
Sirsa,Rania,44,Nathore,Woman,NONE,1,Sulochna,Shushil Kumar,0,0,Women,latin,,2230,Sirsa.pdf
Sirsa,Rania,45,Ottu,Other than Woman,NONE,0,Amar Singh,Girvar Singh,0,0,Unreserved,latin,,2230,Sirsa.pdf
Sirsa,Rania,46,Pattirathawas,Woman,NONE,1,Raj Rani,Lalit Kumar,0,0,Women,latin,,2230,Sirsa.pdf
Sirsa,Rania,47,Peerkhera,SC Woman,SC,1,Shila Devi,Subhash,0,0,Scheduled Caste (Women),latin,,2230,Sirsa.pdf
Sirsa,Rania,48,Rampurtheri,Woman,NONE,1,Veerpal Kaur,Saminder Singh,0,0,Women,latin,,2230,Sirsa.pdf
Sirsa,Rania,49,Ranjeetpurtheri,Other than Woman,NONE,0,Savinder Singh,Amar Singh,0,0,Unreserved,latin,,2230,Sirsa.pdf
Sirsa,Rania,50,Sadewala,SC Other than Woman,SC,0,Yashoda,Rakesh Kumar,0,0,Scheduled Caste,latin,,2230,Sirsa.pdf
Sirsa,Rania,51,Sainpal,Other than Woman,NONE,0,Basant Kumar,Munshi Ram,0,0,Unreserved,latin,,2230,Sirsa.pdf
Sirsa,Rania,52,Santawali,Other than Woman,NONE,0,Balraj Singh,Pyara Singh,0,0,Unreserved,latin,,2230,Sirsa.pdf
Sirsa,Rania,53,Sultanpuria,Other than Woman,NONE,0,Inder Pal,Hari Ram,0,0,Unreserved,latin,,2230,Sirsa.pdf
Sirsa,Rania,54,Their Mohar singh,Other than Woman,NONE,0,Jaswant Singh,Pragat Singh,0,0,Unreserved,latin,,2230,Sirsa.pdf
Sirsa,Rania,55,Thersahidanwali,Woman,NONE,1,Kulveer Kaur,Paramjeet Singh,0,0,Women,latin,,2230,Sirsa.pdf
Sirsa,Sirsa,1,Ahmedpur,SC Other than Woman,SC,0,Sarvmitar,Mahender Singh,0,0,Scheduled Caste,latin,,2232,Sirsa.pdf
Sirsa,Sirsa,2,Alanoor Nanakpur,SC Other than Woman,SC,0,Sadhu Ram,Krishan Lal,0,0,Scheduled Caste,latin,,2232,Sirsa.pdf
Sirsa,Sirsa,3,Alipur Titukhera,Other than Woman,NONE,0,Ramesh Chander,Milkh Raj,0,0,Unreserved,latin,,2232,Sirsa.pdf
Sirsa,Sirsa,4,Bagguwali,Other than Woman,NONE,0,Lakhvir Singh,Hardeep Singh,0,0,Unreserved,latin,,2232,Sirsa.pdf
Sirsa,Sirsa,5,Bajekan,Other than Woman,NONE,0,Vijay Kumar,Ranjha Ram,0,0,Unreserved,latin,,2232,Sirsa.pdf
Sirsa,Sirsa,6,Bansudhar,Woman,NONE,1,Reetu,Sanny Choudhary,0,0,Women,latin,,2232,Sirsa.pdf
Sirsa,Sirsa,7,Baruwali 1st,SC Woman,SC,1,Amrti,Narender Kumar,0,0,Scheduled Caste (Women),latin,,2232,Sirsa.pdf
Sirsa,Sirsa,8,Bhamboor,Other than Woman,NONE,0,Sawan Ram,Jagir Singh,0,0,Unreserved,latin,,2232,Sirsa.pdf
Sirsa,Sirsa,9,Bharokhan,Other than Woman,NONE,0,Shishpal,Khuba Ram,0,0,Unreserved,latin,,2232,Sirsa.pdf
Sirsa,Sirsa,10,Bhavdin,Other than Woman,NONE,0,Gurjeet Singh,Malik Singh,0,0,Unreserved,latin,,2232,Sirsa.pdf
Sirsa,Sirsa,11,Chamal,Woman,NONE,1,Raj Rani,Viajy Kamboj,0,0,Women,latin,,2232,Sirsa.pdf
Sirsa,Sirsa,12,Chattargarh Patti,Woman,NONE,1,Suman,Mukesh Kumar,1,0,Women,latin,,2232,Sirsa.pdf
Sirsa,Sirsa,13,Darbi,Woman,NONE,1,Parkash Devi,Desh raj,0,0,Women,latin,,2232,Sirsa.pdf
Sirsa,Sirsa,14,Dhani 400,SC Woman,SC,1,Santosh Kumari,Amar Chand,0,0,Scheduled Caste (Women),latin,,2232,Sirsa.pdf
Sirsa,Sirsa,15,Dhani Bharokhan,SC Woman,SC,1,Rekha Rani,Lakhvir,0,0,Scheduled Caste (Women),latin,,2232,Sirsa.pdf
Sirsa,Sirsa,16,Dhani Channu Shahid,Other than Woman,NONE,0,Sunita,Beant Singh,0,0,Unreserved,latin,,2232,Sirsa.pdf
Sirsa,Sirsa,17,Dhani Kheowali,Woman,NONE,1,Reshmpal Kaur,Iqbal Singh,0,0,Women,latin,,2232,Sirsa.pdf
Sirsa,Sirsa,18,Dhani Khoohwali,Woman,NONE,1,Hardish Kaur,Manjeet Singh,0,0,Women,latin,,2232,Sirsa.pdf
Sirsa,Sirsa,19,Dhani Rampura,Other than Woman,NONE,0,Chander Parkash,Gurnam Chand,1,0,Unreserved,latin,,2232,Sirsa.pdf
Sirsa,Sirsa,20,Ding Road,Other than Woman,NONE,0,Preet Davinder Singh,Kulvir Singh,1,0,Unreserved,latin,,2232,Sirsa.pdf
Sirsa,Sirsa,21,Farwain Kalan,SC Other than Woman,SC,0,Vinod Kumar,Balbir,0,0,Scheduled Caste,latin,,2232,Sirsa.pdf
Sirsa,Sirsa,22,Farwain Khurd,Woman,NONE,1,Manpreet Kaur,Lakhveer Singh,0,0,Women,latin,,2232,Sirsa.pdf
Sirsa,Sirsa,23,Fatehpur Vaidwala,Other than Woman,NONE,0,Jaspal Kaur,Sarvjeet Singh,0,0,Unreserved,latin,,2232,Sirsa.pdf
Sirsa,Sirsa,24,Handi Khera,Other than Woman,NONE,0,Atma Ram,Rameshwar Dass,0,0,Unreserved,latin,,2232,Sirsa.pdf
Sirsa,Sirsa,25,Jhopra,Other than Woman,NONE,0,Gurpreet Singh,Kulwant Singh,0,0,Unreserved,latin,,2232,Sirsa.pdf
Sirsa,Sirsa,26,Jhorarnali,Other than Woman,NONE,0,Daya Ram,Phool Chand,0,0,Unreserved,latin,,2232,Sirsa.pdf
Sirsa,Sirsa,27,Kanganpur,Other than Woman,NONE,0,Sukhjinder Kaur,Gurvinder Singh,0,0,Unreserved,latin,,2232,Sirsa.pdf
Sirsa,Sirsa,28,Kanwarpura,Other than Woman,NONE,0,Mukesh Kumar,Ram Swroop,0,0,Unreserved,latin,,2232,Sirsa.pdf
Sirsa,Sirsa,29,Kelnia,Other than Woman,NONE,0,Subhash,Ram Singh,0,0,Unreserved,latin,,2232,Sirsa.pdf
Sirsa,Sirsa,30,Khairekan,Other than Woman,NONE,0,Nishant,Khairat Lal,0,0,Unreserved,latin,,2232,Sirsa.pdf
Sirsa,Sirsa,31,Khajakhera,SC Other than Woman,SC,0,Dara Singh,Dhira Singh,0,0,Scheduled Caste,latin,,2232,Sirsa.pdf
Sirsa,Sirsa,32,Kotli,Other than Woman,NONE,0,Sawarnjeet Kaur,Dev singh,0,0,Unreserved,latin,,2232,Sirsa.pdf
Sirsa,Sirsa,33,Kusubhi,Other than Woman,NONE,0,Rohtash,Devi Lal,0,0,Unreserved,latin,,2232,Sirsa.pdf
Sirsa,Sirsa,34,Madho Singhana,Other than Woman,NONE,0,Pawan Kumar,Sahab Ram,0,0,Unreserved,latin,,2232,Sirsa.pdf
Sirsa,Sirsa,35,Mangala,SC Other than Woman,SC,0,Rajkumar Nath,Kashi Nath,0,0,Scheduled Caste,latin,,2232,Sirsa.pdf
Sirsa,Sirsa,36,Mirpur,SC Other than Woman,SC,0,Jasvir Singh,Banta Singh,0,0,Scheduled Caste,latin,,2232,Sirsa.pdf
Sirsa,Sirsa,37,Mirpur Colony,SC Other than Woman,SC,0,Jagsir Singh,Mukhtyar Singh,0,0,Scheduled Caste,latin,,2232,Sirsa.pdf
Sirsa,Sirsa,38,Mohmadpur Salarpur,Other than Woman,NONE,0,Ajit Singh @ Jeet Ram,Sawan Ram,0,0,Unreserved,latin,,2232,Sirsa.pdf
Sirsa,Sirsa,39,Moriwala,Other than Woman,NONE,0,Surinderpal Singh,Joginder Singh,0,0,Unreserved,latin,,2232,Sirsa.pdf
Sirsa,Sirsa,40,Moju Khera,Woman,NONE,1,Randeep Kuar,Kulwinder Singh,0,0,Women,latin,,2232,Sirsa.pdf
Sirsa,Sirsa,41,Musahibwala,Woman,NONE,1,Gunjan,Narender Kumar,0,0,Women,latin,,2232,Sirsa.pdf
Sirsa,Sirsa,42,Narel Khera,Other than Woman,NONE,0,Kulwant Singh,Ujagar Singh,0,0,Unreserved,latin,,2232,Sirsa.pdf
Sirsa,Sirsa,43,Nattar,Woman,NONE,1,Chinder Kaur,Baljinder Singh,0,0,Women,latin,,2232,Sirsa.pdf
Sirsa,Sirsa,44,Neza Dela Kalan,SC Woman,SC,1,Kiranjeet Kaur,Buta Ram,0,0,Scheduled Caste (Women),latin,,2232,Sirsa.pdf
Sirsa,Sirsa,45,Panihari,Other than Woman,NONE,0,Surender Kumar,Sada Lal,0,0,Unreserved,latin,,2232,Sirsa.pdf
Sirsa,Sirsa,46,Patli Dabar,SC Other than Woman,SC,0,Bhola Ram,Aatma Ram,0,0,Scheduled Caste,latin,,2232,Sirsa.pdf
Sirsa,Sirsa,47,Phoolkan,Other than Woman,NONE,0,Manjeet,Aatma Ram,0,0,Unreserved,latin,,2232,Sirsa.pdf
Sirsa,Sirsa,48,Rangri Khera,Other than Woman,NONE,0,Chander Shakher,Baldev Singh,0,0,Unreserved,latin,,2232,Sirsa.pdf
Sirsa,Sirsa,49,Rasulpur,Other than Woman,NONE,0,Neelam Rani,Bhajan Lal,1,0,Unreserved,latin,,2232,Sirsa.pdf
Sirsa,Sirsa,50,Sangar Sarista,Woman,NONE,1,Veena Rani,Vinod Kumar,1,0,Women,latin,,2232,Sirsa.pdf
Sirsa,Sirsa,51,Shah Satnampura,Woman,NONE,1,Khushpal Kaur,Gurdev Singh,1,0,Women,latin,,2232,Sirsa.pdf
Sirsa,Sirsa,52,Shahidanwali,Other than Woman,NONE,0,Jagdish Kumar,Suhawa Ram,0,0,Unreserved,latin,,2232,Sirsa.pdf
Sirsa,Sirsa,53,Shahpur Begu,Other than Woman,NONE,0,Chander Bhan,Sahib Ditta,0,0,Unreserved,latin,,2232,Sirsa.pdf
Sirsa,Sirsa,54,Shamshabad Patti,Woman,NONE,1,Monika,Amit Kumar,0,0,Women,latin,,2232,Sirsa.pdf
Sirsa,Sirsa,55,Sikenderpur,Other than Woman,NONE,0,Manjeet,Thakar Singh,0,0,Unreserved,latin,,2232,Sirsa.pdf
Sirsa,Sirsa,56,Suchan,Woman,NONE,1,Sunita Rani,Manoj Kumar,0,0,Women,latin,,2232,Sirsa.pdf
Sirsa,Sirsa,57,Their Baba Sawan Singh,Other than Woman,NONE,0,Sawarnpal Singh,Richpal Singh,0,0,Unreserved,latin,,2232,Sirsa.pdf
Sonipat,Ganaur,1,Agwanpur,Other than Woman,NONE,0,Balraj,Sada Ram,0,0,Unreserved,latin,,2235,Sonipat.pdf
Sonipat,Ganaur,2,Ahulana,Other than Woman,NONE,0,Harender Singh,Satbir Singh,0,0,Unreserved,latin,,2235,Sonipat.pdf
Sonipat,Ganaur,3,Atail,SC Other than Woman,SC,0,Mohan Lal,Prem Singh,0,0,Scheduled Caste,latin,,2235,Sonipat.pdf
Sonipat,Ganaur,4,Bain,Woman,NONE,1,Kamlesh,Darshan Singh,0,0,Women,latin,,2235,Sonipat.pdf
Sonipat,Ganaur,5,Bajana Kalan,SC Other than Woman,SC,0,Ram Chander,Rati Ram,0,0,Scheduled Caste,latin,,2235,Sonipat.pdf
Sonipat,Ganaur,6,Bajana Khurd,Other than Woman,NONE,0,Nirmal Devi,Dharmbir,0,0,Unreserved,latin,,2235,Sonipat.pdf
Sonipat,Ganaur,7,Bali Qutabpur,Woman,NONE,1,Suman,Devender Singh,0,0,Women,latin,,2235,Sonipat.pdf
Sonipat,Ganaur,8,Bari,Other than Woman,NONE,0,Rasu,Suresh,0,0,Unreserved,latin,,2235,Sonipat.pdf
Sonipat,Ganaur,9,Bega,Other than Woman,NONE,0,Yashpal,Ishwar Dutt,0,0,Unreserved,latin,,2235,Sonipat.pdf
Sonipat,Ganaur,10,Bhadi,SC Other than Woman,SC,0,Harkesh,Moji Ram,0,0,Scheduled Caste,latin,,2235,Sonipat.pdf
Sonipat,Ganaur,11,Bhakharpur,Other than Woman,NONE,0,Sunenaina,Harjit,0,0,Unreserved,latin,,2235,Sonipat.pdf
Sonipat,Ganaur,12,Bhanwar,Other than Woman,NONE,0,Bijender Singh,Ramkishan,0,0,Unreserved,latin,,2235,Sonipat.pdf
Sonipat,Ganaur,13,Bhogipur,Other than Woman,NONE,0,Sanjay,Hariram,0,0,Unreserved,latin,,2235,Sonipat.pdf
Sonipat,Ganaur,14,Bhora Rasulpur,Other than Woman,NONE,0,Sandeep Kumar,Rameshawar,0,0,Unreserved,latin,,2235,Sonipat.pdf
Sonipat,Ganaur,15,Bulandpur,Woman,NONE,1,Anita,Neeraj,0,0,Women,latin,,2235,Sonipat.pdf
Sonipat,Ganaur,16,Chatia Deva,SC Other than Woman,SC,0,Jagdish,Roop Ram,1,0,Scheduled Caste,latin,,2235,Sonipat.pdf
Sonipat,Ganaur,17,Chirasmi,Woman,NONE,1,Usha Devi,Rajesh Kumar,0,0,Women,latin,,2235,Sonipat.pdf
Sonipat,Ganaur,18,Dabarpur,Other than Woman,NONE,0,Kuldeep,Dharmbir,0,0,Unreserved,latin,,2235,Sonipat.pdf
Sonipat,Ganaur,19,Datauli,Other than Woman,NONE,0,Lokesh,Baljeet Singh,0,0,Unreserved,latin,,2235,Sonipat.pdf
Sonipat,Ganaur,20,Dubheta,SC Woman,SC,1,Poonam Devi,Sachin Dev,0,0,Scheduled Caste (Women),latin,,2235,Sonipat.pdf
Sonipat,Ganaur,21,Garhi Gulama,Woman,NONE,1,Pallavi,Jagdeep,0,0,Women,latin,,2235,Sonipat.pdf
Sonipat,Ganaur,22,Garhi Jhajhara,Other than Woman,NONE,0,Priyanka,Anuj Kumar Singh,0,0,Unreserved,latin,,2235,Sonipat.pdf
Sonipat,Ganaur,23,Garhi Kalan,Other than Woman,NONE,0,Shaukin,Ayub Hassin,0,0,Unreserved,latin,,2235,Sonipat.pdf
Sonipat,Ganaur,24,Ghasauli,Other than Woman,NONE,0,Sukhbir Singh,Asha Ram,0,0,Unreserved,latin,,2235,Sonipat.pdf
Sonipat,Ganaur,25,Gumar,Other than Woman,NONE,0,Ravinder,Omparkash,0,0,Unreserved,latin,,2235,Sonipat.pdf
Sonipat,Ganaur,26,Kailana,Woman,NONE,1,Saroj,Hawa Singh,0,0,Women,latin,,2235,Sonipat.pdf
Sonipat,Ganaur,27,Kheri Gujjar,Other than Woman,NONE,0,Nishant Singh,Sethpal Chhoker,0,0,Unreserved,latin,,2235,Sonipat.pdf
Sonipat,Ganaur,28,Kheri Taga,Other than Woman,NONE,0,Dharmbir,Mange Ram,0,0,Unreserved,latin,,2235,Sonipat.pdf
Sonipat,Ganaur,29,Khizarur Ahir,Other than Woman,NONE,0,Mahavir,Rattan Singh,0,0,Unreserved,latin,,2235,Sonipat.pdf
Sonipat,Ganaur,30,Khubru,Woman,NONE,1,Poonam Rani,Mehar Singh,0,0,Women,latin,,2235,Sonipat.pdf
Sonipat,Ganaur,31,Lalheri,SC Other than Woman,SC,0,Jagparvesh,Rajender,0,0,Scheduled Caste,latin,,2235,Sonipat.pdf
Sonipat,Ganaur,32,Mahmudpur Majra,Woman,NONE,1,Seema Rani,Dalbir Singh,0,0,Women,latin,,2235,Sonipat.pdf
Sonipat,Ganaur,33,Majri,SC Woman,SC,1,Renu Bala,Hawa Singh,0,0,Scheduled Caste (Women),latin,,2235,Sonipat.pdf
Sonipat,Ganaur,34,Moi,Other than Woman,NONE,0,Ram Niwas Rana,Chander Singh Rana,0,0,Unreserved,latin,,2235,Sonipat.pdf
Sonipat,Ganaur,35,Naya Bans,Woman,NONE,1,Anita,Dilbag,0,0,Women,latin,,2235,Sonipat.pdf
Sonipat,Ganaur,36,Panchi Jatan,Woman,NONE,1,Chand Kaur,Om Parkash,0,0,Women,latin,,2235,Sonipat.pdf
Sonipat,Ganaur,37,Patti Brahmanan,Other than Woman,NONE,0,Devender Sharma,Sube Singh,0,0,Unreserved,latin,,2235,Sonipat.pdf
Sonipat,Ganaur,38,Pirgarhi,Woman,NONE,1,Sangeeta,Narender,1,0,Women,latin,,2235,Sonipat.pdf
Sonipat,Ganaur,39,Pugthala,Other than Woman,NONE,0,Suresh,Jage Ram,0,0,Unreserved,latin,,2235,Sonipat.pdf
Sonipat,Ganaur,40,Purkhas Dhiran,Other than Woman,NONE,0,Yashpal,Hemchander,0,0,Unreserved,latin,,2235,Sonipat.pdf
Sonipat,Ganaur,41,Purkhas Rathi,Other than Woman,NONE,0,Shakuntla,Ram Kumar,0,0,Unreserved,latin,,2235,Sonipat.pdf
Sonipat,Ganaur,42,Rajlu Garhi,Other than Woman,NONE,0,Dharmbir,Bharta,0,0,Unreserved,latin,,2235,Sonipat.pdf
Sonipat,Ganaur,43,Rehmana,Woman,NONE,1,Sumitra Devi,Ranbir Singh,0,0,Women,latin,,2235,Sonipat.pdf
Sonipat,Ganaur,44,Samaspur,SC Woman,SC,1,Mansa Devi,Ajit Singh,1,0,Scheduled Caste (Women),latin,,2235,Sonipat.pdf
Sonipat,Ganaur,45,Sardhana,Other than Woman,NONE,0,Chand Singh,Subhash Chander,0,0,Unreserved,latin,,2235,Sonipat.pdf
Sonipat,Ganaur,46,Sayan Khera,SC Other than Woman,SC,0,Janta Devi,Ranbir,0,0,Scheduled Caste,latin,,2235,Sonipat.pdf
Sonipat,Ganaur,47,Shahpur Taga,SC Other than Woman,SC,0,Devender Kumar,Jagan Nath,0,0,Scheduled Caste,latin,,2235,Sonipat.pdf
Sonipat,Ganaur,48,Shekhpura,Other than Woman,NONE,0,Surender,Sube Singh,0,0,Unreserved,latin,,2235,Sonipat.pdf
Sonipat,Ganaur,49,Sitawali,Woman,NONE,1,Pramila,Narender,0,0,Women,latin,,2235,Sonipat.pdf
Sonipat,Ganaur,50,Teha,Woman,NONE,1,Pooja Tyagi,Manish,0,0,Women,latin,,2235,Sonipat.pdf
Sonipat,Ganaur,51,Tewari,SC Woman,SC,1,Rajesh,Ramesh,0,0,Scheduled Caste (Women),latin,,2235,Sonipat.pdf
Sonipat,Ganaur,52,Udeshipur,Other than Woman,NONE,0,Sajjan Kumar,Dharmpal,0,0,Unreserved,latin,,2235,Sonipat.pdf
Sonipat,Ganaur,53,Zafarpur,Other than Woman,NONE,0,Naveen,Dharmbir,0,0,Unreserved,latin,,2235,Sonipat.pdf
Sonipat,Gohana,1,Anwali,SC Woman,SC,1,Renu Devi,Kavi Raj,0,0,Scheduled Caste (Women),latin,,2237,Sonipat.pdf
Sonipat,Gohana,2,Barota,Other than Woman,NONE,0,Ramanand,Gyani Ram,0,0,Unreserved,latin,,2237,Sonipat.pdf
Sonipat,Gohana,3,Bhainswal Kalan Mithan,Other than Woman,NONE,0,Rajesh,Mahender Singh,0,0,Unreserved,latin,,2237,Sonipat.pdf
Sonipat,Gohana,4,Bhainswal Kalan Bawla,Woman,NONE,1,Manjeeta,Narender Kumar,0,0,Women,latin,,2237,Sonipat.pdf
Sonipat,Gohana,5,Bilbilan,Other than Woman,NONE,0,Sushila,Sanjay,0,0,Unreserved,latin,,2237,Sonipat.pdf
Sonipat,Gohana,6,Bidhal,Other than Woman,NONE,0,Vinod,Balwan,0,0,Unreserved,latin,,2237,Sonipat.pdf
Sonipat,Gohana,7,Bali Brahman,Other than Woman,NONE,0,Mukesh Sharma,Ved Parkash,0,0,Unreserved,latin,,2237,Sonipat.pdf
Sonipat,Gohana,8,Gamri,Other than Woman,NONE,0,Devender,Surajmal,0,0,Unreserved,latin,,2237,Sonipat.pdf
Sonipat,Gohana,9,Garhi Saria Namdar Khan,Other than Woman,NONE,0,Dhani Ram,Krishan Lal,0,0,Unreserved,latin,,2237,Sonipat.pdf
Sonipat,Gohana,10,Garhi Ujale Khan,Other than Woman,NONE,0,Jagbir,Harnaryana,0,0,Unreserved,latin,,2237,Sonipat.pdf
Sonipat,Gohana,11,Giwana,SC Other than Woman,SC,0,Rajbir Singh,Surat Singh,0,0,Scheduled Caste,latin,,2237,Sonipat.pdf
Sonipat,Gohana,12,Jouli,Other than Woman,NONE,0,Rajender Singh,Sadhu Ram,0,0,Unreserved,latin,,2237,Sonipat.pdf
Sonipat,Gohana,13,Khanpur Kalan,Woman,NONE,1,Poonam,Ramkuwar,0,0,Women,latin,,2237,Sonipat.pdf
Sonipat,Gohana,14,Kakana Bhadri,Other than Woman,NONE,0,Parveen Kumar,Omparkash,0,0,Unreserved,latin,,2237,Sonipat.pdf
Sonipat,Gohana,15,Kasanda,Woman,NONE,1,Nisha,Rupender,0,0,Women,latin,,2237,Sonipat.pdf
Sonipat,Gohana,16,Kasandi,SC Other than Woman,SC,0,Rajbir,Ramdhari,0,0,Scheduled Caste,latin,,2237,Sonipat.pdf
Sonipat,Gohana,17,Kheri Damkan,Other than Woman,NONE,0,Surender,Nanha Singh,0,0,Unreserved,latin,,2237,Sonipat.pdf
Sonipat,Gohana,18,Kailana Khass,Other than Woman,NONE,0,Ravinder,Mahender,0,0,Unreserved,latin,,2237,Sonipat.pdf
Sonipat,Gohana,19,Katwal,Woman,NONE,1,Anita,Jagdish,0,0,Women,latin,,2237,Sonipat.pdf
Sonipat,Gohana,20,Lath,Woman,NONE,1,Suman,Vinod,0,0,Women,latin,,2237,Sonipat.pdf
Sonipat,Gohana,21,Mahra,Woman,NONE,1,Sharmila,Ishwar Singh,0,0,Women,latin,,2237,Sonipat.pdf
Sonipat,Gohana,22,Moi Hooda,Other than Woman,NONE,0,Jagdish Chander,Ram Kumar,0,0,Unreserved,latin,,2237,Sonipat.pdf
Sonipat,Gohana,23,Jasrana,SC Other than Woman,SC,0,Barhmanand,Ganga Dass,0,0,Scheduled Caste,latin,,2237,Sonipat.pdf
Sonipat,Gohana,24,Nagar,Other than Woman,NONE,0,Joginder Singh,Dalbir Singh,0,0,Unreserved,latin,,2237,Sonipat.pdf
Sonipat,Gohana,25,Anyat,Other than Woman,NONE,0,Rekha,Mukesh,0,0,Unreserved,latin,,2237,Sonipat.pdf
Sonipat,Gohana,26,Puthi,Other than Woman,NONE,0,Ramkumar,Dharma,0,0,Unreserved,latin,,2237,Sonipat.pdf
Sonipat,Gohana,27,Riwara,Woman,NONE,1,Savita Rani,Parveen Kumar,0,0,Women,latin,,2237,Sonipat.pdf
Sonipat,Gohana,28,Rabhra,Woman,NONE,1,Santosh,Sandeep,0,0,Women,latin,,2237,Sonipat.pdf
Sonipat,Gohana,29,Rukhi,SC Woman,SC,1,Savita Nagar,Rakesh Kumar,0,0,Scheduled Caste (Women),latin,,2237,Sonipat.pdf
Sonipat,Gohana,30,Rukhi Khas,Other than Woman,NONE,0,Rakesh,Ramphool,0,0,Unreserved,latin,,2237,Sonipat.pdf
Sonipat,Gohana,31,Sargthal,Other than Woman,NONE,0,Ramehar,Teju,0,0,Unreserved,latin,,2237,Sonipat.pdf
Sonipat,Gohana,32,Sikandar Pur Majra,Woman,NONE,1,Suman,Ishwar Gopal,0,0,Women,latin,,2237,Sonipat.pdf
Sonipat,Gohana,33,Tihar Malik,SC Other than Woman,SC,0,Deepak Kumar,Palay Ram,0,0,Scheduled Caste,latin,,2237,Sonipat.pdf
Sonipat,Gohana,34,Saini Pura,SC Woman,SC,1,Pinki Rani,Rajesh Kumar,0,0,Scheduled Caste (Women),latin,,2237,Sonipat.pdf
Sonipat,Gohana,35,Wazirpura,Other than Woman,NONE,0,Pawan,Dharam Singh,0,0,Unreserved,latin,,2237,Sonipat.pdf
Sonipat,Kathura,1,Ahulana,SC Woman,SC,1,Rekha,Ashok,0,0,Scheduled Caste (Women),latin,,2239,Sonipat.pdf
Sonipat,Kathura,2,Kathura,Other than Woman,NONE,0,Sonu,Ramchander,0,0,Unreserved,latin,,2239,Sonipat.pdf
Sonipat,Kathura,3,Kehlpa,SC Woman,SC,1,Manju Devi,Sunil Kumar,0,0,Scheduled Caste (Women),latin,,2239,Sonipat.pdf
Sonipat,Kathura,4,Gudha,Woman,NONE,1,Soniya,Samunder Singh,0,0,Women,latin,,2239,Sonipat.pdf
Sonipat,Kathura,5,Gharwal,Other than Woman,NONE,0,Naveen,Shripal,0,0,Unreserved,latin,,2239,Sonipat.pdf
Sonipat,Kathura,6,Gharwal Pana Tihai,SC Other than Woman,SC,0,Sunita Devi,Heera Lal,0,0,Scheduled Caste,latin,,2239,Sonipat.pdf
Sonipat,Kathura,7,Chhapra,Woman,NONE,1,Poonam Rani,Ramesh Kumar,0,0,Women,latin,,2239,Sonipat.pdf
Sonipat,Kathura,8,Chhichhrana,Other than Woman,NONE,0,Sandeep,Suraj Mal,0,0,Unreserved,latin,,2239,Sonipat.pdf
Sonipat,Kathura,9,Thaska,Woman,NONE,1,Suman,Shailender,0,0,Women,latin,,2239,Sonipat.pdf
Sonipat,Kathura,10,Dhanana,Other than Woman,NONE,0,Satbir,Surat Singh,0,0,Unreserved,latin,,2239,Sonipat.pdf
Sonipat,Kathura,11,Nizampur,SC Other than Woman,SC,0,Mandeep,Ramesh,0,0,Unreserved Scheduled Caste,latin,,2239,Sonipat.pdf
Sonipat,Kathura,12,Banwasa,Other than Woman,NONE,0,Vikash,Surajmal,0,0,Unreserved,latin,,2239,Sonipat.pdf
Sonipat,Kathura,13,Bhanderi,Other than Woman,NONE,0,Kuldeep,Harke,0,0,Unreserved,latin,,2239,Sonipat.pdf
Sonipat,Kathura,14,Bhawar Kali Raman,Other than Woman,NONE,0,Mewa Singh,Prem Singh,0,0,Unreserved,latin,,2239,Sonipat.pdf
Sonipat,Kathura,15,Bhawar Boora,Woman,NONE,1,Kavita,Rajesh Kumar,0,0,Women,latin,,2239,Sonipat.pdf
Sonipat,Kathura,16,Bhainswan Khurd,Other than Woman,NONE,0,Ishawar,Deep Chand,0,0,Unreserved,latin,,2239,Sonipat.pdf
Sonipat,Kathura,17,Madina,Woman,NONE,1,Anita Devi,Maher Singh,0,0,Women,latin,,2239,Sonipat.pdf
Sonipat,Kathura,18,Mirzapur Kheri,Other than Woman,NONE,0,Bijender,Umed Singh,0,0,Unreserved,latin,,2239,Sonipat.pdf
Sonipat,Kathura,19,Rindhana,Other than Woman,NONE,0,Jouhari Singh,Balwan Singh,0,0,Unreserved,latin,,2239,Sonipat.pdf
Sonipat,Kathura,20,Rindhana Jisharthan Pana,SC Other than Woman,SC,0,Bijender,Hokmi,0,0,Scheduled Caste,latin,,2239,Sonipat.pdf
Sonipat,Kharkhoda,1,Anandpur,Other than Woman,NONE,0,Krishan,Tara Chand,0,0,Unreserved,latin,,2241,Sonipat.pdf
Sonipat,Kharkhoda,2,Ashrafpur Matindu,Other than Woman,NONE,0,Rakesh,Raghbir,0,0,Unreserved,latin,,2241,Sonipat.pdf
Sonipat,Kharkhoda,3,Barona,Woman,NONE,1,Seema,Surender,0,0,Women,latin,,2241,Sonipat.pdf
Sonipat,Kharkhoda,4,Bidhlan,Woman,NONE,1,Priti,Devender,0,0,Women,latin,,2241,Sonipat.pdf
Sonipat,Kharkhoda,5,Chhinoli,Other than Woman,NONE,0,Satparkash,Chanderbhan,0,0,Unreserved,latin,,2241,Sonipat.pdf
Sonipat,Kharkhoda,6,Farmana,Other than Woman,NONE,0,Virender Singh,Amar Singh,0,0,Unreserved,latin,,2241,Sonipat.pdf
Sonipat,Kharkhoda,7,Fatehpur,Other than Woman,NONE,0,Sushil Kumar,Ram Chander,0,0,Unreserved,latin,,2241,Sonipat.pdf
Sonipat,Kharkhoda,8,Firojpur Bangar,SC Woman,SC,1,Beenu,Ranjeet,0,0,Schedule Castee Women,latin,,2241,Sonipat.pdf
Sonipat,Kharkhoda,9,Garhi Sisana,Other than Woman,NONE,0,Shishpal,Karan Singh,0,0,Unreserved,latin,,2241,Sonipat.pdf
Sonipat,Kharkhoda,10,Gopalpur,Other than Woman,NONE,0,Virender Singh,Jai Kishan,0,0,Unreserved,latin,,2241,Sonipat.pdf
Sonipat,Kharkhoda,11,Gopalpur Rajanpana,SC Other than Woman,SC,0,Raj,Dalip Singh,0,0,Schedule Castee,latin,,2241,Sonipat.pdf
Sonipat,Kharkhoda,12,Gorar,SC Other than Woman,SC,0,Satish,Hari Ram,0,0,Schedule Castee,latin,,2241,Sonipat.pdf
Sonipat,Kharkhoda,13,Jatola,Woman,NONE,1,Parmila,Sudesh Kumar,0,0,Women,latin,,2241,Sonipat.pdf
Sonipat,Kharkhoda,14,Jharoth,SC Woman,SC,1,Kamlesh,Raj Kumar,1,0,Schedule Castee Women,latin,,2241,Sonipat.pdf
Sonipat,Kharkhoda,15,Jharothi,Other than Woman,NONE,0,Shamsher,Ramphal,0,0,Unreserved,latin,,2241,Sonipat.pdf
Sonipat,Kharkhoda,16,Kanwali,Other than Woman,NONE,0,Jai Kishan,Chhotan Lal,0,0,Unreserved,latin,,2241,Sonipat.pdf
Sonipat,Kharkhoda,17,Khanda,SC Other than Woman,SC,0,Attar Singh,Shish Ram,0,0,Schedule Castee,latin,,2241,Sonipat.pdf
Sonipat,Kharkhoda,18,Kheri Dahiya,Woman,NONE,1,Saroj,Krishan,0,0,Women,latin,,2241,Sonipat.pdf
Sonipat,Kharkhoda,19,Khurampur,Woman,NONE,1,Darshana,Rajender Singh,0,0,Women,latin,,2241,Sonipat.pdf
Sonipat,Kharkhoda,20,Kidoli,Woman,NONE,1,Seema Rani,Sunil,0,0,Women,latin,,2241,Sonipat.pdf
Sonipat,Kharkhoda,21,Kundal,Woman,NONE,1,Neelam,Vikash,0,0,Women,latin,,2241,Sonipat.pdf
Sonipat,Kharkhoda,22,Mandaura,Other than Woman,NONE,0,Manjeet,Surat Singh,0,0,Unreserved,latin,,2241,Sonipat.pdf
Sonipat,Kharkhoda,23,Mandori,Other than Woman,NONE,0,Poonam Devi,Parveen,0,0,Unreserved,latin,,2241,Sonipat.pdf
Sonipat,Kharkhoda,24,Mojam Nagar,SC Woman,SC,1,Sunita,Satbir,1,0,Schedule Castee (Women),latin,,2241,Sonipat.pdf
Sonipat,Kharkhoda,25,Nakloi,Other than Woman,NONE,0,Ranbir Singh,Kehari,0,0,Unreserved,latin,,2241,Sonipat.pdf
Sonipat,Kharkhoda,26,Nasirpur Cholka,Other than Woman,NONE,0,Virender,Dharambir,0,0,Unreserved,latin,,2241,Sonipat.pdf
Sonipat,Kharkhoda,27,Nijampur Khurd,Other than Woman,NONE,0,Lalit Kumar,Puran Singh,0,0,Unreserved,latin,,2241,Sonipat.pdf
Sonipat,Kharkhoda,28,Nijampur Majra,SC Other than Woman,SC,0,Mukesh,Sube Singh,0,0,Schedule Castee,latin,,2241,Sonipat.pdf
Sonipat,Kharkhoda,29,Nirthan,Other than Woman,NONE,0,Shribhagwan,Sultan Singh,0,0,Unreserved,latin,,2241,Sonipat.pdf
Sonipat,Kharkhoda,30,Pai,Other than Woman,NONE,0,Nathu Ram,Chhotu Ram,0,0,Unreserved,latin,,2241,Sonipat.pdf
Sonipat,Kharkhoda,31,Pehladpur,Woman,NONE,1,Sunita,Sushil,0,0,Women,latin,,2241,Sonipat.pdf
Sonipat,Kharkhoda,32,Pipli,Other than Woman,NONE,0,Ram Niwas,Ishwer Singh,0,0,Unreserved,latin,,2241,Sonipat.pdf
Sonipat,Kharkhoda,33,Rampur,Other than Woman,NONE,0,Naresh,Mehar Singh,0,0,Unreserved,latin,,2241,Sonipat.pdf
Sonipat,Kharkhoda,34,Ridhau,Other than Woman,NONE,0,Rajesh,Ran Singh,0,0,Unreserved,latin,,2241,Sonipat.pdf
Sonipat,Kharkhoda,35,Rohna,Woman,NONE,1,Saroj,Devender,0,0,Women,latin,,2241,Sonipat.pdf
Sonipat,Kharkhoda,36,Rohat,Woman,NONE,1,Savitri,Surender Singh,0,0,Women,latin,,2241,Sonipat.pdf
Sonipat,Kharkhoda,37,Saidpur,SC Other than Woman,SC,0,Dharmender,Tarachand,0,0,Schedule Caste,latin,,2241,Sonipat.pdf
Sonipat,Kharkhoda,38,Sehri,Woman,NONE,1,Sonia,Bijender,0,0,Women,latin,,2241,Sonipat.pdf
Sonipat,Kharkhoda,39,Sohati,Other than Woman,NONE,0,Suman,Anil Kumar,0,0,Unreserved,latin,,2241,Sonipat.pdf
Sonipat,Kharkhoda,40,Silana,Other than Woman,NONE,0,Jagdish,Chander Bhan,0,0,Unreserved,latin,,2241,Sonipat.pdf
Sonipat,Kharkhoda,41,Sisana-1,Woman,NONE,1,Munni Devi,Satish,0,0,Women,latin,,2241,Sonipat.pdf
Sonipat,Kharkhoda,42,Sisana-2,SC Other than Woman,SC,0,Radhe Shyam,Suraj Bhan,0,0,Schedule Caste,latin,,2241,Sonipat.pdf
Sonipat,Kharkhoda,43,Thana Kalan,Other than Woman,NONE,0,Bal Ram,Randhir,0,0,Unreserved,latin,,2241,Sonipat.pdf
Sonipat,Kharkhoda,44,Thana Khurad,Other than Woman,NONE,0,Narender,Keshari,0,0,Unreserved,latin,,2241,Sonipat.pdf
Sonipat,Kharkhoda,45,Turakpur,Other than Woman,NONE,0,Jagbir,Khem Chand,0,0,Unreserved,latin,,2241,Sonipat.pdf
Sonipat,Mundlana,1,A.P Majra,Other than Woman,NONE,0,Naveen Kumar,Santlal Sharma,0,0,Unreserved,latin,,2243,Sonipat.pdf
Sonipat,Mundlana,2,Baroda Mor,Woman,NONE,1,Sunita Devi,Shayam Pal,0,0,Women,latin,,2243,Sonipat.pdf
Sonipat,Mundlana,3,Baroda Tuthan,Other than Woman,NONE,0,Vijay Kumar,Karan Singh,0,0,Unreserved,latin,,2243,Sonipat.pdf
Sonipat,Mundlana,4,Badhoti Khas,Woman,NONE,1,Sarita,Pawan,0,0,Women,latin,,2243,Sonipat.pdf
Sonipat,Mundlana,5,Busana,SC Other than Woman,SC,0,Ramkishan,Parbhudayal,0,0,Scheduled Caste,latin,,2243,Sonipat.pdf
Sonipat,Mundlana,6,Butana Khetlan,SC Woman,SC,1,Renu,Naveen Kumar,0,0,Scheduled Caste(Women),latin,,2243,Sonipat.pdf
Sonipat,Mundlana,7,Bichpari,Woman,NONE,1,Rajrani,Ramesh,0,0,Women,latin,,2243,Sonipat.pdf
Sonipat,Mundlana,8,Chidana,Woman,NONE,1,Mamta,Rakesh,0,0,Women,latin,,2243,Sonipat.pdf
Sonipat,Mundlana,9,Dhurana,Woman,NONE,1,Ishwanti Devi,Harbir,0,0,Women,latin,,2243,Sonipat.pdf
Sonipat,Mundlana,10,Butana Kundu,Other than Woman,NONE,0,Sushil,Paleram,0,0,Unreserved,latin,,2243,Sonipat.pdf
Sonipat,Mundlana,11,Chhathera,SC Woman,SC,1,Bhateri,Vinod Kumar,0,0,Scheduled Caste(Women),latin,,2243,Sonipat.pdf
Sonipat,Mundlana,12,Jagsi Sura,Other than Woman,NONE,0,Azad,Kedar Singh,0,0,Unreserved,latin,,2243,Sonipat.pdf
Sonipat,Mundlana,13,Jawhara,Other than Woman,NONE,0,Surender Arya,Shuganchand,0,0,Unreserved,latin,,2243,Sonipat.pdf
Sonipat,Mundlana,14,Khandrai,Other than Woman,NONE,0,Parwar Singh,Dharma,0,0,Unreserved,latin,,2243,Sonipat.pdf
Sonipat,Mundlana,15,Khanpur Khurd,SC Other than Woman,SC,0,Ravi,Ramesh,0,0,Scheduled Caste,latin,,2243,Sonipat.pdf
Sonipat,Mundlana,16,Kohla,Other than Woman,NONE,0,Jagdeep Kumar,Balbir Singh,0,0,Unreserved,latin,,2243,Sonipat.pdf
Sonipat,Mundlana,17,Gangana,Other than Woman,NONE,0,Davender,Deepchand,0,0,Unreserved,latin,,2243,Sonipat.pdf
Sonipat,Mundlana,18,Gangaser,Woman,NONE,1,Babli Alias Banti,Rakesh,0,0,Women,latin,,2243,Sonipat.pdf
Sonipat,Mundlana,19,Hassangarh,Other than Woman,NONE,0,Rajbir Singh,Lila Ram,0,0,Unreserved,latin,,2243,Sonipat.pdf
Sonipat,Mundlana,20,Ishapur Kheri,Other than Woman,NONE,0,Prem Singh,Mannu Ram,0,0,Unreserved,latin,,2243,Sonipat.pdf
Sonipat,Mundlana,21,Jagsi Sehrawat,Other than Woman,NONE,0,Surender Singh,Puran Singh,0,0,Unreserved,latin,,2243,Sonipat.pdf
Sonipat,Mundlana,22,Siwanka,SC Woman,SC,1,Sangeeta Rani,Sunil Kumar,0,0,Scheduled Caste(Women),latin,,2243,Sonipat.pdf
Sonipat,Mundlana,23,Gangana Tandiya Pana,Other than Woman,NONE,0,Virender,Partap,0,0,Unreserved,latin,,2243,Sonipat.pdf
Sonipat,Mundlana,24,Mundlana,Other than Woman,NONE,0,Ajit,Ishwer Singh,0,0,Unreserved,latin,,2243,Sonipat.pdf
Sonipat,Mundlana,25,Shamri Sisan,Other than Woman,NONE,0,Ramphool,Chater Singh,0,0,Unreserved,latin,,2243,Sonipat.pdf
Sonipat,Mundlana,26,Sirsad,SC Other than Woman,SC,0,Anil Kumar,Balbir Singh,0,0,Scheduled Caste,latin,,2243,Sonipat.pdf
Sonipat,Mundlana,27,Mathand,Woman,NONE,1,Suman,Rajesh,0,0,Women,latin,,2243,Sonipat.pdf
Sonipat,Mundlana,28,Mehmoodpur Chahal,SC Other than Woman,SC,0,Surender Singh,Munshiram,0,0,Scheduled Caste,latin,,2243,Sonipat.pdf
Sonipat,Mundlana,29,Mehmoodpur Maan,Other than Woman,NONE,0,Sanjay Kumar,Raj Singh,0,0,Unreserved,latin,,2243,Sonipat.pdf
Sonipat,Mundlana,30,Nuren Khera,Other than Woman,NONE,0,Anil Kumar,Sukhbir Singh,0,0,Unreserved,latin,,2243,Sonipat.pdf
Sonipat,Mundlana,31,Pedra Pana Gangana,Other than Woman,NONE,0,Sikender,Satbir Singh,0,0,Unreserved,latin,,2243,Sonipat.pdf
Sonipat,Mundlana,32,Rana Kheri,Other than Woman,NONE,0,Avtaar Singh,Balbir Singh,0,0,Unreserved,latin,,2243,Sonipat.pdf
Sonipat,Mundlana,33,Shamri Buran,Woman,NONE,1,Ritu,Rakesh Kumar,0,0,Women,latin,,2243,Sonipat.pdf
Sonipat,Mundlana,34,Shamri Lohchab,Woman,NONE,1,Anju,Amit,0,0,Women,latin,,2243,Sonipat.pdf
Sonipat,Murthal,1,Asadpur,Other than Woman,NONE,0,Mukesh,Mange Ram,0,0,Unreserved,latin,,2249,Sonipat.pdf
Sonipat,Murthal,2,Barouli,Other than Woman,NONE,0,Ujjwal Singh,Ratan Singh,0,0,Unreserved,latin,,2249,Sonipat.pdf
Sonipat,Murthal,3,Basoudi,SC Other than Woman,SC,0,Baljeet,Puran,0,0,Scheduled Caste,latin,,2249,Sonipat.pdf
Sonipat,Murthal,4,Bhigan,SC Woman,SC,1,Sarita,Anil Kumar,0,0,Scheduled Caste (Women),latin,,2249,Sonipat.pdf
Sonipat,Murthal,5,Bhuri,Other than Woman,NONE,0,Pardeep Sharma,Murari Lal,0,0,Unreserved,latin,,2249,Sonipat.pdf
Sonipat,Murthal,6,Dhaturi,Other than Woman,NONE,0,Devender,Dayanand,0,0,Unreserved,latin,,2249,Sonipat.pdf
Sonipat,Murthal,7,Garh- Mirakpur,Woman,NONE,1,Sarita,Satender,0,0,Women,latin,,2249,Sonipat.pdf
Sonipat,Murthal,8,Garhi- Bakhtawarpur,Woman,NONE,1,Sushila Kumari,Satish Kumar,0,0,Women,latin,,2249,Sonipat.pdf
Sonipat,Murthal,9,Hasanpur,Other than Woman,NONE,0,Jai Narayan,Bhim Singh,0,0,Unreserved,latin,,2249,Sonipat.pdf
Sonipat,Murthal,10,Jagdishpur,Other than Woman,NONE,0,Ishwar,Shri Chand,0,0,Unreserved,latin,,2249,Sonipat.pdf
Sonipat,Murthal,11,Jainpur,Woman,NONE,1,Nirmla Devi,Sunil,0,0,Women,latin,,2249,Sonipat.pdf
Sonipat,Murthal,12,Jajal,Other than Woman,NONE,0,Sunil Kumar,Ram Singh,0,0,Unreserved,latin,,2249,Sonipat.pdf
Sonipat,Murthal,13,Jhundpur,Woman,NONE,1,Asha Rani,Sanjay Kumar,0,0,Women,latin,,2249,Sonipat.pdf
Sonipat,Murthal,14,Kami,SC Other than Woman,SC,0,Vedpal,Ratan Lal,0,0,Scheduled Caste,latin,,2249,Sonipat.pdf
Sonipat,Murthal,15,Kurar- Ibrahimpur,Woman,NONE,1,Anju,Bijender,0,0,Women,latin,,2249,Sonipat.pdf
Sonipat,Murthal,16,Larsauli,Other than Woman,NONE,0,Pardeep,Dharam Singh,0,0,Unreserved,latin,,2249,Sonipat.pdf
Sonipat,Murthal,17,Machhraula,Other than Woman,NONE,0,Madan Lal,Rohtash,0,0,Unreserved,latin,,2249,Sonipat.pdf
Sonipat,Murthal,18,Malikpur,Other than Woman,NONE,0,Parmod,Sukhbir,0,0,Unreserved,latin,,2249,Sonipat.pdf
Sonipat,Murthal,19,Mehandipur,SC Other than Woman,SC,0,Satbir,Mange Ram,0,0,Scheduled Caste,latin,,2249,Sonipat.pdf
Sonipat,Murthal,20,Mimarpur,Other than Woman,NONE,0,Rajesh,Devi Shah,0,0,Unreserved,latin,,2249,Sonipat.pdf
Sonipat,Murthal,21,Nandnaur,Other than Woman,NONE,0,Pardeep Singh,Zile Singh,0,0,Unreserved,latin,,2249,Sonipat.pdf
Sonipat,Murthal,22,Pabnera,Woman,NONE,1,Poonam,Parveen Kumar,0,0,Women,latin,,2249,Sonipat.pdf
Sonipat,Murthal,23,Palra,Other than Woman,NONE,0,Sandeep Kumar,Than Singh,0,0,Unreserved,latin,,2249,Sonipat.pdf
Sonipat,Murthal,24,Palri-Kalan,Other than Woman,NONE,0,Jitender Kumar,Mukhtyar Singh,0,0,Unreserved,latin,,2249,Sonipat.pdf
Sonipat,Murthal,25,Palri-Khurd,Other than Woman,NONE,0,Mohan,Krishan,0,0,Unreserved,latin,,2249,Sonipat.pdf
Sonipat,Murthal,26,Pipli-Khera,Other than Woman,NONE,0,Vinay,Ranbir Singh,0,0,Unreserved,latin,,2249,Sonipat.pdf
Sonipat,Murthal,27,Rajpur,SC Woman,SC,1,Jyoti,Raj Kumar,0,0,Scheduled Caste (Women),latin,,2249,Sonipat.pdf
Sonipat,Murthal,28,Ram Nagar,Other than Woman,NONE,0,Jagdish,Ramkishan,0,0,Unreserved,latin,,2249,Sonipat.pdf
Sonipat,Murthal,29,Rasulpur,Other than Woman,NONE,0,Sanjay,Dharampal,0,0,Unreserved,latin,,2249,Sonipat.pdf
Sonipat,Murthal,30,Sanpera,Woman,NONE,1,Manisha,Balbir Singh,0,0,Women,latin,,2249,Sonipat.pdf
Sonipat,Murthal,31,Tajpur,SC Woman,SC,1,Umang,Subhash,0,0,Scheduled Caste (Women),latin,,2249,Sonipat.pdf
Sonipat,Murthal,32,Tanda,Woman,NONE,1,Asha Rani,Vinod Kumar,0,0,Women,latin,,2249,Sonipat.pdf
Sonipat,Murthal,33,Tikola,Woman,NONE,1,Suman,Ravinder,0,0,Women,latin,,2249,Sonipat.pdf
Sonipat,Murthal,34,Umedgarh,SC Other than Woman,SC,0,Rajender Singh,Bhim Singh,0,0,Scheduled Caste,latin,,2249,Sonipat.pdf
Sonipat,Rai,1,Akbarpur Barota,Woman,NONE,1,Sita Devi Urf Sheetal,Ramesh Kumar,0,0,Women,latin,,2245,Sonipat.pdf
Sonipat,Rai,2,Aterna,Woman,NONE,1,Suresh,Parveen Kumar,0,0,Women,latin,,2245,Sonipat.pdf
Sonipat,Rai,3,Aurangabad,Other than Woman,NONE,0,Parmod Kumar,Omparkash,0,0,Unreserved,latin,,2245,Sonipat.pdf
Sonipat,Rai,4,Bad Khalsa,Other than Woman,NONE,0,Hari Chand,Hardavari Lal,0,0,Unreserved,latin,,2245,Sonipat.pdf
Sonipat,Rai,5,Badmalik,SC Other than Woman,SC,0,Rakesh Kumar,Ishwar Dass,0,0,Scheduled Caste,latin,,2245,Sonipat.pdf
Sonipat,Rai,6,Bazidpur Saboli,Other than Woman,NONE,0,Satpal Singh,Sardar Singh,0,0,Unreserved,latin,,2245,Sonipat.pdf
Sonipat,Rai,7,Bhaira Bakipur,SC Other than Woman,SC,0,Narender Kumar,Mahender Singh,0,0,Scheduled Caste,latin,,2245,Sonipat.pdf
Sonipat,Rai,8,Bhowapur,SC Other than Woman,SC,0,Ranbir Singh,Tara Chand,0,0,Scheduled Caste,latin,,2245,Sonipat.pdf
Sonipat,Rai,9,Bindroli,SC Woman,SC,1,Geeta Rani,Jai Bhagwan,0,0,Scheduled Caste (Women),latin,,2245,Sonipat.pdf
Sonipat,Rai,10,Chhattera Bhadurpur,Other than Woman,NONE,0,Rajrani,Partap Singh,0,0,Unreserved,latin,,2245,Sonipat.pdf
Sonipat,Rai,11,Dahisra,Other than Woman,NONE,0,Mange,Jal Singh,0,0,Unreserved,latin,,2245,Sonipat.pdf
Sonipat,Rai,12,Garhi Bala,Other than Woman,NONE,0,Suresh Kumar,Rammurti,0,0,Unreserved,latin,,2245,Sonipat.pdf
Sonipat,Rai,13,Halalpur,Woman,NONE,1,Jivani Devi,Kulbir Singh,0,0,Women,latin,,2245,Sonipat.pdf
Sonipat,Rai,14,Jakhauli,Other than Woman,NONE,0,Gaurav Kumar,Rajender Singh,0,0,Unreserved,latin,,2245,Sonipat.pdf
Sonipat,Rai,15,Janti Kalan,Other than Woman,NONE,0,Jasbir Singh,Ramphal,0,0,Unreserved,latin,,2245,Sonipat.pdf
Sonipat,Rai,16,Janti Khurd,Woman,NONE,1,Suman,Jagbir Singh,0,0,Women,latin,,2245,Sonipat.pdf
Sonipat,Rai,17,Jatheri,Woman,NONE,1,Sunita,Vikas,0,0,Women,latin,,2245,Sonipat.pdf
Sonipat,Rai,18,Jhinjoli,SC Woman,SC,1,Dinesh,Dharambir,0,0,Scheduled Caste (Women),latin,,2245,Sonipat.pdf
Sonipat,Rai,19,Katlupur,Other than Woman,NONE,0,Dharmender Singh,Narender Singh,0,0,Unreserved,latin,,2245,Sonipat.pdf
Sonipat,Rai,20,Khatkar,Woman,NONE,1,Savita,Sreeniwas,0,0,Women,latin,,2245,Sonipat.pdf
Sonipat,Rai,21,Kheri Manajat,Other than Woman,NONE,0,Rattan Singh,Bhim Singh,0,0,Unreserved,latin,,2245,Sonipat.pdf
Sonipat,Rai,22,Khurampur,Other than Woman,NONE,0,Naresh Kumar,Tika Ram,0,0,Unreserved,latin,,2245,Sonipat.pdf
Sonipat,Rai,23,Kundli,Other than Woman,NONE,0,Manish Kumar,Rajinder,0,0,Unreserved,latin,,2245,Sonipat.pdf
Sonipat,Rai,24,Malha Majra,Other than Woman,NONE,0,Satpal,Bhim Singh,0,0,Unreserved,latin,,2245,Sonipat.pdf
Sonipat,Rai,25,Manoli,SC Other than Woman,SC,0,Azad Singh,Ramehar,0,0,Scheduled Caste,latin,,2245,Sonipat.pdf
Sonipat,Rai,26,Mohamdabad,Other than Woman,NONE,0,Chaturbhuj Sharma,Parbhu Dayal Sharma,0,0,Unreserved,latin,,2245,Sonipat.pdf
Sonipat,Rai,27,Nahra,SC Other than Woman,SC,0,Manjeet,Mohinder Singh,0,0,Scheduled Caste,latin,,2245,Sonipat.pdf
Sonipat,Rai,28,Nahri,Woman,NONE,1,Lata Devi,Mahesh Kumar,0,0,Women,latin,,2245,Sonipat.pdf
Sonipat,Rai,29,Nahri Pana Sikhan,Other than Woman,NONE,0,Sunil Kumar,Meher Singh,0,0,Unreserved,latin,,2245,Sonipat.pdf
Sonipat,Rai,30,Nangal Kalan,Woman,NONE,1,Neelam,Suresh Kumar,0,0,Women,latin,,2245,Sonipat.pdf
Sonipat,Rai,31,Nasirpur Bangar,Other than Woman,NONE,0,Sunil Kumari,Ikbal Singh,0,0,Unreserved,latin,,2245,Sonipat.pdf
Sonipat,Rai,32,Nathupur,Woman,NONE,1,Pavitra,Pardeep,0,0,Women,latin,,2245,Sonipat.pdf
Sonipat,Rai,33,Pabsara,Woman,NONE,1,Santosh,Rajender,0,0,Women,latin,,2245,Sonipat.pdf
Sonipat,Rai,34,Patla,Woman,NONE,1,Sweta,Anil,0,0,Women,latin,,2245,Sonipat.pdf
Sonipat,Rai,35,Pritampura,Other than Woman,NONE,0,Anil Khapra,Ranbir Singh,0,0,Unreserved,latin,,2245,Sonipat.pdf
Sonipat,Rai,36,Rasoi,Other than Woman,NONE,0,Om Kunwar,Bhim Singh,0,0,Unreserved,latin,,2245,Sonipat.pdf
Sonipat,Rai,37,Safiyabad- Manirpur,Other than Woman,NONE,0,Amit Kaushik,Umaed Singh,0,0,Unreserved,latin,,2245,Sonipat.pdf
Sonipat,Rai,38,Sersa,SC Woman,SC,1,Neelam,Rajesh,0,0,Scheduled Caste (Women),latin,,2245,Sonipat.pdf
Sonipat,Rai,39,Sevli,Other than Woman,NONE,0,Ravinder Kumar,Baljeet,0,0,Unreserved,latin,,2245,Sonipat.pdf
Sonipat,Rai,40,Toki,Other than Woman,NONE,0,Pinki,Kirori,0,0,Unreserved,latin,,2245,Sonipat.pdf
Sonipat,Sonipat,1,Bhatgoan Dungran,Other than Woman,NONE,0,Karambir,Shivkaran,0,0,Unreserved,latin,,2247,Sonipat.pdf
Sonipat,Sonipat,2,Bhatgoan Malyan,SC Woman,SC,1,Saroj Bala,Hariom,0,0,Scheduled Caste(Women),latin,,2247,Sonipat.pdf
Sonipat,Sonipat,3,Baghru,Woman,NONE,1,Ramrati,Jasbir,0,0,Women,latin,,2247,Sonipat.pdf
Sonipat,Sonipat,4,Bhadana,SC Other than Woman,SC,0,Mahender Singh,Harphool Singh,0,0,Scheduled Caste,latin,,2247,Sonipat.pdf
Sonipat,Sonipat,5,Bhatana Zafrabad,Other than Woman,NONE,0,Rajiv Singh,Kanwal Singh,0,0,Unreserved,latin,,2247,Sonipat.pdf
Sonipat,Sonipat,6,Barwasni,Other than Woman,NONE,0,Parveen Kumar,Rajpal Singh,0,0,Unreserved,latin,,2247,Sonipat.pdf
Sonipat,Sonipat,7,Badshapur Machhari,SC Other than Woman,SC,0,Ran Singh,Dalip Singh,0,0,Scheduled Caste,latin,,2247,Sonipat.pdf
Sonipat,Sonipat,8,Bohla,Woman,NONE,1,Asha Rani,Karambir,0,0,Women,latin,,2247,Sonipat.pdf
Sonipat,Sonipat,9,Chitana,Woman,NONE,1,Mukesh,Balraj,0,0,Women,latin,,2247,Sonipat.pdf
Sonipat,Sonipat,10,Chatia Auliua,SC Woman,SC,1,Rekha,Bijender Singh,0,0,Scheduled Caste(Women),latin,,2247,Sonipat.pdf
Sonipat,Sonipat,11,Dodwa,Woman,NONE,1,Usha,Dalel Singh,0,0,Women,latin,,2247,Sonipat.pdf
Sonipat,Sonipat,12,Garhi Hakikat,SC Other than Woman,SC,0,Mukesh Kumar,Dharam Singh,0,0,Scheduled Caste,latin,,2247,Sonipat.pdf
Sonipat,Sonipat,13,Guhna,SC Woman,SC,1,Poonam,Kaptan Singh,0,0,Scheduled Caste(Women),latin,,2247,Sonipat.pdf
Sonipat,Sonipat,14,Hasanyarpur Tihar Kalan,SC Other than Woman,SC,0,Rajesh,Balwan,0,0,Scheduled Caste,latin,,2247,Sonipat.pdf
Sonipat,Sonipat,15,Hullah Heri,Woman,NONE,1,Sarita,Parvesh Rana,0,0,Women,latin,,2247,Sonipat.pdf
Sonipat,Sonipat,16,Jaji,Other than Woman,NONE,0,Bhim Singh,Hosiyar Singh,0,0,Unreserved,latin,,2247,Sonipat.pdf
Sonipat,Sonipat,17,Juan-1,SC Other than Woman,SC,0,Vinod Kumar,Munsiram,0,0,Scheduled Caste,latin,,2247,Sonipat.pdf
Sonipat,Sonipat,18,Juan-2,Other than Woman,NONE,0,Mukesh,Khushiram,0,0,Unreserved,latin,,2247,Sonipat.pdf
Sonipat,Sonipat,19,Jahri,Woman,NONE,1,Kavita Devi,Naresh Kumar,0,0,Women,latin,,2247,Sonipat.pdf
Sonipat,Sonipat,20,Khijjarpur Jat Majra,Other than Woman,NONE,0,Ram Niwash,Dayanand,0,0,Unreserved,latin,,2247,Sonipat.pdf
Sonipat,Sonipat,21,Krewari,Other than Woman,NONE,0,Naresh,Sultan Singh,0,0,Unreserved,latin,,2247,Sonipat.pdf
Sonipat,Sonipat,22,Kilohrad,Woman,NONE,1,Ajit Kaur,Dalbir Singh,0,0,Women,latin,,2247,Sonipat.pdf
Sonipat,Sonipat,23,Kakroi,Other than Woman,NONE,0,Gaurav,Rakesh,0,0,Unreserved,latin,,2247,Sonipat.pdf
Sonipat,Sonipat,24,Luhari Tibba,Woman,NONE,1,Poonam,Deepak,0,0,Women,latin,,2247,Sonipat.pdf
Sonipat,Sonipat,25,Mehlana,Woman,NONE,1,Anita Rani,Rajbir Singh,0,0,Women,latin,,2247,Sonipat.pdf
Sonipat,Sonipat,26,Mahipur,Other than Woman,NONE,0,Subhash,Khajan Singh,0,0,Unreserved,latin,,2247,Sonipat.pdf
Sonipat,Sonipat,27,Mohana,Other than Woman,NONE,0,Pinki Rani,Anil Kumar,0,0,Unreserved,latin,,2247,Sonipat.pdf
Sonipat,Sonipat,28,Mahra,Other than Woman,NONE,0,Vivek,Shahab Singh,0,0,Unreserved,latin,,2247,Sonipat.pdf
Sonipat,Sonipat,29,Naina Tatarpur,Other than Woman,NONE,0,Jogender,Randhir,0,0,Unreserved,latin,,2247,Sonipat.pdf
Sonipat,Sonipat,30,Pinana,Other than Woman,NONE,0,Jai Singh,Mange Ram,0,0,Unreserved,latin,,2247,Sonipat.pdf
Sonipat,Sonipat,31,Rattangarh,Other than Woman,NONE,0,Sanjay Kumar,Nain Kanwar,0,0,Unreserved,latin,,2247,Sonipat.pdf
Sonipat,Sonipat,32,Rolad Latifpur,Other than Woman,NONE,0,Neelam,Anil Kumar,0,0,Unreserved,latin,,2247,Sonipat.pdf
Sonipat,Sonipat,33,Salarpur Majra,Woman,NONE,1,Satwati,Mehar Singh,0,0,Women,latin,,2247,Sonipat.pdf
Sonipat,Sonipat,34,Salimsar Majra,Other than Woman,NONE,0,Rohtash,Sube Singh,0,0,Unreserved,latin,,2247,Sonipat.pdf
Sonipat,Sonipat,35,Sehzadpur,Other than Woman,NONE,0,Bijender,Rishi Prakash,0,0,Unreserved,latin,,2247,Sonipat.pdf
Sonipat,Sonipat,36,Sandal Khurd,Woman,NONE,1,Manju,Pawan,0,0,Women,latin,,2247,Sonipat.pdf
Sonipat,Sonipat,37,Sandal Kalan,Woman,NONE,1,Suresho Devi,Rakesh,0,0,Women,latin,,2247,Sonipat.pdf
Sonipat,Sonipat,38,Sandal Kalan Niwada,Other than Woman,NONE,0,Jarnail Singh,Sullar Singh,0,0,Unreserved,latin,,2247,Sonipat.pdf
Sonipat,Sonipat,39,Salimpur Trauli,Other than Woman,NONE,0,Chander Hass,Tara Chand,0,0,Unreserved,latin,,2247,Sonipat.pdf
Sonipat,Sonipat,40,Thariya,Other than Woman,NONE,0,Ifroj,Meharban,0,0,Unreserved,latin,,2247,Sonipat.pdf
Sonipat,Sonipat,41,Tharu,Other than Woman,NONE,0,Ranbir Singh,Chandgiram,0,0,Unreserved,latin,,2247,Sonipat.pdf
Sonipat,Sonipat,42,Tajpur Tihar Khurd,SC Other than Woman,SC,0,Mukesh Kumar,Dharam Singh,0,0,Scheduled Caste,latin,,2247,Sonipat.pdf
Sonipat,Sonipat,43,Uldepur,Other than Woman,NONE,0,Anand,Ran Singh,0,0,Unreserved,latin,,2247,Sonipat.pdf
Yamuna Nagar,Bilaspur,1,Aharwala,Other than Woman,NONE,0,Gurdev Singh,Babu Ram,0,0,Unreserved,latin,,2252,Yamuna-Nagar.pdf
Yamuna Nagar,Bilaspur,2,Ajijpur Kalan,Other than Woman,NONE,0,Naresh Sharma,Som Nath,0,0,Unreserved,latin,,2252,Yamuna-Nagar.pdf
Yamuna Nagar,Bilaspur,3,Alisher Pur Majra,Woman,NONE,1,Jyotsana,Mintu Kumar,0,0,Women,latin,,2252,Yamuna-Nagar.pdf
Yamuna Nagar,Bilaspur,4,Araiyanwala,Other than Woman,NONE,0,Karam Chand,Pala Ram,0,0,Unreserved,latin,,2252,Yamuna-Nagar.pdf
Yamuna Nagar,Bilaspur,5,Arnouli,Other than Woman,NONE,0,Thath Singh,Gurnam Singh,0,0,Unreserved,latin,,2252,Yamuna-Nagar.pdf
Yamuna Nagar,Bilaspur,6,Bamnoli,Woman,NONE,1,Kiran Devi,Arun Kumar,0,0,Women,latin,,2252,Yamuna-Nagar.pdf
Yamuna Nagar,Bilaspur,7,Bankat,Woman,NONE,1,Nishi,Vipin Kumar,0,0,Women,latin,,2252,Yamuna-Nagar.pdf
Yamuna Nagar,Bilaspur,8,Bansewala,Other than Woman,NONE,0,Ashok Kumar,Rai Singh,0,0,Unreserved,latin,,2252,Yamuna-Nagar.pdf
Yamuna Nagar,Bilaspur,9,Bhagwan Pur,SC Woman,SC,1,Paramjeet Kaur,Upender Singh,1,0,Scheduled Caste(Women),latin,,2252,Yamuna-Nagar.pdf
Yamuna Nagar,Bilaspur,10,Bhattu Wala,Other than Woman,NONE,0,Kulwant Singh,Nirmal Singh,0,0,Unreserved,latin,,2252,Yamuna-Nagar.pdf
Yamuna Nagar,Bilaspur,11,Bhawanipur,SC Other than Woman,SC,0,Vikram Singh,Pal Chand,0,0,Scheduled Caste,latin,,2252,Yamuna-Nagar.pdf
Yamuna Nagar,Bilaspur,12,Bherthal,Other than Woman,NONE,0,Saravjeet Singh,Mukhtyar Singh,0,0,Unreserved,latin,,2252,Yamuna-Nagar.pdf
Yamuna Nagar,Bilaspur,13,Bhil Chhapar,Woman,NONE,1,Ramneet Kaur,Gurdev Singh,0,0,Women,latin,,2252,Yamuna-Nagar.pdf
Yamuna Nagar,Bilaspur,14,Bhogpur,Other than Woman,NONE,0,Igya Ram,Krishan Chand,0,0,Unreserved,latin,,2252,Yamuna-Nagar.pdf
Yamuna Nagar,Bilaspur,15,Bhutgarh,Other than Woman,NONE,0,Ranjeet Singh,Samsher Singh,0,0,Unreserved,latin,,2252,Yamuna-Nagar.pdf
Yamuna Nagar,Bilaspur,16,Bihta,Other than Woman,NONE,0,Babita Rani,Pawan Kumar,1,0,Unreserved,latin,,2252,Yamuna-Nagar.pdf
Yamuna Nagar,Bilaspur,17,Bijoli,SC Woman,SC,1,Karamavati,Mahipal,0,0,Scheduled Caste(Women),latin,,2252,Yamuna-Nagar.pdf
Yamuna Nagar,Bilaspur,18,Bilas Pur,SC Other than Woman,SC,0,Chander Mohan,Soye Ram,0,0,Scheduled Caste,latin,,2252,Yamuna-Nagar.pdf
Yamuna Nagar,Bilaspur,19,Budheri,SC Other than Woman,SC,0,Rajvinder Singh,Nandsingh,0,0,Scheduled Caste,latin,,2252,Yamuna-Nagar.pdf
Yamuna Nagar,Bilaspur,20,Chahar Wala,Other than Woman,NONE,0,Narender,Som Nath,0,0,Unreserved,latin,,2252,Yamuna-Nagar.pdf
Yamuna Nagar,Bilaspur,21,Chajju Nagla,Other than Woman,NONE,0,Naib Singh,Sukwinder Singh,0,0,Unreserved,latin,,2252,Yamuna-Nagar.pdf
Yamuna Nagar,Bilaspur,22,Chanda Kehri,Other than Woman,NONE,0,Dharambir Singh,Mange Ram,0,0,Unreserved,latin,,2252,Yamuna-Nagar.pdf
Yamuna Nagar,Bilaspur,23,Changnouli,Other than Woman,NONE,0,Sarmor Jang Singh,Hargovind Singh,0,0,Unreserved,latin,,2252,Yamuna-Nagar.pdf
Yamuna Nagar,Bilaspur,24,Chaurahi,Other than Woman,NONE,0,Naresh Kumar,Balkishan,0,0,Unreserved,latin,,2252,Yamuna-Nagar.pdf
Yamuna Nagar,Bilaspur,25,Chhlour,Other than Woman,NONE,0,Manga Ram,Roshan Lal,0,0,Unreserved,latin,,2252,Yamuna-Nagar.pdf
Yamuna Nagar,Bilaspur,26,Dariyapur,Other than Woman,NONE,0,Didhar Singh,Jai Singh,0,0,Unreserved,latin,,2252,Yamuna-Nagar.pdf
Yamuna Nagar,Bilaspur,27,Dhalour,Woman,NONE,1,Surinder Kaur,Dhalbeer Singh,0,0,Women,latin,,2252,Yamuna-Nagar.pdf
Yamuna Nagar,Bilaspur,28,Dhanora,SC Woman,SC,1,Neetu Rani,Raj Pal,0,0,Scheduled Caste(Women),latin,,2252,Yamuna-Nagar.pdf
Yamuna Nagar,Bilaspur,29,Fatehgarh Tumbi,Other than Woman,NONE,0,Anita,Satish Kumar,0,0,Unreserved,latin,,2252,Yamuna-Nagar.pdf
Yamuna Nagar,Bilaspur,30,Gadwali,SC Other than Woman,SC,0,Mukesh Kumar,Ram Kishan,0,0,Scheduled Caste,latin,,2252,Yamuna-Nagar.pdf
Yamuna Nagar,Bilaspur,31,Gyanewala,Other than Woman,NONE,0,Sangita,Manoj Kumar,0,0,Unreserved,latin,,2252,Yamuna-Nagar.pdf
Yamuna Nagar,Bilaspur,32,Haibat Pur,Woman,NONE,1,Raman Chauhan,Ramesh Kumar,0,0,Women,latin,,2252,Yamuna-Nagar.pdf
Yamuna Nagar,Bilaspur,33,Hartaul,Other than Woman,NONE,0,Mahinder Singh,Surmukh Singh,0,0,Unreserved,latin,,2252,Yamuna-Nagar.pdf
Yamuna Nagar,Bilaspur,34,Judda Jattan,Other than Woman,NONE,0,Sahab Singh,Fateh Jang Singh,0,0,Unreserved,latin,,2252,Yamuna-Nagar.pdf
Yamuna Nagar,Bilaspur,35,Judda Sekhan,SC Woman,SC,1,Sita Devi,Kali Ram,0,0,Scheduled Caste(Women),latin,,2252,Yamuna-Nagar.pdf
Yamuna Nagar,Bilaspur,36,Kakrouni,Woman,NONE,1,Mukesh Kumari,Shajad Kumar,0,0,Women,latin,,2252,Yamuna-Nagar.pdf
Yamuna Nagar,Bilaspur,37,Kapuri Kalan,Woman,NONE,1,Gurpreet Kaur,Gurmail Singh,0,0,Women,latin,,2252,Yamuna-Nagar.pdf
Yamuna Nagar,Bilaspur,38,Kathgarh,Other than Woman,NONE,0,Ramsaran,Puran Chand,0,0,Unreserved,latin,,2252,Yamuna-Nagar.pdf
Yamuna Nagar,Bilaspur,39,Khera,SC Other than Woman,SC,0,Nathi Ram,Manohar Lal,0,0,Scheduled Caste,latin,,2252,Yamuna-Nagar.pdf
Yamuna Nagar,Bilaspur,40,Khera Brahmnan,Other than Woman,NONE,0,Santosh Devi,Ramesh Kumar,0,0,Unreserved,latin,,2252,Yamuna-Nagar.pdf
Yamuna Nagar,Bilaspur,41,Kotra Khas,Other than Woman,NONE,0,Sangeeta Rani,Vikram Singh,0,0,Unreserved,latin,,2252,Yamuna-Nagar.pdf
Yamuna Nagar,Bilaspur,42,Kurali,Woman,NONE,1,Harjinder Kaur,Gurpreet Singh,0,0,Women,latin,,2252,Yamuna-Nagar.pdf
Yamuna Nagar,Bilaspur,43,Machhrouli,Other than Woman,NONE,0,Hukam Chand,Babu Ram,0,0,Unreserved,latin,,2252,Yamuna-Nagar.pdf
Yamuna Nagar,Bilaspur,44,Makhour,Woman,NONE,1,Sumit Kaur,Ajay Kumar,0,0,Women,latin,,2252,Yamuna-Nagar.pdf
Yamuna Nagar,Bilaspur,45,Malik Raipur,Other than Woman,NONE,0,Narender Kumar,Balkishan,0,0,Unreserved,latin,,2252,Yamuna-Nagar.pdf
Yamuna Nagar,Bilaspur,46,Malikpur,Other than Woman,NONE,0,Labh Singh,Lehna Ram,1,0,Unreserved,latin,,2252,Yamuna-Nagar.pdf
Yamuna Nagar,Bilaspur,47,Manak Pur,Woman,NONE,1,Asha Rani,Bharat Singh,0,0,Women,latin,,2252,Yamuna-Nagar.pdf
Yamuna Nagar,Bilaspur,48,Mandhar,Other than Woman,NONE,0,Ranbeer Singh,Telu Ram,0,0,Unreserved,latin,,2252,Yamuna-Nagar.pdf
Yamuna Nagar,Bilaspur,49,Manglore,Other than Woman,NONE,0,Suresh Kumar,Babu Ram,0,0,Unreserved,latin,,2252,Yamuna-Nagar.pdf
Yamuna Nagar,Bilaspur,50,Marwa Kalan,SC Other than Woman,SC,0,Krishan Lal,Garib Lal,0,0,Scheduled Caste,latin,,2252,Yamuna-Nagar.pdf
Yamuna Nagar,Bilaspur,51,Marwa Khurd,SC Woman,SC,1,Rajni Devi,Kuldeep Kumar,0,0,Scheduled Caste(Women),latin,,2252,Yamuna-Nagar.pdf
Yamuna Nagar,Bilaspur,52,Mehmoodpur,Woman,NONE,1,Anju Rani,Pardeep Kumar,0,0,Women,latin,,2252,Yamuna-Nagar.pdf
Yamuna Nagar,Bilaspur,53,Mianpur,Other than Woman,NONE,0,Raj Kumar,Multan Singh,0,0,Unreserved,latin,,2252,Yamuna-Nagar.pdf
Yamuna Nagar,Bilaspur,54,Milk Khas,Woman,NONE,1,Kusum Lata,Karan Pal,0,0,Women,latin,,2252,Yamuna-Nagar.pdf
Yamuna Nagar,Bilaspur,55,Milk Sukhi,Other than Woman,NONE,0,Nirmal Singh,Kishan Singh,0,0,Unreserved,latin,,2252,Yamuna-Nagar.pdf
Yamuna Nagar,Bilaspur,56,Mohri,SC Other than Woman,SC,0,Naresh Kumar,Sumer Chand,0,0,Scheduled Caste,latin,,2252,Yamuna-Nagar.pdf
Yamuna Nagar,Bilaspur,57,Mugalwali,SC Other than Woman,SC,0,Ram Pal,Ram Nath,0,0,Scheduled Caste,latin,,2252,Yamuna-Nagar.pdf
Yamuna Nagar,Bilaspur,58,Mujafat,SC Other than Woman,SC,0,Naib Singh,Bachna Ram,1,0,Scheduled Caste,latin,,2252,Yamuna-Nagar.pdf
Yamuna Nagar,Bilaspur,59,Munda Khera,Other than Woman,NONE,0,Sunita Devi,Parkash Chand,0,0,Unreserved,latin,,2252,Yamuna-Nagar.pdf
Yamuna Nagar,Bilaspur,60,Mussimbal (M),Other than Woman,NONE,0,Arinder Pal,Harsaran Singh,0,0,Unreserved,latin,,2252,Yamuna-Nagar.pdf
Yamuna Nagar,Bilaspur,61,Mussimble (H),Woman,NONE,1,Lalita Rani,Pankaj Kumar,0,0,Women,latin,,2252,Yamuna-Nagar.pdf
Yamuna Nagar,Bilaspur,62,Naggal Patti Machhrouli,Woman,NONE,1,Neelu Devi,Mohit Kumar,0,0,Women,latin,,2252,Yamuna-Nagar.pdf
Yamuna Nagar,Bilaspur,63,Nagli-264,Other than Woman,NONE,0,Jasvinder Kumar,Randhir Singh,0,0,Unreserved,latin,,2252,Yamuna-Nagar.pdf
Yamuna Nagar,Bilaspur,64,Nagli-32,Other than Woman,NONE,0,Ahmed Ali,Amir Hussian,0,0,Unreserved,latin,,2252,Yamuna-Nagar.pdf
Yamuna Nagar,Bilaspur,65,Nathan Pur,Other than Woman,NONE,0,Deen Mohhamad,Maddu Deen,0,0,Unreserved,latin,,2252,Yamuna-Nagar.pdf
Yamuna Nagar,Bilaspur,66,Nawan Shahar,Other than Woman,NONE,0,Som Nath,Rati Ram,0,0,Unreserved,latin,,2252,Yamuna-Nagar.pdf
Yamuna Nagar,Bilaspur,67,Pabni Kalan,Woman,NONE,1,Anupam,Sanjeev Kumar,0,0,Women,latin,,2252,Yamuna-Nagar.pdf
Yamuna Nagar,Bilaspur,68,Pabni Khurd,SC Woman,SC,1,Veena Rani,Kesh Ram,0,0,Scheduled Caste(Women),latin,,2252,Yamuna-Nagar.pdf
Yamuna Nagar,Bilaspur,69,Pansel,SC Other than Woman,SC,0,Sohan Lal,Karta Ram,0,0,Scheduled Caste,latin,,2252,Yamuna-Nagar.pdf
Yamuna Nagar,Bilaspur,70,Parbhouli,SC Other than Woman,SC,0,Raj Kumar,Mansa Ram,0,0,Scheduled Caste,latin,,2252,Yamuna-Nagar.pdf
Yamuna Nagar,Bilaspur,71,Peeru Wala,Woman,NONE,1,Neelam Rani,Kulbir Singh,0,0,Women,latin,,2252,Yamuna-Nagar.pdf
Yamuna Nagar,Bilaspur,72,Pheruwala,Other than Woman,NONE,0,Bakshi,Banarsi Dass,0,0,Unreserved,latin,,2252,Yamuna-Nagar.pdf
Yamuna Nagar,Bilaspur,73,Pilkhanwala,Other than Woman,NONE,0,Pharman,Sohid Ahmed,0,0,Unreserved,latin,,2252,Yamuna-Nagar.pdf
Yamuna Nagar,Bilaspur,74,Pipli Wala,Woman,NONE,1,Ruma Devi,Satish Kumar,0,0,Women,latin,,2252,Yamuna-Nagar.pdf
Yamuna Nagar,Bilaspur,75,Ponti,Other than Woman,NONE,0,Nasim Khan,Ikbal Khan,0,0,Unreserved,latin,,2252,Yamuna-Nagar.pdf
Yamuna Nagar,Bilaspur,76,Ram Kheri,Woman,NONE,1,Harjeet Kaur,Devender Singh,0,0,Women,latin,,2252,Yamuna-Nagar.pdf
Yamuna Nagar,Bilaspur,77,Ram Pur Herian,SC Other than Woman,SC,0,Nirmal Singh,Raj Kumar,0,0,Scheduled Caste,latin,,2252,Yamuna-Nagar.pdf
Yamuna Nagar,Bilaspur,78,Ramgarh Majra,Woman,NONE,1,Usha Rani,Mewa Ram,0,0,Women,latin,,2252,Yamuna-Nagar.pdf
Yamuna Nagar,Bilaspur,79,Rampur Kamboyan,Other than Woman,NONE,0,Sohan Lal,Pala Ram,0,0,Unreserved,latin,,2252,Yamuna-Nagar.pdf
Yamuna Nagar,Bilaspur,80,Ranipur,Other than Woman,NONE,0,Salel Chand,Daya Ram,0,0,Unreserved,latin,,2252,Yamuna-Nagar.pdf
Yamuna Nagar,Bilaspur,81,Rasulpur,Woman,NONE,1,Suman Devi,Vinod Kumar,0,0,Women,latin,,2252,Yamuna-Nagar.pdf
Yamuna Nagar,Bilaspur,82,Rohlaheri,Other than Woman,NONE,0,Kusum Devi,Mahinder Singh,0,0,Unreserved,latin,,2252,Yamuna-Nagar.pdf
Yamuna Nagar,Bilaspur,83,Safilpur,Woman,NONE,1,Neeraj Kumari,Angrej Singh,0,0,Women,latin,,2252,Yamuna-Nagar.pdf
Yamuna Nagar,Bilaspur,84,Sahabudin Pur Kalan,Other than Woman,NONE,0,Adrish,Mohhamad Hanif,0,0,Unreserved,latin,,2252,Yamuna-Nagar.pdf
Yamuna Nagar,Bilaspur,85,Sahapur 302,Other than Woman,NONE,0,Amrik Singh,Kanvar Singh,0,0,Unreserved,latin,,2252,Yamuna-Nagar.pdf
Yamuna Nagar,Bilaspur,86,Sandhai,Woman,NONE,1,Usha Rani,Dharmender Singh,0,0,Women,latin,,2252,Yamuna-Nagar.pdf
Yamuna Nagar,Bilaspur,87,Sankhera,Other than Woman,NONE,0,Naveen Kumar,Karan Singh,0,0,Unreserved,latin,,2252,Yamuna-Nagar.pdf
Yamuna Nagar,Bilaspur,88,Sarawin,Other than Woman,NONE,0,Baljinder Singh,Rameswer Dass,0,0,Unreserved,latin,,2252,Yamuna-Nagar.pdf
Yamuna Nagar,Bilaspur,89,Shah Pur- Jattan (382),Other than Woman,NONE,0,Pardeep Kumar,Surmukh Singh,0,0,Unreserved,latin,,2252,Yamuna-Nagar.pdf
Yamuna Nagar,Bilaspur,90,Shergarh,Other than Woman,NONE,0,Satbir Singh,Jora Singh,0,0,Unreserved,latin,,2252,Yamuna-Nagar.pdf
Yamuna Nagar,Bilaspur,91,Sultanpur,Other than Woman,NONE,0,Joginder Singh,Ramkala,0,0,Unreserved,latin,,2252,Yamuna-Nagar.pdf
Yamuna Nagar,Bilaspur,92,Taharpur Khurd,Other than Woman,NONE,0,Parvesh Kumar,Jarnail Singh,1,0,Unreserved,latin,,2252,Yamuna-Nagar.pdf
Yamuna Nagar,Bilaspur,93,Teha Barahmnan,Woman,NONE,1,Babita,Siddarath,0,0,Women,latin,,2252,Yamuna-Nagar.pdf
Yamuna Nagar,Bilaspur,94,Tehi Jattan,SC Other than Woman,SC,0,Jasmer,Bhulla,1,0,Scheduled Caste,latin,,2252,Yamuna-Nagar.pdf
Yamuna Nagar,Bilaspur,95,Udham Garh,Woman,NONE,1,Mamta,Harbans,0,0,Women,latin,,2252,Yamuna-Nagar.pdf
Yamuna Nagar,Chhachhrauli,2,* Vinod Kumar,SC Other than Woman,SC,0,Narayan Singh,,0,0,Scheduled Caste,latin,,2254,Yamuna-Nagar.pdf
Yamuna Nagar,Chhachhrauli,4,* Gurmeet Singh,Other than Woman,NONE,0,Ashok Kumar,,0,0,Unreserved,latin,,2254,Yamuna-Nagar.pdf
Yamuna Nagar,Chhachhrauli,6,* Sangeeta,Other than Woman,NONE,0,Rakesh Kumar,,0,0,Unreserved,latin,,2254,Yamuna-Nagar.pdf
Yamuna Nagar,Chhachhrauli,18,Bhudkalan,SC Other than Woman,SC,0,Mohan Ram,Phool Singh,0,0,Scheduled Caste,latin,,2254,Yamuna-Nagar.pdf
Yamuna Nagar,Chhachhrauli,19,Bhukhri,SC Other than Woman,SC,0,Prem Lata,Raman Kumar,0,0,Scheduled Caste,latin,,2254,Yamuna-Nagar.pdf
Yamuna Nagar,Chhachhrauli,20,Bhulkheri,Woman,NONE,1,Dimple Rani,Rinku Kumar,0,0,Women,latin,,2254,Yamuna-Nagar.pdf
Yamuna Nagar,Chhachhrauli,21,Bombepur,Woman,NONE,1,Israna,Jahid Hassan,0,0,Women,latin,,2254,Yamuna-Nagar.pdf
Yamuna Nagar,Chhachhrauli,22,Chabutron,Other than Woman,NONE,0,Mahinder Singh,Bir Singh,0,0,Unreserved,latin,,2254,Yamuna-Nagar.pdf
Yamuna Nagar,Chhachhrauli,23,Chahron,Other than Woman,NONE,0,Kusum Rani,Vijay Kumar,0,0,Unreserved,latin,,2254,Yamuna-Nagar.pdf
Yamuna Nagar,Chhachhrauli,24,Chauwala,SC Other than Woman,SC,0,Rajinder Kumar,Amar Singh,0,0,Scheduled Caste,latin,,2254,Yamuna-Nagar.pdf
Yamuna Nagar,Chhachhrauli,25,Chhouli (215),Woman,NONE,1,Reena Devi,Sanjeev Kumar,0,0,Women,latin,,2254,Yamuna-Nagar.pdf
Yamuna Nagar,Chhachhrauli,26,Chauli (237),SC Woman,SC,1,Rachna Rani,Dharamveer,0,0,Scheduled Caste (Women),latin,,2254,Yamuna-Nagar.pdf
Yamuna Nagar,Chhachhrauli,27,Chuharpur Kalan,SC Other than Woman,SC,0,Kehar Singh,Babu Ram,0,0,Scheduled Caste,latin,,2254,Yamuna-Nagar.pdf
Yamuna Nagar,Chhachhrauli,28,Chuharpur Khurd,SC Woman,SC,1,Jasbir Kaur,Balbir Singh,0,0,Scheduled Caste (Women),latin,,2254,Yamuna-Nagar.pdf
Yamuna Nagar,Chhachhrauli,29,Dadupur Cantt.,Other than Woman,NONE,0,Kulbir,Satbir Singh,0,0,Unreserved,latin,,2254,Yamuna-Nagar.pdf
Yamuna Nagar,Chhachhrauli,30,Dadupur Jattan,SC Woman,SC,1,Mankesh Devi,Dalwinder,0,0,Scheduled Caste (Women),latin,,2254,Yamuna-Nagar.pdf
Yamuna Nagar,Chhachhrauli,31,Damouli,Other than Woman,NONE,0,Jagwati,Satbir,0,0,Unreserved,latin,,2254,Yamuna-Nagar.pdf
Yamuna Nagar,Chhachhrauli,32,Darpur,SC Woman,SC,1,Naresh Devi Urf Naresho,Balwant Singh,0,0,Scheduled Caste (Women),latin,,2254,Yamuna-Nagar.pdf
Yamuna Nagar,Chhachhrauli,33,Darwa,SC Other than Woman,SC,0,Raj Pal,Issar Chand,0,0,Scheduled Caste,latin,,2254,Yamuna-Nagar.pdf
Yamuna Nagar,Chhachhrauli,34,Dasoura,SC Other than Woman,SC,0,Dayal Singh,Biru Ram,0,0,Scheduled Caste,latin,,2254,Yamuna-Nagar.pdf
Yamuna Nagar,Chhachhrauli,35,Daulatpur,Other than Woman,NONE,0,Tajrina Begam,Julafkar Ali,0,0,Unreserved,latin,,2254,Yamuna-Nagar.pdf
Yamuna Nagar,Chhachhrauli,36,Devdhar,Other than Woman,NONE,0,Uma Devi,Sachin,0,0,Unreserved,latin,,2254,Yamuna-Nagar.pdf
Yamuna Nagar,Chhachhrauli,37,Dakwala,Other than Woman,NONE,0,Kiran Pal,Pretam Singh,0,0,Unreserved,latin,,2254,Yamuna-Nagar.pdf
Yamuna Nagar,Chhachhrauli,38,Dharamkot,Other than Woman,NONE,0,Rajni Rani,Ranjodh Singh,0,0,Unreserved,latin,,2254,Yamuna-Nagar.pdf
Yamuna Nagar,Chhachhrauli,39,Fatehgarh,Other than Woman,NONE,0,Rajni Devi,Pawan Kumar,0,0,Unreserved,latin,,2254,Yamuna-Nagar.pdf
Yamuna Nagar,Chhachhrauli,40,Ganoula,Woman,NONE,1,Lalita Rani,Sunil Kumar,0,0,Women,latin,,2254,Yamuna-Nagar.pdf
Yamuna Nagar,Chhachhrauli,41,Ganouli,Woman,NONE,1,Mamta Rani,Sandeep Kumar,0,0,Women,latin,,2254,Yamuna-Nagar.pdf
Yamuna Nagar,Chhachhrauli,42,Gulabgarh,SC Other than Woman,SC,0,Ravi Kumar,Suraj Bhan,0,0,Scheduled Caste,latin,,2254,Yamuna-Nagar.pdf
Yamuna Nagar,Chhachhrauli,43,Hafizpur,Woman,NONE,1,Mumtaj Begam,Intjar,0,0,Women,latin,,2254,Yamuna-Nagar.pdf
Yamuna Nagar,Chhachhrauli,44,Hadouli,Other than Woman,NONE,0,Sudesh Kumari,Suresh Chand,0,0,Unreserved,latin,,2254,Yamuna-Nagar.pdf
Yamuna Nagar,Chhachhrauli,45,Ibrahimpur,Other than Woman,NONE,0,Shakin,Kaimdeen,0,0,Unreserved,latin,,2254,Yamuna-Nagar.pdf
Yamuna Nagar,Chhachhrauli,46,Ismailpur,Other than Woman,NONE,0,Ankit Kumar,Mahinder Singh,0,0,Unreserved,latin,,2254,Yamuna-Nagar.pdf
Yamuna Nagar,Chhachhrauli,47,Jaidhar,Woman,NONE,1,Renu Devi,Mahavir,0,0,Women,latin,,2254,Yamuna-Nagar.pdf
Yamuna Nagar,Chhachhrauli,48,Jaidhari,Woman,NONE,1,Priyanka,Shakti Singh,0,0,Women,latin,,2254,Yamuna-Nagar.pdf
Yamuna Nagar,Chhachhrauli,49,Jai Rampur Khalsa,Other than Woman,NONE,0,Parmod Kumar,Devi Chand,0,0,Unreserved,latin,,2254,Yamuna-Nagar.pdf
Yamuna Nagar,Chhachhrauli,50,Jaitpur,Other than Woman,NONE,0,Abdul Kayum,Najir Hussain,0,0,Unreserved,latin,,2254,Yamuna-Nagar.pdf
Yamuna Nagar,Chhachhrauli,51,Jatehri,Other than Woman,NONE,0,Rita Devi,Rajesh Kumar,0,0,Unreserved,latin,,2254,Yamuna-Nagar.pdf
Yamuna Nagar,Chhachhrauli,52,Jatanwala,Other than Woman,NONE,0,Shrafat Ali,Ilmu Deen,0,0,Unreserved,latin,,2254,Yamuna-Nagar.pdf
Yamuna Nagar,Chhachhrauli,53,Kalesar,Other than Woman,NONE,0,Sangeeta,Ravinder Kumar,0,0,Unreserved,latin,,2254,Yamuna-Nagar.pdf
Yamuna Nagar,Chhachhrauli,54,Kanalsi,Woman,NONE,1,Manju Devi,Raj Kumar,0,0,Women,latin,,2254,Yamuna-Nagar.pdf
Yamuna Nagar,Chhachhrauli,55,Kansli,Other than Woman,NONE,0,Yamin,Shahbudin,0,0,Unreserved,latin,,2254,Yamuna-Nagar.pdf
Yamuna Nagar,Chhachhrauli,56,Kanyawala,Other than Woman,NONE,0,Sunil Kumar,Baljeet Singh,0,0,Unreserved,latin,,2254,Yamuna-Nagar.pdf
Yamuna Nagar,Chhachhrauli,57,Karkouli,Other than Woman,NONE,0,Harwinder Singh,Baldev Singh,0,0,Unreserved,latin,,2254,Yamuna-Nagar.pdf
Yamuna Nagar,Chhachhrauli,58,Khadri,Woman,NONE,1,Suman,Kulbir,0,0,Women,latin,,2254,Yamuna-Nagar.pdf
Yamuna Nagar,Chhachhrauli,59,Khanpura,SC Other than Woman,SC,0,Karam Chand,Chmela Ram,0,0,Scheduled Caste,latin,,2254,Yamuna-Nagar.pdf
Yamuna Nagar,Chhachhrauli,60,Khanuwala,Other than Woman,NONE,0,Bhag Singh,Inder Singh,0,0,Unreserved,latin,,2254,Yamuna-Nagar.pdf
Yamuna Nagar,Chhachhrauli,61,Kharwan,Other than Woman,NONE,0,Joginder Singh,Bhag Singh,0,0,Unreserved,latin,,2254,Yamuna-Nagar.pdf
Yamuna Nagar,Chhachhrauli,62,Khijrabad,Other than Woman,NONE,0,Parveen Kumar,Gyan Chand,0,0,Unreserved,latin,,2254,Yamuna-Nagar.pdf
Yamuna Nagar,Chhachhrauli,63,Khilanwala,Other than Woman,NONE,0,Deen Mohd.,Aasra,0,0,Unreserved,latin,,2254,Yamuna-Nagar.pdf
Yamuna Nagar,Chhachhrauli,64,Khizri,SC Other than Woman,SC,0,Subhash Kumar,Soran Lal,0,0,Scheduled Caste,latin,,2254,Yamuna-Nagar.pdf
Yamuna Nagar,Chhachhrauli,65,Kishanpura Majra,Woman,NONE,1,Urmila Devi,Rajesh Kumar,0,0,Women,latin,,2254,Yamuna-Nagar.pdf
Yamuna Nagar,Chhachhrauli,66,Kishanpura,SC Other than Woman,SC,0,Subhash Kumar,Amarnath,0,0,Scheduled Caste,latin,,2254,Yamuna-Nagar.pdf
Yamuna Nagar,Chhachhrauli,67,Kot Basawa Singh,Other than Woman,NONE,0,Rajinder Kaur,Ranbir Singh,0,0,Unreserved,latin,,2254,Yamuna-Nagar.pdf
Yamuna Nagar,Chhachhrauli,68,Kot Mustarka,Other than Woman,NONE,0,Harmeet Kaur,Yadwinder Singh,0,0,Unreserved,latin,,2254,Yamuna-Nagar.pdf
Yamuna Nagar,Chhachhrauli,69,Kot Sarkari,Other than Woman,NONE,0,Manjeet Kaur,Sarabjeet Singh,0,0,Unreserved,latin,,2254,Yamuna-Nagar.pdf
Yamuna Nagar,Chhachhrauli,70,Kotra Kahan Singh,Other than Woman,NONE,0,Dilshad,Kamil,0,0,Unreserved,latin,,2254,Yamuna-Nagar.pdf
Yamuna Nagar,Chhachhrauli,71,Lahoriwala,Other than Woman,NONE,0,Pardeep Panwar,Mohan Lal,0,0,Unreserved,latin,,2254,Yamuna-Nagar.pdf
Yamuna Nagar,Chhachhrauli,72,Lahsabad,Other than Woman,NONE,0,Jaipal,Narata Ram,0,0,Unreserved,latin,,2254,Yamuna-Nagar.pdf
Yamuna Nagar,Chhachhrauli,73,Lakar- Mai- Partap Pur,Woman,NONE,1,Kanta,Beram Singh,0,0,Women,latin,,2254,Yamuna-Nagar.pdf
Yamuna Nagar,Chhachhrauli,74,Lalhari Kalan,Woman,NONE,1,Ruhi,Virender Kumar,0,0,Women,latin,,2254,Yamuna-Nagar.pdf
Yamuna Nagar,Chhachhrauli,75,Leda Khadar,Woman,NONE,1,Sangita Devi,Kiran Pal,0,0,Women,latin,,2254,Yamuna-Nagar.pdf
Yamuna Nagar,Chhachhrauli,76,Leda Khas,Other than Woman,NONE,0,Dalgir Kaur,Ranjeet Singh,0,0,Unreserved,latin,,2254,Yamuna-Nagar.pdf
Yamuna Nagar,Chhachhrauli,77,Ledi,Woman,NONE,1,Reena Devi,Ravinder Kumar,0,0,Women,latin,,2254,Yamuna-Nagar.pdf
Yamuna Nagar,Chhachhrauli,78,Lopon,SC Woman,SC,1,Seema Rani,Rajbir Singh,0,0,Scheduled Caste (Women),latin,,2254,Yamuna-Nagar.pdf
Yamuna Nagar,Chhachhrauli,79,Mado Haldri,Woman,NONE,1,Soniya,Raman,0,0,Women,latin,,2254,Yamuna-Nagar.pdf
Yamuna Nagar,Chhachhrauli,80,Mohiudeenpur,Other than Woman,NONE,0,Sanjay Kumar,Rakam Singh,0,0,Unreserved,latin,,2254,Yamuna-Nagar.pdf
Yamuna Nagar,Chhachhrauli,81,Malikpur Khader,Woman,NONE,1,Jaswinder Kaur,Arvinder Singh,0,0,Women,latin,,2254,Yamuna-Nagar.pdf
Yamuna Nagar,Chhachhrauli,82,Malikpur Banger,Other than Woman,NONE,0,Raj Kumar,Babu Ram,0,0,Unreserved,latin,,2254,Yamuna-Nagar.pdf
Yamuna Nagar,Chhachhrauli,83,Mamli,Other than Woman,NONE,0,Jagdish,Data Ram,0,0,Unreserved,latin,,2254,Yamuna-Nagar.pdf
Yamuna Nagar,Chhachhrauli,84,Manak Pur-I,SC Other than Woman,SC,0,Jarnail Singh,Antu Ram,0,0,Scheduled Caste,latin,,2254,Yamuna-Nagar.pdf
Yamuna Nagar,Chhachhrauli,85,Mandkheri,Other than Woman,NONE,0,Ram Dass,Singh Ram,0,0,Unreserved,latin,,2254,Yamuna-Nagar.pdf
Yamuna Nagar,Chhachhrauli,86,Mandouli Gagar,Woman,NONE,1,Ranju Devi,Satinder Kumar,0,0,Women,latin,,2254,Yamuna-Nagar.pdf
Yamuna Nagar,Chhachhrauli,87,Manipur,SC Woman,SC,1,Nirmla Devi,Karamjeet Singh,0,0,Scheduled Caste (Women),latin,,2254,Yamuna-Nagar.pdf
Yamuna Nagar,Chhachhrauli,88,Meghuwala,Other than Woman,NONE,0,Ankit Gupta,Sulekh Chand,0,0,Unreserved,latin,,2254,Yamuna-Nagar.pdf
Yamuna Nagar,Chhachhrauli,89,Mehar Majra,Other than Woman,NONE,0,Jasbeer,Ram Chander,0,0,Unreserved,latin,,2254,Yamuna-Nagar.pdf
Yamuna Nagar,Chhachhrauli,90,Mukarabpur,Woman,NONE,1,Maninder Kaur,Darshan Singh,0,0,Women,latin,,2254,Yamuna-Nagar.pdf
Yamuna Nagar,Chhachhrauli,91,Munda Khera,Woman,NONE,1,Jogindro,Karamvir,0,0,Women,latin,,2254,Yamuna-Nagar.pdf
Yamuna Nagar,Chhachhrauli,92,Muzafat Kalan,SC Woman,SC,1,Harjeet Kaur,Amit Kumar,0,0,Scheduled Caste (Women),latin,,2254,Yamuna-Nagar.pdf
Yamuna Nagar,Chhachhrauli,93,Muzafat Khurd,Other than Woman,NONE,0,Abdul Khalikh,Abdul Wahid,0,0,Unreserved,latin,,2254,Yamuna-Nagar.pdf
Yamuna Nagar,Chhachhrauli,94,Naggalpatti Milk,Other than Woman,NONE,0,Mashrufa,Mehboob,0,0,Unreserved,latin,,2254,Yamuna-Nagar.pdf
Yamuna Nagar,Chhachhrauli,95,Nahar Taharpur,Other than Woman,NONE,0,Dharam Pal,Chuhad Singh,0,0,Unreserved,latin,,2254,Yamuna-Nagar.pdf
Yamuna Nagar,Chhachhrauli,96,Niwajpur,Other than Woman,NONE,0,Sushil Kumar,Nakli Ram,0,0,Unreserved,latin,,2254,Yamuna-Nagar.pdf
Yamuna Nagar,Chhachhrauli,97,Panjeton,Other than Woman,NONE,0,Satwinder Kaur,Vikram Singh,0,0,Unreserved,latin,,2254,Yamuna-Nagar.pdf
Yamuna Nagar,Chhachhrauli,98,Pirthipur,Other than Woman,NONE,0,Deep Chand,Jai Pal,0,0,Unreserved,latin,,2254,Yamuna-Nagar.pdf
Yamuna Nagar,Chhachhrauli,99,Raipur,Other than Woman,NONE,0,Sushil Kumar,Prem Singh,1,0,Unreserved,latin,,2254,Yamuna-Nagar.pdf
Yamuna Nagar,Chhachhrauli,100,Rajpur Goharabani,Other than Woman,NONE,0,Shrafat Ali,Bundu,0,0,Unreserved,latin,,2254,Yamuna-Nagar.pdf
Yamuna Nagar,Chhachhrauli,101,Ramgarh Urf Arjun Majra,SC Other than Woman,SC,0,Balbir Chand,Garibu Ram,0,0,Scheduled Caste,latin,,2254,Yamuna-Nagar.pdf
Yamuna Nagar,Chhachhrauli,102,Rampur Jattan,Other than Woman,NONE,0,Dhiraj Dhawaj,Ishwar Singh,0,0,Unreserved,latin,,2254,Yamuna-Nagar.pdf
Yamuna Nagar,Chhachhrauli,103,Rampur Khadar,Other than Woman,NONE,0,Sudesh Kumari,Rajesh Kumar,0,0,Unreserved,latin,,2254,Yamuna-Nagar.pdf
Yamuna Nagar,Chhachhrauli,104,Salempur Bangar,Other than Woman,NONE,0,Suman Devi,Jasbir,0,0,Unreserved,latin,,2254,Yamuna-Nagar.pdf
Yamuna Nagar,Chhachhrauli,105,Salempur Khadar,Other than Woman,NONE,0,Jasmer Kumar,Surja Ram,0,0,Unreserved,latin,,2254,Yamuna-Nagar.pdf
Yamuna Nagar,Chhachhrauli,106,Salempur Kohi,Other than Woman,NONE,0,Soni Devi,Ravi Kumar,0,0,Unreserved,latin,,2254,Yamuna-Nagar.pdf
Yamuna Nagar,Chhachhrauli,107,Shahjanpur,Woman,NONE,1,Nasreen,Abdul Mannan,0,0,Women,latin,,2254,Yamuna-Nagar.pdf
Yamuna Nagar,Chhachhrauli,108,Shahzadpur,Other than Woman,NONE,0,Geeta Rani,Ravinder Kumar,0,0,Unreserved,latin,,2254,Yamuna-Nagar.pdf
Yamuna Nagar,Chhachhrauli,109,Shahzadwala,Woman,NONE,1,Suman,Vijay Pal,0,0,Women,latin,,2254,Yamuna-Nagar.pdf
Yamuna Nagar,Chhachhrauli,110,Singpura,Woman,NONE,1,Damyanti,Phool Chand,0,0,Women,latin,,2254,Yamuna-Nagar.pdf
Yamuna Nagar,Chhachhrauli,111,Sipiyanwala,Other than Woman,NONE,0,Verinder Singh Urf Shiv Kumar,Bija Singh,0,0,Unreserved,latin,,2254,Yamuna-Nagar.pdf
Yamuna Nagar,Chhachhrauli,112,Taharpur Kalan,SC Other than Woman,SC,0,Gurdeep Singh,Ram Parkash,0,0,Scheduled Caste,latin,,2254,Yamuna-Nagar.pdf
Yamuna Nagar,Chhachhrauli,113,Tajewala,Woman,NONE,1,Ranjana Rani,Yash Pal,0,0,Women,latin,,2254,Yamuna-Nagar.pdf
Yamuna Nagar,Chhachhrauli,114,Taranwala,Woman,NONE,1,Sudesh Rani,Padam Kumar,0,0,Women,latin,,2254,Yamuna-Nagar.pdf
Yamuna Nagar,Chhachhrauli,115,Taruwala,Woman,NONE,1,Reena Rani,Sanjeev Kumar,0,0,Women,latin,,2254,Yamuna-Nagar.pdf
Yamuna Nagar,Chhachhrauli,116,Telipura,Other than Woman,NONE,0,Tejpal,Lakhmira,0,0,Unreserved,latin,,2254,Yamuna-Nagar.pdf
Yamuna Nagar,Chhachhrauli,117,Tibbi Raiyan,Other than Woman,NONE,0,Sat Parkash,Suraj Bhan,0,0,Unreserved,latin,,2254,Yamuna-Nagar.pdf
Yamuna Nagar,Chhachhrauli,118,Tihano,Woman,NONE,1,Amarjeet Kaur,Ranbir Singh,0,0,Women,latin,,2254,Yamuna-Nagar.pdf
Yamuna Nagar,Chhachhrauli,119,Tihmo,Other than Woman,NONE,0,Karan Singh,Sarda Ram,0,0,Unreserved,latin,,2254,Yamuna-Nagar.pdf
Yamuna Nagar,Chhachhrauli,120,Tugalpur,Woman,NONE,1,Rajvinder Kaur,Raj Kumar,0,0,Women,latin,,2254,Yamuna-Nagar.pdf
Yamuna Nagar,Chhachhrauli,121,Urjani,Other than Woman,NONE,0,Rajender Saini,Sher Singh,0,0,Unreserved,latin,,2254,Yamuna-Nagar.pdf
Yamuna Nagar,Chhachhrauli,122,Yakubpur,Other than Woman,NONE,0,Rajpal Singh,Phool Singh,0,0,Unreserved,latin,,2254,Yamuna-Nagar.pdf
Yamuna Nagar,Jagadhri,1,Ahaluwala,Other than Woman,NONE,0,Gurdeep Kaur,Sunil Kumar,0,0,Unreserved,latin,,2256,Yamuna-Nagar.pdf
Yamuna Nagar,Jagadhri,2,Akalgarh,Other than Woman,NONE,0,Mohan,Joginder,0,0,Unreserved,latin,,2256,Yamuna-Nagar.pdf
Yamuna Nagar,Jagadhri,3,Amadalpur,Other than Woman,NONE,0,Ram Chander,Sawan Ram,0,0,Unreserved,latin,,2256,Yamuna-Nagar.pdf
Yamuna Nagar,Jagadhri,4,Bahadarpur,Other than Woman,NONE,0,Rajender,Devi Chand,0,0,Unreserved,latin,,2256,Yamuna-Nagar.pdf
Yamuna Nagar,Jagadhri,5,Behrampur,SC Other than Woman,SC,0,Parjesh Kumar,Rehtu Ram,0,0,Scheduled Caste,latin,,2256,Yamuna-Nagar.pdf
Yamuna Nagar,Jagadhri,6,Bakarpur,SC Other than Woman,SC,0,Parveen Kumar,Baljeet Singh,0,0,Scheduled Caste,latin,,2256,Yamuna-Nagar.pdf
Yamuna Nagar,Jagadhri,7,Bhogpur,Other than Woman,NONE,0,Deepak Kumar,Sukhbir,0,0,Unreserved,latin,,2256,Yamuna-Nagar.pdf
Yamuna Nagar,Jagadhri,8,Bhojpur,Woman,NONE,1,Chandravati,Mangat Ram,0,0,Women,latin,,2256,Yamuna-Nagar.pdf
Yamuna Nagar,Jagadhri,9,Bibipur,Other than Woman,NONE,0,Inam,Matlub Hasan,0,0,Unreserved,latin,,2256,Yamuna-Nagar.pdf
Yamuna Nagar,Jagadhri,10,Damla,Other than Woman,NONE,0,Naresh Kumar,Prithvi Singh,0,0,Unreserved,latin,,2256,Yamuna-Nagar.pdf
Yamuna Nagar,Jagadhri,11,Darwa Majri,Other than Woman,NONE,0,Sukhjinder,Wariyam Singh,0,0,Unreserved,latin,,2256,Yamuna-Nagar.pdf
Yamuna Nagar,Jagadhri,12,Daulatpur Jagir,Other than Woman,NONE,0,Sumer Chand,Karta Ram,0,0,Unreserved,latin,,2256,Yamuna-Nagar.pdf
Yamuna Nagar,Jagadhri,13,Dayalgarh,Woman,NONE,1,Rasia Rani,Paramjeet Singh,0,0,Women,latin,,2256,Yamuna-Nagar.pdf
Yamuna Nagar,Jagadhri,14,Dhorang,SC Woman,SC,1,Pushpa Lata,Puran Chand,0,0,Scheduled Caste (Women),latin,,2256,Yamuna-Nagar.pdf
Yamuna Nagar,Jagadhri,15,Dudhla,Woman,NONE,1,Neelam Rani,Pawan Kumar,0,0,Women,latin,,2256,Yamuna-Nagar.pdf
Yamuna Nagar,Jagadhri,16,Dusani,Other than Woman,NONE,0,Geeta Verma,Rajesh Kumar,0,0,Unreserved,latin,,2256,Yamuna-Nagar.pdf
Yamuna Nagar,Jagadhri,17,Fatehpur- 123,Other than Woman,NONE,0,Chhotu Ram,Amar Singh,0,0,Unreserved,latin,,2256,Yamuna-Nagar.pdf
Yamuna Nagar,Jagadhri,18,Galoli,Woman,NONE,1,Bimla Devi,Raj Kumar,0,0,Women,latin,,2256,Yamuna-Nagar.pdf
Yamuna Nagar,Jagadhri,19,Ghoron,Other than Woman,NONE,0,Sumit Kumar,Omkar,0,0,Unreserved,latin,,2256,Yamuna-Nagar.pdf
Yamuna Nagar,Jagadhri,20,Golanpur,Other than Woman,NONE,0,Randhir Singh,Surja Ram,0,0,Unreserved,latin,,2256,Yamuna-Nagar.pdf
Yamuna Nagar,Jagadhri,21,Hafizpur,Woman,NONE,1,Suman Devi,Vishal Kumar,0,0,Women,latin,,2256,Yamuna-Nagar.pdf
Yamuna Nagar,Jagadhri,22,Haripur Jattan,Other than Woman,NONE,0,Meena Kumari,Pushpinder,0,0,Unreserved,latin,,2256,Yamuna-Nagar.pdf
Yamuna Nagar,Jagadhri,23,Haripur Kamboyan,Other than Woman,NONE,0,Balwinder,Ramji Lal,0,0,Unreserved,latin,,2256,Yamuna-Nagar.pdf
Yamuna Nagar,Jagadhri,24,Harnaul,Woman,NONE,1,Sukhvinder,Karam Singh,0,0,Women,latin,,2256,Yamuna-Nagar.pdf
Yamuna Nagar,Jagadhri,25,Hariabas,Other than Woman,NONE,0,Neeraj Tayagi,Prem Tyagi,0,0,Unreserved,latin,,2256,Yamuna-Nagar.pdf
Yamuna Nagar,Jagadhri,26,Isharpur,SC Woman,SC,1,Jasbir Kaur,Tilak Raj,0,0,Scheduled Caste (Women),latin,,2256,Yamuna-Nagar.pdf
Yamuna Nagar,Jagadhri,27,Jaipur,Other than Woman,NONE,0,Sunita,Subhash,0,0,Unreserved,latin,,2256,Yamuna-Nagar.pdf
Yamuna Nagar,Jagadhri,28,Jhingro,SC Woman,SC,1,Raj Rani,Naresh Kumar,0,0,Scheduled Caste (Women),latin,,2256,Yamuna-Nagar.pdf
Yamuna Nagar,Jagadhri,29,Kail,Woman,NONE,1,Raman Devi,Vikram Singh,0,0,Women,latin,,2256,Yamuna-Nagar.pdf
Yamuna Nagar,Jagadhri,30,Kayampura,Other than Woman,NONE,0,Beena,Jasmer Singh,0,0,Unreserved,latin,,2256,Yamuna-Nagar.pdf
Yamuna Nagar,Jagadhri,31,Kait,Other than Woman,NONE,0,Bilal Deen,Jahid Hasan,0,0,Unreserved,latin,,2256,Yamuna-Nagar.pdf
Yamuna Nagar,Jagadhri,32,Kalanaur,Woman,NONE,1,Nasibo Devi,Amrik Singh,0,0,Women,latin,,2256,Yamuna-Nagar.pdf
Yamuna Nagar,Jagadhri,33,Karera Khurd-1,Woman,NONE,1,Upneet Kaur,Rajinder Singh,0,0,Women,latin,,2256,Yamuna-Nagar.pdf
Yamuna Nagar,Jagadhri,34,Karera Khurd-2,Other than Woman,NONE,0,Ram Hussan,Bichha Ram,0,0,Unreserved,latin,,2256,Yamuna-Nagar.pdf
Yamuna Nagar,Jagadhri,35,Kathwala,Woman,NONE,1,Anuradha,Ramdhari,0,0,Women,latin,,2256,Yamuna-Nagar.pdf
Yamuna Nagar,Jagadhri,36,Khajuri,Other than Woman,NONE,0,Randeep,Som Pal Singh,0,0,Unreserved,latin,,2256,Yamuna-Nagar.pdf
Yamuna Nagar,Jagadhri,37,Khundewala,Other than Woman,NONE,0,Shiv Dayal,Sita Ram,0,0,Unreserved,latin,,2256,Yamuna-Nagar.pdf
Yamuna Nagar,Jagadhri,38,Khurdi,Woman,NONE,1,Rita Saini,Manoj Kumar,0,0,Women,latin,,2256,Yamuna-Nagar.pdf
Yamuna Nagar,Jagadhri,39,Kunjal Jattan,SC Woman,SC,1,Madhu,Rishi Pal,0,0,Scheduled Caste (Women),latin,,2256,Yamuna-Nagar.pdf
Yamuna Nagar,Jagadhri,40,Kunjal Kamboyan,Other than Woman,NONE,0,Sudesh Kumari,Gulshan Kumar,0,0,Unreserved,latin,,2256,Yamuna-Nagar.pdf
Yamuna Nagar,Jagadhri,41,Lapra,Other than Woman,NONE,0,Ifsana,Ajij,0,0,Unreserved,latin,,2256,Yamuna-Nagar.pdf
Yamuna Nagar,Jagadhri,42,Mahilawali,SC Other than Woman,SC,0,Rakesh Kumar,Rishi Pal,0,0,Scheduled Caste,latin,,2256,Yamuna-Nagar.pdf
Yamuna Nagar,Jagadhri,43,Mali Majra,Other than Woman,NONE,0,Main Pal,Indraj,0,0,Unreserved,latin,,2256,Yamuna-Nagar.pdf
Yamuna Nagar,Jagadhri,44,Mandoli,Other than Woman,NONE,0,Sarafroj,Jamil Khan,0,0,Unreserved,latin,,2256,Yamuna-Nagar.pdf
Yamuna Nagar,Jagadhri,45,Mandi,Other than Woman,NONE,0,Rakib Ali,Sahid Hasan,0,0,Unreserved,latin,,2256,Yamuna-Nagar.pdf
Yamuna Nagar,Jagadhri,46,Mahmodpur,Other than Woman,NONE,0,Karan Pal,Shambhu Dyal,0,0,Unreserved,latin,,2256,Yamuna-Nagar.pdf
Yamuna Nagar,Jagadhri,47,Mukrampur,Other than Woman,NONE,0,Tayyab Hussain,Yusuf,0,0,Unreserved,latin,,2256,Yamuna-Nagar.pdf
Yamuna Nagar,Jagadhri,48,Nagal,Other than Woman,NONE,0,Surinder Kumar,Megh Singh,0,0,Unreserved,latin,,2256,Yamuna-Nagar.pdf
Yamuna Nagar,Jagadhri,49,Nagawa Jagir,Other than Woman,NONE,0,Rajesh Kumar,Babu Ram,0,0,Unreserved,latin,,2256,Yamuna-Nagar.pdf
Yamuna Nagar,Jagadhri,50,Naharpur,SC Other than Woman,SC,0,Ashok Kumar,Hari Ram,0,0,Scheduled Caste,latin,,2256,Yamuna-Nagar.pdf
Yamuna Nagar,Jagadhri,51,Naya Gaon,Other than Woman,NONE,0,Pritivi Singh,Ram Parshad,0,0,Unreserved,latin,,2256,Yamuna-Nagar.pdf
Yamuna Nagar,Jagadhri,52,Panjupur,Woman,NONE,1,Suman,Jasvinder Singh,0,0,Women,latin,,2256,Yamuna-Nagar.pdf
Yamuna Nagar,Jagadhri,53,Rampur Majra,SC Other than Woman,SC,0,Sanjeev Kumar,Baljet Singh,0,0,Scheduled Caste,latin,,2256,Yamuna-Nagar.pdf
Yamuna Nagar,Jagadhri,54,Rattangarh,Woman,NONE,1,Rajni Kamboj,Vikas,0,0,Women,latin,,2256,Yamuna-Nagar.pdf
Yamuna Nagar,Jagadhri,55,Road Chhaper,Other than Woman,NONE,0,Gurvinder,Baldev Singh,0,0,Unreserved,latin,,2256,Yamuna-Nagar.pdf
Yamuna Nagar,Jagadhri,56,Rulha Kheri,SC Other than Woman,SC,0,Amit Kumar,Joginder Lal,0,0,Scheduled Caste,latin,,2256,Yamuna-Nagar.pdf
Yamuna Nagar,Jagadhri,57,Sabepur,SC Other than Woman,SC,0,Nisha Devi,Ravi Kumar,0,0,Scheduled Caste,latin,,2256,Yamuna-Nagar.pdf
Yamuna Nagar,Jagadhri,58,Sabhapur,Other than Woman,NONE,0,Dimple,Soran Ram,0,0,Unreserved,latin,,2256,Yamuna-Nagar.pdf
Yamuna Nagar,Jagadhri,59,Sudail,Woman,NONE,1,Gurmeet Kaur,Jasbir Singh,0,0,Women,latin,,2256,Yamuna-Nagar.pdf
Yamuna Nagar,Jagadhri,60,Sudhal,SC Other than Woman,SC,0,Sunil Kumar,Ajmer Singh,0,0,Scheduled Caste,latin,,2256,Yamuna-Nagar.pdf
Yamuna Nagar,Jagadhri,61,Sugh,Woman,NONE,1,Richa,Harpreet Singh,0,0,Women,latin,,2256,Yamuna-Nagar.pdf
Yamuna Nagar,Jagadhri,62,Sukhpura,Woman,NONE,1,Suman,Surinder Singh,0,0,Women,latin,,2256,Yamuna-Nagar.pdf
Yamuna Nagar,Jagadhri,63,Tapu Kamalpur,Other than Woman,NONE,0,Pardeep Singh,Jasbir,0,0,Unreserved,latin,,2256,Yamuna-Nagar.pdf
Yamuna Nagar,Jagadhri,64,Tapu Majri,SC Woman,SC,1,Anita Devi,Suresh Kumar,0,0,Scheduled Caste (Women),latin,,2256,Yamuna-Nagar.pdf
Yamuna Nagar,Jagadhri,65,Tigra,Woman,NONE,1,Omlata,Narinder,0,0,Women,latin,,2256,Yamuna-Nagar.pdf
Yamuna Nagar,Jagadhri,66,Tigri,Woman,NONE,1,Sonia,Subhash Chand,0,0,Women,latin,,2256,Yamuna-Nagar.pdf
Yamuna Nagar,Jagadhri,67,Todarpur,Other than Woman,NONE,0,Roofal,Matloob Hasan,0,0,Unreserved,latin,,2256,Yamuna-Nagar.pdf
Yamuna Nagar,Mustafabad,1,Akalgarh Ka Majra,Other than Woman,NONE,0,Rajesh Kumar,Moti Ram,0,0,Unreserved,latin,,2258,Yamuna-Nagar.pdf
Yamuna Nagar,Mustafabad,2,Akbarpur,Woman,NONE,1,Usha Devi,Ram Kumar,0,0,Women,latin,,2258,Yamuna-Nagar.pdf
Yamuna Nagar,Mustafabad,3,Ambli,Other than Woman,NONE,0,Paramjeet Kaur,Lalit Kumar,0,0,Unreserved,latin,,2258,Yamuna-Nagar.pdf
Yamuna Nagar,Mustafabad,4,Badanpuri,Other than Woman,NONE,0,Ramanjeet Kaur,Krishan Kumar,0,0,Unreserved,latin,,2258,Yamuna-Nagar.pdf
Yamuna Nagar,Mustafabad,5,Bal Chhapar,Other than Woman,NONE,0,Satnaam Kaur,Rashpal Singh,0,0,Unreserved,latin,,2258,Yamuna-Nagar.pdf
Yamuna Nagar,Mustafabad,6,Bhambol,Woman,NONE,1,Rajnesh Devi,Sanjeev Kumar,0,0,Women,latin,,2258,Yamuna-Nagar.pdf
Yamuna Nagar,Mustafabad,7,Bhamboli,Other than Woman,NONE,0,Raj Dulari,Ram Bhul,0,0,Unreserved,latin,,2258,Yamuna-Nagar.pdf
Yamuna Nagar,Mustafabad,8,Bhagwanpur,Other than Woman,NONE,0,Ikbal Singh,Avtar Singh,0,0,Unreserved,latin,,2258,Yamuna-Nagar.pdf
Yamuna Nagar,Mustafabad,9,Bhogpur,SC Woman,SC,1,Anuradha,Satish Kumar,0,0,Scheduled Caste (Women),latin,,2258,Yamuna-Nagar.pdf
Yamuna Nagar,Mustafabad,10,Bhure Ka Majra,Other than Woman,NONE,0,Mulakh Raj,Ram Kishan,0,0,Unreserved,latin,,2258,Yamuna-Nagar.pdf
Yamuna Nagar,Mustafabad,11,Bir Balsuha,Other than Woman,NONE,0,Randheer Singh,Desh Raj,0,0,Unreserved,latin,,2258,Yamuna-Nagar.pdf
Yamuna Nagar,Mustafabad,12,Chhapar,Woman,NONE,1,Sunita,Surender Kumar,0,0,Women,latin,,2258,Yamuna-Nagar.pdf
Yamuna Nagar,Mustafabad,13,Daulatpur Maliyan,Woman,NONE,1,Sarla Devi,Mahipal,0,0,Women,latin,,2258,Yamuna-Nagar.pdf
Yamuna Nagar,Mustafabad,14,Darajpur,Woman,NONE,1,Sunita Devi,Pardeep Kumar,0,0,Women,latin,,2258,Yamuna-Nagar.pdf
Yamuna Nagar,Mustafabad,15,Faridpur,Other than Woman,NONE,0,Ashok Kumar,Phool Singh,0,0,Unreserved,latin,,2258,Yamuna-Nagar.pdf
Yamuna Nagar,Mustafabad,16,Fatehpur,Other than Woman,NONE,0,Vipin Kumar,Baljeet Singh,0,0,Unreserved,latin,,2258,Yamuna-Nagar.pdf
Yamuna Nagar,Mustafabad,17,Gadhola,Other than Woman,NONE,0,Hardeep Singh,Mela Singh,0,0,Unreserved,latin,,2258,Yamuna-Nagar.pdf
Yamuna Nagar,Mustafabad,18,Gadholi,Other than Woman,NONE,0,Kanwardeep Singh Mundi,Nirmal Singh,0,0,Unreserved,latin,,2258,Yamuna-Nagar.pdf
Yamuna Nagar,Mustafabad,19,Gandapura,Other than Woman,NONE,0,Harbans Kumar,Sulekh Chand,0,0,Unreserved,latin,,2258,Yamuna-Nagar.pdf
Yamuna Nagar,Mustafabad,20,Garhi Gossai,Other than Woman,NONE,0,Neeraj Kumar Giri,Amrit Giri,0,0,Unreserved,latin,,2258,Yamuna-Nagar.pdf
Yamuna Nagar,Mustafabad,21,Garhi Sikendra,Other than Woman,NONE,0,Gopal,Prem Chand,0,0,Unreserved,latin,,2258,Yamuna-Nagar.pdf
Yamuna Nagar,Mustafabad,22,Golni,Woman,NONE,1,Usha Devi,Pawan Kumar,0,0,Women,latin,,2258,Yamuna-Nagar.pdf
Yamuna Nagar,Mustafabad,23,Guglon,Woman,NONE,1,Reetu Devi,Rajesh Kumar,0,0,Women,latin,,2258,Yamuna-Nagar.pdf
Yamuna Nagar,Mustafabad,24,Gundiyana,Woman,NONE,1,Pravita,Satish Kumar,0,0,Women,latin,,2258,Yamuna-Nagar.pdf
Yamuna Nagar,Mustafabad,25,Gundiyani,SC Other than Woman,SC,0,Ram Singh,Kalu Ram,0,0,Scheduled Caste,latin,,2258,Yamuna-Nagar.pdf
Yamuna Nagar,Mustafabad,26,Hangoli,Other than Woman,NONE,0,Charan Jeet Singh,Kulbir Singh,0,0,Unreserved,latin,,2258,Yamuna-Nagar.pdf
Yamuna Nagar,Mustafabad,27,Hasanpur,Other than Woman,NONE,0,Rajesh Kumar,Balbir Singh,0,0,Unreserved,latin,,2258,Yamuna-Nagar.pdf
Yamuna Nagar,Mustafabad,28,Hudia,Woman,NONE,1,Sunita Devi,Prem Singh,1,0,Women,latin,,2258,Yamuna-Nagar.pdf
Yamuna Nagar,Mustafabad,29,Jagdholi,Other than Woman,NONE,0,Sukhvinder Singh,Dalvinder Singh,0,0,Unreserved,latin,,2258,Yamuna-Nagar.pdf
Yamuna Nagar,Mustafabad,30,Jamalpur,Woman,NONE,1,Manjeet Kaur,Harbhajan Singh,0,0,Women,latin,,2258,Yamuna-Nagar.pdf
Yamuna Nagar,Mustafabad,31,Jhar Chandana,Woman,NONE,1,Paramjeet Kaur,Surender Kumar,0,0,Women,latin,,2258,Yamuna-Nagar.pdf
Yamuna Nagar,Mustafabad,32,Kabulpur,Other than Woman,NONE,0,Bhag Singh,Pritam,0,0,Unreserved,latin,,2258,Yamuna-Nagar.pdf
Yamuna Nagar,Mustafabad,33,Kazi Bans,SC Woman,SC,1,Sujata Rani,Ram Pal,0,0,Scheduled Caste (Women),latin,,2258,Yamuna-Nagar.pdf
Yamuna Nagar,Mustafabad,34,Kalanpur,Other than Woman,NONE,0,Manjeet Singh,Roop Singh,0,0,Unreserved,latin,,2258,Yamuna-Nagar.pdf
Yamuna Nagar,Mustafabad,35,Kalawar,SC Woman,SC,1,Geeta Rani,Naresh Kumar,0,0,Scheduled Caste (Women),latin,,2258,Yamuna-Nagar.pdf
Yamuna Nagar,Mustafabad,36,Kanheri Kalan,Other than Woman,NONE,0,Jai Bhagwan Singh,Ajmer Singh,0,0,Unreserved,latin,,2258,Yamuna-Nagar.pdf
Yamuna Nagar,Mustafabad,37,Kanheri Khurd,Other than Woman,NONE,0,Maina,Jasbir Singh,0,0,Unreserved,latin,,2258,Yamuna-Nagar.pdf
Yamuna Nagar,Mustafabad,38,Khanpur,Woman,NONE,1,Sarla Devi,Jungsher Singh,0,0,Women,latin,,2258,Yamuna-Nagar.pdf
Yamuna Nagar,Mustafabad,39,Khanpur Rajputan,SC Other than Woman,SC,0,Mahinder Singh,Rikhi Ram,0,0,Scheduled Caste,latin,,2258,Yamuna-Nagar.pdf
Yamuna Nagar,Mustafabad,40,Khera Kalan,Other than Woman,NONE,0,Surjeet Singh,Niranjan Singh,0,0,Unreserved,latin,,2258,Yamuna-Nagar.pdf
Yamuna Nagar,Mustafabad,41,Khera Khurd,Woman,NONE,1,Jagpreet Kaur,Malkeet Singh,1,0,Women,latin,,2258,Yamuna-Nagar.pdf
Yamuna Nagar,Mustafabad,42,Kheri Darshan Singh,Other than Woman,NONE,0,Raj Rani,Narender Kumar,0,0,Unreserved,latin,,2258,Yamuna-Nagar.pdf
Yamuna Nagar,Mustafabad,43,Koolpur,Woman,NONE,1,Harinder Kaur,Manjeet Singh,0,0,Women,latin,,2258,Yamuna-Nagar.pdf
Yamuna Nagar,Mustafabad,44,Kotar Khana,Other than Woman,NONE,0,Ajay Kumar,Rajinder Singh,0,0,Unreserved,latin,,2258,Yamuna-Nagar.pdf
Yamuna Nagar,Mustafabad,45,Kul Chandu,Other than Woman,NONE,0,Kushal Pal,Randhir Singh,0,0,Unreserved,latin,,2258,Yamuna-Nagar.pdf
Yamuna Nagar,Mustafabad,46,Landora,SC Other than Woman,SC,0,Sachin Kumar,Ram Kishan,0,0,Scheduled Caste,latin,,2258,Yamuna-Nagar.pdf
Yamuna Nagar,Mustafabad,47,Lawana,Woman,NONE,1,Rajni Bala,Devi Lal,0,0,Women,latin,,2258,Yamuna-Nagar.pdf
Yamuna Nagar,Mustafabad,48,Lawani,Other than Woman,NONE,0,Seeta Devi,Balvinder Singh,0,0,Unreserved,latin,,2258,Yamuna-Nagar.pdf
Yamuna Nagar,Mustafabad,49,Magarpur,Other than Woman,NONE,0,Harpal Singh,Narender Singh,1,0,Unreserved,latin,,2258,Yamuna-Nagar.pdf
Yamuna Nagar,Mustafabad,50,Maheshwari,Other than Woman,NONE,0,Ram Kumar,Jaswant Singh,0,0,Unreserved,latin,,2258,Yamuna-Nagar.pdf
Yamuna Nagar,Mustafabad,51,Mehmadpur,SC Woman,SC,1,Kirna Devi,Balkar Singh,0,0,Scheduled Caste (Women),latin,,2258,Yamuna-Nagar.pdf
Yamuna Nagar,Mustafabad,52,Mali Majra,Other than Woman,NONE,0,Chaman Lal,Meher Chand,0,0,Unreserved,latin,,2258,Yamuna-Nagar.pdf
Yamuna Nagar,Mustafabad,53,Mansoorpur,Woman,NONE,1,Sunita,Om Parkash,0,0,Women,latin,,2258,Yamuna-Nagar.pdf
Yamuna Nagar,Mustafabad,54,Massana Jattan,Other than Woman,NONE,0,Sonia,Jasbir Singh,0,0,Unreserved,latin,,2258,Yamuna-Nagar.pdf
Yamuna Nagar,Mustafabad,55,Mustafabad,SC Other than Woman,SC,0,Mohit Kumar,Narayan Das,0,0,Scheduled Caste,latin,,2258,Yamuna-Nagar.pdf
Yamuna Nagar,Mustafabad,56,Nagla Jagir,Other than Woman,NONE,0,Naagpal,Kuldeep Singh,0,0,Unreserved,latin,,2258,Yamuna-Nagar.pdf
Yamuna Nagar,Mustafabad,57,Nagla Khalsa,Other than Woman,NONE,0,Jitender Kumar,Rishi Pal,0,0,Unreserved,latin,,2258,Yamuna-Nagar.pdf
Yamuna Nagar,Mustafabad,58,Namdarpur,Other than Woman,NONE,0,Satpal Singh,Atar Singh,1,0,Unreserved,latin,,2258,Yamuna-Nagar.pdf
Yamuna Nagar,Mustafabad,59,Pinjora,SC Other than Woman,SC,0,Jitender Kumar,Jai Singh,0,0,Scheduled Caste,latin,,2258,Yamuna-Nagar.pdf
Yamuna Nagar,Mustafabad,60,Pinjori,Other than Woman,NONE,0,Lal Singh,Jagtar Singh,0,0,Unreserved,latin,,2258,Yamuna-Nagar.pdf
Yamuna Nagar,Mustafabad,61,Rajpura,Other than Woman,NONE,0,Virender Singh,Hardev Singh,1,0,Unreserved,latin,,2258,Yamuna-Nagar.pdf
Yamuna Nagar,Mustafabad,62,Ramgarh,Other than Woman,NONE,0,Parveen Kumar,Pala Ram,0,0,Unreserved,latin,,2258,Yamuna-Nagar.pdf
Yamuna Nagar,Mustafabad,63,Rapoli,Other than Woman,NONE,0,Yadvinder Singh,Satpal Singh,0,0,Unreserved,latin,,2258,Yamuna-Nagar.pdf
Yamuna Nagar,Mustafabad,64,Sabalpur,Other than Woman,NONE,0,Rajinder Kumar,Puran Chand,0,0,Unreserved,latin,,2258,Yamuna-Nagar.pdf
Yamuna Nagar,Mustafabad,65,Sabilpur Jattan,SC Woman,SC,1,Reeta Devi,Rajnish Kumar,0,0,Scheduled Caste (Women),latin,,2258,Yamuna-Nagar.pdf
Yamuna Nagar,Mustafabad,66,Saran,Woman,NONE,1,Komal Rani,Deepak Kumar,0,0,Women,latin,,2258,Yamuna-Nagar.pdf
Yamuna Nagar,Mustafabad,67,Stari,SC Other than Woman,SC,0,Yashpal,Dasondi Ram,1,0,Scheduled Caste,latin,,2258,Yamuna-Nagar.pdf
Yamuna Nagar,Mustafabad,68,Sahabpura,Woman,NONE,1,Paramjeet Devi,Aman Kumar,0,0,Women,latin,,2258,Yamuna-Nagar.pdf
Yamuna Nagar,Mustafabad,69,Siyalba,Other than Woman,NONE,0,Sukhvinder Singh,Om Bir,0,0,Unreserved,latin,,2258,Yamuna-Nagar.pdf
Yamuna Nagar,Mustafabad,70,Sukhdaspur,SC Other than Woman,SC,0,Rajbir,Ratan Lal,0,0,Scheduled Caste,latin,,2258,Yamuna-Nagar.pdf
Yamuna Nagar,Mustafabad,71,Sultanpur,Woman,NONE,1,Manpreet Kaur,Narinder Singh,0,0,Women,latin,,2258,Yamuna-Nagar.pdf
Yamuna Nagar,Mustafabad,72,Talakaur,SC Other than Woman,SC,0,Gulshan Kumar,Ajmer Singh,0,0,Scheduled Caste,latin,,2258,Yamuna-Nagar.pdf
Yamuna Nagar,Mustafabad,73,Taprapur,Woman,NONE,1,Kamlesh Rani,Sanjeev Kumar,0,0,Women,latin,,2258,Yamuna-Nagar.pdf
Yamuna Nagar,Mustafabad,74,Topra Khurd,SC Other than Woman,SC,0,Ram Kumar,Hans Raj,0,0,Scheduled Caste,latin,,2258,Yamuna-Nagar.pdf
Yamuna Nagar,Mustafabad,75,Uncha Chandana,SC Other than Woman,SC,0,Sunita Rani,Gurmej,0,0,Scheduled Caste,latin,,2258,Yamuna-Nagar.pdf
Yamuna Nagar,Radaur,1,Alahar,Other than Woman,NONE,0,Gopal Krishan,Ram Kumar,0,0,Unreserved,latin,,2260,Yamuna-Nagar.pdf
Yamuna Nagar,Radaur,2,Alipura,SC Other than Woman,SC,0,Ram Kumar,Sawan Ram,0,0,Scheduled Caste,latin,,2260,Yamuna-Nagar.pdf
Yamuna Nagar,Radaur,3,Amloha,Other than Woman,NONE,0,Ankush Deswal,Roshan Lal,0,0,Unreserved,latin,,2260,Yamuna-Nagar.pdf
Yamuna Nagar,Radaur,4,Antawa,Other than Woman,NONE,0,Gaurav,Bhagwan Dass,0,0,Unreserved,latin,,2260,Yamuna-Nagar.pdf
Yamuna Nagar,Radaur,5,Baindi,Other than Woman,NONE,0,Ajay Kumar,Mewa Singh,0,0,Unreserved,latin,,2260,Yamuna-Nagar.pdf
Yamuna Nagar,Radaur,6,Bakana,SC Woman,SC,1,Sapna Rani,Shivdass,0,0,Scheduled Caste (Women),latin,,2260,Yamuna-Nagar.pdf
Yamuna Nagar,Radaur,7,Bapa,Woman,NONE,1,Harpreet Kaur,Jagmohan Singh,0,0,Women,latin,,2260,Yamuna-Nagar.pdf
Yamuna Nagar,Radaur,8,Bapoli,Other than Woman,NONE,0,Rohit,Raj Pal,0,0,Unreserved,latin,,2260,Yamuna-Nagar.pdf
Yamuna Nagar,Radaur,9,Barheri,Other than Woman,NONE,0,Vasudev,Pawan Kumar,0,0,Unreserved,latin,,2260,Yamuna-Nagar.pdf
Yamuna Nagar,Radaur,10,Barsan,Other than Woman,NONE,0,Vikas Kumar,Sohan Lal,0,0,Unreserved,latin,,2260,Yamuna-Nagar.pdf
Yamuna Nagar,Radaur,11,Basantpura,Other than Woman,NONE,0,Sanjeev Kumar,Om Parkash,0,0,Unreserved,latin,,2260,Yamuna-Nagar.pdf
Yamuna Nagar,Radaur,12,Bhagu Majra,Woman,NONE,1,Paramjit Kaur,Tejpal,0,0,Women,latin,,2260,Yamuna-Nagar.pdf
Yamuna Nagar,Radaur,13,Bhagwangarh,Other than Woman,NONE,0,Ishwar Dass,Indraj,0,0,Unreserved,latin,,2260,Yamuna-Nagar.pdf
Yamuna Nagar,Radaur,14,Bubka,Other than Woman,NONE,0,Sunil Kumar,Baru Ram,0,0,Unreserved,latin,,2260,Yamuna-Nagar.pdf
Yamuna Nagar,Radaur,15,Chamrori,SC Other than Woman,SC,0,Jarnail Singh,Somnath,0,0,Scheduled Caste,latin,,2260,Yamuna-Nagar.pdf
Yamuna Nagar,Radaur,16,Chhari,Other than Woman,NONE,0,Jarnail Singh,Kapoor Singh,0,0,Unreserved,latin,,2260,Yamuna-Nagar.pdf
Yamuna Nagar,Radaur,17,Daulatpur,Other than Woman,NONE,0,Reena Kumari,Satish Kumar,0,0,Unreserved,latin,,2260,Yamuna-Nagar.pdf
Yamuna Nagar,Radaur,18,Dhanupura,Woman,NONE,1,Pinki,Vipan,0,0,Women,latin,,2260,Yamuna-Nagar.pdf
Yamuna Nagar,Radaur,19,Dholra,Other than Woman,NONE,0,Sanjeev Kumar,Om Parkash,0,0,Unreserved,latin,,2260,Yamuna-Nagar.pdf
Yamuna Nagar,Radaur,20,Dohli,Woman,NONE,1,Meena Devi,Anil Kumar,0,0,Women,latin,,2260,Yamuna-Nagar.pdf
Yamuna Nagar,Radaur,21,Fatehgarh,Woman,NONE,1,Raj Kumari,Ram Kumar,0,0,Women,latin,,2260,Yamuna-Nagar.pdf
Yamuna Nagar,Radaur,22,Ghespur,Other than Woman,NONE,0,Anju Rani,Parmod Kumar,0,0,Unreserved,latin,,2260,Yamuna-Nagar.pdf
Yamuna Nagar,Radaur,23,Ghilore,Other than Woman,NONE,0,Dharampal,Gainda Singh,0,0,Unreserved,latin,,2260,Yamuna-Nagar.pdf
Yamuna Nagar,Radaur,24,Gumthala Rao,Other than Woman,NONE,0,Krishan Kumar,Amir Chand,0,0,Unreserved,latin,,2260,Yamuna-Nagar.pdf
Yamuna Nagar,Radaur,25,Hartan,Other than Woman,NONE,0,Vikram Singh,Jagtar Singh,0,0,Unreserved,latin,,2260,Yamuna-Nagar.pdf
Yamuna Nagar,Radaur,26,Hiran Chhappar,Other than Woman,NONE,0,Ashwani Kumar,Ram Karan,0,0,Unreserved,latin,,2260,Yamuna-Nagar.pdf
Yamuna Nagar,Radaur,27,Ismilepur,Woman,NONE,1,Gurjeet Kaur,Guruwant Singh,0,0,Women,latin,,2260,Yamuna-Nagar.pdf
Yamuna Nagar,Radaur,28,Jathlana,SC Other than Woman,SC,0,Sanjeev Kumar,Baljeet Singh,0,0,Scheduled Caste,latin,,2260,Yamuna-Nagar.pdf
Yamuna Nagar,Radaur,29,Jhaguri,Woman,NONE,1,Salinder Kaur,Padam Singh,0,0,Women,latin,,2260,Yamuna-Nagar.pdf
Yamuna Nagar,Radaur,30,Jhiwrehri,Other than Woman,NONE,0,Shiv Kumar,Sohan Lal,0,0,Unreserved,latin,,2260,Yamuna-Nagar.pdf
Yamuna Nagar,Radaur,31,Jubbal,Other than Woman,NONE,0,Maan Singh,Karta Ram,0,0,Unreserved,latin,,2260,Yamuna-Nagar.pdf
Yamuna Nagar,Radaur,32,Kandroli,Woman,NONE,1,Santosh,Mange Ram,0,0,Women,latin,,2260,Yamuna-Nagar.pdf
Yamuna Nagar,Radaur,33,Kanjnu,SC Other than Woman,SC,0,Pawan Kumar,Nathi Ram,0,0,Scheduled Caste,latin,,2260,Yamuna-Nagar.pdf
Yamuna Nagar,Radaur,34,Karhera M.T.,Other than Woman,NONE,0,Bhushan Kumar,Om Parkash,0,0,Unreserved,latin,,2260,Yamuna-Nagar.pdf
Yamuna Nagar,Radaur,36,Kheri Lakha Singh,Other than Woman,NONE,0,Lovely,Deepak Mehta,0,0,Unreserved,latin,,2260,Yamuna-Nagar.pdf
Yamuna Nagar,Radaur,37,Kherki Brahmnan,Other than Woman,NONE,0,Jasbir Singh,Rattan Singh,0,0,Unreserved,latin,,2260,Yamuna-Nagar.pdf
Yamuna Nagar,Radaur,38,Khurdban,Other than Woman,NONE,0,Yuvraj,Surender Sharma,0,0,Unreserved,latin,,2260,Yamuna-Nagar.pdf
Yamuna Nagar,Radaur,39,Lakshi Bans,SC Woman,SC,1,Pooja,Sanjeev Kumar,0,0,Scheduled Caste (Women),latin,,2260,Yamuna-Nagar.pdf
Yamuna Nagar,Radaur,40,Lal Chhappar,Woman,NONE,1,Anita,Chander Pal,0,0,Women,latin,,2260,Yamuna-Nagar.pdf
Yamuna Nagar,Radaur,41,Madhubans,Other than Woman,NONE,0,Johny Kumar,Ram Pal,1,0,Unreserved,latin,,2260,Yamuna-Nagar.pdf
Yamuna Nagar,Radaur,42,Mandhar,Other than Woman,NONE,0,Ranbir Singh,Sardhanand,0,0,Unreserved,latin,,2260,Yamuna-Nagar.pdf
Yamuna Nagar,Radaur,43,Mansurpur,Woman,NONE,1,Kanta Devi,Balinder Singh,0,0,Women,latin,,2260,Yamuna-Nagar.pdf
Yamuna Nagar,Radaur,44,Marupur,SC Woman,SC,1,Amar Singh,Bhangi Ram,0,0,Scheduled Caste (Women),latin,,2260,Yamuna-Nagar.pdf
Yamuna Nagar,Radaur,45,Masana Rangran,Woman,NONE,1,Monika,Mukesh Kumar,0,0,Women,latin,,2260,Yamuna-Nagar.pdf
Yamuna Nagar,Radaur,46,Mohri,SC Other than Woman,SC,0,Ashok Kumar,Chetram,0,0,Scheduled Caste,latin,,2260,Yamuna-Nagar.pdf
Yamuna Nagar,Radaur,47,Nachron,Woman,NONE,1,Urmila Devi,Karam Singh,0,0,Women,latin,,2260,Yamuna-Nagar.pdf
Yamuna Nagar,Radaur,48,Naggal,Woman,NONE,1,Laltesh Kumari,Dinesh Kumar,0,0,Women,latin,,2260,Yamuna-Nagar.pdf
Yamuna Nagar,Radaur,49,Nagla Sadan,Other than Woman,NONE,0,Subhash Chand,Raghubir Singh,0,0,Unreserved,latin,,2260,Yamuna-Nagar.pdf
Yamuna Nagar,Radaur,50,Palaka,Other than Woman,NONE,0,Subhash Chand,Sadhu Ram,0,0,Unreserved,latin,,2260,Yamuna-Nagar.pdf
Yamuna Nagar,Radaur,52,Potli,Other than Woman,NONE,0,Ram Lal,Shiv Nath,0,0,Unreserved,latin,,2260,Yamuna-Nagar.pdf
Yamuna Nagar,Radaur,53,Puran Garh,Other than Woman,NONE,0,Subhash Chand,Gyan Chand,0,0,Unreserved,latin,,2260,Yamuna-Nagar.pdf
Yamuna Nagar,Radaur,54,Radauri,Woman,NONE,1,Seema Rani,Udham Singh,0,0,Women,latin,,2260,Yamuna-Nagar.pdf
Yamuna Nagar,Radaur,55,Rajheri,Other than Woman,NONE,0,Jitender,Hari Singh,0,0,Unreserved,latin,,2260,Yamuna-Nagar.pdf
Yamuna Nagar,Radaur,56,Rapri,SC Other than Woman,SC,0,Usha Rani,Rakesh Kumar,0,0,Scheduled Caste,latin,,2260,Yamuna-Nagar.pdf
Yamuna Nagar,Radaur,57,Rattan Garh,SC Other than Woman,SC,0,Randhir Singh,Neki Ram,0,0,Scheduled Caste,latin,,2260,Yamuna-Nagar.pdf
Yamuna Nagar,Radaur,58,Sadhura,Woman,NONE,1,Neelam Rani,Sohan Lal,0,0,Women,latin,,2260,Yamuna-Nagar.pdf
Yamuna Nagar,Radaur,59,Sagri,SC Woman,SC,1,Mamta,Ranmeer Singh,0,0,Scheduled Caste (Women),latin,,2260,Yamuna-Nagar.pdf
Yamuna Nagar,Radaur,60,Sandhala,Other than Woman,NONE,0,Sushil Kumar,Lakshman Dass,0,0,Unreserved,latin,,2260,Yamuna-Nagar.pdf
Yamuna Nagar,Radaur,61,Sandhali,Woman,NONE,1,Sarla Devi,Subhash Chand,0,0,Women,latin,,2260,Yamuna-Nagar.pdf
Yamuna Nagar,Radaur,62,Sangipur,Other than Woman,NONE,0,Manju Bala,Krishan,0,0,Unreserved,latin,,2260,Yamuna-Nagar.pdf
Yamuna Nagar,Radaur,63,Satgoli,Other than Woman,NONE,0,Bhupinder Kaur,Pavitra Singh,0,0,Unreserved,latin,,2260,Yamuna-Nagar.pdf
Yamuna Nagar,Radaur,65,Sili Kalan,SC Other than Woman,SC,0,Ranjana Rani,Roshan Lal,0,0,Scheduled Caste,latin,,2260,Yamuna-Nagar.pdf
Yamuna Nagar,Radaur,66,Sili Khurd,Other than Woman,NONE,0,Raghubir Singh,Babu Ram,0,0,Unreserved,latin,,2260,Yamuna-Nagar.pdf
Yamuna Nagar,Radaur,67,Thaska Khadar,SC Other than Woman,SC,0,Vijay Kaur,Sultan Singh,0,0,Scheduled Caste,latin,,2260,Yamuna-Nagar.pdf
Yamuna Nagar,Radaur,68,Topra Kalan,Other than Woman,NONE,0,Munish Kumar,Ram Rattan,0,0,Unreserved,latin,,2260,Yamuna-Nagar.pdf
Yamuna Nagar,Radaur,69,Unheri,Woman,NONE,1,Poonam,Jagat Singh,0,0,Women,latin,,2260,Yamuna-Nagar.pdf
Yamuna Nagar,Sadhaura,1,Asgarpur,Woman,NONE,1,....,Pooja Rani,0,0,Women,latin,,2262,Yamuna-Nagar.pdf
Yamuna Nagar,Sadhaura,2,Bakala,SC Other than Woman,SC,0,....,Surta Ram,0,0,Scheduled Caste,latin,,2262,Yamuna-Nagar.pdf
Yamuna Nagar,Sadhaura,3,Bholiwala,SC Other than Woman,SC,0,....,Meena Devi,0,0,Scheduled Caste,latin,,2262,Yamuna-Nagar.pdf
Yamuna Nagar,Sadhaura,4,Burj Jamanwala,Woman,NONE,1,....,Rihana,0,0,Women,latin,,2262,Yamuna-Nagar.pdf
Yamuna Nagar,Sadhaura,5,Fazalpur,Woman,NONE,1,....,Meena,0,0,Women,latin,,2262,Yamuna-Nagar.pdf
Yamuna Nagar,Sadhaura,6,Firojpur Raiyan,Other than Woman,NONE,0,....,Gurminder Singh,0,0,Unreserved,latin,,2262,Yamuna-Nagar.pdf
Yamuna Nagar,Sadhaura,7,Galori,Other than Woman,NONE,0,....,Sudesh Saini,0,0,Unreserved,latin,,2262,Yamuna-Nagar.pdf
Yamuna Nagar,Sadhaura,8,Haveli,Woman,NONE,1,....,Sargam Ghotra,0,0,Women,latin,,2262,Yamuna-Nagar.pdf
Yamuna Nagar,Sadhaura,9,Islam Nagar,Woman,NONE,1,....,Nasrina,0,0,Women,latin,,2262,Yamuna-Nagar.pdf
Yamuna Nagar,Sadhaura,10,Ismailpur,Other than Woman,NONE,0,....,Kali Ram,0,0,Unreserved,latin,,2262,Yamuna-Nagar.pdf
Yamuna Nagar,Sadhaura,11,Jaffarpur Jaffri,Other than Woman,NONE,0,....,Irfan,0,0,Unreserved,latin,,2262,Yamuna-Nagar.pdf
Yamuna Nagar,Sadhaura,12,Jhanda,Other than Woman,NONE,0,....,Pawan Kumar,0,0,Unreserved,latin,,2262,Yamuna-Nagar.pdf
Yamuna Nagar,Sadhaura,13,Kalyanpur,SC Woman,SC,1,....,Shiksha Rani,0,0,Scheduled Caste(Women),latin,,2262,Yamuna-Nagar.pdf
Yamuna Nagar,Sadhaura,14,Kanipla,Woman,NONE,1,....,Usha Devi,0,0,Women,latin,,2262,Yamuna-Nagar.pdf
Yamuna Nagar,Sadhaura,15,Kotla,Woman,NONE,1,....,Nasima,0,0,Women,latin,,2262,Yamuna-Nagar.pdf
Yamuna Nagar,Sadhaura,16,Laharpur,Other than Woman,NONE,0,....,Surender Kumar,0,0,Unreserved,latin,,2262,Yamuna-Nagar.pdf
Yamuna Nagar,Sadhaura,17,Mehmadpur,Woman,NONE,1,....,Babita Rani,0,0,Women,latin,,2262,Yamuna-Nagar.pdf
Yamuna Nagar,Sadhaura,18,Majri,Other than Woman,NONE,0,....,Gulshan Kumar,0,0,Unreserved,latin,,2262,Yamuna-Nagar.pdf
Yamuna Nagar,Sadhaura,19,Mirjapur,SC Other than Woman,SC,0,....,Sanjeev Kumar,0,0,Scheduled Caste,latin,,2262,Yamuna-Nagar.pdf
Yamuna Nagar,Sadhaura,20,Nanri,Woman,NONE,1,....,Najma,0,0,Women,latin,,2262,Yamuna-Nagar.pdf
Yamuna Nagar,Sadhaura,21,Naushera,Other than Woman,NONE,0,....,Paramjeet Kaur,0,0,Unreserved,latin,,2262,Yamuna-Nagar.pdf
Yamuna Nagar,Sadhaura,22,Naya Gaon,SC Other than Woman,SC,0,....,Gurnam Singh,0,0,Scheduled Caste,latin,,2262,Yamuna-Nagar.pdf
Yamuna Nagar,Sadhaura,23,Paharipur,Woman,NONE,1,....,Krishana Devi,0,0,Women,latin,,2262,Yamuna-Nagar.pdf
Yamuna Nagar,Sadhaura,24,Pando,Other than Woman,NONE,0,....,Jasbir Singh,0,0,Unreserved,latin,,2262,Yamuna-Nagar.pdf
Yamuna Nagar,Sadhaura,25,Peerbholi,Other than Woman,NONE,0,....,Anil Kumar,0,0,Unreserved,latin,,2262,Yamuna-Nagar.pdf
Yamuna Nagar,Sadhaura,26,Rajpur,SC Other than Woman,SC,0,....,Anil Kumar,0,0,Scheduled Caste,latin,,2262,Yamuna-Nagar.pdf
Yamuna Nagar,Sadhaura,27,Rampur Raiyan,SC Woman,SC,1,....,Meena Kumari,0,0,Scheduled Caste(Women),latin,,2262,Yamuna-Nagar.pdf
Yamuna Nagar,Sadhaura,28,Rasulpur,Woman,NONE,1,....,Rajni Arora,0,0,Women,latin,,2262,Yamuna-Nagar.pdf
Yamuna Nagar,Sadhaura,29,Rathali,Other than Woman,NONE,0,....,Prem Chand,0,0,Unreserved,latin,,2262,Yamuna-Nagar.pdf
Yamuna Nagar,Sadhaura,30,Ratoli,Other than Woman,NONE,0,....,Rafi Mohamad,0,0,Unreserved,latin,,2262,Yamuna-Nagar.pdf
Yamuna Nagar,Sadhaura,31,Rattuwala,Other than Woman,NONE,0,....,Neelam,0,0,Unreserved,latin,,2262,Yamuna-Nagar.pdf
Yamuna Nagar,Sadhaura,32,Sadhaura Nadipar,Other than Woman,NONE,0,....,Data Ram,0,0,Unreserved,latin,,2262,Yamuna-Nagar.pdf
Yamuna Nagar,Sadhaura,33,Sadikpur,Other than Woman,NONE,0,....,Manish Kumar,0,0,Unreserved,latin,,2262,Yamuna-Nagar.pdf
Yamuna Nagar,Sadhaura,34,Saidupur,Other than Woman,NONE,0,....,Aman Sandhu,0,0,Unreserved,latin,,2262,Yamuna-Nagar.pdf
Yamuna Nagar,Sadhaura,35,Salehpur,SC Other than Woman,SC,0,....,Sayo Ram,0,0,Scheduled Caste,latin,,2262,Yamuna-Nagar.pdf
Yamuna Nagar,Sadhaura,36,Salempur,Other than Woman,NONE,0,....,Vijay Kumar,0,0,Unreserved,latin,,2262,Yamuna-Nagar.pdf
Yamuna Nagar,Sadhaura,37,Sangoli,Woman,NONE,1,....,Sushma,0,0,Women,latin,,2262,Yamuna-Nagar.pdf
Yamuna Nagar,Sadhaura,38,Sarawan,Other than Woman,NONE,0,....,Gurdev Singh,0,0,Unreserved,latin,,2262,Yamuna-Nagar.pdf
Yamuna Nagar,Sadhaura,39,Sabhapur,SC Woman,SC,1,....,Suman Lata,0,0,Scheduled Caste(Women),latin,,2262,Yamuna-Nagar.pdf
Yamuna Nagar,Sadhaura,40,Shampur,Other than Woman,NONE,0,....,Mahavir Singh,0,0,Unreserved,latin,,2262,Yamuna-Nagar.pdf
Yamuna Nagar,Sadhaura,41,Thaska,Other than Woman,NONE,0,....,Ramesh Chand,0,0,Unreserved,latin,,2262,Yamuna-Nagar.pdf
Yamuna Nagar,Sadhaura,42,Todarpur,Other than Woman,NONE,0,....,Sandeep Kumar,0,0,Unreserved,latin,,2262,Yamuna-Nagar.pdf
Yamuna Nagar,Sadhaura,43,Udhamgarh,Other than Woman,NONE,0,....,Chaman Lal,0,0,Unreserved,latin,,2262,Yamuna-Nagar.pdf
