district,block,sr_no,gram_panchayat,reservation,caste_reservation,woman_reserved,winner,father_husband,unopposed,vacant,reservation_raw,script,printings_agree,notification,source_pdf
Ambala,Ambala-1,1,Adho Majra,Other than Woman,NONE,0,Sarjant Singh,Joginder Singh,0,0,Other than Women,latin,1,7241,Ambala__Ambala-1.pdf
Ambala,Ambala-1,2,Ahema,Woman,NONE,1,Jasveer Kaur,Kaka Singh/Dalbir Singh,0,0,Women,latin,1,7241,Ambala__Ambala-1.pdf
Ambala,Ambala-1,3,Amipur,Other than Woman,NONE,0,Narmail Singh,Rulda Ram,0,0,Other than Women,latin,1,7241,Ambala__Ambala-1.pdf
Ambala,Ambala-1,4,Anandpur,Woman,NONE,1,Baljinder Kaur,Dilpreet Singh,0,0,Women,latin,1,7241,Ambala__Ambala-1.pdf
Ambala,Ambala-1,5,Babaheri,SC Other than Woman,SC,0,Parveen Kumar,Krishan Lal,0,0,Scheduled Caste Other than Women,latin,1,7241,Ambala__Ambala-1.pdf
Ambala,Ambala-1,6,Baknaur,Other than Woman,NONE,0,Kaptan Singh,Naib Singh,1,0,Other than Women,latin,1,7241,Ambala__Ambala-1.pdf
Ambala,Ambala-1,7,Ballana,Woman,NONE,1,Suman Deshwal,Talwinder Singh,0,0,Women,latin,1,7241,Ambala__Ambala-1.pdf
Ambala,Ambala-1,8,Balapur,Other than Woman,NONE,0,Shiv Kumar,Om Parkash,0,0,Other than Women,latin,1,7241,Ambala__Ambala-1.pdf
Ambala,Ambala-1,9,Bara,Woman,NONE,1,Amarjit Kaur,Jagat Gurmit Singh,0,0,Women,latin,1,7241,Ambala__Ambala-1.pdf
Ambala,Ambala-1,10,Baroula,SC Woman,SC,1,Jasvinder Kaur,Sukhvinder Singh,0,0,Scheduled Caste Women,latin,1,7241,Ambala__Ambala-1.pdf
Ambala,Ambala-1,11,Barouli,Other than Woman,NONE,0,Dev Singh,Naib Singh,0,0,Other than Women,latin,1,7241,Ambala__Ambala-1.pdf
Ambala,Ambala-1,12,Batrohan,SC Other than Woman,SC,0,Surinder Pal,Balbir Singh,0,0,Scheduled Caste Other than Women,latin,1,7241,Ambala__Ambala-1.pdf
Ambala,Ambala-1,13,Bedsan,Woman,NONE,1,Mamta Rani,Janak Raj,0,0,Women,latin,1,7241,Ambala__Ambala-1.pdf
Ambala,Ambala-1,14,Bego Majra,Other than Woman,NONE,0,Sanjit Kumar,Sarjan Singh,0,0,Other than Women,latin,1,7241,Ambala__Ambala-1.pdf
Ambala,Ambala-1,15,Behbalpur,Woman,NONE,1,Amarjeet Kaur,Kirpal Singh,0,0,Women,latin,1,7241,Ambala__Ambala-1.pdf
Ambala,Ambala-1,16,Bhanokheri,Other than Woman,NONE,0,Amanpreet Singh,Paramjit Singh,0,0,Other than Women,latin,1,7241,Ambala__Ambala-1.pdf
Ambala,Ambala-1,17,Bhanpur Nakatpur,Woman,NONE,1,Paramjeet Kaur,Harmesh Singh,0,0,Women,latin,1,7241,Ambala__Ambala-1.pdf
Ambala,Ambala-1,18,Bhari,Other than Woman,NONE,0,Baljit Singh,Jeet Singh,0,0,Other than Women,latin,1,7241,Ambala__Ambala-1.pdf
Ambala,Ambala-1,19,Bhunni,SC Woman,SC,1,Anita Devi,Gurcharan Singh,0,0,Scheduled Caste Women,latin,1,7241,Ambala__Ambala-1.pdf
Ambala,Ambala-1,20,Bhurangpu r,SC Other than Woman,SC,0,Avtar Singh,Dalip Singh,0,0,Scheduled Caste Other than Women,latin,1,7241,Ambala__Ambala-1.pdf
Ambala,Ambala-1,21,Bhura Majra,BC-A Woman,BC_A,1,Rajni,Dharam Pal,1,0,Backward Class 'A' Women,latin,1,7241,Ambala__Ambala-1.pdf
Ambala,Ambala-1,22,Bishangarh,SC Woman,SC,1,Amarjeet,Maya Ram,0,0,Scheduled Caste Women,latin,1,7241,Ambala__Ambala-1.pdf
Ambala,Ambala-1,23,Chappra,Other than Woman,NONE,0,Buta Singh,Ram Singh,0,0,Other than Women,latin,1,7241,Ambala__Ambala-1.pdf
Ambala,Ambala-1,24,Chhota Baroula,Woman,NONE,1,Amandeep Kaur,Balwinder Singh,0,0,Women,latin,1,7241,Ambala__Ambala-1.pdf
Ambala,Ambala-1,25,Dangerian,Other than Woman,NONE,0,Bhag Singh,Gurcharan Singh,0,0,Other than Women,latin,1,7241,Ambala__Ambala-1.pdf
Ambala,Ambala-1,26,Danipur,Woman,NONE,1,Monika Goyat,Vijaypal Singh,1,0,Women,latin,1,7241,Ambala__Ambala-1.pdf
Ambala,Ambala-1,27,Delu Majra,SC Other than Woman,SC,0,Sonu Ram,Mahinder Singh,0,0,Scheduled Caste Other than Women,latin,1,7241,Ambala__Ambala-1.pdf
Ambala,Ambala-1,28,Dhanoura,Other than Woman,NONE,0,Kaptan Singh,Amrik Singh,0,0,Other than Women,latin,1,7241,Ambala__Ambala-1.pdf
Ambala,Ambala-1,29,Dhanouri,BC-A Woman,BC_A,1,Menka Rani,Vikas Singh,0,0,Backward Class 'A' Women,latin,1,7241,Ambala__Ambala-1.pdf
Ambala,Ambala-1,30,Dhurala,Other than Woman,NONE,0,Gurmeet Singh,Naib Singh,0,0,Other than Women,latin,1,7241,Ambala__Ambala-1.pdf
Ambala,Ambala-1,31,Dhurkara,Woman,NONE,1,Manpreet Kaur,Gurmeet Singh,0,0,Women,latin,1,7241,Ambala__Ambala-1.pdf
Ambala,Ambala-1,32,Dukheri,Other than Woman,NONE,0,Raj Karan,Mamraj Singh,0,0,Other than Women,latin,1,7241,Ambala__Ambala-1.pdf
Ambala,Ambala-1,33,Durana,SC Woman,SC,1,Manisha,Karnail Singh,0,0,Scheduled Caste Women,latin,1,7241,Ambala__Ambala-1.pdf
Ambala,Ambala-1,34,Farouli,SC Other than Woman,SC,0,Naib Singh,Sardha Ram,0,0,Scheduled Caste Other than Women,latin,1,7241,Ambala__Ambala-1.pdf
Ambala,Ambala-1,35,Fazailpur,SC Woman,SC,1,Anita,Kuldeep Singh,0,0,Scheduled Caste Women,latin,1,7241,Ambala__Ambala-1.pdf
Ambala,Ambala-1,36,Gorsian,Woman,NONE,1,Ritu Sharma,Satish Kumar,0,0,Women,latin,1,7241,Ambala__Ambala-1.pdf
Ambala,Ambala-1,37,Humayunp ur,Woman,NONE,1,Hardeep Kaur,Kulwant Singh,0,0,Women,latin,1,7241,Ambala__Ambala-1.pdf
Ambala,Ambala-1,38,Ismailpur,Other than Woman,NONE,0,Kulwinder Singh,Harnek Singh,0,0,Other than Women,latin,1,7241,Ambala__Ambala-1.pdf
Ambala,Ambala-1,39,Jagoli,Woman,NONE,1,Kamaljeet Kaur,Gurvinder Singh,0,0,Women,latin,1,7241,Ambala__Ambala-1.pdf
Ambala,Ambala-1,40,Jaitpura,Other than Woman,NONE,0,Balwinder,Rakshpal,0,0,Other than Women,latin,1,7241,Ambala__Ambala-1.pdf
Ambala,Ambala-1,41,Jalalpur,SC Other than Woman,SC,0,Gurpreet Singh,Maya Ram,0,0,Scheduled Caste Other than Women,latin,1,7241,Ambala__Ambala-1.pdf
Ambala,Ambala-1,42,Jandheri,Other than Woman,NONE,0,Parveen Kumar,Dalip Singh,0,0,Other than Women,latin,1,7241,Ambala__Ambala-1.pdf
Ambala,Ambala-1,43,Jansua,BC-A Woman,BC_A,1,Lakhvinder Kaur,Manjit Singh,0,0,Backward Class 'A' Women,latin,1,7241,Ambala__Ambala-1.pdf
Ambala,Ambala-1,44,Jansui,SC Woman,SC,1,Rimpi,Rakesh Kumar,0,0,Scheduled Caste Women,latin,1,7241,Ambala__Ambala-1.pdf
Ambala,Ambala-1,45,Jodhpur,SC Other than Woman,SC,0,Baljeet Singh,Gurdev Singh,0,0,Scheduled Caste Other than Women,latin,1,7241,Ambala__Ambala-1.pdf
Ambala,Ambala-1,46,Kalawar,SC Woman,SC,1,Amandeep Kaur,Sukhwinder,0,0,Scheduled Caste Women,latin,1,7241,Ambala__Ambala-1.pdf
Ambala,Ambala-1,47,Kaleran,SC Other than Woman,SC,0,Daljit Singh,Hukam Singh,0,0,Scheduled Caste Other than Women,latin,1,7241,Ambala__Ambala-1.pdf
Ambala,Ambala-1,48,Kangwal,Other than Woman,NONE,0,Nirmal Singh,Sher Singh,0,0,Other than Women,latin,1,7241,Ambala__Ambala-1.pdf
Ambala,Ambala-1,49,Kathgarh,SC Woman,SC,1,Samina,Anil Kumar,0,0,Scheduled Caste Women,latin,1,7241,Ambala__Ambala-1.pdf
Ambala,Ambala-1,50,Khaira,Woman,NONE,1,Paramjeet Kaur,Kuldeep Singh,1,0,Women,latin,1,7241,Ambala__Ambala-1.pdf
Ambala,Ambala-1,51,Khanna Majra,Other than Woman,NONE,0,Surinder Singh,Banta Singh,0,0,Other than Women,latin,1,7241,Ambala__Ambala-1.pdf
Ambala,Ambala-1,52,Khaspura,SC Other than Woman,SC,0,Satish Kumar,Raj Kumar,0,0,Scheduled Caste Other than Women,latin,1,7241,Ambala__Ambala-1.pdf
Ambala,Ambala-1,53,Khurchanpur,SC Woman,SC,1,Satwinder Kaur,Harjinder Singh,0,0,Scheduled Caste Women,latin,1,7241,Ambala__Ambala-1.pdf
Ambala,Ambala-1,54,Konkpur,Woman,NONE,1,Sunita,Rud Singh,0,0,Women,latin,1,7241,Ambala__Ambala-1.pdf
Ambala,Ambala-1,55,Kot Kachwa Kalan,Other than Woman,NONE,0,Deepak Kumar,Ishwar Das,0,0,Other than Women,latin,1,7241,Ambala__Ambala-1.pdf
Ambala,Ambala-1,56,Kot Kachwa Khurd,Woman,NONE,1,Shalini Chabra,Jatin Chabra,0,0,Women,latin,1,7241,Ambala__Ambala-1.pdf
Ambala,Ambala-1,57,Kurbanpur,Other than Woman,NONE,0,Amandeep Singh,Tahal Singh,0,0,Other than Women,latin,1,7241,Ambala__Ambala-1.pdf
Ambala,Ambala-1,58,Ladana,Woman,NONE,1,Shyamo Devi,Surjeet Singh,0,0,Women,latin,1,7241,Ambala__Ambala-1.pdf
Ambala,Ambala-1,59,Lakhnour Sahib,Other than Woman,NONE,0,Jarnail Singh,Ramnath,0,0,Other than Women,latin,1,7241,Ambala__Ambala-1.pdf
Ambala,Ambala-1,60,Lallana,BC-A Woman,BC_A,1,Ritu Bala,Jitender Kumar,0,0,Backward Class 'A' Women,latin,1,7241,Ambala__Ambala-1.pdf
Ambala,Ambala-1,61,Lautan,SC Other than Woman,SC,0,Jatinder Singh,Amarjeet Singh,1,0,Scheduled Caste Other than Women,latin,1,7241,Ambala__Ambala-1.pdf
Ambala,Ambala-1,62,Majri,Other than Woman,NONE,0,Gurpreet Singh,Moti Ram,0,0,Other than Women,latin,1,7241,Ambala__Ambala-1.pdf
Ambala,Ambala-1,63,Mallour,SC Woman,SC,1,Jyoti Rani,Bahadur Singh,0,0,Scheduled Caste Women,latin,1,7241,Ambala__Ambala-1.pdf
Ambala,Ambala-1,64,Malwa,SC Other than Woman,SC,0,Parveen Kumar,Subhash Chand,0,0,Scheduled Caste Other than Women,latin,1,7241,Ambala__Ambala-1.pdf
Ambala,Ambala-1,65,Mardo Sahib,BC-A Woman,BC_A,1,Pooja Rani,Pawan Kumar,0,0,Backward Class 'A' Women,latin,1,7241,Ambala__Ambala-1.pdf
Ambala,Ambala-1,66,Mastpur,Other than Woman,NONE,0,Baljinder Singh,Sarvan Singh,0,0,Other than Women,latin,1,7241,Ambala__Ambala-1.pdf
Ambala,Ambala-1,67,Matheri Jattan,BC-A Woman,BC_A,1,Pooja Rani,Manpreet Singh,0,0,Backward Class 'A' Women,latin,1,7241,Ambala__Ambala-1.pdf
Ambala,Ambala-1,68,Matheri Shekhan,Other than Woman,NONE,0,Subhash Chander,Gyan Chand,0,0,Other than Women,latin,1,7241,Ambala__Ambala-1.pdf
Ambala,Ambala-1,69,Mehlan,Woman,NONE,1,Jasbir Kaur,Sucha Singh,0,0,Women,latin,1,7241,Ambala__Ambala-1.pdf
Ambala,Ambala-1,70,Metlan,Other than Woman,NONE,0,Ajay Kumar,Balwinder Singh,1,0,Other than Women,latin,1,7241,Ambala__Ambala-1.pdf
Ambala,Ambala-1,71,Mirjapur,Woman,NONE,1,Sushma Devi,Harpreet Singh,0,0,Women,latin,1,7241,Ambala__Ambala-1.pdf
Ambala,Ambala-1,72,Miyan Majra,Other than Woman,NONE,0,Mohan Lal,Balaki Ram,0,0,Other than Women,latin,1,7241,Ambala__Ambala-1.pdf
Ambala,Ambala-1,73,Mohra,SC Woman,SC,1,Kamaljit Kaur,Jagjit Singh,0,0,Scheduled Caste Women,latin,1,7241,Ambala__Ambala-1.pdf
Ambala,Ambala-1,74,Mohri,Woman,NONE,1,Kulwant Kaur,Gurdeep Singh,0,0,Women,latin,1,7241,Ambala__Ambala-1.pdf
Ambala,Ambala-1,75,Mokha Majra,Other than Woman,NONE,0,Mohan Lal,Joginder Singh,0,0,Other than Women,latin,1,7241,Ambala__Ambala-1.pdf
Ambala,Ambala-1,76,Mujafara,Woman,NONE,1,Arvinder Kaur,Sukhbeer Singh Sandhu,0,0,Women,latin,1,7241,Ambala__Ambala-1.pdf
Ambala,Ambala-1,77,Nadiyali,Other than Woman,NONE,0,Kulwant Singh,Puran Singh,0,0,Other than Women,latin,1,7241,Ambala__Ambala-1.pdf
Ambala,Ambala-1,78,Naggal,Woman,NONE,1,Manju Bala,Varinder Kumar,0,0,Women,latin,1,7241,Ambala__Ambala-1.pdf
Ambala,Ambala-1,79,Naneola,SC Other than Woman,SC,0,Sukhwinder Singh,Ram Singh,0,0,Scheduled Caste Other than Women,latin,1,7241,Ambala__Ambala-1.pdf
Ambala,Ambala-1,80,Niharsa,Other than Woman,NONE,0,Karanveer Singh,Jasbir Singh,0,0,Other than Women,latin,1,7241,Ambala__Ambala-1.pdf
Ambala,Ambala-1,81,Niharsi,Woman,NONE,1,Pushpa Devi,Satbir Singh,0,0,Women,latin,1,7241,Ambala__Ambala-1.pdf
Ambala,Ambala-1,82,Nurpur,Other than Woman,NONE,0,Randeep Singh,Guljar Singh,0,0,Other than Women,latin,1,7241,Ambala__Ambala-1.pdf
Ambala,Ambala-1,83,Ojalan,Woman,NONE,1,Amandeep Kaur,Inderjeet Singh,0,0,Women,latin,1,7241,Ambala__Ambala-1.pdf
Ambala,Ambala-1,84,Panjola,SC Woman,SC,1,Rajesh Rani,Dalbir Singh,0,0,Scheduled Caste Women,latin,1,7241,Ambala__Ambala-1.pdf
Ambala,Ambala-1,85,Rawalon,Other than Woman,NONE,0,Gurmeet Singh,Gurdev Singh,0,0,Other than Women,latin,1,7241,Ambala__Ambala-1.pdf
Ambala,Ambala-1,86,Roshanpur,Woman,NONE,1,Angrej Kaur,Shri Chand,0,0,Women,latin,1,7241,Ambala__Ambala-1.pdf
Ambala,Ambala-1,87,Rupo Majra,Other than Woman,NONE,0,Manoj Saini,Gurpal Saini,0,0,Other than Women,latin,1,7241,Ambala__Ambala-1.pdf
Ambala,Ambala-1,88,Sahibpura,Woman,NONE,1,Sudesh Kaur,Jitender Singh,0,0,Women,latin,1,7241,Ambala__Ambala-1.pdf
Ambala,Ambala-1,89,Sakrahon,Other than Woman,NONE,0,Chanpreet Singh,Avtar Singh,0,0,Other than Women,latin,1,7241,Ambala__Ambala-1.pdf
Ambala,Ambala-1,90,Sarangpur,Woman,NONE,1,Manpreet Kaur,Ramesh Kumar,0,0,Women,latin,1,7241,Ambala__Ambala-1.pdf
Ambala,Ambala-1,91,Segta,SC Other than Woman,SC,0,Sohan Singh,Puran Singh,0,0,Scheduled Caste Other than Women,latin,1,7241,Ambala__Ambala-1.pdf
Ambala,Ambala-1,92,Segti,SC Woman,SC,1,Sandeep Kaur,Rakesh Kumar,0,0,Scheduled Caste Women,latin,1,7241,Ambala__Ambala-1.pdf
Ambala,Ambala-1,93,Shekhupur,SC Other than Woman,SC,0,Gurpreet Singh,Bant Singh,0,0,Scheduled Caste Other than Women,latin,1,7241,Ambala__Ambala-1.pdf
Ambala,Ambala-1,94,Sounta,BC-A Other than Woman,BC_A,0,Harnam Singh,Ramesh Kumar,0,0,Backward Class 'A' Other than Women,latin,1,7241,Ambala__Ambala-1.pdf
Ambala,Ambala-1,95,Sounti,SC Woman,SC,1,Mandeep,Tilak Raj,0,0,Scheduled Caste Women,latin,1,7241,Ambala__Ambala-1.pdf
Ambala,Ambala-1,96,Sullar,Woman,NONE,1,Mohanjeet Kaur,Jasmeet Singh,0,0,Women,latin,1,7241,Ambala__Ambala-1.pdf
Ambala,Ambala-1,97,Tar,SC Other than Woman,SC,0,Ram Singh,Mitha Ram,0,0,Scheduled Caste Other than Women,latin,1,7241,Ambala__Ambala-1.pdf
Ambala,Ambala-1,98,Tejan,SC Woman,SC,1,Gurpreet Kaur,Amrinder Singh,0,0,Scheduled Caste Women,latin,1,7241,Ambala__Ambala-1.pdf
Ambala,Ambala-1,99,Tharwa,Other than Woman,NONE,0,Gurdev Singh,Jarnail Singh,0,0,Other than Women,latin,1,7241,Ambala__Ambala-1.pdf
Ambala,Ambala-1,100,Udaipur,SC Other than Woman,SC,0,Lakhwinder Singh,Davinder Kumar,0,0,Scheduled Caste Other than Women,latin,1,7241,Ambala__Ambala-1.pdf
Ambala,Ambala-1,101,Ugara,Woman,NONE,1,Parvinder Kaur,Tarsem Singh,0,0,Women,latin,1,7241,Ambala__Ambala-1.pdf
Ambala,Ambala-1,102,Jalbera,BC-A Woman,BC_A,1,Nirmala Devi,Balvinder Singh,0,0,Backward Class 'A' Women,latin,1,7241,Ambala__Ambala-1.pdf
Ambala,Ambala-1,103,Hasanpur,Other than Woman,NONE,0,Randhir Singh,Gurnam Singh,0,0,Other than Women,latin,1,7241,Ambala__Ambala-1.pdf
Ambala,Ambala-II,1,Brahman Majra,SC Other than Woman,SC,0,Parveen Kumar,Tej Ram,0,0,Scheduled Caste Other than Women,latin,1,7250,Ambala__Ambala-II.pdf
Ambala,Ambala-II,2,Barnala,Other than Woman,NONE,0,Kamaljeet Singh,Manmohan Singh,0,0,Other than Women,latin,1,7250,Ambala__Ambala-II.pdf
Ambala,Ambala-II,3,Bhilpura,Woman,NONE,1,Anita Devi,Pardeep Kumar,0,0,Women,latin,1,7250,Ambala__Ambala-II.pdf
Ambala,Ambala-II,4,Dhankaur,SC Woman,SC,1,Meena Devi,Pardeep Kumar,0,0,Scheduled Caste Women,latin,1,7250,Ambala__Ambala-II.pdf
Ambala,Ambala-II,5,Garnala,Other than Woman,NONE,0,Gurdev Singh,Kapoor Singh,0,0,Other than Women,latin,1,7250,Ambala__Ambala-II.pdf
Ambala,Ambala-II,6,Janetpur,SC Other than Woman,SC,0,Surmukh Singh,Kesar Singh,1,0,Scheduled Caste Other than Women,latin,1,7250,Ambala__Ambala-II.pdf
Ambala,Ambala-II,7,Khatauli,Woman,NONE,1,Kamaljeet kaur,Gurjant Singh,0,0,Women,latin,1,7250,Ambala__Ambala-II.pdf
Ambala,Ambala-II,8,Khudda Kalan,SC Woman,SC,1,Sarla Devi,Dharam Pal,0,0,Scheduled Caste Women,latin,1,7250,Ambala__Ambala-II.pdf
Ambala,Ambala-II,9,Manglai,Other than Woman,NONE,0,Sunil Kumar,Kushal Pal,0,0,Other than Women,latin,1,7250,Ambala__Ambala-II.pdf
Ambala,Ambala-II,10,Munarheri,BC-A Woman,BC_A,1,Rekha Rani,Harjeet Singh,0,0,Backward Class 'A' Women,latin,1,7250,Ambala__Ambala-II.pdf
Ambala,Ambala-II,11,Panjokhra Sahib,SC Other than Woman,SC,0,Sukhvinder Singh,Nasib Singh,0,0,Scheduled Caste Other than Women,latin,1,7250,Ambala__Ambala-II.pdf
Ambala,Ambala-II,12,Rattanheri,Other than Woman,NONE,0,Shiv Kumar,Ved Parkash,0,0,Other than Women,latin,1,7250,Ambala__Ambala-II.pdf
Ambala,Ambala-II,13,Rollan,SC Woman,SC,1,Hardeep Kaur,Ravinder Kumar,0,0,Scheduled Caste Women,latin,1,7250,Ambala__Ambala-II.pdf
Ambala,Ambala-II,14,Sahibpura,Woman,NONE,1,Suman Saini,Pardeep Kumar,0,0,Women,latin,1,7250,Ambala__Ambala-II.pdf
Ambala,Ambala-II,15,Sapera,Other than Woman,NONE,0,Nirmal Singh,Gurnam Singh,0,0,Other than Women,latin,1,7250,Ambala__Ambala-II.pdf
Ambala,Ambala-II,16,Tundli,Woman,NONE,1,Amarjit Kaur,Balkar Singh,0,0,Women,latin,1,7250,Ambala__Ambala-II.pdf
Ambala,Barara,1,Abdulagarh,Other than Woman,NONE,0,Kulwant Singh,Rajinder Singh,0,0,Other than Women,latin,1,7259,Ambala__Barara.pdf
Ambala,Barara,2,Adhoi,Woman,NONE,1,Prem Lata,Chaman Lal,0,0,Women,latin,1,7259,Ambala__Barara.pdf
Ambala,Barara,3,Adhoya M,Woman,NONE,1,Veena Rani,Kailash,0,0,Women,latin,1,7259,Ambala__Barara.pdf
Ambala,Barara,4,Adhoya H,Other than Woman,NONE,0,Kuldeep Singh,Ranbir Singh,0,0,Other than Women,latin,1,7259,Ambala__Barara.pdf
Ambala,Barara,5,Akalgarh,SC Other than Woman,SC,0,Ajay Kumar,Ram Kumar,0,0,Scheduled Caste Other than women,latin,1,7259,Ambala__Barara.pdf
Ambala,Barara,6,Aliyaspur,Other than Woman,NONE,0,Dharmender,Parmal Singh,0,0,Other than Women,latin,1,7259,Ambala__Barara.pdf
Ambala,Barara,7,Alipur,Woman,NONE,1,Sunaina,Vikram,0,0,Women,latin,1,7259,Ambala__Barara.pdf
Ambala,Barara,8,Allawalpur,SC Woman,SC,1,Neelam Devi,Parveen Kumar,0,0,Scheduled Caste Women,latin,1,7259,Ambala__Barara.pdf
Ambala,Barara,9,Budion,Other than Woman,NONE,0,Jagtar Singh,Sh. Jagmal,0,0,Other than Women,latin,1,7259,Ambala__Barara.pdf
Ambala,Barara,10,Bikampur,Woman,NONE,1,Amrit Pal Kaur,Amandeep,0,0,Women,latin,1,7259,Ambala__Barara.pdf
Ambala,Barara,11,Binjalpur,SC Other than Woman,SC,0,Rulda Ram,Sh. Ratia Ram,0,0,Scheduled Caste Other than women,latin,1,7259,Ambala__Barara.pdf
Ambala,Barara,12,Dadupur,BC-A Other than Woman,BC_A,0,Ram Karan,Shiv Ram,0,0,Backward Class 'A' other than Women,latin,1,7259,Ambala__Barara.pdf
Ambala,Barara,13,Dahiya Majra,BC-A Woman,BC_A,1,Geeta,Ravi Kumar,0,0,Backward Class 'A' Women,latin,1,7259,Ambala__Barara.pdf
Ambala,Barara,14,Dera Salimpur,BC-A Other than Woman,BC_A,0,Gurmeet Singh,Sh. Sadhu,0,0,Backward Class 'A' other than Women,latin,1,7259,Ambala__Barara.pdf
Ambala,Barara,15,Dhanouri,SC Woman,SC,1,Kamlesh,Basant Kumar,0,0,Scheduled Caste Women,latin,1,7259,Ambala__Barara.pdf
Ambala,Barara,16,Dhanoura,Woman,NONE,1,Mehak,Narender,0,0,Women,latin,1,7259,Ambala__Barara.pdf
Ambala,Barara,17,Dheen,BC-A Other than Woman,BC_A,0,Satvinder Singh,Gurdev Singh,0,0,Backward Class 'A' other than Women,latin,1,7259,Ambala__Barara.pdf
Ambala,Barara,18,Dulyana,SC Other than Woman,SC,0,Ram Karan,Puran Chand,0,0,Scheduled Caste Other than women,latin,1,7259,Ambala__Barara.pdf
Ambala,Barara,19,Dulyani,Woman,NONE,1,Ranjeet Kaur,Karnail Singh,0,0,Women,latin,1,7259,Ambala__Barara.pdf
Ambala,Barara,20,Foxa,Other than Woman,NONE,0,Bir Singh,Amar Nath,1,0,Other than Women,latin,1,7259,Ambala__Barara.pdf
Ambala,Barara,21,Gaganpur,Woman,NONE,1,Kajal Rani,SUSHIL KUMAR,0,0,Women,latin,1,7259,Ambala__Barara.pdf
Ambala,Barara,22,Ghelri,SC Woman,SC,1,Meena Kumari,Sudesh Kumar,0,0,Scheduled Caste Women,latin,1,7259,Ambala__Barara.pdf
Ambala,Barara,23,Hema Majra,Other than Woman,NONE,0,Virender,Dharampal,0,0,Other than Women,latin,1,7259,Ambala__Barara.pdf
Ambala,Barara,24,Holi,SC Other than Woman,SC,0,Balwinder,Rangu Ram,0,0,Scheduled Caste Other than women,latin,1,7259,Ambala__Barara.pdf
Ambala,Barara,25,Jahangirpur,Woman,NONE,1,Renu Bala,Anil Kumar,0,0,Women,latin,1,7259,Ambala__Barara.pdf
Ambala,Barara,26,Jalubi,Other than Woman,NONE,0,Lekh Ram,Sant Lal,0,0,Other than Women,latin,1,7259,Ambala__Barara.pdf
Ambala,Barara,27,Kambass,SC Woman,SC,1,Pooja,Jasbir Singh,0,0,Scheduled Caste Women,latin,1,7259,Ambala__Barara.pdf
Ambala,Barara,28,Kambasi,BC-A Woman,BC_A,1,Rajinder Kaur,Sh. Balbir Singh,0,0,Backward Class 'A' Women,latin,1,7259,Ambala__Barara.pdf
Ambala,Barara,29,Kansapur,SC Other than Woman,SC,0,Gurnam Singh,Kapuriya Ram,0,0,Scheduled Caste Other than women,latin,1,7259,Ambala__Barara.pdf
Ambala,Barara,30,Kaserla Kalan,Other than Woman,NONE,0,Rao Virender,Gulab Singh,0,0,Other than Women,latin,1,7259,Ambala__Barara.pdf
Ambala,Barara,31,Kaserla Khurd,SC Woman,SC,1,Beby Devi,Tara Chand,0,0,Scheduled Caste Women,latin,1,7259,Ambala__Barara.pdf
Ambala,Barara,32,Khanahmad pur,Woman,NONE,1,Saranjeet Kaur,Jaswinder,0,0,Women,latin,1,7259,Ambala__Barara.pdf
Ambala,Barara,33,Khanpura,Other than Woman,NONE,0,Surender,Jagir Singh,1,0,Other than Women,latin,1,7259,Ambala__Barara.pdf
Ambala,Barara,34,Malikpur T,Woman,NONE,1,Anjana Rani,Ashwani Kumar,0,0,Women,latin,1,7259,Ambala__Barara.pdf
Ambala,Barara,35,Manka,Other than Woman,NONE,0,Prince Kumar,Jal Singh,0,0,Other than Women,latin,1,7259,Ambala__Barara.pdf
Ambala,Barara,36,Manki,SC Other than Woman,SC,0,Naresh Kumar,Krishan Chand,0,0,Scheduled Caste Other than women,latin,1,7259,Ambala__Barara.pdf
Ambala,Barara,37,Manu Majra,SC Woman,SC,1,Meena Rani,Darshan Singh,0,0,Scheduled Caste Women,latin,1,7259,Ambala__Barara.pdf
Ambala,Barara,38,Milk Dhankota,Woman,NONE,1,Reena Devi,Vinod Kumar,0,0,Women,latin,1,7259,Ambala__Barara.pdf
Ambala,Barara,39,Milk Sekhan,Other than Woman,NONE,0,Rajinder Singh,Avtar Singh,0,0,Other than Women,latin,1,7259,Ambala__Barara.pdf
Ambala,Barara,40,Mullana,SC Other than Woman,SC,0,Parveen Kumar,Amarnath,0,0,Scheduled Caste Other than women,latin,1,7259,Ambala__Barara.pdf
Ambala,Barara,41,Nahra,SC Woman,SC,1,Mamta,Sanjay Kumar,0,0,Scheduled Caste Women,latin,1,7259,Ambala__Barara.pdf
Ambala,Barara,42,Ponti,SC Other than Woman,SC,0,Ravinder,Ram Saran,0,0,Scheduled Caste Other than women,latin,1,7259,Ambala__Barara.pdf
Ambala,Barara,43,Rajokheri,Woman,NONE,1,Rajender Kaur,Davinder Singh,0,0,Women,latin,1,7259,Ambala__Barara.pdf
Ambala,Barara,44,Rajoli,SC Woman,SC,1,Rimpy,Jaspal,0,0,Scheduled Caste Women,latin,1,7259,Ambala__Barara.pdf
Ambala,Barara,45,Rao Majra,Other than Woman,NONE,0,Karam Chand,Lal Chand,0,0,Other than Women,latin,1,7259,Ambala__Barara.pdf
Ambala,Barara,46,Rukri,Woman,NONE,1,Santosh Kumari,Suresh Pal,0,0,Women,latin,1,7259,Ambala__Barara.pdf
Ambala,Barara,47,Sajjan Majri,SC Other than Woman,SC,0,Ashok Kumar,Mehar Chand,0,0,Scheduled Caste Other than women,latin,1,7259,Ambala__Barara.pdf
Ambala,Barara,48,Sarakpur,Other than Woman,NONE,0,Sushil Kumar,Ver Parkash,0,0,Other than Women,latin,1,7259,Ambala__Barara.pdf
Ambala,Barara,49,Sardheri,Woman,NONE,1,Taranjeet Kaur,Sukhwinder,0,0,Women,latin,1,7259,Ambala__Barara.pdf
Ambala,Barara,50,Sehla,Other than Woman,NONE,0,Charan Singh,Pardhuman,0,0,Other than Women,latin,1,7259,Ambala__Barara.pdf
Ambala,Barara,51,Salhepur,SC Woman,SC,1,Sudha Rani,Roshan Lal,0,0,Scheduled Caste Women,latin,1,7259,Ambala__Barara.pdf
Ambala,Barara,52,Sherpur,SC Other than Woman,SC,0,Harjeet Singh,Mahinder Pal,0,0,Scheduled Caste Other than women,latin,1,7259,Ambala__Barara.pdf
Ambala,Barara,53,Simbla,Woman,NONE,1,Neha Sharma,Niraj Kumar,0,0,Women,latin,1,7259,Ambala__Barara.pdf
Ambala,Barara,54,Sirasgarh,Other than Woman,NONE,0,Ram Nath,Sarda Ram,0,0,Other than Women,latin,1,7259,Ambala__Barara.pdf
Ambala,Barara,55,Siwan Majra,SC Woman,SC,1,Kajal,Ravi Kumar,0,0,Scheduled Caste Women,latin,1,7259,Ambala__Barara.pdf
Ambala,Barara,56,Sohana,Woman,NONE,1,Rekha Devi,Neeraj Chauhan,0,0,Women,latin,1,7259,Ambala__Barara.pdf
Ambala,Barara,57,Sohata,Other than Woman,NONE,0,Prem Singh,Jai Singh,0,0,Other than Women,latin,1,7259,Ambala__Barara.pdf
Ambala,Barara,58,Subhri,SC Other than Woman,SC,0,Anil Kumar,Amar Nath,0,0,Scheduled Caste Other than women,latin,1,7259,Ambala__Barara.pdf
Ambala,Barara,59,Sulkhani,SC Woman,SC,1,Poonam,Sanjeev Kumar,0,0,Scheduled Caste Women,latin,1,7259,Ambala__Barara.pdf
Ambala,Barara,60,Talheri R,SC Other than Woman,SC,0,Rinku,Shiv Ram,0,0,Scheduled Caste Other than women,latin,1,7259,Ambala__Barara.pdf
Ambala,Barara,61,Tandwal,Woman,NONE,1,Rinkal,Neeraj Kumar,0,0,Women,latin,1,7259,Ambala__Barara.pdf
Ambala,Barara,62,Tandwali,SC Woman,SC,1,Pinki Devi,Ajay Kumar,0,0,Scheduled Caste Women,latin,1,7259,Ambala__Barara.pdf
Ambala,Barara,63,Tangail,SC Other than Woman,SC,0,Hira Lal,Kashmiri Lal,0,0,Scheduled Caste Other than women,latin,1,7259,Ambala__Barara.pdf
Ambala,Barara,64,Thamber,Other than Woman,NONE,0,Rohtash Singh,Sh. Jagmal,0,0,Other than Women,latin,1,7259,Ambala__Barara.pdf
Ambala,Barara,65,Ugala,Woman,NONE,1,Babita Devi,Sher Singh,0,0,Women,latin,1,7259,Ambala__Barara.pdf
Ambala,Barara,66,Zaffarpur,Other than Woman,NONE,0,Dalip Chauhan,Ashok Chauhan,0,0,Other than Women,latin,1,7259,Ambala__Barara.pdf
Ambala,Naraingarh,1,Ajampur,BC-A Other than Woman,BC_A,0,Vacant,,0,1,Backward Class 'A' Other than Women,latin,1,7286,Ambala__Naraingarh.pdf
Ambala,Naraingarh,2,Akbarpur,BC-A Woman,BC_A,1,Nirmala Devi,Jasvinder Singh,0,0,Backward Class 'A' Women,latin,1,7286,Ambala__Naraingarh.pdf
Ambala,Naraingarh,3,Ambli,Other than Woman,NONE,0,Mukesh Kumar,Agya Ram,0,0,Other than Women,latin,1,7286,Ambala__Naraingarh.pdf
Ambala,Naraingarh,4,Andheri,Woman,NONE,1,Baljinder Kaur,Bhushan Lal,0,0,Women,latin,1,7286,Ambala__Naraingarh.pdf
Ambala,Naraingarh,5,Badhauli,Other than Woman,NONE,0,Kuldeep Singh,Tejpal,0,0,Other than Women,latin,1,7286,Ambala__Naraingarh.pdf
Ambala,Naraingarh,6,Bakarpur,Woman,NONE,1,Sushma Devi,Ashok Kumar,0,0,Women,latin,1,7286,Ambala__Naraingarh.pdf
Ambala,Naraingarh,7,Bakhtua,SC Other than Woman,SC,0,Vinay Singh,Manphool Singh,0,0,Scheduled Caste Other than Women,latin,1,7286,Ambala__Naraingarh.pdf
Ambala,Naraingarh,8,Ballopur,SC Woman,SC,1,Manisha Devi,Sohan Lal,0,0,Scheduled Caste Women,latin,1,7286,Ambala__Naraingarh.pdf
Ambala,Naraingarh,9,Balti,SC Other than Woman,SC,0,Aman Kumar,Gurnam Singh,0,0,Scheduled Caste Other than Women,latin,1,7286,Ambala__Naraingarh.pdf
Ambala,Naraingarh,10,Baragaon,SC Woman,SC,1,Rekha Rani,Lal Singh,0,0,Scheduled Caste Women,latin,1,7286,Ambala__Naraingarh.pdf
Ambala,Naraingarh,11,Bari Rasour,Other than Woman,NONE,0,Rakesh Kumar,Surinder Kumar,0,0,Other than Women,latin,1,7286,Ambala__Naraingarh.pdf
Ambala,Naraingarh,12,Barouli,BC-A Woman,BC_A,1,Raj Rani,Karam Chand,0,0,Backward Class 'A' Women,latin,1,7286,Ambala__Naraingarh.pdf
Ambala,Naraingarh,13,Barsu Majra,Other than Woman,NONE,0,Lachman Singh,Doult Ram,0,0,Other than Women,latin,1,7286,Ambala__Naraingarh.pdf
Ambala,Naraingarh,14,Batora,Woman,NONE,1,Seema,Surender Pal,0,0,Women,latin,1,7286,Ambala__Naraingarh.pdf
Ambala,Naraingarh,15,Berkheri,Other than Woman,NONE,0,Rishi Pal,Ranjeet Singh,0,0,Other than Women,latin,1,7286,Ambala__Naraingarh.pdf
Ambala,Naraingarh,16,Bhareri Kalan,Woman,NONE,1,Sapna Rani,Pardeep Kumar,0,0,Women,latin,1,7286,Ambala__Naraingarh.pdf
Ambala,Naraingarh,17,Bhareri Khurd,Other than Woman,NONE,0,Kuldeep Singh,Mani Ram,0,0,Other than Women,latin,1,7286,Ambala__Naraingarh.pdf
Ambala,Naraingarh,18,Bhukhari,SC Other than Woman,SC,0,Ashwani Kumar,Bnarsi Dass,0,0,Scheduled Caste Other than Women,latin,1,7286,Ambala__Naraingarh.pdf
Ambala,Naraingarh,19,Bhurewala,SC Woman,SC,1,Seema Rani,Satish Kumar,1,0,Scheduled Caste Women,latin,1,7286,Ambala__Naraingarh.pdf
Ambala,Naraingarh,20,Budha Khera,Other than Woman,NONE,0,Gurdeep Singh,Jasvinder Singh,0,0,Other than Women,latin,1,7286,Ambala__Naraingarh.pdf
Ambala,Naraingarh,21,Brahman Majra,Woman,NONE,1,Nirmal Kaur,Sukhwinder Singh,1,0,Women,latin,1,7286,Ambala__Naraingarh.pdf
Ambala,Naraingarh,22,Chandsoli,Woman,NONE,1,Shweta,Sumit Kumar,0,0,Women,latin,1,7286,Ambala__Naraingarh.pdf
Ambala,Naraingarh,23,Chechi Majra,Other than Woman,NONE,0,Raghuvir Singh,Maan Singh,0,0,Other than Women,latin,1,7286,Ambala__Naraingarh.pdf
Ambala,Naraingarh,24,Chhajal Majra,SC Other than Woman,SC,0,Sahab Singh,Hans Raj,0,0,Scheduled Caste Other than Women,latin,1,7286,Ambala__Naraingarh.pdf
Ambala,Naraingarh,25,Chhoti Bassi,Woman,NONE,1,Anju Saini,Ram Nath,0,0,Women,latin,1,7286,Ambala__Naraingarh.pdf
Ambala,Naraingarh,26,Chhoti Kohri,Woman,NONE,1,Kamaljit Kaur,Manvinder Singh,0,0,Women,latin,1,7286,Ambala__Naraingarh.pdf
Ambala,Naraingarh,27,Chhoti Rasaur,Other than Woman,NONE,0,Rajesh Kumar,Amrit Lal,0,0,Other than Women,latin,1,7286,Ambala__Naraingarh.pdf
Ambala,Naraingarh,28,Danoura,Other than Woman,NONE,0,Ashok Kumar,Sahzada Ram,0,0,Other than Women,latin,1,7286,Ambala__Naraingarh.pdf
Ambala,Naraingarh,29,Dehar,Woman,NONE,1,Priyanka,Rohit Kumar,0,0,Women,latin,1,7286,Ambala__Naraingarh.pdf
Ambala,Naraingarh,30,Dera,Other than Woman,NONE,0,Baljeet Singh,Malkhan Singh,0,0,Other than Women,latin,1,7286,Ambala__Naraingarh.pdf
Ambala,Naraingarh,31,Dudhali,Woman,NONE,1,Ravnit Kaur,Sumit Sheoran,1,0,Women,latin,1,7286,Ambala__Naraingarh.pdf
Ambala,Naraingarh,32,Fatehpur- 126,Other than Woman,NONE,0,Chander Shekhar,Jagmal Singh,0,0,Other than Women,latin,1,7286,Ambala__Naraingarh.pdf
Ambala,Naraingarh,33,Fatehpur- 80,Woman,NONE,1,Sunita Devi,Jagmal Singh,0,0,Women,latin,1,7286,Ambala__Naraingarh.pdf
Ambala,Naraingarh,34,Firozpur,Other than Woman,NONE,0,Amit Kumar,Naresh Kumar,0,0,Other than Women,latin,1,7286,Ambala__Naraingarh.pdf
Ambala,Naraingarh,35,Firozpur Kath,SC Woman,SC,1,Rimpy Devi,Pardeep Kumar,0,0,Scheduled Caste Women,latin,1,7286,Ambala__Naraingarh.pdf
Ambala,Naraingarh,36,Gadhouli,Woman,NONE,1,Poonam Devi,Hardeep Singh,0,0,Women,latin,1,7286,Ambala__Naraingarh.pdf
Ambala,Naraingarh,37,Ganauli,Other than Woman,NONE,0,Balvinder Singh,Lajja Ram,0,0,Other than Women,latin,1,7286,Ambala__Naraingarh.pdf
Ambala,Naraingarh,38,Hamidpur,Woman,NONE,1,Pooja Rani,Jasbir Kumar,0,0,Women,latin,1,7286,Ambala__Naraingarh.pdf
Ambala,Naraingarh,39,Harbon,BC-A Other than Woman,BC_A,0,Rajiv Kumar,Sat Parkash,0,0,Backward Class 'A' Other than Women,latin,1,7286,Ambala__Naraingarh.pdf
Ambala,Naraingarh,40,Hasanpur,SC Other than Woman,SC,0,Pankaj Kumar,Jai Singh,0,0,Scheduled Caste Other than Women,latin,1,7286,Ambala__Naraingarh.pdf
Ambala,Naraingarh,41,Hussaini,Woman,NONE,1,Rekha Devi,Virender Singh,0,0,Women,latin,1,7286,Ambala__Naraingarh.pdf
Ambala,Naraingarh,42,Jangu Majra,Other than Woman,NONE,0,Partap Singh,Bawa Singh,0,0,Other than Women,latin,1,7286,Ambala__Naraingarh.pdf
Ambala,Naraingarh,43,Jeoli,Woman,NONE,1,Manjeet Kaur,Mange Ram,0,0,Women,latin,1,7286,Ambala__Naraingarh.pdf
Ambala,Naraingarh,44,Jhiriwala,Other than Woman,NONE,0,Ram Saran,Mukhtyara Ram,1,0,Other than Women,latin,1,7286,Ambala__Naraingarh.pdf
Ambala,Naraingarh,45,Kala Amb,Woman,NONE,1,Usha Rani,Praveen Kumar,0,0,Women,latin,1,7286,Ambala__Naraingarh.pdf
Ambala,Naraingarh,46,Kalyana,Other than Woman,NONE,0,Vinod Kumar,Arjun Walia,0,0,Other than Women,latin,1,7286,Ambala__Naraingarh.pdf
Ambala,Naraingarh,47,Kanjala,Woman,NONE,1,Baby Devi,Rajbir Singh,0,0,Women,latin,1,7286,Ambala__Naraingarh.pdf
Ambala,Naraingarh,48,Kathe Majra,Other than Woman,NONE,0,Maya Ram,Singh Ram,0,0,Other than Women,latin,1,7286,Ambala__Naraingarh.pdf
Ambala,Naraingarh,49,Khanpur Labana,SC Woman,SC,1,Bharti Devi,Avtar Singh,0,0,Scheduled Caste Women,latin,1,7286,Ambala__Naraingarh.pdf
Ambala,Naraingarh,50,Khanpur Rajputan,Woman,NONE,1,Amarjit Kaur,Baldev Singh,1,0,Women,latin,1,7286,Ambala__Naraingarh.pdf
Ambala,Naraingarh,51,Kherki Jattan,SC Other than Woman,SC,0,Ramesh Kumar,Ishar Ram,0,0,Scheduled Caste Other than Women,latin,1,7286,Ambala__Naraingarh.pdf
Ambala,Naraingarh,52,Kohrabhu ra,Other than Woman,NONE,0,Balkar Singh,Mela Singh,0,0,Other than Women,latin,1,7286,Ambala__Naraingarh.pdf
Ambala,Naraingarh,53,Kullarpur,BC-A Woman,BC_A,1,Param Jit Kaur,Balvinder Singh,1,0,Backward Class 'A' Women,latin,1,7286,Ambala__Naraingarh.pdf
Ambala,Naraingarh,54,Kurali,SC Woman,SC,1,Neeta Rani,Rajesh Kumar,0,0,Scheduled Caste Women,latin,1,7286,Ambala__Naraingarh.pdf
Ambala,Naraingarh,55,Laha,SC Other than Woman,SC,0,Mohan Singh,Deva Singh,0,0,Scheduled Caste Other than Women,latin,1,7286,Ambala__Naraingarh.pdf
Ambala,Naraingarh,56,Lakhnour a,Other than Woman,NONE,0,Randhir Singh,Jagannath,0,0,Other than Women,latin,1,7286,Ambala__Naraingarh.pdf
Ambala,Naraingarh,57,Lalpur,Woman,NONE,1,Reeno Rani,Rajbir Singh,0,0,Women,latin,1,7286,Ambala__Naraingarh.pdf
Ambala,Naraingarh,58,Lautan,BC-A Other than Woman,BC_A,0,Lakhwinder Singh,Khazan Singh,0,0,Backward Class 'A' Other than Women,latin,1,7286,Ambala__Naraingarh.pdf
Ambala,Naraingarh,59,Mahua Kheri,Woman,NONE,1,Sudesh Devi,Gurvinder Singh,0,0,Women,latin,1,7286,Ambala__Naraingarh.pdf
Ambala,Naraingarh,60,Milk,SC Woman,SC,1,Renu Bala,Mohit Kumar,0,0,Scheduled Caste Women,latin,1,7286,Ambala__Naraingarh.pdf
Ambala,Naraingarh,61,Mirjapur Kath,SC Other than Woman,SC,0,Manmohan Singh,Rattan Singh,0,0,Scheduled Caste Other than Women,latin,1,7286,Ambala__Naraingarh.pdf
Ambala,Naraingarh,62,Mirpur,SC Woman,SC,1,Manjeet Kaur,Rajat,1,0,Scheduled Caste Women,latin,1,7286,Ambala__Naraingarh.pdf
Ambala,Naraingarh,63,Miyanpur,BC-A Other than Woman,BC_A,0,Lakhwinder Singh,Pritam Singh,0,0,Backward Class 'A' Other than Women,latin,1,7286,Ambala__Naraingarh.pdf
Ambala,Naraingarh,64,Mugal Majra,Woman,NONE,1,Babli Devi,Pawan Kumar,1,0,Women,latin,1,7286,Ambala__Naraingarh.pdf
Ambala,Naraingarh,65,Munna Majra,Other than Woman,NONE,0,Jasvinder Singh,Joginder Singh,0,0,Other than Women,latin,1,7286,Ambala__Naraingarh.pdf
Ambala,Naraingarh,66,Nabipur,SC Other than Woman,SC,0,Rohit Kumar,Daya Ram,0,0,Scheduled Caste Other than Women,latin,1,7286,Ambala__Naraingarh.pdf
Ambala,Naraingarh,67,Nagawan,Woman,NONE,1,Neena Kumari,Ravikant,0,0,Women,latin,1,7286,Ambala__Naraingarh.pdf
Ambala,Naraingarh,68,Nagla Rajputan,Other than Woman,NONE,0,Gyan Singh,Sapattar Singh,0,0,Other than Women,latin,1,7286,Ambala__Naraingarh.pdf
Ambala,Naraingarh,69,Nagouli,SC Woman,SC,1,Vandana Rani,Parveen Kumar,0,0,Scheduled Caste Women,latin,1,7286,Ambala__Naraingarh.pdf
Ambala,Naraingarh,70,Nakhrouli,Woman,NONE,1,Nisha Rani,Sandeep Kumar,0,0,Women,latin,1,7286,Ambala__Naraingarh.pdf
Ambala,Naraingarh,71,Nanduwali,SC Other than Woman,SC,0,Mehar Singh,Nanak Chand,0,0,Scheduled Caste Other than Women,latin,1,7286,Ambala__Naraingarh.pdf
Ambala,Naraingarh,72,Nanhera,Other than Woman,NONE,0,Jasbir Singh,Manak Ram,0,0,Other than Women,latin,1,7286,Ambala__Naraingarh.pdf
Ambala,Naraingarh,73,Okhal,Woman,NONE,1,Sunaina Devi,Ramesh Kumar,0,0,Women,latin,1,7286,Ambala__Naraingarh.pdf
Ambala,Naraingarh,74,Panjlasa,SC Woman,SC,1,Neetu,Sanjeev Kumar,0,0,Scheduled Caste Women,latin,1,7286,Ambala__Naraingarh.pdf
Ambala,Naraingarh,75,Pullewala,Other than Woman,NONE,0,Jaipal,Dolat Ram,0,0,Other than Women,latin,1,7286,Ambala__Naraingarh.pdf
Ambala,Naraingarh,76,Rajju Majra,SC Other than Woman,SC,0,Ravi Dahiya,Roshan Lal,0,0,Scheduled Caste Other than Women,latin,1,7286,Ambala__Naraingarh.pdf
Ambala,Naraingarh,77,Rampur,SC Woman,SC,1,Meenu,Jasbir Singh,0,0,Scheduled Caste Women,latin,1,7286,Ambala__Naraingarh.pdf
Ambala,Naraingarh,78,Sainmajra,Woman,NONE,1,Meena Kumari,Ram Singh,0,0,Women,latin,1,7286,Ambala__Naraingarh.pdf
Ambala,Naraingarh,79,Sakarpura,Other than Woman,NONE,0,Sanjeev Kumar,Mehar Singh,0,0,Other than Women,latin,1,7286,Ambala__Naraingarh.pdf
Ambala,Naraingarh,80,Sambhalw a,Woman,NONE,1,Reeta Rani,Kuldeep Kumar,0,0,Women,latin,1,7286,Ambala__Naraingarh.pdf
Ambala,Naraingarh,81,Sangrani,Other than Woman,NONE,0,Raman Kumar,Vinod Kumar,0,0,Other than Women,latin,1,7286,Ambala__Naraingarh.pdf
Ambala,Naraingarh,82,Shahpur,Woman,NONE,1,Jaswinder Kaur,Prince Singh,0,0,Women,latin,1,7286,Ambala__Naraingarh.pdf
Ambala,Naraingarh,83,Shahpur Nurd,SC Other than Woman,SC,0,Rajesh Kumar,Baljeet Singh,0,0,Scheduled Caste Other than Women,latin,1,7286,Ambala__Naraingarh.pdf
Ambala,Naraingarh,84,Taprian Rulduki,Other than Woman,NONE,0,Manjeet Singh,Baljit Singh,0,0,Other than Women,latin,1,7286,Ambala__Naraingarh.pdf
Ambala,Naraingarh,85,Toka,Woman,NONE,1,Rajni Devi,Lakhvinder Singh,0,0,Women,latin,1,7286,Ambala__Naraingarh.pdf
Ambala,Naraingarh,86,Ujjal Majri,Other than Woman,NONE,0,Ravinder Kumar,Ajmer Singh,0,0,Other than Women,latin,1,7286,Ambala__Naraingarh.pdf
Ambala,Saha,1,Akbarpur,Other than Woman,NONE,0,Ram Niwas,Gurnam Singh,0,0,Other than Women,latin,1,7268,Ambala__Saha.pdf
Ambala,Saha,2,Allapur,Woman,NONE,1,Sukhjeet Kaur,Mandeep,0,0,Women,latin,1,7268,Ambala__Saha.pdf
Ambala,Saha,3,Bajidpur,Other than Woman,NONE,0,Vikram Singh,Sahib Singh,0,0,Other than Women,latin,1,7268,Ambala__Saha.pdf
Ambala,Saha,4,Bihta,SC Other than Woman,SC,0,Naresh Kumar,Ram Swaroop,0,0,Scheduled Caste other than Women,latin,1,7268,Ambala__Saha.pdf
Ambala,Saha,5,Chhanni,Woman,NONE,1,Jasbir Kaur,Jaswant,0,0,Women,latin,1,7268,Ambala__Saha.pdf
Ambala,Saha,6,Chhapra,SC Woman,SC,1,Kusum Rani,Sunil Kumar,0,0,Scheduled Caste Women,latin,1,7268,Ambala__Saha.pdf
Ambala,Saha,7,Chudiala,Other than Woman,NONE,0,Dharminder,Kirpal Singh,0,0,Other than Women,latin,1,7268,Ambala__Saha.pdf
Ambala,Saha,8,Chudiali,SC Other than Woman,SC,0,Lakhwinder,Mam Chand,0,0,Scheduled Caste other than Women,latin,1,7268,Ambala__Saha.pdf
Ambala,Saha,9,Dhakola,Woman,NONE,1,Sonia Devi,Devinder,0,0,Women,latin,1,7268,Ambala__Saha.pdf
Ambala,Saha,10,Dhurala,SC Woman,SC,1,Madhu,Kulbir Singh,0,0,Scheduled Caste Women,latin,1,7268,Ambala__Saha.pdf
Ambala,Saha,11,Dinarpur,Other than Woman,NONE,0,Joginder Lal,Hirda Ram,0,0,Other than Women,latin,1,7268,Ambala__Saha.pdf
Ambala,Saha,12,Dubli,Woman,NONE,1,Sukhvinder,Ramesh,0,0,Women,latin,1,7268,Ambala__Saha.pdf
Ambala,Saha,13,Fulelmajra,Other than Woman,NONE,0,Vijay Kumar,Shiv Ram,0,0,Other than Women,latin,1,7268,Ambala__Saha.pdf
Ambala,Saha,14,Gaganheri,SC Other than Woman,SC,0,Narender Singh,Rameshwer,0,0,Scheduled Caste other than Women,latin,1,7268,Ambala__Saha.pdf
Ambala,Saha,15,Ghasitpur,BC-A Woman,BC_A,1,Babita Rani,Rajat Kumar,0,0,Backward Class 'A' Women,latin,1,7268,Ambala__Saha.pdf
Ambala,Saha,16,Gokalgarh,Other than Woman,NONE,0,Vikas Kumar,Som Nath,0,0,Other than Women,latin,1,7268,Ambala__Saha.pdf
Ambala,Saha,17,Gola,SC Woman,SC,1,Jaspreet Kaur,Manjeet Singh,0,0,Scheduled Caste Women,latin,1,7268,Ambala__Saha.pdf
Ambala,Saha,18,Haldri,SC Other than Woman,SC,0,Narender Kumar,Phool Chand,0,0,Scheduled Caste other than Women,latin,1,7268,Ambala__Saha.pdf
Ambala,Saha,19,Hamidpur,Woman,NONE,1,Anita,Ashok Kumar,0,0,Women,latin,1,7268,Ambala__Saha.pdf
Ambala,Saha,20,Harda,SC Woman,SC,1,Nisha Devi,Ravinder,0,0,Scheduled Caste Women,latin,1,7268,Ambala__Saha.pdf
Ambala,Saha,21,Haryoli,SC Other than Woman,SC,0,Rambir Kumar,Shri Ram,0,0,Scheduled Caste other than Women,latin,1,7268,Ambala__Saha.pdf
Ambala,Saha,22,Jawahargar h,Other than Woman,NONE,0,Jaspreet Singh,Harjeet Singh,0,0,Other than Women,latin,1,7268,Ambala__Saha.pdf
Ambala,Saha,23,Jharumajra,Woman,NONE,1,Sushma Devi,Gurnam Singh,1,0,Women,latin,1,7268,Ambala__Saha.pdf
Ambala,Saha,24,Kakar Kunda,SC Woman,SC,1,Sudesh Rani,Maya Ram,0,0,Scheduled Caste Women,latin,1,7268,Ambala__Saha.pdf
Ambala,Saha,25,Kalpi,SC Other than Woman,SC,0,Rinku,Shamsher Lal,0,0,Scheduled Caste other than Women,latin,1,7268,Ambala__Saha.pdf
Ambala,Saha,26,Keshopur,BC-A Other than Woman,BC_A,0,Sahil Khan,Saukat Ali,1,0,Backward Class 'A' other than Women,latin,1,7268,Ambala__Saha.pdf
Ambala,Saha,27,Kesri,Woman,NONE,1,Anu Bala,Rupinder,0,0,Women,latin,1,7268,Ambala__Saha.pdf
Ambala,Saha,28,Khanpur,Other than Woman,NONE,0,Angrez Singh,Jarnail Singh,0,0,Other than Women,latin,1,7268,Ambala__Saha.pdf
Ambala,Saha,29,Kharu Khera,Woman,NONE,1,Vandana,Sunil Kumar,0,0,Women,latin,1,7268,Ambala__Saha.pdf
Ambala,Saha,30,Khera,SC Woman,SC,1,Rinki Rani,Anil Kumar,0,0,Scheduled Caste Women,latin,1,7268,Ambala__Saha.pdf
Ambala,Saha,31,Landa,Other than Woman,NONE,0,Jaswinder,Risal Singh,0,0,Other than Women,latin,1,7268,Ambala__Saha.pdf
Ambala,Saha,32,Langer,SC Other than Woman,SC,0,Dinesh Kumar,Shiv Ram,0,0,Scheduled Caste other than Women,latin,1,7268,Ambala__Saha.pdf
Ambala,Saha,33,Malikpur,Woman,NONE,1,Goldy Sharma,Sanjeev,0,0,Women,latin,1,7268,Ambala__Saha.pdf
Ambala,Saha,34,Mehmudpur,Other than Woman,NONE,0,Rahul Saini,Kamal Kant,0,0,Other than Women,latin,1,7268,Ambala__Saha.pdf
Ambala,Saha,35,Mehtabgarh,Woman,NONE,1,Ravinder Kaur,Satvinder,0,0,Women,latin,1,7268,Ambala__Saha.pdf
Ambala,Saha,36,Mithapur,SC Woman,SC,1,Kamlesh,Baldev Raj,0,0,Scheduled Caste Women,latin,1,7268,Ambala__Saha.pdf
Ambala,Saha,37,Nagla Jattan,SC Other than Woman,SC,0,Tejinder Singh,Baljit Singh,0,0,Scheduled Caste other than Women,latin,1,7268,Ambala__Saha.pdf
Ambala,Saha,38,Nahoni,SC Woman,SC,1,Raj Rani,Suresh Pal,0,0,Scheduled Caste Women,latin,1,7268,Ambala__Saha.pdf
Ambala,Saha,39,Naraingarh Majra,SC Other than Woman,SC,0,Sunil Kumar,Jarnail Singh,0,0,Scheduled Caste other than Women,latin,1,7268,Ambala__Saha.pdf
Ambala,Saha,40,Nurd,Other than Woman,NONE,0,Dilbag Singh,Mangal Singh,0,0,Other than Women,latin,1,7268,Ambala__Saha.pdf
Ambala,Saha,41,Panjail,BC-A Woman,BC_A,1,Suman Devi,Sultan Singh,0,0,Backward Class 'A' Women,latin,1,7268,Ambala__Saha.pdf
Ambala,Saha,42,Paplotha,SC Woman,SC,1,Gurmeet Kaur,Gourav,0,0,Scheduled Caste Women,latin,1,7268,Ambala__Saha.pdf
Ambala,Saha,43,Pasiala,SC Other than Woman,SC,0,Vijay Kumar,Karnail Singh,0,0,Scheduled Caste other than Women,latin,1,7268,Ambala__Saha.pdf
Ambala,Saha,44,Pilkhani,Other than Woman,NONE,0,Rajnish Batra,Sohan Lal,0,0,Other than Women,latin,1,7268,Ambala__Saha.pdf
Ambala,Saha,45,Ramgarh,Woman,NONE,1,Neeraj Devi,Mohit Kumar,0,0,Women,latin,1,7268,Ambala__Saha.pdf
Ambala,Saha,46,Rampur,Other than Woman,NONE,0,Ombir,Somnath,0,0,Other than Women,latin,1,7268,Ambala__Saha.pdf
Ambala,Saha,47,Sabanpur,Woman,NONE,1,Reena Rani,Sandeep,0,0,Women,latin,1,7268,Ambala__Saha.pdf
Ambala,Saha,48,Sabga,SC Woman,SC,1,Davinder Kaur,Adarsh Kumar,0,0,Scheduled Caste Women,latin,1,7268,Ambala__Saha.pdf
Ambala,Saha,49,Saha,Other than Woman,NONE,0,Yogesh Kumar,Jai Pal,0,0,Other than Women,latin,1,7268,Ambala__Saha.pdf
Ambala,Saha,50,Sambhalkha,SC Other than Woman,SC,0,Sudesh Kumar,Joginder Lal,0,0,Scheduled Caste other than Women,latin,1,7268,Ambala__Saha.pdf
Ambala,Saha,51,Samlehri,Woman,NONE,1,Shivani,Chiranji Lal,0,0,Women,latin,1,7268,Ambala__Saha.pdf
Ambala,Saha,52,Shergarh,Other than Woman,NONE,0,Munish Bakshi,Ram Parkash,0,0,Other than Women,latin,1,7268,Ambala__Saha.pdf
Ambala,Saha,53,Talheri Gujran,SC Woman,SC,1,Neelam Rani,Om Parkash,1,0,Scheduled Caste Women,latin,1,7268,Ambala__Saha.pdf
Ambala,Saha,54,Tamnoli,BC-A Woman,BC_A,1,Mamta Rani,Subhash,0,0,Backward Class 'A' Women,latin,1,7268,Ambala__Saha.pdf
Ambala,Saha,55,Taprian,Other than Woman,NONE,0,Ashok Kumar,Bachan Singh,0,0,Other than Women,latin,1,7268,Ambala__Saha.pdf
Ambala,Saha,56,Tepla,Woman,NONE,1,Gagandeep,Varinder,0,0,Women,latin,1,7268,Ambala__Saha.pdf
Ambala,Saha,57,Thakurpura,Other than Woman,NONE,0,Davinder Kumar,Hans Raj,0,0,Other than Women,latin,1,7268,Ambala__Saha.pdf
Ambala,Saha,58,Tharwa,BC-A Woman,BC_A,1,Meenu Devi,Prince Pal,0,0,Backward Class 'A' Women,latin,1,7268,Ambala__Saha.pdf
Ambala,Saha,59,Toba,Other than Woman,NONE,0,Brij Pal,Isham Singh,0,0,Other than Women,latin,1,7268,Ambala__Saha.pdf
Ambala,Saha,60,Uplana,SC Other than Woman,SC,0,Sanjeev Kumar,Chanda Ram,0,0,Scheduled Caste other than Women,latin,1,7268,Ambala__Saha.pdf
Ambala,Shahzadpur,1,Banoundi,SC Other than Woman,SC,0,Vinod Kumar,Mam Chand,0,0,Scheduled Caste Other than Women,latin,1,7277,Ambala__Shahzadpur.pdf
Ambala,Shahzadpur,2,Bapoli,Other than Woman,NONE,0,Satish Bhardwaj,Mohinder Dutt,0,0,Other than Women,latin,1,7277,Ambala__Shahzadpur.pdf
Ambala,Shahzadpur,3,Baragarh,Woman,NONE,1,Meenu Devi,Pardeep Kumar,0,0,Women,latin,1,7277,Ambala__Shahzadpur.pdf
Ambala,Shahzadpur,4,Bari Bassi,Other than Woman,NONE,0,Harpal Singh,Mani Ram,0,0,Other than Women,latin,1,7277,Ambala__Shahzadpur.pdf
Ambala,Shahzadpur,5,Bari Kohri,SC Woman,SC,1,Asha Rani,Baldev Singh,0,0,Scheduled Caste Women,latin,1,7277,Ambala__Shahzadpur.pdf
Ambala,Shahzadpur,6,Behloli,Woman,NONE,1,Sheetal Rani,Sunil Kumar,0,0,Women,latin,1,7277,Ambala__Shahzadpur.pdf
Ambala,Shahzadpur,7,Berpura,Other than Woman,NONE,0,Kamaljit Singh,Balbir Singh,0,0,Other than Women,latin,1,7277,Ambala__Shahzadpur.pdf
Ambala,Shahzadpur,8,Bharanpur,Woman,NONE,1,Navneet Kaur,Amarjeet Singh,0,0,Women,latin,1,7277,Ambala__Shahzadpur.pdf
Ambala,Shahzadpur,9,Bharog,BC-A Other than Woman,BC_A,0,Balwinder Kumar,Sulekh Chand,0,0,Backward Class 'A' Other than Women,latin,1,7277,Ambala__Shahzadpur.pdf
Ambala,Shahzadpur,10,Bheron,Woman,NONE,1,Manjeet Devi,Kulbir Singh,0,0,Women,latin,1,7277,Ambala__Shahzadpur.pdf
Ambala,Shahzadpur,11,Bhur Majri,SC Other than Woman,SC,0,Ravi Kumar,Ajmer Singh,1,0,Scheduled Caste Other than Women,latin,1,7277,Ambala__Shahzadpur.pdf
Ambala,Shahzadpur,12,Bibipur,Other than Woman,NONE,0,Parmod Kumar,Raj Kumar,0,0,Other than Women,latin,1,7277,Ambala__Shahzadpur.pdf
Ambala,Shahzadpur,13,Bich Pari,Woman,NONE,1,Jaswinder Kaur,Yogesh Kumar,0,0,Women,latin,1,7277,Ambala__Shahzadpur.pdf
Ambala,Shahzadpur,14,Bilaspur,Other than Woman,NONE,0,Avtar Singh,Gurdyal Singh,0,0,Other than Women,latin,1,7277,Ambala__Shahzadpur.pdf
Ambala,Shahzadpur,15,Buraj Shahid,Woman,NONE,1,Rajni Devi,Ajay Kashyap,0,0,Women,latin,1,7277,Ambala__Shahzadpur.pdf
Ambala,Shahzadpur,16,Chetan,Other than Woman,NONE,0,Sandeep,Basakhi Ram,0,0,Other than Women,latin,1,7277,Ambala__Shahzadpur.pdf
Ambala,Shahzadpur,17,Chhaju Majra,Woman,NONE,1,Reena Rani,Vikram Singh,0,0,Women,latin,1,7277,Ambala__Shahzadpur.pdf
Ambala,Shahzadpur,18,Dehari,BC-A Other than Woman,BC_A,0,Satish Kumar,Dharam Pal,0,0,Backward Class 'A' Other than Women,latin,1,7277,Ambala__Shahzadpur.pdf
Ambala,Shahzadpur,19,Dhamoli Bichli,SC Woman,SC,1,Meena Kumari,Suresh Kumar,0,0,Scheduled Caste Women,latin,1,7277,Ambala__Shahzadpur.pdf
Ambala,Shahzadpur,20,Dhamoli Majri,SC Other than Woman,SC,0,Lakhwinder Singh,Pritam Singh,0,0,Scheduled Caste Other than Women,latin,1,7277,Ambala__Shahzadpur.pdf
Ambala,Shahzadpur,21,Dhamoli Upparli,BC-A Woman,BC_A,1,Suman Rani,Ashwani Kumar,0,0,Backward Class 'A' Women,latin,1,7277,Ambala__Shahzadpur.pdf
Ambala,Shahzadpur,22,Dhanana,Other than Woman,NONE,0,Kehar Singh,Jeet Ram,0,0,Other than Women,latin,1,7277,Ambala__Shahzadpur.pdf
Ambala,Shahzadpur,23,Fatehgarh,SC Woman,SC,1,Preet Kaur,Sanjeev Kumar,0,0,Scheduled Caste Women,latin,1,7277,Ambala__Shahzadpur.pdf
Ambala,Shahzadpur,24,Ganehspur,SC Other than Woman,SC,0,Balak Ram,Prem Chand,0,0,Scheduled Caste Other than Women,latin,1,7277,Ambala__Shahzadpur.pdf
Ambala,Shahzadpur,25,Gazipur,Woman,NONE,1,Kavita Rani,Vinod Kumar,0,0,Women,latin,1,7277,Ambala__Shahzadpur.pdf
Ambala,Shahzadpur,26,Gharouli,Other than Woman,NONE,0,Jaswinder Singh,Karnail Singh,0,0,Other than Women,latin,1,7277,Ambala__Shahzadpur.pdf
Ambala,Shahzadpur,27,Gobindpur,Woman,NONE,1,Rajni Devi,Karam Veer,0,0,Women,latin,1,7277,Ambala__Shahzadpur.pdf
Ambala,Shahzadpur,28,Handi Khera,SC Woman,SC,1,Rajinder Kaur,Jujhar Singh,0,0,Scheduled Caste Women,latin,1,7277,Ambala__Shahzadpur.pdf
Ambala,Shahzadpur,29,Jangu Majra,SC Other than Woman,SC,0,Pintu Kumar,Sardari Lal,0,0,Scheduled Caste Other than Women,latin,1,7277,Ambala__Shahzadpur.pdf
Ambala,Shahzadpur,30,Jatwar,Other than Woman,NONE,0,Varinder Singh,Labh Singh,0,0,Other than Women,latin,1,7277,Ambala__Shahzadpur.pdf
Ambala,Shahzadpur,31,Kakkar Majra,Woman,NONE,1,Vandana Sharma,Abhishek Sharma,0,0,Women,latin,1,7277,Ambala__Shahzadpur.pdf
Ambala,Shahzadpur,32,Kalal Majra,SC Woman,SC,1,Poonam Devi,Sunil Kumar,0,0,Scheduled Caste Women,latin,1,7277,Ambala__Shahzadpur.pdf
Ambala,Shahzadpur,33,Kalal Majri,Other than Woman,NONE,0,Yogesh,Parsotam Singh,0,0,Other than Women,latin,1,7277,Ambala__Shahzadpur.pdf
Ambala,Shahzadpur,34,Karasan,Woman,NONE,1,Parwinder Saini,Chander Mohan,0,0,Women,latin,1,7277,Ambala__Shahzadpur.pdf
Ambala,Shahzadpur,35,Khanpur Brahmna,BC-A Other than Woman,BC_A,0,Jai Krishan,Mam Raj,0,0,Backward Class 'A' Other than Women,latin,1,7277,Ambala__Shahzadpur.pdf
Ambala,Shahzadpur,36,Kheda Boda,Woman,NONE,1,Pinki,Parveen Kumar,0,0,Women,latin,1,7277,Ambala__Shahzadpur.pdf
Ambala,Shahzadpur,37,Kheda Ganni,Other than Woman,NONE,0,Parveen Kumar,Data Ram,0,0,Other than Women,latin,1,7277,Ambala__Shahzadpur.pdf
Ambala,Shahzadpur,38,Kherki Manakpur,SC Other than Woman,SC,0,Robin Kumar,Mohinder Lal,0,0,Scheduled Caste Other than Women,latin,1,7277,Ambala__Shahzadpur.pdf
Ambala,Shahzadpur,39,Khurd,Woman,NONE,1,Mandeep Kaur,Prince,0,0,Women,latin,1,7277,Ambala__Shahzadpur.pdf
Ambala,Shahzadpur,40,Korwa Kalan,SC Woman,SC,1,Ruby,Raghubir Chand,0,0,Scheduled Caste Women,latin,1,7277,Ambala__Shahzadpur.pdf
Ambala,Shahzadpur,41,Korwa Khurd,Other than Woman,NONE,0,Sahab Singh,Bachan Singh,0,0,Other than Women,latin,1,7277,Ambala__Shahzadpur.pdf
Ambala,Shahzadpur,42,Maggarpura,SC Other than Woman,SC,0,Pardeep Kumar,Gurdial Singh,0,0,Scheduled Caste Other than Women,latin,1,7277,Ambala__Shahzadpur.pdf
Ambala,Shahzadpur,43,Majra,Woman,NONE,1,Neha Sharma,Arun Sharma,0,0,Women,latin,1,7277,Ambala__Shahzadpur.pdf
Ambala,Shahzadpur,44,Manglor,SC Woman,SC,1,Rajni Bala,Shyam Lal,0,0,Scheduled Caste Women,latin,1,7277,Ambala__Shahzadpur.pdf
Ambala,Shahzadpur,45,Mukandpur,Other than Woman,NONE,0,Madan Lal,Chuhar Ram,0,0,Other than Women,latin,1,7277,Ambala__Shahzadpur.pdf
Ambala,Shahzadpur,46,Naggala Jattan,Woman,NONE,1,Seema Rani,Manish,0,0,Women,latin,1,7277,Ambala__Shahzadpur.pdf
Ambala,Shahzadpur,47,Nasrauli,Other than Woman,NONE,0,Bhupinder Singh,Jagtar Singh,0,0,Other than Women,latin,1,7277,Ambala__Shahzadpur.pdf
Ambala,Shahzadpur,48,Neknawan,Woman,NONE,1,Babita Rani,Pawan Singh,1,0,Women,latin,1,7277,Ambala__Shahzadpur.pdf
Ambala,Shahzadpur,49,Panjeton,Other than Woman,NONE,0,Manejar Singh,Baldev Singh,0,0,Other than Women,latin,1,7277,Ambala__Shahzadpur.pdf
Ambala,Shahzadpur,50,Pathrehri,BC-A Woman,BC_A,1,Gur Sarni Devi,Kanwar Lal,0,0,Backward Class 'A' Women,latin,1,7277,Ambala__Shahzadpur.pdf
Ambala,Shahzadpur,51,Patvi,Other than Woman,NONE,0,Manjit Singh,Raghbir Singh,0,0,Other than Women,latin,1,7277,Ambala__Shahzadpur.pdf
Ambala,Shahzadpur,52,Prail,SC Other than Woman,SC,0,Jitender Kumar,Hans Raj,0,0,Scheduled Caste Other than Women,latin,1,7277,Ambala__Shahzadpur.pdf
Ambala,Shahzadpur,53,Racheri,SC Woman,SC,1,Neetu,Rinku Ram,0,0,Scheduled Caste Women,latin,1,7277,Ambala__Shahzadpur.pdf
Ambala,Shahzadpur,54,Raiwali,Woman,NONE,1,Promila Devi,Ranjeet Singh,0,0,Women,latin,1,7277,Ambala__Shahzadpur.pdf
Ambala,Shahzadpur,55,Rajjpura,Other than Woman,NONE,0,Gulab Singh,Kuldeep Singh,1,0,Other than Women,latin,1,7277,Ambala__Shahzadpur.pdf
Ambala,Shahzadpur,56,Rajouli,BC-A Woman,BC_A,1,Sunita Rani,Satpal,0,0,Backward Class 'A' Women,latin,1,7277,Ambala__Shahzadpur.pdf
Ambala,Shahzadpur,57,Rasidpur,Other than Woman,NONE,0,Raj Kumar,Sarwan Singh,0,0,Other than Women,latin,1,7277,Ambala__Shahzadpur.pdf
Ambala,Shahzadpur,58,Rator,Woman,NONE,1,Mamta Rani,Narinder Kumar,0,0,Women,latin,1,7277,Ambala__Shahzadpur.pdf
Ambala,Shahzadpur,59,Rishi Nagar,SC Other than Woman,SC,0,Karan,Jhumru,1,0,Scheduled Caste Other than Women,latin,1,7277,Ambala__Shahzadpur.pdf
Ambala,Shahzadpur,60,Sadikpur,SC Woman,SC,1,Sunita Rani,Ramesh Chand,0,0,Scheduled Caste Women,latin,1,7277,Ambala__Shahzadpur.pdf
Ambala,Shahzadpur,61,Salola,Other than Woman,NONE,0,Parveen Kumar,Mangat Ram,0,0,Other than Women,latin,1,7277,Ambala__Shahzadpur.pdf
Ambala,Shahzadpur,62,Santokhi,Woman,NONE,1,Gurvinder Kaur,Suchha Singh,0,0,Women,latin,1,7277,Ambala__Shahzadpur.pdf
Ambala,Shahzadpur,63,Shahzadpur,Other than Woman,NONE,0,Ravinder Singh,Satpal Singh,0,0,Other than Women,latin,1,7277,Ambala__Shahzadpur.pdf
Ambala,Shahzadpur,64,Shamru,Woman,NONE,1,Jaswinder Kaur,Jasmair Singh,0,0,Women,latin,1,7277,Ambala__Shahzadpur.pdf
Ambala,Shahzadpur,65,Sherpur,SC Other than Woman,SC,0,Anil Kumar,Mangat Ram,0,0,Scheduled Caste Other than Women,latin,1,7277,Ambala__Shahzadpur.pdf
Ambala,Shahzadpur,66,Sontli,Other than Woman,NONE,0,Harpreet Singh,Jagmohan Singh,0,0,Other than Women,latin,1,7277,Ambala__Shahzadpur.pdf
Ambala,Shahzadpur,67,Tandwal,SC Woman,SC,1,Sweety,Sandeep Kumar,0,0,Scheduled Caste Women,latin,1,7277,Ambala__Shahzadpur.pdf
Ambala,Shahzadpur,68,Tasdoli,Woman,NONE,1,Paramjeet Kaur,Dharminder Singh,0,0,Women,latin,1,7277,Ambala__Shahzadpur.pdf
Ambala,Shahzadpur,69,Wasalpur,Other than Woman,NONE,0,Nazir,Nasar,0,0,Other than Women,latin,1,7277,Ambala__Shahzadpur.pdf
Bhiwani,Bawani Khera,1,Alakhpura,Other than Woman,NONE,0,Rajdeep,Dhramvir Singh,1,0,Other than Women,latin,,7232,Bhiwani__Bawani-Khera.pdf
Bhiwani,Bawani Khera,2,Aurang Nagar,Woman,NONE,1,Sheela Devi,Ashok Kumar,0,0,Women,latin,1,7232,Bhiwani__Bawani-Khera.pdf
Bhiwani,Bawani Khera,3,Baliyali,Other than Woman,NONE,0,Sachin Sardana,Harbans Lal,0,0,Other than Women,latin,1,7232,Bhiwani__Bawani-Khera.pdf
Bhiwani,Bawani Khera,4,Barsi Gujran,Woman,NONE,1,Suman Rawat,Sonu Kumar,0,0,Women,latin,1,7232,Bhiwani__Bawani-Khera.pdf
Bhiwani,Bawani Khera,5,Barsi Jattan,SC Other than Woman,SC,0,Satish Kumar,Vijay,0,0,Scheduled Caste Other than Women,latin,1,7232,Bhiwani__Bawani-Khera.pdf
Bhiwani,Bawani Khera,6,Bhaini Thakran,SC Woman,SC,1,Sunil Kumari,Anup Kumar,0,0,Scheduled Caste Women,latin,1,7232,Bhiwani__Bawani-Khera.pdf
Bhiwani,Bawani Khera,7,Bhani Jattan,Other than Woman,NONE,0,Sunil Kumar,Mahavir Singh,0,0,Other than Women,latin,1,7232,Bhiwani__Bawani-Khera.pdf
Bhiwani,Bawani Khera,8,Bhurtana,SC Other than Woman,SC,0,Suresh Kumar,Ramkumar,0,0,Scheduled Caste Other than Women,latin,1,7232,Bhiwani__Bawani-Khera.pdf
Bhiwani,Bawani Khera,9,Bohal,Woman,NONE,1,Mamta Rani,Ravinder Kumar,0,0,Women,latin,1,7232,Bhiwani__Bawani-Khera.pdf
Bhiwani,Bawani Khera,10,Chortapur,Other than Woman,NONE,0,Jasbir Singh,Bharat Singh,0,0,Other than Women,latin,1,7232,Bhiwani__Bawani-Khera.pdf
Bhiwani,Bawani Khera,11,Dhani Kushal,SC Woman,SC,1,Kamlesh,Vinod,0,0,Scheduled Caste Women,latin,1,7232,Bhiwani__Bawani-Khera.pdf
Bhiwani,Bawani Khera,12,Durjanpur,Woman,NONE,1,Kanta,Naresh Kumar,0,0,Women,latin,1,7232,Bhiwani__Bawani-Khera.pdf
Bhiwani,Bawani Khera,13,Jamalpur,Other than Woman,NONE,0,Rajkumar,Puran Singh,0,0,Other than Women,latin,1,7232,Bhiwani__Bawani-Khera.pdf
Bhiwani,Bawani Khera,14,Jamalpur-2,SC Other than Woman,SC,0,Bhup Singh,Ranjit Singh,0,0,Scheduled Caste Other than Women,latin,1,7232,Bhiwani__Bawani-Khera.pdf
Bhiwani,Bawani Khera,15,Jeeta Kheri,Woman,NONE,1,Suman,Jaivir,0,0,Women,latin,1,7232,Bhiwani__Bawani-Khera.pdf
Bhiwani,Bawani Khera,16,Kheri Daulatpur,SC Woman,SC,1,Savita,Amit Kumar,0,0,Scheduled Caste Women,latin,1,7232,Bhiwani__Bawani-Khera.pdf
Bhiwani,Bawani Khera,17,Kirawar,Other than Woman,NONE,0,Suresh Kumar,Rattan Singh,0,0,Other than Women,latin,1,7232,Bhiwani__Bawani-Khera.pdf
Bhiwani,Bawani Khera,18,Kungar,Woman,NONE,1,Pritam,Sombir,0,0,Women,latin,1,7232,Bhiwani__Bawani-Khera.pdf
Bhiwani,Bawani Khera,19,Kungar Chhota Pana,Other than Woman,NONE,0,Rohit Kumar,Ranbir Singh,0,0,Other than Women,latin,1,7232,Bhiwani__Bawani-Khera.pdf
Bhiwani,Bawani Khera,20,Lohari Jatu,BC-A Woman,BC_A,1,Darsna Kumari,Mukesh Kumar,0,0,Backward Class 'A' Women,latin,1,7232,Bhiwani__Bawani-Khera.pdf
Bhiwani,Bawani Khera,21,Milakpur,Other than Woman,NONE,0,Bhim Singh,Sher Singh,0,0,Other than Women,latin,1,7232,Bhiwani__Bawani-Khera.pdf
Bhiwani,Bawani Khera,22,Paposa,SC Other than Woman,SC,0,Suresh Kumar,Birbal,0,0,Scheduled Caste Other than Women,latin,1,7232,Bhiwani__Bawani-Khera.pdf
Bhiwani,Bawani Khera,23,Pur,Woman,NONE,1,Suman Reddu,Inshul,0,0,Women,latin,1,7232,Bhiwani__Bawani-Khera.pdf
Bhiwani,Bawani Khera,24,Ramupura,Other than Woman,NONE,0,Mukesh,Shubhram,0,0,Other than Women,latin,1,7232,Bhiwani__Bawani-Khera.pdf
Bhiwani,Bawani Khera,25,Ratera,SC Woman,SC,1,Savitri,Rajesh Kumar,0,0,Scheduled Caste Women,latin,1,7232,Bhiwani__Bawani-Khera.pdf
Bhiwani,Bawani Khera,26,Rohnat,Woman,NONE,1,Mamta Rani,Hans Raj,0,0,Women,latin,1,7232,Bhiwani__Bawani-Khera.pdf
Bhiwani,Bawani Khera,27,Sikanderpur,BC-A Other than Woman,BC_A,0,Satynarayan,Ram Singh,0,0,Backward Class 'A' Other than Women,latin,1,7232,Bhiwani__Bawani-Khera.pdf
Bhiwani,Bawani Khera,28,Sippar,SC Other than Woman,SC,0,Tara Chand,Ramsingh,0,0,Scheduled Caste Other than Women,latin,1,7232,Bhiwani__Bawani-Khera.pdf
Bhiwani,Bawani Khera,29,Siwana,Woman,NONE,1,Manju Rani,Mandeep Kumar,0,0,Women,latin,1,7232,Bhiwani__Bawani-Khera.pdf
Bhiwani,Bawani Khera,30,Siwara,SC Woman,SC,1,Seema,Vedparkash,0,0,Scheduled Caste Women,latin,1,7232,Bhiwani__Bawani-Khera.pdf
Bhiwani,Bawani Khera,31,Sui,SC Other than Woman,SC,0,Ravi,Shri Mahipal,0,0,Scheduled Caste Other than Women,latin,1,7232,Bhiwani__Bawani-Khera.pdf
Bhiwani,Bawani Khera,32,Sukhpura,Other than Woman,NONE,0,Manjeet,Abheram,0,0,Other than Women,latin,1,7232,Bhiwani__Bawani-Khera.pdf
Bhiwani,Bawani Khera,33,Sumra Khera,BC-A Woman,BC_A,1,Bimla Devi,Manphool Singh,0,0,Backward Class 'A' Women,latin,1,7232,Bhiwani__Bawani-Khera.pdf
Bhiwani,Behal,1,Ameenpur,Other than Woman,NONE,0,Veer Singh,Sh. Lachha Ram,0,0,Other than Women,latin,1,7223,Bhiwani__Behal.pdf
Bhiwani,Behal,2,Bairan,Woman,NONE,1,Roshni,Sh. Rajpal,0,0,Women,latin,1,7223,Bhiwani__Behal.pdf
Bhiwani,Behal,3,Behal,Other than Woman,NONE,0,Sadhuram,Sh. Hari Singh,0,0,Other than Women,latin,1,7223,Bhiwani__Behal.pdf
Bhiwani,Behal,4,Bidhnoi,Woman,NONE,1,Bala Devi,Sh. Sandeep Kumar,0,0,Women Women,latin,1,7223,Bhiwani__Behal.pdf
Bhiwani,Behal,5,Budheri,Other than Woman,NONE,0,Jagmat Singh,Sh. Norang Ram,0,0,Other than Women,latin,1,7223,Bhiwani__Behal.pdf
Bhiwani,Behal,6,Chehar Kalan,Woman,NONE,1,Babita,Sh. Dinesh Kumar,0,0,Women,latin,1,7223,Bhiwani__Behal.pdf
Bhiwani,Behal,7,Chehar Khurd,Other than Woman,NONE,0,Sandeep,Sh. Ransingh,0,0,Other than Women,latin,1,7223,Bhiwani__Behal.pdf
Bhiwani,Behal,8,Gokalpura,SC Other than Woman,SC,0,Rakesh Kumar,Sh. Mand Rup,0,0,Scheduled Caste Other than Women,latin,,7223,Bhiwani__Behal.pdf
Bhiwani,Behal,9,Gopalwas,Woman,NONE,1,Sumitra Devi,Sh. Sushil Kumar,0,0,Women Women,latin,1,7223,Bhiwani__Behal.pdf
Bhiwani,Behal,10,Hariyawas,BC-A Other than Woman,BC_A,0,Partap Singh,Sh. Chandu Ram,0,0,Backward Class 'A' Other than Women,latin,1,7223,Bhiwani__Behal.pdf
Bhiwani,Behal,11,Kasni Kalan,Woman,NONE,1,Meena,Sh. Ramchander,0,0,Women,latin,1,7223,Bhiwani__Behal.pdf
Bhiwani,Behal,12,Kasni Khurd,SC Woman,SC,1,Asha Kumari,Sh. Sajjan Singh,0,0,Scheduled Caste Women,latin,1,7223,Bhiwani__Behal.pdf
Bhiwani,Behal,13,Ladawas,Other than Woman,NONE,0,Omparkash,Sh. Bhoru Ram,0,0,Other than Women,latin,1,7223,Bhiwani__Behal.pdf
Bhiwani,Behal,14,Mandholi Kalan,Woman,NONE,1,Sangeeta,Sh. Sonu,0,0,Women,latin,1,7223,Bhiwani__Behal.pdf
Bhiwani,Behal,15,Nangal,Other than Woman,NONE,0,Ran Singh,Sh. Balwant Singh,0,0,Other than Women,latin,1,7223,Bhiwani__Behal.pdf
Bhiwani,Behal,16,Noonsar,Woman,NONE,1,Sushma,Sh. Anil Kumar,0,0,Women,latin,1,7223,Bhiwani__Behal.pdf
Bhiwani,Behal,17,Obra,Other than Woman,NONE,0,Ravinder Singh,Sh. Ishwar Singh,0,0,Other than Women,latin,1,7223,Bhiwani__Behal.pdf
Bhiwani,Behal,18,Paju,Woman,NONE,1,Suman,Sh. Ramesh Kumar,0,0,Women,latin,1,7223,Bhiwani__Behal.pdf
Bhiwani,Behal,19,Patwan,SC Other than Woman,SC,0,Ravi Kumar,Sh. Subhash,0,0,Scheduled Caste Other than Women,latin,,7223,Bhiwani__Behal.pdf
Bhiwani,Behal,20,Salempur,Other than Woman,NONE,0,Kuldeep Singh,Sh. Man singh,0,0,Other than Women,latin,1,7223,Bhiwani__Behal.pdf
Bhiwani,Behal,21,Serla,BC-A Woman,BC_A,1,Pinki,Sh. Sunil,0,0,Backward Class 'A' Women,latin,1,7223,Bhiwani__Behal.pdf
Bhiwani,Behal,22,Sheharyarpur,SC Woman,SC,1,Manjeet,Sh. Mahender,1,0,Scheduled Caste Women,latin,1,7223,Bhiwani__Behal.pdf
Bhiwani,Behal,23,Sidhanwa,Other than Woman,NONE,0,Bijender,Sh. Ishwar Singh,0,0,Other than Women,latin,1,7223,Bhiwani__Behal.pdf
Bhiwani,Behal,24,Sirsi,Woman,NONE,1,Savita Kumari,Sh. Rajesh Kumar,0,0,Women,latin,1,7223,Bhiwani__Behal.pdf
Bhiwani,Behal,25,Sorda Jadid,Other than Woman,NONE,0,Kanwal Singh,Sh. Narsingh,1,0,Other than Women,latin,1,7223,Bhiwani__Behal.pdf
Bhiwani,Behal,26,Sorda Kadim,SC Other than Woman,SC,0,Sombir Singh,Sh. Maan Singh,0,0,Scheduled Caste Other than Women,latin,,7223,Bhiwani__Behal.pdf
Bhiwani,Behal,27,Sudhiwas,Woman,NONE,1,Asha,Sh. Anil Kumar,0,0,Women,latin,1,7223,Bhiwani__Behal.pdf
Bhiwani,Behal,28,Surpura Kalan,Other than Woman,NONE,0,Rajesh,Sh. Jai Singh,0,0,Other than Women,latin,1,7223,Bhiwani__Behal.pdf
Bhiwani,Behal,29,Surpura Khurd,Woman,NONE,1,Kavita,Sh. Sanjay,0,0,Women,latin,1,7223,Bhiwani__Behal.pdf
Bhiwani,Bhiwani,1,Ajitpur,SC Other than Woman,SC,0,Chander Singh,Khadga Ram,0,0,Scheduled Caste other than Women,latin,1,7214,Bhiwani__Bhiwani.pdf
Bhiwani,Bhiwani,2,Asalwas Dubia,Other than Woman,NONE,0,Mohit Bhardwaj,Virender,0,0,Other than Women,latin,1,7214,Bhiwani__Bhiwani.pdf
Bhiwani,Bhiwani,3,Asalwas Marhata,BC-A Woman,BC_A,1,Pooja,Jugti Ram,0,0,Backward Class 'A' Women,latin,1,7214,Bhiwani__Bhiwani.pdf
Bhiwani,Bhiwani,4,Azad Nagar,Other than Woman,NONE,0,Satyapal,Chhuni Lal,1,0,Other than Women,latin,1,7214,Bhiwani__Bhiwani.pdf
Bhiwani,Bhiwani,5,Badala,Woman,NONE,1,Savita,Jitender,0,0,Women,latin,1,7214,Bhiwani__Bhiwani.pdf
Bhiwani,Bhiwani,6,Badesra,Other than Woman,NONE,0,Bhoop Singh,Harikishan,0,0,Other than Women,latin,1,7214,Bhiwani__Bhiwani.pdf
Bhiwani,Bhiwani,7,Bamla-I,BC-A Woman,BC_A,1,Sarita,Naresh Kumar,0,0,Backward Class 'A' Women,latin,1,7214,Bhiwani__Bhiwani.pdf
Bhiwani,Bhiwani,8,Bamla-II,SC Woman,SC,1,Anjali,Abhishek,0,0,Scheduled Caste Women,latin,1,7214,Bhiwani__Bhiwani.pdf
Bhiwani,Bhiwani,9,Bapora,Other than Woman,NONE,0,Sugriv Singh,Birju Singh,0,0,Other than Women,latin,1,7214,Bhiwani__Bhiwani.pdf
Bhiwani,Bhiwani,10,Bhakhra,Woman,NONE,1,Kafi,Anil,0,0,Women,latin,1,7214,Bhiwani__Bhiwani.pdf
Bhiwani,Bhiwani,11,Biran,Other than Woman,NONE,0,Sultan Singh,Ram Nath Singh,0,0,Other than Women,latin,1,7214,Bhiwani__Bhiwani.pdf
Bhiwani,Bhiwani,12,Chang,Woman,NONE,1,Sudesh Rani,Pardeep Kumar,0,0,Women,latin,1,7214,Bhiwani__Bhiwani.pdf
Bhiwani,Bhiwani,13,Devsar,Other than Woman,NONE,0,Sanjay,Rajpal Singh,0,0,Other than Women,latin,1,7214,Bhiwani__Bhiwani.pdf
Bhiwani,Bhiwani,14,Dhana Ladanpur,Woman,NONE,1,Vinit Rani,Vijender,0,0,Women,latin,1,7214,Bhiwani__Bhiwani.pdf
Bhiwani,Bhiwani,15,Dhana Narsan,Other than Woman,NONE,0,Anuj,Krishan,0,0,Other than Women,latin,1,7214,Bhiwani__Bhiwani.pdf
Bhiwani,Bhiwani,16,Dhanana-I,Woman,NONE,1,Mamta,Kapil Dev,0,0,Women,latin,1,7214,Bhiwani__Bhiwani.pdf
Bhiwani,Bhiwani,17,Dhanana-II,BC-A Other than Woman,BC_A,0,Vedpal Singh,Balwant Singh,0,0,Backward Class 'A' other than Women,latin,1,7214,Bhiwani__Bhiwani.pdf
Bhiwani,Bhiwani,18,Dhanana-III,SC Other than Woman,SC,0,Rajesh Kumar,Nika Ram,0,0,Scheduled Caste other than Women,latin,1,7214,Bhiwani__Bhiwani.pdf
Bhiwani,Bhiwani,19,Dhani Brahamana n,SC Woman,SC,1,Anju,Manoj,0,0,Scheduled Caste Women,latin,1,7214,Bhiwani__Bhiwani.pdf
Bhiwani,Bhiwani,20,Dhani Chang,SC Other than Woman,SC,0,Ravi,Ramkishor,0,0,Scheduled Caste other than Women,latin,1,7214,Bhiwani__Bhiwani.pdf
Bhiwani,Bhiwani,21,Dhani Hursukh,Woman,NONE,1,Suman,Jaiveer,0,0,Women,latin,1,7214,Bhiwani__Bhiwani.pdf
Bhiwani,Bhiwani,22,Dhani Janga,Other than Woman,NONE,0,Jitender,Uday Singh,1,0,Other than Women,latin,1,7214,Bhiwani__Bhiwani.pdf
Bhiwani,Bhiwani,23,Dhareru,Woman,NONE,1,Kanta,Bajrang,0,0,Women,latin,1,7214,Bhiwani__Bhiwani.pdf
Bhiwani,Bhiwani,24,Dhirana Kalan,Other than Woman,NONE,0,Sachin Sharma,Gangadutt Sharma,0,0,Other than Women,latin,1,7214,Bhiwani__Bhiwani.pdf
Bhiwani,Bhiwani,25,Dhirana Majra Devsar,Woman,NONE,1,Meenakshi,Shankar Sharma,0,0,Women,latin,1,7214,Bhiwani__Bhiwani.pdf
Bhiwani,Bhiwani,26,Dinod,Other than Woman,NONE,0,Jaibhagwan,Mahavir Prashad,0,0,Other than Women,latin,1,7214,Bhiwani__Bhiwani.pdf
Bhiwani,Bhiwani,27,Ghuskani,Woman,NONE,1,Sunita Devi,Sandeep,0,0,Women,latin,1,7214,Bhiwani__Bhiwani.pdf
Bhiwani,Bhiwani,28,Gobindpura,Other than Woman,NONE,0,Bir Singh,Suraj Bhan Singh,0,0,Other than Women,latin,1,7214,Bhiwani__Bhiwani.pdf
Bhiwani,Bhiwani,29,Golpura,BC-A Woman,BC_A,1,Suman Devi,Ramesh,0,0,Backward Class 'A' Women,latin,1,7214,Bhiwani__Bhiwani.pdf
Bhiwani,Bhiwani,30,Goripur,Other than Woman,NONE,0,Punit Kumar Sangwan,Vidya Nand,0,0,Other than Women,latin,1,7214,Bhiwani__Bhiwani.pdf
Bhiwani,Bhiwani,31,Gujrani,Woman,NONE,1,Renu,Amit Kumar,0,0,Women,latin,1,7214,Bhiwani__Bhiwani.pdf
Bhiwani,Bhiwani,32,Haluwas,Other than Woman,NONE,0,Mukesh,Jagpal Singh,0,0,Other than Women,latin,1,7214,Bhiwani__Bhiwani.pdf
Bhiwani,Bhiwani,33,Haluwas Majra Devsar,SC Woman,SC,1,Kavita,Somvir,0,0,Scheduled Caste Women,latin,1,7214,Bhiwani__Bhiwani.pdf
Bhiwani,Bhiwani,34,Haripur,SC Other than Woman,SC,0,Brahmanan d,Nihal Singh,1,0,Scheduled Caste other than Women,latin,1,7214,Bhiwani__Bhiwani.pdf
Bhiwani,Bhiwani,35,Jatai,SC Woman,SC,1,Asha Rani,Yashwant,0,0,Scheduled Caste Women,latin,1,7214,Bhiwani__Bhiwani.pdf
Bhiwani,Bhiwani,36,Jharwai,Woman,NONE,1,Kamla Devi,Rajesh Kumar,0,0,Women,latin,1,7214,Bhiwani__Bhiwani.pdf
Bhiwani,Bhiwani,37,Kalinga Pana Amru,Other than Woman,NONE,0,Sonu,Bishan,0,0,Other than Women,latin,1,7214,Bhiwani__Bhiwani.pdf
Bhiwani,Bhiwani,38,Kalinga Pana Raju,Woman,NONE,1,Sunita,Ramesh,0,0,Women,latin,1,7214,Bhiwani__Bhiwani.pdf
Bhiwani,Bhiwani,39,Kalinga Panu Sawai,SC Other than Woman,SC,0,Ranvir Singh,Hawa Singh,0,0,Scheduled Caste other than Women,latin,1,7214,Bhiwani__Bhiwani.pdf
Bhiwani,Bhiwani,40,Kaluwas,Other than Woman,NONE,0,Ashish,Omparkash,0,0,Other than Women,latin,1,7214,Bhiwani__Bhiwani.pdf
Bhiwani,Bhiwani,41,Kayla,Woman,NONE,1,Aarti Devi,Naresh Gautam,0,0,Women,latin,1,7214,Bhiwani__Bhiwani.pdf
Bhiwani,Bhiwani,42,Kharak Kalan,Other than Woman,NONE,0,Raj Kumar,Har Bilas,0,0,Other than Women,latin,1,7214,Bhiwani__Bhiwani.pdf
Bhiwani,Bhiwani,43,Kharak Kalan Khandyan Pana,Woman,NONE,1,Shalini,Ajay Singh,0,0,Women,latin,1,7214,Bhiwani__Bhiwani.pdf
Bhiwani,Bhiwani,44,Kharak Khurd,Other than Woman,NONE,0,Ram Chander,Hamir Singh,0,0,Other than Women,latin,1,7214,Bhiwani__Bhiwani.pdf
Bhiwani,Bhiwani,45,Kharak Kalan Rajyan Pana,SC Woman,SC,1,Usha,Pardeep Kumar,0,0,Scheduled Caste Women,latin,1,7214,Bhiwani__Bhiwani.pdf
Bhiwani,Bhiwani,46,Kitlana,Woman,NONE,1,Lalita Devi,Ratan Singh,0,0,Women,latin,1,7214,Bhiwani__Bhiwani.pdf
Bhiwani,Bhiwani,47,Kohar,Other than Woman,NONE,0,Surender Singh,Jainarayan,0,0,Other than Women,latin,1,7214,Bhiwani__Bhiwani.pdf
Bhiwani,Bhiwani,48,Kount,Woman,NONE,1,Sunita Devi,Prem Singh,0,0,Women,latin,1,7214,Bhiwani__Bhiwani.pdf
Bhiwani,Bhiwani,49,Madhmadh vi,Other than Woman,NONE,0,Satish Kumar,Ram Singh,0,0,Other than Women,latin,1,7214,Bhiwani__Bhiwani.pdf
Bhiwani,Bhiwani,50,Mandhana,Woman,NONE,1,Seeta,Sanjay Kumar,0,0,Women,latin,1,7214,Bhiwani__Bhiwani.pdf
Bhiwani,Bhiwani,51,Manheru,BC-A Other than Woman,BC_A,0,Pardeep Kumar,Chote Lal,0,0,Backward Class 'A' other than Women,latin,1,7214,Bhiwani__Bhiwani.pdf
Bhiwani,Bhiwani,52,Mitathal,Woman,NONE,1,Meena,Naresh Singh,0,0,Women,latin,1,7214,Bhiwani__Bhiwani.pdf
Bhiwani,Bhiwani,53,Mundhal Kalan,SC Other than Woman,SC,0,Vinod Kumar,Manphool,0,0,Scheduled Caste other than Women,latin,1,7214,Bhiwani__Bhiwani.pdf
Bhiwani,Bhiwani,54,Mundhal Khurd,Other than Woman,NONE,0,Harshveer,Sher Singh,0,0,Other than Women,latin,1,7214,Bhiwani__Bhiwani.pdf
Bhiwani,Bhiwani,55,Nandgaon,Woman,NONE,1,Roshani Devi,Mahender Singh,0,0,Women,latin,1,7214,Bhiwani__Bhiwani.pdf
Bhiwani,Bhiwani,56,Nangal,Other than Woman,NONE,0,Kuldeep,Raghbir,0,0,Other than Women,latin,1,7214,Bhiwani__Bhiwani.pdf
Bhiwani,Bhiwani,57,Nangla,Woman,NONE,1,Suman Bala,Navneet,0,0,Women,latin,1,7214,Bhiwani__Bhiwani.pdf
Bhiwani,Bhiwani,58,Nathuwas,Other than Woman,NONE,0,Vijay Kumar,Raghbir Singh,0,0,Other than Women,latin,1,7214,Bhiwani__Bhiwani.pdf
Bhiwani,Bhiwani,59,Naurangab ad,BC-A Woman,BC_A,1,Asha Kumari,Inder Singh,0,0,Backward Class 'A' Women,latin,1,7214,Bhiwani__Bhiwani.pdf
Bhiwani,Bhiwani,60,Nawa,Other than Woman,NONE,0,Jai Bhagwan,Sohan Lal,0,0,Other than Women,latin,1,7214,Bhiwani__Bhiwani.pdf
Bhiwani,Bhiwani,61,Neemriwali,Woman,NONE,1,Komila Kumari,Leela Singh,0,0,Women,latin,1,7214,Bhiwani__Bhiwani.pdf
Bhiwani,Bhiwani,62,Ninan,Other than Woman,NONE,0,Ram Kumar,Ishr Ram,0,0,Other than Women,latin,1,7214,Bhiwani__Bhiwani.pdf
Bhiwani,Bhiwani,63,Paluwas,Woman,NONE,1,Pooja Panwar,Harender Singh,0,0,Women,latin,1,7214,Bhiwani__Bhiwani.pdf
Bhiwani,Bhiwani,64,Patharwali,Other than Woman,NONE,0,Rajesh Bhardwaj,Jagdish Prasad,0,0,Other than Women,latin,1,7214,Bhiwani__Bhiwani.pdf
Bhiwani,Bhiwani,65,Pehladgarh,SC Woman,SC,1,Jyoti,Sandeep Kumar,0,0,Scheduled Caste Women,latin,1,7214,Bhiwani__Bhiwani.pdf
Bhiwani,Bhiwani,66,Phoolpura,Woman,NONE,1,Rama Verma,Sandeep Kumar,0,0,Women,latin,1,7214,Bhiwani__Bhiwani.pdf
Bhiwani,Bhiwani,67,Prem Nagar,Other than Woman,NONE,0,Rajesh Kumar,Ram Mehar Singh,0,0,Other than Women,latin,1,7214,Bhiwani__Bhiwani.pdf
Bhiwani,Bhiwani,68,Puranpura,Woman,NONE,1,Rekha,Anup,1,0,Women,latin,1,7214,Bhiwani__Bhiwani.pdf
Bhiwani,Bhiwani,69,Rajgarh,Other than Woman,NONE,0,Narender Singh,Ramchander,0,0,Other than Women,latin,1,7214,Bhiwani__Bhiwani.pdf
Bhiwani,Bhiwani,70,Rajpura Kharkari,SC Other than Woman,SC,0,Ravinder,Om Parkash,0,0,Scheduled Caste other than Women,latin,1,7214,Bhiwani__Bhiwani.pdf
Bhiwani,Bhiwani,71,Rewari Khera,SC Woman,SC,1,Priya Rani,Sonu,0,0,Scheduled Caste Women,latin,1,7214,Bhiwani__Bhiwani.pdf
Bhiwani,Bhiwani,72,Roopgarh,SC Other than Woman,SC,0,Ravi Kumar,Rajender Singh,0,0,Scheduled Caste other than Women,latin,1,7214,Bhiwani__Bhiwani.pdf
Bhiwani,Bhiwani,73,Sai,Woman,NONE,1,Preeti,Pratham,0,0,Women,latin,1,7214,Bhiwani__Bhiwani.pdf
Bhiwani,Bhiwani,74,Sanga,SC Woman,SC,1,Pooja Devi,Naresh Kumar,0,0,Scheduled Caste Women,latin,1,7214,Bhiwani__Bhiwani.pdf
Bhiwani,Bhiwani,75,Sarsa Ghogra,Other than Woman,NONE,0,Ishwar Singh,Sukhpal Singh,0,0,Other than Women,latin,1,7214,Bhiwani__Bhiwani.pdf
Bhiwani,Bhiwani,76,Talu,Woman,NONE,1,Sunita,Krishan,0,0,Women,latin,1,7214,Bhiwani__Bhiwani.pdf
Bhiwani,Bhiwani,77,Tigrana,SC Other than Woman,SC,0,Surender Kumar,Ramkumar,0,0,Scheduled Caste other than Women,latin,1,7214,Bhiwani__Bhiwani.pdf
Bhiwani,Bhiwani,78,Umrawat,Other than Woman,NONE,0,Sudhir Sharma,Dharmchand,0,0,Other than Women,latin,1,7214,Bhiwani__Bhiwani.pdf
Bhiwani,Kairu,1,Babarwas,Other than Woman,NONE,0,Rajender Singh,Sh. Brij Lal,0,0,Other than Women,latin,1,7205,Bhiwani__Kairu.pdf
Bhiwani,Kairu,2,Bhangarh,Woman,NONE,1,Shakuntla,Sh. Kuldeep Singh,0,0,Women,latin,1,7205,Bhiwani__Kairu.pdf
Bhiwani,Kairu,3,Bijlanawas,SC Other than Woman,SC,0,Bijender,Sh. Kurda Ram,0,0,Scheduled Caste other than Women,latin,1,7205,Bhiwani__Kairu.pdf
Bhiwani,Kairu,4,Chandawas,Other than Woman,NONE,0,Raj Kumar,Sh. Phool Singh,0,0,Other than Women,latin,1,7205,Bhiwani__Kairu.pdf
Bhiwani,Kairu,5,Devrala,BC-A Woman,BC_A,1,Anita Bai,Sh. Dalbir,0,0,Backward Class ‘A’ Women,latin,1,7205,Bhiwani__Kairu.pdf
Bhiwani,Kairu,6,Dhab Dhani,Other than Woman,NONE,0,Sanjay Kumar,Sh. Ran Singh,0,0,Other than Women,latin,1,7205,Bhiwani__Kairu.pdf
Bhiwani,Kairu,7,Dhangar,Woman,NONE,1,Pooja,Sh. Sandeep,0,0,Women,latin,1,7205,Bhiwani__Kairu.pdf
Bhiwani,Kairu,8,Dharwanwas,Other than Woman,NONE,0,Mahabir Singh,Sh. Sheochand,0,0,Other than Women,latin,1,7205,Bhiwani__Kairu.pdf
Bhiwani,Kairu,9,Golagarh,Woman,NONE,1,Sonika,Sh. Sandeep,0,0,Women,latin,1,7205,Bhiwani__Kairu.pdf
Bhiwani,Kairu,10,Hetampura,Other than Woman,NONE,0,Kailash Singh,Sh. Naurang,0,0,Other than Women,latin,1,7205,Bhiwani__Kairu.pdf
Bhiwani,Kairu,11,Indiwali,SC Woman,SC,1,Jyoti Kumari,Sh. Sunil Kumar,0,0,Scheduled Caste Women,latin,1,7205,Bhiwani__Kairu.pdf
Bhiwani,Kairu,12,Jitwanwas,SC Other than Woman,SC,0,Raj Kumar,Sh. Matu Ram,0,0,Scheduled Caste other than Women,latin,1,7205,Bhiwani__Kairu.pdf
Bhiwani,Kairu,13,Jui Bichli,Woman,NONE,1,Sushma Devi,Sh. Avan Kumar,0,0,Women,latin,1,7205,Bhiwani__Kairu.pdf
Bhiwani,Kairu,14,Jui Kalan,Other than Woman,NONE,0,Pawan Kumar,Sh. Ram Sawrup,0,0,Other than Women,latin,1,7205,Bhiwani__Kairu.pdf
Bhiwani,Kairu,15,Jui Khurd,Woman,NONE,1,Manita Devi,Sh. Anil Kumar,0,0,Women,latin,1,7205,Bhiwani__Kairu.pdf
Bhiwani,Kairu,16,Kairu-1,Other than Woman,NONE,0,Sunder Pal,Sh. Bhagwan Singh,0,0,Other than Women,latin,1,7205,Bhiwani__Kairu.pdf
Bhiwani,Kairu,17,Kairu-2,SC Woman,SC,1,Savita,Sh. Anil Ram,0,0,Scheduled Caste Women,latin,1,7205,Bhiwani__Kairu.pdf
Bhiwani,Kairu,18,Keharpura,Woman,NONE,1,Pooja,Sh. Ajay,0,0,Women,latin,1,7205,Bhiwani__Kairu.pdf
Bhiwani,Kairu,19,Khairpura,Other than Woman,NONE,0,Ramniwas,Sh. Bhaleram,0,0,Other than Women,latin,1,7205,Bhiwani__Kairu.pdf
Bhiwani,Kairu,20,Khapadwas,Woman,NONE,1,Manju,Sh. Krishan Kumar,0,0,Women,latin,1,7205,Bhiwani__Kairu.pdf
Bhiwani,Kairu,21,Khariyawas,BC-A Other than Woman,BC_A,0,Jai Parkash,Sh. Satbir,0,0,Backward Class ‘A’ other than Women,latin,1,7205,Bhiwani__Kairu.pdf
Bhiwani,Kairu,22,Kusumbhi,Woman,NONE,1,Rajbala,Sh. Roshan Lal,0,0,Women,latin,1,7205,Bhiwani__Kairu.pdf
Bhiwani,Kairu,23,Ladiyawali,Other than Woman,NONE,0,Jitender,Sh. Umed Singh,0,0,Other than Women,latin,1,7205,Bhiwani__Kairu.pdf
Bhiwani,Kairu,24,Lalawas,SC Other than Woman,SC,0,Naresh Kumar,Sh. Santu Ram,1,0,Scheduled Caste other than Women,latin,1,7205,Bhiwani__Kairu.pdf
Bhiwani,Kairu,25,Legha Bhanan,Woman,NONE,1,Kalpana Kumari,Sh. Ashok,0,0,Women,latin,1,7205,Bhiwani__Kairu.pdf
Bhiwani,Kairu,26,Legha Hetwan,SC Woman,SC,1,Reena,Sh. Rajbir,0,0,Scheduled Caste Women,latin,1,7205,Bhiwani__Kairu.pdf
Bhiwani,Kairu,27,Lahlana,SC Other than Woman,SC,0,Sushil Kumar,Sh. Sube Singh,0,0,Scheduled Caste other than Women,latin,1,7205,Bhiwani__Kairu.pdf
Bhiwani,Kairu,28,Lohani,Other than Woman,NONE,0,Ashok,Sh. Guljari Lal,0,0,Other than Women,latin,1,7205,Bhiwani__Kairu.pdf
Bhiwani,Kairu,29,Malwas Devsar,Woman,NONE,1,Darshana Devi,Sh. Puran Singh,0,0,Women,latin,1,7205,Bhiwani__Kairu.pdf
Bhiwani,Kairu,30,Malwas Kohar,Other than Woman,NONE,0,Sandeep Kumar,Sh. Ompal,0,0,Other than Women,latin,1,7205,Bhiwani__Kairu.pdf
Bhiwani,Kairu,31,Mansarwass,Woman,NONE,1,Sunita,Sh. Kuldeep,0,0,Women,latin,1,7205,Bhiwani__Kairu.pdf
Bhiwani,Kairu,32,Pohkarwas,Other than Woman,NONE,0,Bharat Sharma,Sh. Maduram Sharma,0,0,Other than Women,latin,1,7205,Bhiwani__Kairu.pdf
Bhiwani,Kairu,33,Shimiliwas,Woman,NONE,1,Kamlesh Kumari,Sh. Parhlad Singh,0,0,Women,latin,1,7205,Bhiwani__Kairu.pdf
Bhiwani,Kairu,34,Sungerpur,BC-A Other than Woman,BC_A,0,Jagdish,Sh. Manphool,0,0,Backward Class ‘A’ other than Women,latin,1,7205,Bhiwani__Kairu.pdf
Bhiwani,Kairu,35,Titani,Woman,NONE,1,Babita,Sh. Parveen,0,0,Women,latin,1,7205,Bhiwani__Kairu.pdf
Bhiwani,Loharu,1,Ahmedwas,Other than Woman,NONE,0,Vikas Kumar,Sh. Meer Singh,0,0,Other than Women,latin,,7187,Bhiwani__Loharu.pdf
Bhiwani,Loharu,2,Alloudinpur,Woman,NONE,1,Savita,Sh. Pawan,0,0,Women,latin,,7187,Bhiwani__Loharu.pdf
Bhiwani,Loharu,3,Amirwas,Other than Woman,NONE,0,Rajbeer,Sh. Bharat,0,0,Sarpanch Other than Women,latin,,7187,Bhiwani__Loharu.pdf
Bhiwani,Loharu,4,Baralu,Woman,NONE,1,Kushum,Sh. Mahesh,0,0,Sarpanch Women,latin,,7187,Bhiwani__Loharu.pdf
Bhiwani,Loharu,5,Bardu Chaina,SC Other than Woman,SC,0,Rohtash,Sh. Hardwari,0,0,Sarpanch Scheduled Caste other than Women,latin,,7187,Bhiwani__Loharu.pdf
Bhiwani,Loharu,6,Bardu Dhirja,Other than Woman,NONE,0,Hardayal,Sh. Partap,1,0,Sarpanch Other than Women,latin,,7187,Bhiwani__Loharu.pdf
Bhiwani,Loharu,7,Bardu Jogi,BC-A Woman,BC_A,1,Rajbala,Sh. Suresh,0,0,Sarpanch Bakward Class 'A' Women,latin,,7187,Bhiwani__Loharu.pdf
Bhiwani,Loharu,8,Bardu Mugal,Other than Woman,NONE,0,Rohtash,Sh. Bakhtwar,0,0,Sarpanch Other than Women,latin,,7187,Bhiwani__Loharu.pdf
Bhiwani,Loharu,9,Barwas,Woman,NONE,1,Sharmila,Sh. Mahabir,0,0,Women,latin,,7187,Bhiwani__Loharu.pdf
Bhiwani,Loharu,10,Basirwas,Other than Woman,NONE,0,Vinod Kumar,Sh.,0,0,Other than Women,latin,,7187,Bhiwani__Loharu.pdf
Bhiwani,Loharu,11,Bass Kural,Woman,NONE,1,Usha,Sh. Anup,0,0,Women,latin,,7187,Bhiwani__Loharu.pdf
Bhiwani,Loharu,12,Bisalwas,Other than Woman,NONE,0,Ritu Raaj,Sh. Jaiveer,0,0,Other than Women,latin,,7187,Bhiwani__Loharu.pdf
Bhiwani,Loharu,13,Bithan,BC-A Woman,BC_A,1,Sonu Devi,Sh. Surat,0,0,Sarpanch Bakward Class 'A' Women,latin,,7187,Bhiwani__Loharu.pdf
Bhiwani,Loharu,14,Budhera,Other than Woman,NONE,0,Jile Singh,Sh. Maman,0,0,Sarpanch Other than Women,latin,,7187,Bhiwani__Loharu.pdf
Bhiwani,Loharu,15,Damkora,Woman,NONE,1,Babli,Sh. Yogesh,0,0,Women,latin,,7187,Bhiwani__Loharu.pdf
Bhiwani,Loharu,16,Dhana Jogi,SC Woman,SC,1,Geeta,Sh. Pardeep,0,0,Sarpanch Scheduled Caste Women,latin,,7187,Bhiwani__Loharu.pdf
Bhiwani,Loharu,17,Dhani Dhola,Other than Woman,NONE,0,Manjeet,Sh. Mahender,0,0,Other than Women,latin,,7187,Bhiwani__Loharu.pdf
Bhiwani,Loharu,18,Dhani Laxman,SC Other than Woman,SC,0,Jai Singh,Sh. Umed,0,0,Sarpanch Scheduled Caste other than Women,latin,,7187,Bhiwani__Loharu.pdf
Bhiwani,Loharu,19,Dhani Mansukh,Woman,NONE,1,Aarti,Sh. Pradeep,0,0,Sarpanch Women,latin,,7187,Bhiwani__Loharu.pdf
Bhiwani,Loharu,20,Dhani Rahimpur,Other than Woman,NONE,0,Rakesh,Sh. Maturam,0,0,Sarpanch Other than Women,latin,,7187,Bhiwani__Loharu.pdf
Bhiwani,Loharu,21,Dhani Shyama,SC Woman,SC,1,Manju,Sh. Anil Kumar,1,0,Sarpanch Scheduled Caste Women,latin,,7187,Bhiwani__Loharu.pdf
Bhiwani,Loharu,22,Dhani Toda,Woman,NONE,1,Sumitra,Sh. Ramesh,0,0,Women,latin,,7187,Bhiwani__Loharu.pdf
Bhiwani,Loharu,23,Dhigawa Jattan,Other than Woman,NONE,0,Dharmbir,Sh. Godhu,0,0,Sarpanch Other than Women,latin,,7187,Bhiwani__Loharu.pdf
Bhiwani,Loharu,24,Dhigawa Shamiyan,Woman,NONE,1,Sumitra,Sh. Ajit Singh,0,0,Sarpanch Women,latin,,7187,Bhiwani__Loharu.pdf
Bhiwani,Loharu,25,Fartiya Bhima,Other than Woman,NONE,0,Ravinder,Sh. Ramniwas,0,0,Other than Women,latin,,7187,Bhiwani__Loharu.pdf
Bhiwani,Loharu,26,Fartiya Tal,SC Other than Woman,SC,0,Naveen,Sh. Surender,0,0,Sarpanch Scheduled Caste other than Women,latin,,7187,Bhiwani__Loharu.pdf
Bhiwani,Loharu,27,Fartiya Kehar,Woman,NONE,1,Supriya,Sh. Tejpal,0,0,Women,latin,,7187,Bhiwani__Loharu.pdf
Bhiwani,Loharu,28,Gagarwas,Other than Woman,NONE,0,Aman Kumar,Sh.,0,0,Sarpanch Other than Women,latin,,7187,Bhiwani__Loharu.pdf
Bhiwani,Loharu,29,Gignow,Woman,NONE,1,Suman,Sh. Surender,0,0,Women,latin,,7187,Bhiwani__Loharu.pdf
Bhiwani,Loharu,30,Gothra,Other than Woman,NONE,0,Balwant,Sh. zile Singh,0,0,Sarpanch Other than Women,latin,,7187,Bhiwani__Loharu.pdf
Bhiwani,Loharu,31,Jhanjhra Hasanpur,Woman,NONE,1,Suman,Sh. Ravinder,0,0,Sarpanch Women,latin,,7187,Bhiwani__Loharu.pdf
Bhiwani,Loharu,32,Jhanjhra Sheoran,BC-A Other than Woman,BC_A,0,Shish Pal,Sh. Shankar Lal,0,0,Bakward Class 'A' Other than Women,latin,,7187,Bhiwani__Loharu.pdf
Bhiwani,Loharu,33,Jhumpa Kalan,Woman,NONE,1,Manju,Sh. Pardeep,0,0,Women,latin,,7187,Bhiwani__Loharu.pdf
Bhiwani,Loharu,34,Jhumpa Khurd,Other than Woman,NONE,0,Sanjay,Sh. Jailal,0,0,Other than Women,latin,,7187,Bhiwani__Loharu.pdf
Bhiwani,Loharu,35,Kharkari,Woman,NONE,1,Tinku Kumari,Sh. Bijender,0,0,Women,latin,,7187,Bhiwani__Loharu.pdf
Bhiwani,Loharu,36,Kural,SC Woman,SC,1,Sunita Devi,Sh.Surender,0,0,Scheduled Caste Women,latin,,7187,Bhiwani__Loharu.pdf
Bhiwani,Loharu,37,Kushalpura,SC Other than Woman,SC,0,Pardeep,Sh. Mahender,1,0,Scheduled Caste other than Women,latin,,7187,Bhiwani__Loharu.pdf
Bhiwani,Loharu,38,Mohammad Nagar,Other than Woman,NONE,0,Rajbir,Sh. Ramkumar,0,0,Other than Women,latin,,7187,Bhiwani__Loharu.pdf
Bhiwani,Loharu,39,Nakipur,SC Woman,SC,1,Nikki Bala,Sh. Ram,0,0,Sarpanch Scheduled Caste Women,latin,,7187,Bhiwani__Loharu.pdf
Bhiwani,Loharu,40,Pahari,Woman,NONE,1,Koshalya,Sh. Ramesh,0,0,Women,latin,,7187,Bhiwani__Loharu.pdf
Bhiwani,Loharu,41,Samsawas,BC-A Other than Woman,BC_A,0,Umed Singh,Sh. Jagdish Chander,0,0,Sarpanch Bakward Class 'A' Other than Women,latin,,7187,Bhiwani__Loharu.pdf
Bhiwani,Loharu,42,Sehar,Woman,NONE,1,Sunita,Sh. Sandeep,0,0,Women,latin,,7187,Bhiwani__Loharu.pdf
Bhiwani,Loharu,43,Singhani,Other than Woman,NONE,0,Sanjeet,Sh. Vijay,0,0,Sarpanch Other than Women,latin,,7187,Bhiwani__Loharu.pdf
Bhiwani,Loharu,44,Sohansra,SC Other than Woman,SC,0,Rajkumar,Sh. Rohtash,0,0,Scheduled Caste other than Women,latin,,7187,Bhiwani__Loharu.pdf
Bhiwani,Loharu,45,Sukhdev Singh Ka Bass,Woman,NONE,1,Poonam,Sh. Bhupender Singh,0,0,Women,latin,,7187,Bhiwani__Loharu.pdf
Bhiwani,Siwani,1,Bakhtawarpura,Other than Woman,NONE,0,Satbir Singh,Mam Chand,1,0,Other than Women,latin,1,7178,Bhiwani__Siwani.pdf
Bhiwani,Siwani,2,Barwa,Woman,NONE,1,Pushpa Kumari,Dholu Ram,0,0,Women,latin,1,7178,Bhiwani__Siwani.pdf
Bhiwani,Siwani,3,Bidhwan,Other than Woman,NONE,0,Phool Kumar,Maan Singh,0,0,Other than Women,latin,1,7178,Bhiwani__Siwani.pdf
Bhiwani,Siwani,4,Budhshaili,Woman,NONE,1,Sushila,Attar Singh,0,0,Women,latin,1,7178,Bhiwani__Siwani.pdf
Bhiwani,Siwani,5,Devsar,Other than Woman,NONE,0,Sandeep,Dharambir,0,0,Other than Women,latin,1,7178,Bhiwani__Siwani.pdf
Bhiwani,Siwani,6,Dhani Balhara,Woman,NONE,1,Sudesh,Naveen Kumar,1,0,Women,latin,1,7178,Bhiwani__Siwani.pdf
Bhiwani,Siwani,7,Dhani Bhakra,SC Other than Woman,SC,0,Ramniwas,Umed Singh,0,0,Scheduled Caste other than Woman,latin,1,7178,Bhiwani__Siwani.pdf
Bhiwani,Siwani,8,Dhani Dhirja,Other than Woman,NONE,0,Jai Singh,Deep Chand,0,0,Other than Women,latin,1,7178,Bhiwani__Siwani.pdf
Bhiwani,Siwani,9,Dhani Mithi,Woman,NONE,1,Mukesh,Pawan Kumar,0,0,Women,latin,1,7178,Bhiwani__Siwani.pdf
Bhiwani,Siwani,10,Dhani Ramjus,SC Woman,SC,1,Usha,Surender Singh,0,0,Scheduled Caste Women,latin,1,7178,Bhiwani__Siwani.pdf
Bhiwani,Siwani,11,Dhani silawali,Other than Woman,NONE,0,Chananmal,Subhram,0,0,Other than Women,latin,1,7178,Bhiwani__Siwani.pdf
Bhiwani,Siwani,12,Dhulkot,Woman,NONE,1,Nirmala,Sandeep,0,0,Women,latin,1,7178,Bhiwani__Siwani.pdf
Bhiwani,Siwani,13,Ghadwa Kharkhari,Other than Woman,NONE,0,Rohtash Kumar,Maidhan,0,0,Other than Women,latin,1,7178,Bhiwani__Siwani.pdf
Bhiwani,Siwani,14,Gaindawas,SC Other than Woman,SC,0,Sombir,Dhupsingh,0,0,Scheduled Caste other than Woman,latin,1,7178,Bhiwani__Siwani.pdf
Bhiwani,Siwani,15,Garwa,Woman,NONE,1,Sushila,Sataywan,0,0,Women,latin,1,7178,Bhiwani__Siwani.pdf
Bhiwani,Siwani,16,Ghanghala,Other than Woman,NONE,0,Rakesh,Chananmal,0,0,Other than Women,latin,1,7178,Bhiwani__Siwani.pdf
Bhiwani,Siwani,17,Gudha,BC-A Woman,BC_A,1,Sunita,Manoj Kumar,0,0,Backward Class 'A' Women,latin,1,7178,Bhiwani__Siwani.pdf
Bhiwani,Siwani,18,Gurera,Other than Woman,NONE,0,Kurdaram,Dhurga Parshad,0,0,Other than Women,latin,1,7178,Bhiwani__Siwani.pdf
Bhiwani,Siwani,19,Jhumpa Kalan,SC Woman,SC,1,Suman Kumari,Vimal Kumar,0,0,Scheduled Caste Women,latin,1,7178,Bhiwani__Siwani.pdf
Bhiwani,Siwani,20,Jhumpa Khurd,Woman,NONE,1,Swati,Shamsher,0,0,Women,latin,1,7178,Bhiwani__Siwani.pdf
Bhiwani,Siwani,21,Kalali,Other than Woman,NONE,0,Satbir Singh,Ramji Lal,0,0,Other than Women,latin,1,7178,Bhiwani__Siwani.pdf
Bhiwani,Siwani,22,Kalod,Woman,NONE,1,Sunita Kumari,Charan Singh,0,0,Women,latin,1,7178,Bhiwani__Siwani.pdf
Bhiwani,Siwani,23,Khera,Other than Woman,NONE,0,Vijender Singh,Richhpal,0,0,Other than Women,latin,1,7178,Bhiwani__Siwani.pdf
Bhiwani,Siwani,24,Kikral,Woman,NONE,1,Santosh,Nihal Singh,0,0,Women,latin,1,7178,Bhiwani__Siwani.pdf
Bhiwani,Siwani,25,Lilus,Other than Woman,NONE,0,Dharam Singh,Prahlad Singh,0,0,Other than Women,latin,1,7178,Bhiwani__Siwani.pdf
Bhiwani,Siwani,26,Mandholi Khurd,SC Other than Woman,SC,0,Vikas,Pawan Kumar,0,0,Scheduled Caste other than Woman,latin,1,7178,Bhiwani__Siwani.pdf
Bhiwani,Siwani,27,Matani,Woman,NONE,1,Manju,Sanjay,0,0,Women,latin,1,7178,Bhiwani__Siwani.pdf
Bhiwani,Siwani,28,Mithi,SC Woman,SC,1,Rekha,Sonu Kumar,0,0,Scheduled Caste Women,latin,1,7178,Bhiwani__Siwani.pdf
Bhiwani,Siwani,29,Mohila,BC-A Other than Woman,BC_A,0,Satyabir singh,Sheochand,0,0,Backward Class 'A' Other than Women,latin,1,7178,Bhiwani__Siwani.pdf
Bhiwani,Siwani,30,Morka,SC Other than Woman,SC,0,Anup Singh,Dharam Singh,0,0,Scheduled Caste other than Woman,latin,1,7178,Bhiwani__Siwani.pdf
Bhiwani,Siwani,31,Motipura,Woman,NONE,1,Poonam,Rakesh Bindal,1,0,Women,latin,1,7178,Bhiwani__Siwani.pdf
Bhiwani,Siwani,32,Naloi,Other than Woman,NONE,0,Ramesh Kumar,Bhag Singh,0,0,Other than Women,latin,1,7178,Bhiwani__Siwani.pdf
Bhiwani,Siwani,33,Rupana,BC-A Woman,BC_A,1,Monika,Ramphal,0,0,Backward Class 'A' Women,latin,1,7178,Bhiwani__Siwani.pdf
Bhiwani,Siwani,34,Sainiwas,Other than Woman,NONE,0,Ramesh Kumar,Sube Singh,0,0,Other than Women,latin,1,7178,Bhiwani__Siwani.pdf
Bhiwani,Siwani,35,Sherpura,Woman,NONE,1,Sumitra,Pardeep Kumar,0,0,Women,latin,1,7178,Bhiwani__Siwani.pdf
Bhiwani,Siwani,36,Siwach,SC Woman,SC,1,Aarti Devi,Pankaj,0,0,Scheduled Caste Women,latin,1,7178,Bhiwani__Siwani.pdf
Bhiwani,Siwani,37,Talwani,Other than Woman,NONE,0,Vijay Kumar,Ram Kumar,0,0,Other than Women,latin,1,7178,Bhiwani__Siwani.pdf
Bhiwani,Tosham,1,Alakhpura,SC Other than Woman,SC,0,Abhey Singh,Balbir Singh,0,0,Scheduled Caste other than Women,latin,1,7169,Bhiwani__Tosham.pdf
Bhiwani,Tosham,2,Alampur,Other than Woman,NONE,0,Rajender Kumar,Om parkash,0,0,Other than Women,latin,0,7169,Bhiwani__Tosham.pdf
Bhiwani,Tosham,3,Badalwala,Woman,NONE,1,Raksha Kumari,Anil Kumar,1,0,Women,latin,1,7169,Bhiwani__Tosham.pdf
Bhiwani,Tosham,4,Baganwala,Other than Woman,NONE,0,Virender,Dalip Singh,0,0,Other than Women,latin,0,7169,Bhiwani__Tosham.pdf
Bhiwani,Tosham,5,Bajina,SC Woman,SC,1,Sunderi,Chhote lal,0,0,Scheduled Caste Women,latin,1,7169,Bhiwani__Tosham.pdf
Bhiwani,Tosham,6,Bhariwas,SC Other than Woman,SC,0,Ravinder,Surat Singh,0,0,Scheduled Caste other than Women,latin,1,7169,Bhiwani__Tosham.pdf
Bhiwani,Tosham,7,Bhera,Woman,NONE,1,Suman,Rupesh,0,0,Women,latin,1,7169,Bhiwani__Tosham.pdf
Bhiwani,Tosham,8,Bidola,SC Woman,SC,1,Parvati Devi,Rajbir Singh,0,0,Scheduled Caste Women,latin,1,7169,Bhiwani__Tosham.pdf
Bhiwani,Tosham,9,Bushan,Other than Woman,NONE,0,Mehar Chand,Bhart Singh,1,0,Other than Women,latin,0,7169,Bhiwani__Tosham.pdf
Bhiwani,Tosham,10,Chanana,Woman,NONE,1,Neelam Rani,Roshan lal,0,0,Women,latin,1,7169,Bhiwani__Tosham.pdf
Bhiwani,Tosham,11,Chhapar Jogiyan,Other than Woman,NONE,0,Pawan Kumar,Satyanarayan,0,0,Other than Women,latin,0,7169,Bhiwani__Tosham.pdf
Bhiwani,Tosham,12,Chhapar Rangran,Woman,NONE,1,Geeta Devi,Gajender Singh,1,0,Women,latin,1,7169,Bhiwani__Tosham.pdf
Bhiwani,Tosham,13,Dadam,Other than Woman,NONE,0,Bijender,Amar Singh,0,0,Other than Women,latin,0,7169,Bhiwani__Tosham.pdf
Bhiwani,Tosham,14,Dang Kalan,Woman,NONE,1,Sunita Rani,Kuldeep,0,0,Women,latin,1,7169,Bhiwani__Tosham.pdf
Bhiwani,Tosham,15,Dang Khurd,Other than Woman,NONE,0,Rajender,Hari Singh,0,0,Other than Women,latin,0,7169,Bhiwani__Tosham.pdf
Bhiwani,Tosham,16,Dariyapur,Woman,NONE,1,Mukesh Kumari,Sandeep Kumar,0,0,Women,latin,1,7169,Bhiwani__Tosham.pdf
Bhiwani,Tosham,17,Devawas,Other than Woman,NONE,0,Sultan Singh,Jai Chand,0,0,Other than Women,latin,0,7169,Bhiwani__Tosham.pdf
Bhiwani,Tosham,18,Dhani Biran,Woman,NONE,1,Kavita,Rajbir,0,0,Women,latin,1,7169,Bhiwani__Tosham.pdf
Bhiwani,Tosham,19,Dhani Dariyapur,Other than Woman,NONE,0,Satbir Singh,Dhanpat,0,0,Other than Women,latin,0,7169,Bhiwani__Tosham.pdf
Bhiwani,Tosham,20,Dhani Katwar,Woman,NONE,1,Asha,Mandeep,0,0,Women,latin,1,7169,Bhiwani__Tosham.pdf
Bhiwani,Tosham,21,Dhani Mahu,Other than Woman,NONE,0,Ranvir Singh,Ram Kishan,0,0,Other than Women,latin,0,7169,Bhiwani__Tosham.pdf
Bhiwani,Tosham,22,Dhani Miran,Woman,NONE,1,Parmila,Ashok Kumar,0,0,Women,latin,1,7169,Bhiwani__Tosham.pdf
Bhiwani,Tosham,23,Dhani Riwasa,Other than Woman,NONE,0,Omparkash,Mohar Singh,0,0,Other than Women,latin,0,7169,Bhiwani__Tosham.pdf
Bhiwani,Tosham,24,Dhani Saral,Woman,NONE,1,Poonam,Sanjay,0,0,Women,latin,1,7169,Bhiwani__Tosham.pdf
Bhiwani,Tosham,25,Dharan,Other than Woman,NONE,0,Jaibhagwan,Balwan Singh,0,0,Other than Women,latin,0,7169,Bhiwani__Tosham.pdf
Bhiwani,Tosham,26,Dulheri,SC Other than Woman,SC,0,Rameshwer,Nihal Singh,0,0,Scheduled Caste other than Women,latin,1,7169,Bhiwani__Tosham.pdf
Bhiwani,Tosham,27,Garanpura Kalan,Woman,NONE,1,Rekha Kumari,Manoj Kumar,0,0,Women,latin,1,7169,Bhiwani__Tosham.pdf
Bhiwani,Tosham,28,Garanpura Khurd,Other than Woman,NONE,0,Umed Singh,Amar Singh,0,0,Other than Women,latin,0,7169,Bhiwani__Tosham.pdf
Bhiwani,Tosham,29,Hassan,Woman,NONE,1,Vinod Kumari,Jai Bhagwan,0,0,Women,latin,1,7169,Bhiwani__Tosham.pdf
Bhiwani,Tosham,30,Isharwal,Other than Woman,NONE,0,Umed Singh,Chandgi Ram,0,0,Other than Women,latin,0,7169,Bhiwani__Tosham.pdf
Bhiwani,Tosham,31,Jainawas,Woman,NONE,1,Ritu Kumari,Ramesh,0,0,Women,latin,1,7169,Bhiwani__Tosham.pdf
Bhiwani,Tosham,32,Jhanwari,SC Woman,SC,1,Ashu Kumari,Rajpal,0,0,Scheduled Caste Women,latin,1,7169,Bhiwani__Tosham.pdf
Bhiwani,Tosham,33,Jhully,Other than Woman,NONE,0,Ravinder,Fateh Singh,0,0,Other than Women,latin,0,7169,Bhiwani__Tosham.pdf
Bhiwani,Tosham,34,Katwar,SC Other than Woman,SC,0,Mukesh Kumar,Umed Singh,1,0,Scheduled Caste other than Women,latin,1,7169,Bhiwani__Tosham.pdf
Bhiwani,Tosham,35,Khanak,Woman,NONE,1,Sunita,Sanjay Kumar,0,0,Women,latin,1,7169,Bhiwani__Tosham.pdf
Bhiwani,Tosham,36,Kharkhari Makhwan,Other than Woman,NONE,0,Rajesh Kumar,Fateh Singh,0,0,Other than Women,latin,0,7169,Bhiwani__Tosham.pdf
Bhiwani,Tosham,37,Kharkhari Sohan,SC Woman,SC,1,Asha Kumari,Rohtash Kumar,0,0,Scheduled Caste Women,latin,1,7169,Bhiwani__Tosham.pdf
Bhiwani,Tosham,38,Khawa,Woman,NONE,1,Rajwanti,Om Parkash,0,0,Women,latin,1,7169,Bhiwani__Tosham.pdf
Bhiwani,Tosham,39,Laxmanpura,Other than Woman,NONE,0,Devender,Om Parkash,0,0,Other than Women,latin,0,7169,Bhiwani__Tosham.pdf
Bhiwani,Tosham,40,Mandhan,SC Other than Woman,SC,0,Pardeep,Prem Singh,0,0,Scheduled Caste other than Women,latin,1,7169,Bhiwani__Tosham.pdf
Bhiwani,Tosham,41,Miran,Woman,NONE,1,Suman,Amit Kumar,0,0,Women,latin,1,7169,Bhiwani__Tosham.pdf
Bhiwani,Tosham,42,Nigana Kalan,Other than Woman,NONE,0,Rajvir,Madan Lal,0,0,Other than Women,latin,0,7169,Bhiwani__Tosham.pdf
Bhiwani,Tosham,43,Nigana Khurd,Woman,NONE,1,Sanop Devi,Satish Kumar,0,0,Women,latin,1,7169,Bhiwani__Tosham.pdf
Bhiwani,Tosham,44,Patodi Kalan,BC-A Other than Woman,BC_A,0,Rajender Singh,Sher Singh,0,0,Backward Class 'A' Other than Women,latin,1,7169,Bhiwani__Tosham.pdf
Bhiwani,Tosham,45,Patodi Khurd,SC Woman,SC,1,Kamlesh,Sintu,0,0,Scheduled Caste Women,latin,1,7169,Bhiwani__Tosham.pdf
Bhiwani,Tosham,46,Pinjokhera,Woman,NONE,1,Manju,Pawan,0,0,Women,latin,1,7169,Bhiwani__Tosham.pdf
Bhiwani,Tosham,47,Riwasa,BC-A Other than Woman,BC_A,0,Virender Kumar,Jai Naryan,0,0,Backward Class 'A' Other than Women,latin,1,7169,Bhiwani__Tosham.pdf
Bhiwani,Tosham,48,Rodha,SC Other than Woman,SC,0,Rampal,Satya Narayan,0,0,Scheduled Caste other than Women,latin,1,7169,Bhiwani__Tosham.pdf
Bhiwani,Tosham,49,Sagwan,SC Woman,SC,1,Vidya Devi,Baljeet,0,0,Scheduled Caste Women,latin,1,7169,Bhiwani__Tosham.pdf
Bhiwani,Tosham,50,Sahlewala,Woman,NONE,1,Manju Bala,Rakesh Kumar,0,0,Women,latin,1,7169,Bhiwani__Tosham.pdf
Bhiwani,Tosham,51,Sandwa,BC-A Other than Woman,BC_A,0,Krishan Kumar,Mahabir Singh,0,0,Backward Class 'A' Other than Women,latin,1,7169,Bhiwani__Tosham.pdf
Bhiwani,Tosham,52,Saral,Woman,NONE,1,Anita,Rajesh,0,0,Women,latin,1,7169,Bhiwani__Tosham.pdf
Bhiwani,Tosham,53,Sidhan,Other than Woman,NONE,0,Ajit Kumar,Munshi Ram,0,0,Other than Women,latin,0,7169,Bhiwani__Tosham.pdf
Bhiwani,Tosham,54,Thilod,BC-A Woman,BC_A,1,Pooja Kumari,Pradeep,0,0,Backward Class 'A' Women,latin,1,7169,Bhiwani__Tosham.pdf
Bhiwani,Tosham,55,Tosham,SC Other than Woman,SC,0,Rajesh Kumar,Dalip Ram,0,0,Scheduled Caste other than Women,latin,1,7169,Bhiwani__Tosham.pdf
Charkhi Dadri,Badhra,1,Arya Nagar,Other than Woman,NONE,0,Sandeep Kumar,Om Parkash,0,0,Other than women,latin,1,6952,Charkhi-Dadri__Badhra.pdf
Charkhi Dadri,Badhra,2,Berla,BC-A Woman,BC_A,1,Jyoti,Naveen Kumar,0,0,Backward Class 'A' Women,latin,1,6952,Charkhi-Dadri__Badhra.pdf
Charkhi Dadri,Badhra,3,Bhandwa,BC-A Other than Woman,BC_A,0,Krishan Kumar,Deba Ram,0,0,Backward Class 'A' other than Women,latin,1,6952,Charkhi-Dadri__Badhra.pdf
Charkhi Dadri,Badhra,4,Bilawal,Woman,NONE,1,Sudesh Rani,Anil,0,0,Women,latin,1,6952,Charkhi-Dadri__Badhra.pdf
Charkhi Dadri,Badhra,5,Chandwas,Other than Woman,NONE,0,Pradeep Kumar,Dharamvir Singh,0,0,Other than women,latin,1,6952,Charkhi-Dadri__Badhra.pdf
Charkhi Dadri,Badhra,6,Dalawas,Woman,NONE,1,Babita,Satish Kumar,0,0,Women,latin,1,6952,Charkhi-Dadri__Badhra.pdf
Charkhi Dadri,Badhra,7,Dandma,Other than Woman,NONE,0,Anand Kumar,Ratan Singh,0,0,Other than women,latin,1,6952,Charkhi-Dadri__Badhra.pdf
Charkhi Dadri,Badhra,8,Dhanasari,Woman,NONE,1,Urmila,Sombir,0,0,Women,latin,1,6952,Charkhi-Dadri__Badhra.pdf
Charkhi Dadri,Badhra,9,Dohka Dina,Other than Woman,NONE,0,Kuldeep,Karan Singh,0,0,Other than women,latin,1,6952,Charkhi-Dadri__Badhra.pdf
Charkhi Dadri,Badhra,10,Dohka Hariya,BC-A Woman,BC_A,1,Monika Yogi,Aman,0,0,Backward Class 'A' Women,latin,1,6952,Charkhi-Dadri__Badhra.pdf
Charkhi Dadri,Badhra,11,Dohka Moji,Other than Woman,NONE,0,Bajrang Sharma,Panna Lal,0,0,Other than women,latin,1,6952,Charkhi-Dadri__Badhra.pdf
Charkhi Dadri,Badhra,12,Dudiwala Kishanpura,Woman,NONE,1,Roopa Devi,Mukesh Sharma,0,0,Women,latin,1,6952,Charkhi-Dadri__Badhra.pdf
Charkhi Dadri,Badhra,13,Dudiwala Nandkaran,Other than Woman,NONE,0,Ajit,Santlal,0,0,Other than women,latin,1,6952,Charkhi-Dadri__Badhra.pdf
Charkhi Dadri,Badhra,14,Dwarka,Woman,NONE,1,Parmila,Amir Singh,0,0,Women,latin,1,6952,Charkhi-Dadri__Badhra.pdf
Charkhi Dadri,Badhra,15,Gopi,Other than Woman,NONE,0,Kulvir Singh,Karmvir Singh,0,0,Other than women,latin,1,6952,Charkhi-Dadri__Badhra.pdf
Charkhi Dadri,Badhra,16,Govindpura,Woman,NONE,1,Punam,Bijender,0,0,Women,latin,1,6952,Charkhi-Dadri__Badhra.pdf
Charkhi Dadri,Badhra,17,Hansawas Kalan,Other than Woman,NONE,0,Ravinder Singh,Attar Singh,0,0,Other than women,latin,1,6952,Charkhi-Dadri__Badhra.pdf
Charkhi Dadri,Badhra,18,Hui,SC Other than Woman,SC,0,Kuldeep Singh,Nihal Singh,0,0,Scheduled Caste other than Women,latin,1,6952,Charkhi-Dadri__Badhra.pdf
Charkhi Dadri,Badhra,19,Jagram Bas,Woman,NONE,1,Radha Devi,Devender Kumar,0,0,Women,latin,1,6952,Charkhi-Dadri__Badhra.pdf
Charkhi Dadri,Badhra,20,Jewali,Other than Woman,NONE,0,Somesh Kumar,Bagrawat Singh,0,0,Other than women,latin,1,6952,Charkhi-Dadri__Badhra.pdf
Charkhi Dadri,Badhra,21,Jitpura,SC Woman,SC,1,Meena,Mahipal,0,0,Scheduled Caste Women,latin,1,6952,Charkhi-Dadri__Badhra.pdf
Charkhi Dadri,Badhra,22,Kakroli Hatti,SC Other than Woman,SC,0,Indraj Singh,Mangla Ram,0,0,Scheduled Caste other than Women,latin,1,6952,Charkhi-Dadri__Badhra.pdf
Charkhi Dadri,Badhra,23,Kakroli Hukmi,SC Woman,SC,1,Kamlesh Kumari,Ramesh Kumar,0,0,Scheduled Caste Women,latin,1,6952,Charkhi-Dadri__Badhra.pdf
Charkhi Dadri,Badhra,24,Kakroli Sardara,BC-A Woman,BC_A,1,Renu Bala,Pankaj Kumar,0,0,Backward Class 'A' Women,latin,1,6952,Charkhi-Dadri__Badhra.pdf
Charkhi Dadri,Badhra,25,Kanhra,Other than Woman,NONE,0,Leela Ram,Umed Singh,0,0,Other than women,latin,1,6952,Charkhi-Dadri__Badhra.pdf
Charkhi Dadri,Badhra,26,Kari Adu,Woman,NONE,1,Jyoti Sharma,Rajender Kumar,0,0,Women,latin,1,6952,Charkhi-Dadri__Badhra.pdf
Charkhi Dadri,Badhra,27,Kari das,SC Other than Woman,SC,0,Karambeer,Satayabeer,0,0,Scheduled Caste other than Women,latin,1,6952,Charkhi-Dadri__Badhra.pdf
Charkhi Dadri,Badhra,28,Kari Dharni,SC Woman,SC,1,Kavita Kumari,Vikram,0,0,Scheduled Caste Women,latin,1,6952,Charkhi-Dadri__Badhra.pdf
Charkhi Dadri,Badhra,29,Kari Mod,Other than Woman,NONE,0,Naresh Kumar,Sher Singh,0,0,Other than women,latin,1,6952,Charkhi-Dadri__Badhra.pdf
Charkhi Dadri,Badhra,30,Kari Rupa Das,Woman,NONE,1,Sheela Devi,Baljeet,0,0,Women,latin,1,6952,Charkhi-Dadri__Badhra.pdf
Charkhi Dadri,Badhra,31,Kari Tokha,Other than Woman,NONE,0,Amit Kumar,Satbir,0,0,Other than women,latin,1,6952,Charkhi-Dadri__Badhra.pdf
Charkhi Dadri,Badhra,32,Khorda,SC Other than Woman,SC,0,Ramphal,Ramsawroop,0,0,Scheduled Caste other than Women,latin,1,6952,Charkhi-Dadri__Badhra.pdf
Charkhi Dadri,Badhra,33,Kishkandha,Woman,NONE,1,Sunil Kumari,Ravinder Singh,0,0,Women,latin,1,6952,Charkhi-Dadri__Badhra.pdf
Charkhi Dadri,Badhra,34,Lad,Other than Woman,NONE,0,Praduman Kumar,Mahadev Prashad,1,0,Other than women,latin,1,6952,Charkhi-Dadri__Badhra.pdf
Charkhi Dadri,Badhra,35,Ladawas,Woman,NONE,1,Monika,Rajesh Kumar,0,0,Women,latin,1,6952,Charkhi-Dadri__Badhra.pdf
Charkhi Dadri,Badhra,36,Mandhi Hariya,SC Woman,SC,1,Poonam Rani,Manoj,0,0,Scheduled Caste Women,latin,1,6952,Charkhi-Dadri__Badhra.pdf
Charkhi Dadri,Badhra,37,Mandhi Kehar,Other than Woman,NONE,0,Ashok Kumar,Balkari,0,0,Other than women,latin,1,6952,Charkhi-Dadri__Badhra.pdf
Charkhi Dadri,Badhra,38,Mandhi Piranu,Woman,NONE,1,Anita,Jitender,0,0,Women,latin,1,6952,Charkhi-Dadri__Badhra.pdf
Charkhi Dadri,Badhra,39,Nandha,Other than Woman,NONE,0,Anil Kumar,Kirpal Singh,0,0,Other than women,latin,1,6952,Charkhi-Dadri__Badhra.pdf
Charkhi Dadri,Badhra,40,Nimar Badesara,Woman,NONE,1,Kamlesh Kumari,Bijender Singh,0,0,Women,latin,1,6952,Charkhi-Dadri__Badhra.pdf
Charkhi Dadri,Badhra,41,Panchgaon,Other than Woman,NONE,0,Shamsher Singh,Mahipal,0,0,Other than women,latin,1,6952,Charkhi-Dadri__Badhra.pdf
Charkhi Dadri,Badhra,42,Rahroda Kalan,Woman,NONE,1,Munni,Jagveer,0,0,Women,latin,1,6952,Charkhi-Dadri__Badhra.pdf
Charkhi Dadri,Badhra,43,Rahrodi,Other than Woman,NONE,0,Sunil,Satbir,0,0,Other than women,latin,1,6952,Charkhi-Dadri__Badhra.pdf
Charkhi Dadri,Badhra,44,Rampura,Woman,NONE,1,Samiksha,Purushotam,0,0,Women,latin,1,6952,Charkhi-Dadri__Badhra.pdf
Charkhi Dadri,Badhra,45,Shyam Kalan,Other than Woman,NONE,0,Ramesh Kumar,Balwant Singh,0,0,Other than women,latin,1,6952,Charkhi-Dadri__Badhra.pdf
Charkhi Dadri,Badhra,46,Sirsali,Woman,NONE,1,Anita,Ghan Vir,0,0,Women,latin,1,6952,Charkhi-Dadri__Badhra.pdf
Charkhi Dadri,Badhra,47,Surajgarh,SC Other than Woman,SC,0,Manohar Singh,Juglal,1,0,Scheduled Caste other than Women,latin,1,6952,Charkhi-Dadri__Badhra.pdf
Charkhi Dadri,Badhra,48,Umarwas,Other than Woman,NONE,0,Ramchander,Hari Singh,0,0,Other than women,latin,1,6952,Charkhi-Dadri__Badhra.pdf
Charkhi Dadri,Baund,1,Achina,Other than Woman,NONE,0,Surender,Kartar Singh,0,0,Other than Women,latin,,6979,Charkhi-Dadri__Baund.pdf
Charkhi Dadri,Baund,2,Bass,Woman,NONE,1,Poonam,Vinod,0,0,Women,latin,1,6979,Charkhi-Dadri__Baund.pdf
Charkhi Dadri,Baund,3,Baund Kalan,BC-A Other than Woman,BC_A,0,Attar Singh,Dariya Singh,0,0,Backward Class 'A' other than Women,latin,1,6979,Charkhi-Dadri__Baund.pdf
Charkhi Dadri,Baund,4,Baund Khurd,Woman,NONE,1,Kshama Rani,Ajit Singh,0,0,Women,latin,1,6979,Charkhi-Dadri__Baund.pdf
Charkhi Dadri,Baund,5,Bhageshwari,Other than Woman,NONE,0,Anil Kumar,Jaivir,0,0,Other than Women,latin,1,6979,Charkhi-Dadri__Baund.pdf
Charkhi Dadri,Baund,6,Hindol,Woman,NONE,1,Suman Lata Sharma,Sudhir Sharma,0,0,Women,latin,1,6979,Charkhi-Dadri__Baund.pdf
Charkhi Dadri,Baund,7,Jaishri,Other than Woman,NONE,0,Jitender Kumar,Abhe Singh,0,0,Other than Women,latin,1,6979,Charkhi-Dadri__Baund.pdf
Charkhi Dadri,Baund,8,Jhinjhar,Woman,NONE,1,Santosh,Ramphal,0,0,Women,latin,1,6979,Charkhi-Dadri__Baund.pdf
Charkhi Dadri,Baund,9,Kamod,SC Other than Woman,SC,0,Jai Anil Kumar,Omparkash,0,0,Scheduled Caste other than Women,latin,1,6979,Charkhi-Dadri__Baund.pdf
Charkhi Dadri,Baund,10,Kasni,Other than Woman,NONE,0,Kartar Singh,Phoolaram,0,0,Other than Women,latin,1,6979,Charkhi-Dadri__Baund.pdf
Charkhi Dadri,Baund,11,Kohlawas,Woman,NONE,1,Kavita Devi,Ram Singh,0,0,Women,latin,1,6979,Charkhi-Dadri__Baund.pdf
Charkhi Dadri,Baund,12,Lamba,Other than Woman,NONE,0,Anil Kumar,Dayanand,0,0,Other than Women,latin,1,6979,Charkhi-Dadri__Baund.pdf
Charkhi Dadri,Baund,13,Malkosh,SC Woman,SC,1,Vandhana,Sunny,0,0,Scheduled Caste Women,latin,1,6979,Charkhi-Dadri__Baund.pdf
Charkhi Dadri,Baund,14,Mirch,Woman,NONE,1,Sunita Kumari,Sudhir,0,0,Women,latin,1,6979,Charkhi-Dadri__Baund.pdf
Charkhi Dadri,Baund,15,Misri,SC Other than Woman,SC,0,Aashish,Hawa Singh,0,0,Scheduled Caste other than Women,latin,1,6979,Charkhi-Dadri__Baund.pdf
Charkhi Dadri,Baund,16,Nimri,SC Woman,SC,1,Manka,Naresh,0,0,Scheduled Caste Women,latin,1,6979,Charkhi-Dadri__Baund.pdf
Charkhi Dadri,Baund,17,Phogat,Other than Woman,NONE,0,Vinod Kumar,Dalbir,0,0,Other than Women,latin,1,6979,Charkhi-Dadri__Baund.pdf
Charkhi Dadri,Baund,18,Ranila,Woman,NONE,1,Kamlesh,Sanjeet,0,0,Women,latin,1,6979,Charkhi-Dadri__Baund.pdf
Charkhi Dadri,Baund,19,Rankoli,Other than Woman,NONE,0,Prem Singh,Lakhi Ram,0,0,Other than Women,latin,1,6979,Charkhi-Dadri__Baund.pdf
Charkhi Dadri,Baund,20,Sanjarwas,Woman,NONE,1,Meena Kumari,Vishwajeet,0,0,Women,latin,1,6979,Charkhi-Dadri__Baund.pdf
Charkhi Dadri,Baund,21,Sankrod,Other than Woman,NONE,0,Omparkash,Sadhu,0,0,Other than Women,latin,1,6979,Charkhi-Dadri__Baund.pdf
Charkhi Dadri,Baund,22,Sanwar,Woman,NONE,1,Shivani,Gaurav,0,0,Women,latin,1,6979,Charkhi-Dadri__Baund.pdf
Charkhi Dadri,Baund,23,Sonf,BC-A Other than Woman,BC_A,0,Pardeep,Satnaryan,0,0,Backward Class 'A' other than Women,latin,1,6979,Charkhi-Dadri__Baund.pdf
Charkhi Dadri,Baund,24,Unn,Woman,NONE,1,Pinki Devi,Virender,0,0,Women,latin,1,6979,Charkhi-Dadri__Baund.pdf
Charkhi Dadri,Charkhi Dadri,1,Akhtiyarpura,Other than Woman,NONE,0,Yashvir,Sheoram,0,0,Other than Women,latin,1,6970,Charkhi-Dadri__Charkhi-Dadri.pdf
Charkhi Dadri,Charkhi Dadri,2,Atela Kalan,SC Other than Woman,SC,0,Partap Singh,Mithu Ram,0,0,Scheduled Caste Other than Women,latin,1,6970,Charkhi-Dadri__Charkhi-Dadri.pdf
Charkhi Dadri,Charkhi Dadri,3,Atela Khurd,Woman,NONE,1,Babita,Jitender,0,0,Women,latin,0,6970,Charkhi-Dadri__Charkhi-Dadri.pdf
Charkhi Dadri,Charkhi Dadri,4,Atela Naya,Other than Woman,NONE,0,Krishan,Shish Ram,0,0,Other than Women Other than Women,latin,1,6970,Charkhi-Dadri__Charkhi-Dadri.pdf
Charkhi Dadri,Charkhi Dadri,5,Balkara,Woman,NONE,1,Pinki,Parveen Kumar,0,0,Women,latin,1,6970,Charkhi-Dadri__Charkhi-Dadri.pdf
Charkhi Dadri,Charkhi Dadri,6,Barsana,Other than Woman,NONE,0,Harpal,Hari Singh,1,0,Other than Women Other than Women,latin,1,6970,Charkhi-Dadri__Charkhi-Dadri.pdf
Charkhi Dadri,Charkhi Dadri,7,Bhagvi,Woman,NONE,1,Parmila,Anil Kumar,0,0,Women Women,latin,1,6970,Charkhi-Dadri__Charkhi-Dadri.pdf
Charkhi Dadri,Charkhi Dadri,8,Bigova,Other than Woman,NONE,0,Krishan,Ishwar Singh,0,0,Other Than Women Other Than Women,latin,1,6970,Charkhi-Dadri__Charkhi-Dadri.pdf
Charkhi Dadri,Charkhi Dadri,9,Birhi Kalan,Woman,NONE,1,Sushila Devi,Surender Singh,0,0,Women,latin,1,6970,Charkhi-Dadri__Charkhi-Dadri.pdf
Charkhi Dadri,Charkhi Dadri,10,Charkhi,Other than Woman,NONE,0,Bhupender,Ramotar,0,0,Other Than Women Other Than Women,latin,1,6970,Charkhi-Dadri__Charkhi-Dadri.pdf
Charkhi Dadri,Charkhi Dadri,11,Chhapar,Woman,NONE,1,Manjeet,Rakesh,0,0,Women,latin,1,6970,Charkhi-Dadri__Charkhi-Dadri.pdf
Charkhi Dadri,Charkhi Dadri,12,Dhani Phogat,SC Woman,SC,1,Dimple,Sonu Ram,0,0,Scheduled Caste Women,latin,1,6970,Charkhi-Dadri__Charkhi-Dadri.pdf
Charkhi Dadri,Charkhi Dadri,13,Dohki,Other than Woman,NONE,0,Rakesh,Dharmvir,0,0,Other Than Women,latin,1,6970,Charkhi-Dadri__Charkhi-Dadri.pdf
Charkhi Dadri,Charkhi Dadri,14,Fatehgarh,SC Other than Woman,SC,0,Sumit,Dalbir,0,0,Scheduled Caste Other Than Women,latin,1,6970,Charkhi-Dadri__Charkhi-Dadri.pdf
Charkhi Dadri,Charkhi Dadri,15,Ghasola,Woman,NONE,1,Sangeeta,Narender,0,0,Women,latin,1,6970,Charkhi-Dadri__Charkhi-Dadri.pdf
Charkhi Dadri,Charkhi Dadri,16,Ghikara,BC-A Other than Woman,BC_A,0,Vipin,Rajkumar,0,0,Backward Class 'A' Other Than Women,latin,1,6970,Charkhi-Dadri__Charkhi-Dadri.pdf
Charkhi Dadri,Charkhi Dadri,17,Gothra,Woman,NONE,1,Muni Devi,Suresh Kumar,0,0,Women,latin,1,6970,Charkhi-Dadri__Charkhi-Dadri.pdf
Charkhi Dadri,Charkhi Dadri,18,Imlota,BC-A Other than Woman,BC_A,0,Ramniwash,Ramphal,0,0,Backward Class 'A' Other Than Women,latin,1,6970,Charkhi-Dadri__Charkhi-Dadri.pdf
Charkhi Dadri,Charkhi Dadri,19,Kanheti,Woman,NONE,1,Permeela,Ramkishan,0,0,Women Women,latin,1,6970,Charkhi-Dadri__Charkhi-Dadri.pdf
Charkhi Dadri,Charkhi Dadri,20,Khatiwas,Other than Woman,NONE,0,Kanwar,Dhoop Singh,0,0,Other Than Women,latin,1,6970,Charkhi-Dadri__Charkhi-Dadri.pdf
Charkhi Dadri,Charkhi Dadri,21,Kheri Battar,Woman,NONE,1,Pramila,Pardeep,0,0,Women,latin,1,6970,Charkhi-Dadri__Charkhi-Dadri.pdf
Charkhi Dadri,Charkhi Dadri,22,Kheri Bura,Other than Woman,NONE,0,Sandeep,Abhe Ram,0,0,Other Than Women,latin,1,6970,Charkhi-Dadri__Charkhi-Dadri.pdf
Charkhi Dadri,Charkhi Dadri,23,Kheri Sanwal,Woman,NONE,1,Kusumlata,Bhupender,0,0,Women Women,latin,1,6970,Charkhi-Dadri__Charkhi-Dadri.pdf
Charkhi Dadri,Charkhi Dadri,24,Loharwara,Other than Woman,NONE,0,Randhir,Rishal Singh,0,0,Sarpanch Other Than Women Other Than Women,latin,1,6970,Charkhi-Dadri__Charkhi-Dadri.pdf
Charkhi Dadri,Charkhi Dadri,25,Makrana,Woman,NONE,1,Suman,Krishan Kumar,0,0,Women Women,latin,1,6970,Charkhi-Dadri__Charkhi-Dadri.pdf
Charkhi Dadri,Charkhi Dadri,26,Makrani,Other than Woman,NONE,0,Sachin,Rammher Singh,0,0,Sarpanch Other Than Women Other Than Women,latin,1,6970,Charkhi-Dadri__Charkhi-Dadri.pdf
Charkhi Dadri,Charkhi Dadri,27,Mankawas,Woman,NONE,1,Rachna,Virender,0,0,Women,latin,1,6970,Charkhi-Dadri__Charkhi-Dadri.pdf
Charkhi Dadri,Charkhi Dadri,28,Mehrana,BC-A Other than Woman,BC_A,0,Mukesh,Ashok Kumar,0,0,Backward Class 'A' Other Than Women,latin,1,6970,Charkhi-Dadri__Charkhi-Dadri.pdf
Charkhi Dadri,Charkhi Dadri,29,Mori,Woman,NONE,1,Rekha,Anil Kumar,0,0,Women,latin,1,6970,Charkhi-Dadri__Charkhi-Dadri.pdf
Charkhi Dadri,Charkhi Dadri,30,Morwala,Other than Woman,NONE,0,Sunil,Rajpal,0,0,Other Than Women,latin,1,6970,Charkhi-Dadri__Charkhi-Dadri.pdf
Charkhi Dadri,Charkhi Dadri,31,Narsinghwas,SC Woman,SC,1,Neha,Sonu Kumar,0,0,Scheduled Caste Women,latin,1,6970,Charkhi-Dadri__Charkhi-Dadri.pdf
Charkhi Dadri,Charkhi Dadri,32,Nimli,SC Other than Woman,SC,0,Shamsher,Satbir,0,0,Scheduled Caste Other Than Women,latin,1,6970,Charkhi-Dadri__Charkhi-Dadri.pdf
Charkhi Dadri,Charkhi Dadri,33,Paintawas Kalan,BC-A Woman,BC_A,1,Meera,Amarjeet,0,0,Sarpanch Backward Class 'A' Women,latin,1,6970,Charkhi-Dadri__Charkhi-Dadri.pdf
Charkhi Dadri,Charkhi Dadri,34,Paintawas Khurd,SC Woman,SC,1,Seema Devi,Jagvinder,0,0,Scheduled Caste Women,latin,1,6970,Charkhi-Dadri__Charkhi-Dadri.pdf
Charkhi Dadri,Charkhi Dadri,35,Pandwan,Other than Woman,NONE,0,Ravinder,Jaivir Singh,0,0,Sarpanch Other Than Women Other Than Women,latin,1,6970,Charkhi-Dadri__Charkhi-Dadri.pdf
Charkhi Dadri,Charkhi Dadri,36,Patuwas,SC Other than Woman,SC,0,Gunpal,Prem Singh,0,0,Sarpanch Scheduled Caste Other Than Women,latin,1,6970,Charkhi-Dadri__Charkhi-Dadri.pdf
Charkhi Dadri,Charkhi Dadri,37,Ramnagar Kapoori,Woman,NONE,1,Priyanka,Shivam Yadav,0,0,Sarpanch Women Women,latin,1,6970,Charkhi-Dadri__Charkhi-Dadri.pdf
Charkhi Dadri,Charkhi Dadri,38,Rasiwas,Other than Woman,NONE,0,Sunil,Tek Chand,0,0,Other Than Women,latin,1,6970,Charkhi-Dadri__Charkhi-Dadri.pdf
Charkhi Dadri,Charkhi Dadri,39,Rawaldhi,Woman,NONE,1,Anita,Dharmender,0,0,Women,latin,1,6970,Charkhi-Dadri__Charkhi-Dadri.pdf
Charkhi Dadri,Charkhi Dadri,40,Sahuwas,Other than Woman,NONE,0,Rajesh,Amir Singh,0,0,Sarpanch Other Than Women Other Than Women,latin,1,6970,Charkhi-Dadri__Charkhi-Dadri.pdf
Charkhi Dadri,Charkhi Dadri,41,Samaspur,SC Woman,SC,1,Neetu,Harikishan,0,0,Scheduled Caste Women,latin,1,6970,Charkhi-Dadri__Charkhi-Dadri.pdf
Charkhi Dadri,Charkhi Dadri,42,Santokhpura,Woman,NONE,1,Pritam,Vikash,0,0,Sarpanch Women Women,latin,1,6970,Charkhi-Dadri__Charkhi-Dadri.pdf
Charkhi Dadri,Charkhi Dadri,43,Santor,SC Other than Woman,SC,0,Parveen,Rohtash,0,0,Scheduled Caste Other Than Women,latin,1,6970,Charkhi-Dadri__Charkhi-Dadri.pdf
Charkhi Dadri,Charkhi Dadri,44,Sarangpur,Other than Woman,NONE,0,Jogender,Rattan Singh,0,0,Sarpanch Other Than Women Other Than Women,latin,1,6970,Charkhi-Dadri__Charkhi-Dadri.pdf
Charkhi Dadri,Jhojhu,1,Abidpura,Other than Woman,NONE,0,Vinod,Rajender,0,0,Other than Women,latin,1,6961,Charkhi-Dadri__Jhojhu.pdf
Charkhi Dadri,Jhojhu,2,Asawri,Woman,NONE,1,Parbha Rani,Parduman,0,0,Women,latin,1,6961,Charkhi-Dadri__Jhojhu.pdf
Charkhi Dadri,Jhojhu,3,Badal,Other than Woman,NONE,0,Ankit Kumar,Himmat,0,0,Other than Women,latin,1,6961,Charkhi-Dadri__Jhojhu.pdf
Charkhi Dadri,Jhojhu,4,Badhwana,Woman,NONE,1,Anupama,Jagjeet Singh,0,0,Women,latin,1,6961,Charkhi-Dadri__Jhojhu.pdf
Charkhi Dadri,Jhojhu,5,Badrai,Other than Woman,NONE,0,Sachin,Rishal Singh,0,0,Other than Women,latin,1,6961,Charkhi-Dadri__Jhojhu.pdf
Charkhi Dadri,Jhojhu,6,Balali,Woman,NONE,1,Ritika,Bindraj,0,0,Women,latin,1,6961,Charkhi-Dadri__Jhojhu.pdf
Charkhi Dadri,Jhojhu,7,Balroad,SC Other than Woman,SC,0,Sanjay Kumar,Mahipal,0,0,Scheduled Caste Other than Women,latin,1,6961,Charkhi-Dadri__Jhojhu.pdf
Charkhi Dadri,Jhojhu,8,Bijna,Other than Woman,NONE,0,Devender Singh,Shri,0,0,Other than Women,latin,1,6961,Charkhi-Dadri__Jhojhu.pdf
Charkhi Dadri,Jhojhu,9,Bindraban,Woman,NONE,1,Reena,Devender,0,0,Women,latin,1,6961,Charkhi-Dadri__Jhojhu.pdf
Charkhi Dadri,Jhojhu,10,Chandeni,Other than Woman,NONE,0,Rajsingh,Umrao Singh,0,0,Other than Women,latin,1,6961,Charkhi-Dadri__Jhojhu.pdf
Charkhi Dadri,Jhojhu,11,Changroad,Woman,NONE,1,Manoj Kumari,Sarjeet,0,0,Women,latin,1,6961,Charkhi-Dadri__Jhojhu.pdf
Charkhi Dadri,Jhojhu,12,Chiriya,Other than Woman,NONE,0,Dalbir Singh,Neki Ram,0,0,Other than Women,latin,1,6961,Charkhi-Dadri__Jhojhu.pdf
Charkhi Dadri,Jhojhu,13,Dadhi Chhilar,Other than Woman,NONE,0,Pardeep,Chotu Ram,1,0,Other than Women,latin,1,6961,Charkhi-Dadri__Jhojhu.pdf
Charkhi Dadri,Jhojhu,14,Dadibana,Woman,NONE,1,Priya,Parveen,0,0,Women,latin,1,6961,Charkhi-Dadri__Jhojhu.pdf
Charkhi Dadri,Jhojhu,15,Dagroli,SC Woman,SC,1,Meena,Sanjay,0,0,Scheduled Caste Women,latin,1,6961,Charkhi-Dadri__Jhojhu.pdf
Charkhi Dadri,Jhojhu,16,Datoli,Woman,NONE,1,Sunita,Devender,0,0,Women,latin,1,6961,Charkhi-Dadri__Jhojhu.pdf
Charkhi Dadri,Jhojhu,17,Dhani Gujran,Other than Woman,NONE,0,Suresh Kumar,Ami Lal,0,0,Other than Women,latin,1,6961,Charkhi-Dadri__Jhojhu.pdf
Charkhi Dadri,Jhojhu,18,Dudhwa,Woman,NONE,1,Birmati,Rambir Singh,0,0,Women,latin,1,6961,Charkhi-Dadri__Jhojhu.pdf
Charkhi Dadri,Jhojhu,19,Gokal,Other than Woman,NONE,0,Vikas Kumar,Jage Ram,0,0,Other than Women,latin,1,6961,Charkhi-Dadri__Jhojhu.pdf
Charkhi Dadri,Jhojhu,20,Gopalwas,Woman,NONE,1,Munesh Devi,Pradeep,0,0,Women,latin,1,6961,Charkhi-Dadri__Jhojhu.pdf
Charkhi Dadri,Jhojhu,21,Gudana,BC-A Other than Woman,BC_A,0,Ravinder Singh,Rameshwar,0,0,Backward Class 'A' Other than women,latin,1,6961,Charkhi-Dadri__Jhojhu.pdf
Charkhi Dadri,Jhojhu,22,Jawa,BC-A Woman,BC_A,1,Prem Rani,Ajit Singh,0,0,Backward Class 'A' women,latin,1,6961,Charkhi-Dadri__Jhojhu.pdf
Charkhi Dadri,Jhojhu,23,Jhojhu Kalan,Other than Woman,NONE,0,Ashok,Ranbir,0,0,Other than Women,latin,1,6961,Charkhi-Dadri__Jhojhu.pdf
Charkhi Dadri,Jhojhu,24,Jhojhu Khurd,SC Other than Woman,SC,0,Pawan Kumar,Dharmpal,0,0,Scheduled Caste Other than Women,latin,1,6961,Charkhi-Dadri__Jhojhu.pdf
Charkhi Dadri,Jhojhu,25,Kadma,Woman,NONE,1,Chandpati,Mahesh,0,0,Women,latin,1,6961,Charkhi-Dadri__Jhojhu.pdf
Charkhi Dadri,Jhojhu,26,Kalali,Other than Woman,NONE,0,Rambir,Ram Kumar,0,0,Other than Women,latin,1,6961,Charkhi-Dadri__Jhojhu.pdf
Charkhi Dadri,Jhojhu,27,Kaliyana,Woman,NONE,1,Vandana,Bhagirath,0,0,Women,latin,1,6961,Charkhi-Dadri__Jhojhu.pdf
Charkhi Dadri,Jhojhu,28,Kubja Nagar,Other than Woman,NONE,0,Kamal Singh,Jainarayan,0,0,Other than Women,latin,1,6961,Charkhi-Dadri__Jhojhu.pdf
Charkhi Dadri,Jhojhu,29,Mai Kalan,Woman,NONE,1,Anita Kumari,Vikas Godara,0,0,Women,latin,1,6961,Charkhi-Dadri__Jhojhu.pdf
Charkhi Dadri,Jhojhu,30,Mai Khurd,Other than Woman,NONE,0,Krishan,Ramphal,0,0,Other than Women,latin,1,6961,Charkhi-Dadri__Jhojhu.pdf
Charkhi Dadri,Jhojhu,31,Mandola,SC Woman,SC,1,Naresh Kumari,Surender,0,0,Scheduled Caste Women,latin,1,6961,Charkhi-Dadri__Jhojhu.pdf
Charkhi Dadri,Jhojhu,32,Mandoli,Woman,NONE,1,Kavita,Baljeet,0,0,Women,latin,1,6961,Charkhi-Dadri__Jhojhu.pdf
Charkhi Dadri,Jhojhu,33,Mehra,Other than Woman,NONE,0,VIKASH SINGH,RANVIR,0,0,Other than Women,latin,1,6961,Charkhi-Dadri__Jhojhu.pdf
Charkhi Dadri,Jhojhu,34,Nihalgarh,Woman,NONE,1,Bhateri,Bhagwat,0,0,Women,latin,1,6961,Charkhi-Dadri__Jhojhu.pdf
Charkhi Dadri,Jhojhu,35,Norangabas Jattan,Other than Woman,NONE,0,Govind Singh,Amar Chand,0,0,Other than Women,latin,1,6961,Charkhi-Dadri__Jhojhu.pdf
Charkhi Dadri,Jhojhu,36,Norangabas Rajputan,SC Other than Woman,SC,0,Jai Singh,Balbir Singh,0,0,Scheduled Caste Other than Women,latin,1,6961,Charkhi-Dadri__Jhojhu.pdf
Charkhi Dadri,Jhojhu,37,Noswa,Woman,NONE,1,Sweety,Nashib,0,0,Women,latin,1,6961,Charkhi-Dadri__Jhojhu.pdf
Charkhi Dadri,Jhojhu,38,Palri,Other than Woman,NONE,0,Rajender,Nathuram,0,0,Other than Women,latin,1,6961,Charkhi-Dadri__Jhojhu.pdf
Charkhi Dadri,Jhojhu,39,Pichopa Kalan,BC-A Woman,BC_A,1,Mannu,Ashok Kumar,0,0,Backward Class 'A' women,latin,1,6961,Charkhi-Dadri__Jhojhu.pdf
Charkhi Dadri,Jhojhu,40,Pichopa Khurd,Other than Woman,NONE,0,Surender,Rajender,0,0,Other than Women,latin,1,6961,Charkhi-Dadri__Jhojhu.pdf
Charkhi Dadri,Jhojhu,41,Ramalwas,Woman,NONE,1,Sanju Phogat,Vinod Kumar,0,0,Women,latin,1,6961,Charkhi-Dadri__Jhojhu.pdf
Charkhi Dadri,Jhojhu,42,Rambass,Other than Woman,NONE,0,Sudhir Sharma,Narsingh,0,0,Other than Women,latin,1,6961,Charkhi-Dadri__Jhojhu.pdf
Charkhi Dadri,Jhojhu,43,Rudrol,BC-A Woman,BC_A,1,Monika Kumari,Pawan,0,0,Backward Class 'A' women,latin,1,6961,Charkhi-Dadri__Jhojhu.pdf
Charkhi Dadri,Jhojhu,44,Shishwala,SC Woman,SC,1,Suman,Vikash,0,0,Scheduled Caste Women,latin,1,6961,Charkhi-Dadri__Jhojhu.pdf
Charkhi Dadri,Jhojhu,45,Tiwala,Other than Woman,NONE,0,Anil Kumar,Ajit Singh,0,0,Other than Women,latin,1,6961,Charkhi-Dadri__Jhojhu.pdf
Charkhi Dadri,Jhojhu,46,Todi,SC Other than Woman,SC,0,Deepak,Balbir Singh,0,0,Scheduled Caste Other than Women,latin,1,6961,Charkhi-Dadri__Jhojhu.pdf
Charkhi Dadri,Jhojhu,47,Unn,SC Woman,SC,1,Jyoti,Ramesh,0,0,Scheduled Caste Women,latin,1,6961,Charkhi-Dadri__Jhojhu.pdf
Faridabad,Ballabgarh,1,Ahamdpur,SC Other than Woman,SC,0,Bobby,Suresh,0,0,Scheduled Caste other than Women,latin,1,7707,Faridabad__Ballabgarh.pdf
Faridabad,Ballabgarh,2,Atali,Other than Woman,NONE,0,Nabhe Singh,Ved Prakash,0,0,Other than Women,latin,1,7707,Faridabad__Ballabgarh.pdf
Faridabad,Ballabgarh,3,Aterna,Woman,NONE,1,Arfeena,Nuruddin,0,0,Women,latin,1,7707,Faridabad__Ballabgarh.pdf
Faridabad,Ballabgarh,4,Bahbalpur,Other than Woman,NONE,0,Anil Kumar,Bir Singh,0,0,Other than Women,latin,1,7707,Faridabad__Ballabgarh.pdf
Faridabad,Ballabgarh,5,Bhanakpur,BC-A Woman,BC_A,1,Sushila,Suresh Chand,0,0,Backward Class ‘A’ women,latin,1,7707,Faridabad__Ballabgarh.pdf
Faridabad,Ballabgarh,6,Bijopur,Other than Woman,NONE,0,Aadil,Javed,0,0,Other than Women,latin,1,7707,Faridabad__Ballabgarh.pdf
Faridabad,Ballabgarh,7,Chhainsa,Woman,NONE,1,Kajal Rawat,Deepak,0,0,Women,latin,1,7707,Faridabad__Ballabgarh.pdf
Faridabad,Ballabgarh,8,Dayalpur,SC Woman,SC,1,Preeti,Devender Singh,0,0,Scheduled Caste Women,latin,1,7707,Faridabad__Ballabgarh.pdf
Faridabad,Ballabgarh,9,Deeg,Other than Woman,NONE,0,Jai Bir,Ran Bir,0,0,Other than Women,latin,1,7707,Faridabad__Ballabgarh.pdf
Faridabad,Ballabgarh,10,Fatehpur Biloch,Woman,NONE,1,Saroj,Khem Chand,0,0,Women,latin,1,7707,Faridabad__Ballabgarh.pdf
Faridabad,Ballabgarh,11,Ferozepur Kalan,SC Other than Woman,SC,0,Narender Kumar,Samay Singh,0,0,Scheduled Caste other than Women,latin,1,7707,Faridabad__Ballabgarh.pdf
Faridabad,Ballabgarh,12,Garkhera,SC Woman,SC,1,Neelam,Vivek,0,0,Scheduled Caste Women,latin,1,7707,Faridabad__Ballabgarh.pdf
Faridabad,Ballabgarh,13,Harphala,Other than Woman,NONE,0,Tara Chand,Shankar Lal,0,0,Other than Women,latin,1,7707,Faridabad__Ballabgarh.pdf
Faridabad,Ballabgarh,14,Hirapur,Woman,NONE,1,Prabha,Ram Kumar Sharma,0,0,Women,latin,1,7707,Faridabad__Ballabgarh.pdf
Faridabad,Ballabgarh,15,Jajru,Other than Woman,NONE,0,Ajay,Dharam Singh,0,0,Other than Women,latin,1,7707,Faridabad__Ballabgarh.pdf
Faridabad,Ballabgarh,16,Jawan,Woman,NONE,1,Preeti Rani,Lakhan Pal,0,0,Women,latin,1,7707,Faridabad__Ballabgarh.pdf
Faridabad,Ballabgarh,17,Jhhuggi Chhainsa,SC Other than Woman,SC,0,Harpal Singh,Jaswant Singh,0,0,Scheduled Caste other than Women,latin,1,7707,Faridabad__Ballabgarh.pdf
Faridabad,Ballabgarh,18,Kabulpur Banger,Other than Woman,NONE,0,Jagat Singh,Likhi Ram,0,0,Other than Women,latin,1,7707,Faridabad__Ballabgarh.pdf
Faridabad,Ballabgarh,19,Kail Gaon,Woman,NONE,1,Nafeesa,Shakeel,0,0,Women,latin,1,7707,Faridabad__Ballabgarh.pdf
Faridabad,Ballabgarh,20,Karnera,Other than Woman,NONE,0,Sudhir Kumar,Maher Chand,0,0,Other than Women,latin,1,7707,Faridabad__Ballabgarh.pdf
Faridabad,Ballabgarh,21,Khandawali,BC-A Woman,BC_A,1,Farjana Bano,Soaib Khan,0,0,Backward Class ‘A’ women,latin,1,7707,Faridabad__Ballabgarh.pdf
Faridabad,Ballabgarh,22,Ladhiyapur,Other than Woman,NONE,0,Farukh,Nasru,0,0,Other than Women,latin,1,7707,Faridabad__Ballabgarh.pdf
Faridabad,Ballabgarh,23,Ladoli,Woman,NONE,1,Seema Devi,Sanjay Rawat,0,0,Women,latin,1,7707,Faridabad__Ballabgarh.pdf
Faridabad,Ballabgarh,24,Mohla,Other than Woman,NONE,0,Mohan Singh,Tejpal,0,0,Other than Women,latin,1,7707,Faridabad__Ballabgarh.pdf
Faridabad,Ballabgarh,25,Mohna,SC Woman,SC,1,Sanju,Omveer,0,0,Scheduled Caste Women,latin,1,7707,Faridabad__Ballabgarh.pdf
Faridabad,Ballabgarh,26,Moujpur,Woman,NONE,1,Sheetal Singh,Dewan Singh,0,0,Women,latin,1,7707,Faridabad__Ballabgarh.pdf
Faridabad,Ballabgarh,27,Nangla Jogian,Other than Woman,NONE,0,Gulshan,Sukhbir,0,0,Other than Women,latin,1,7707,Faridabad__Ballabgarh.pdf
Faridabad,Ballabgarh,28,Narhawali,SC Other than Woman,SC,0,Anil Kumar,Mohar Singh,0,0,Scheduled Caste other than Women,latin,1,7707,Faridabad__Ballabgarh.pdf
Faridabad,Ballabgarh,29,Naryala,Woman,NONE,1,Omwati,Kishan Chand,0,0,Women,latin,1,7707,Faridabad__Ballabgarh.pdf
Faridabad,Ballabgarh,30,Panhera Kalan,Other than Woman,NONE,0,Dharamveer,Chirranji,0,0,Other than Women,latin,1,7707,Faridabad__Ballabgarh.pdf
Faridabad,Ballabgarh,31,Panhera Khurd,Woman,NONE,1,Seema,Jai Parkash,0,0,Women,latin,1,7707,Faridabad__Ballabgarh.pdf
Faridabad,Ballabgarh,32,Pehladpur Majra Deeg,SC Woman,SC,1,Pooja,Vijay Singh,0,0,Scheduled Caste Women,latin,1,7707,Faridabad__Ballabgarh.pdf
Faridabad,Ballabgarh,33,Piala,Other than Woman,NONE,0,Satinder,Sumer Singh,0,0,Other than Women,latin,1,7707,Faridabad__Ballabgarh.pdf
Faridabad,Ballabgarh,34,Sagarpur,BC-A Woman,BC_A,1,Shakuntala,Parveen Kumar,0,0,Backward Class ‘A’ women,latin,1,7707,Faridabad__Ballabgarh.pdf
Faridabad,Ballabgarh,35,Samaypur,SC Other than Woman,SC,0,Jitender Bharti,Rohtash Kumar,0,0,Scheduled Caste other than Women,latin,1,7707,Faridabad__Ballabgarh.pdf
Faridabad,Ballabgarh,36,Shahpur Kalan,Other than Woman,NONE,0,Premchand,Pyare Lal,0,0,Other than Women,latin,1,7707,Faridabad__Ballabgarh.pdf
Faridabad,Ballabgarh,37,Shahpur Khurd,Woman,NONE,1,Kusum,Virender,0,0,Women,latin,1,7707,Faridabad__Ballabgarh.pdf
Faridabad,Ballabgarh,38,Sikri,Other than Woman,NONE,0,Vivek,Ramavtar Singh,0,0,Other than Women,latin,1,7707,Faridabad__Ballabgarh.pdf
Faridabad,Ballabgarh,39,Sikrona,Woman,NONE,1,Shilta Devi,Gurudutt Sharma,0,0,Women,latin,1,7707,Faridabad__Ballabgarh.pdf
Faridabad,Ballabgarh,40,Sunper,Other than Woman,NONE,0,Gajender Singh,Sumant Singh,0,0,Other than Women,latin,1,7707,Faridabad__Ballabgarh.pdf
Faridabad,Ballabgarh,41,Zakopur,Woman,NONE,1,Ruhina,Ahsan Khan,0,0,Women,latin,1,7707,Faridabad__Ballabgarh.pdf
Faridabad,Faridabad,1,Alampur,Other than Woman,NONE,0,Akil,Mohamad Shahid,0,0,Other Than Women,latin,1,7698,Faridabad__Faridabad.pdf
Faridabad,Faridabad,2,Alipur Shikargah,SC Other than Woman,SC,0,Sunil Kumar,Richpal,0,0,Scheduled Caste Other Than Women,latin,1,7698,Faridabad__Faridabad.pdf
Faridabad,Faridabad,3,Amipur,Woman,NONE,1,Pinki Rani,Anil Bhati,0,0,Women,latin,1,7698,Faridabad__Faridabad.pdf
Faridabad,Faridabad,4,Badarpur Said,Other than Woman,NONE,0,Krishan Pal,Kaval Singh,0,0,Other Than Women,latin,1,7698,Faridabad__Faridabad.pdf
Faridabad,Faridabad,5,Bhaskola,Woman,NONE,1,Seema Chauhan,Ravi Chauhan,0,0,Women,latin,1,7698,Faridabad__Faridabad.pdf
Faridabad,Faridabad,6,Dadsiya,SC Woman,SC,1,Manisha,Mohit,0,0,Scheduled Caste Women,latin,1,7698,Faridabad__Faridabad.pdf
Faridabad,Faridabad,7,Dhauj,BC-A Other than Woman,BC_A,0,Mohd Sajid Hussain,Babudeen,0,0,Backard Class 'A' Other Than Women,latin,1,7698,Faridabad__Faridabad.pdf
Faridabad,Faridabad,8,Fatehpur Tagga,Woman,NONE,1,Israt,Mohammad Iqbal,0,0,Women,latin,1,7698,Faridabad__Faridabad.pdf
Faridabad,Faridabad,9,Gothra Mohabtabad,Other than Woman,NONE,0,Jasbeer Singh,Shyamveer Singh,0,0,Other Than Women,latin,1,7698,Faridabad__Faridabad.pdf
Faridabad,Faridabad,10,Jasana,Woman,NONE,1,Rekha,Manohar,0,0,Women,latin,1,7698,Faridabad__Faridabad.pdf
Faridabad,Faridabad,11,Kanwara,Other than Woman,NONE,0,Krishan Kumar,Satya Dev,0,0,Other Than Women,latin,1,7698,Faridabad__Faridabad.pdf
Faridabad,Faridabad,12,Kheri Gujran,Woman,NONE,1,Sushila,Krishan Pal,0,0,Women,latin,1,7698,Faridabad__Faridabad.pdf
Faridabad,Faridabad,13,Khori Jamalpur,Other than Woman,NONE,0,Hakmeen,Idrish,0,0,Other Than Women,latin,1,7698,Faridabad__Faridabad.pdf
Faridabad,Faridabad,14,Kidawali,Woman,NONE,1,Amarjeet Kaur,Kehar Singh,1,0,Women,latin,1,7698,Faridabad__Faridabad.pdf
Faridabad,Faridabad,15,Kot,Other than Woman,NONE,0,Kesar Singh,Shish Ram,0,0,Other Than Women,latin,1,7698,Faridabad__Faridabad.pdf
Faridabad,Faridabad,16,Lalpur,Woman,NONE,1,Puja Chauhan,Lalit Chauhan,0,0,Women,latin,1,7698,Faridabad__Faridabad.pdf
Faridabad,Faridabad,17,Madalpur,Other than Woman,NONE,0,Khaleel,Kalu,0,0,Other Than Women,latin,1,7698,Faridabad__Faridabad.pdf
Faridabad,Faridabad,18,Mangar,Woman,NONE,1,Anju Kumari,Avtar Singh,0,0,Women,latin,1,7698,Faridabad__Faridabad.pdf
Faridabad,Faridabad,19,Nekpur,Other than Woman,NONE,0,Shekhar,Kishan,0,0,Other Than Women,latin,1,7698,Faridabad__Faridabad.pdf
Faridabad,Faridabad,20,Pakhal,Woman,NONE,1,Bharti,Abhishek Bhadana,0,0,Women,latin,1,7698,Faridabad__Faridabad.pdf
Faridabad,Faridabad,21,Pali,Other than Woman,NONE,0,Raghubir Singh,Ram Kishan,0,0,Other Than Women,latin,1,7698,Faridabad__Faridabad.pdf
Faridabad,Faridabad,22,Pawta,Woman,NONE,1,Manju Kumari,Parmod,0,0,Women,latin,1,7698,Faridabad__Faridabad.pdf
Faridabad,Faridabad,23,Rajpur Kalan,BC-A Other than Woman,BC_A,0,Jitender Vashnu,Guru Dutt,0,0,Backard Class 'A' Other Than Women,latin,1,7698,Faridabad__Faridabad.pdf
Faridabad,Faridabad,24,Sarurpur,Woman,NONE,1,Maksudan,Sajid Ahmad,0,0,Women,latin,1,7698,Faridabad__Faridabad.pdf
Faridabad,Faridabad,25,Sidhola,Other than Woman,NONE,0,Sachin Adhana,Ajit Adhana,0,0,Other Than Women,latin,1,7698,Faridabad__Faridabad.pdf
Faridabad,Faridabad,26,Sirohi,Woman,NONE,1,Sajiya,Amir Khan,0,0,Women,latin,1,7698,Faridabad__Faridabad.pdf
Faridabad,Faridabad,27,Tajupur,SC Other than Woman,SC,0,Pawan,Moti Lal,0,0,Scheduled Caste Other Than Women,latin,1,7698,Faridabad__Faridabad.pdf
Faridabad,Faridabad,28,Tikri Khera,Other than Woman,NONE,0,Nasir,Gulam,0,0,Other Than Women,latin,1,7698,Faridabad__Faridabad.pdf
Faridabad,Tigaon,1,Alipur,Other than Woman,NONE,0,Sushil Kumar,Hari Singh,0,0,Other Than Women,latin,1,7689,Faridabad__Tigaon.pdf
Faridabad,Tigaon,2,Arwa,SC Other than Woman,SC,0,Mukesh,Rati Ram,0,0,Scheduled Caste Other Than Women,latin,1,7689,Faridabad__Tigaon.pdf
Faridabad,Tigaon,3,Badrola,Woman,NONE,1,Manisha,Jaivinder,0,0,Women,latin,1,7689,Faridabad__Tigaon.pdf
Faridabad,Tigaon,4,Bahadarpur,Other than Woman,NONE,0,Ravinder Singh,Om Bir,0,0,Other Than Women,latin,1,7689,Faridabad__Tigaon.pdf
Faridabad,Tigaon,5,Bhainsrawali,Woman,NONE,1,Arti Devi,Vinod,0,0,Women,latin,1,7689,Faridabad__Tigaon.pdf
Faridabad,Tigaon,6,Bhuapur,BC-A Other than Woman,BC_A,0,Girdhari Lal Tomar,Devi Ram,0,0,Backward Class 'A' Other Than Women,latin,1,7689,Faridabad__Tigaon.pdf
Faridabad,Tigaon,7,Bukharpur,Woman,NONE,1,Madhu,Sandeep Kumar,0,0,Women,latin,1,7689,Faridabad__Tigaon.pdf
Faridabad,Tigaon,8,Chandpur,Other than Woman,NONE,0,Surajpal,Jaswant,0,0,Other Than Women,latin,1,7689,Faridabad__Tigaon.pdf
Faridabad,Tigaon,9,Chirsi,SC Woman,SC,1,Preeti,Mahaveer,0,0,Scheduled Caste Women,latin,1,7689,Faridabad__Tigaon.pdf
Faridabad,Tigaon,10,Dehkola,Woman,NONE,1,Rekha Devi,Yogesh Rawat,0,0,Women,latin,1,7689,Faridabad__Tigaon.pdf
Faridabad,Tigaon,11,Faizupur Khadar,Other than Woman,NONE,0,Kamal Singh,Shyam Singh,0,0,Other Than Women,latin,1,7689,Faridabad__Tigaon.pdf
Faridabad,Tigaon,12,Fattupura,Woman,NONE,1,Rakesh,Surender,0,0,Women,latin,1,7689,Faridabad__Tigaon.pdf
Faridabad,Tigaon,13,Gharora,BC-A Other than Woman,BC_A,0,Prince,Rambir,0,0,Backward Class 'A' Other Than Women,latin,1,7689,Faridabad__Tigaon.pdf
Faridabad,Tigaon,14,Ghurasan,Woman,NONE,1,Munesh Kumari,Suresh Tyagi,0,0,Women,latin,1,7689,Faridabad__Tigaon.pdf
Faridabad,Tigaon,15,Immamudinpur,SC Other than Woman,SC,0,Satish Kumar,Dharmpal Singh,0,0,Scheduled Caste Other Than Women,latin,1,7689,Faridabad__Tigaon.pdf
Faridabad,Tigaon,16,Junhera,Other than Woman,NONE,0,Yogender Kumar,Vidya Ram,0,0,Other Than Women,latin,1,7689,Faridabad__Tigaon.pdf
Faridabad,Tigaon,17,Kabulpur Patti Parvarish,Woman,NONE,1,Preeti Nagar,Sourabh Nagar,0,0,Women,latin,1,7689,Faridabad__Tigaon.pdf
Faridabad,Tigaon,18,Kurali,Other than Woman,NONE,0,Ashok Kumar,Sukhpal,0,0,Other Than Women,latin,1,7689,Faridabad__Tigaon.pdf
Faridabad,Tigaon,19,Lehndola,Woman,NONE,1,Sonika,Rahul,0,0,Women,latin,1,7689,Faridabad__Tigaon.pdf
Faridabad,Tigaon,20,Mandhawali,Other than Woman,NONE,0,Brijesh Sharma,Mahesh Chand,0,0,Other Than Women,latin,1,7689,Faridabad__Tigaon.pdf
Faridabad,Tigaon,21,Manjhawali,SC Woman,SC,1,Rekha Rani,Dhanesh,0,0,Scheduled Caste Women,latin,1,7689,Faridabad__Tigaon.pdf
Faridabad,Tigaon,22,Mehmoodpur,Woman,NONE,1,Veena Devi,Ramesh Chand,0,0,Women,latin,1,7689,Faridabad__Tigaon.pdf
Faridabad,Tigaon,23,Mothuka,Other than Woman,NONE,0,Mohan Bansal,Kanchan Bansal,0,0,Other Than Women,latin,1,7689,Faridabad__Tigaon.pdf
Faridabad,Tigaon,24,Pehladpur Majra Badrola,Woman,NONE,1,Nirmala Devi,Kartar Singh,1,0,Women,latin,1,7689,Faridabad__Tigaon.pdf
Faridabad,Tigaon,25,Raipur Kalan,Other than Woman,NONE,0,Dharam Singh,Mohan Lal,0,0,Other Than Women,latin,1,7689,Faridabad__Tigaon.pdf
Faridabad,Tigaon,26,Sadpura,Woman,NONE,1,Poonam,Ajay,0,0,Women,latin,1,7689,Faridabad__Tigaon.pdf
Faridabad,Tigaon,27,Sahupura Khadar,Other than Woman,NONE,0,Tarachand,Chander Bhan Singh,0,0,Other Than Women,latin,1,7689,Faridabad__Tigaon.pdf
Faridabad,Tigaon,28,Shahbad,SC Other than Woman,SC,0,Balveer Singh,Shri Ram Singh,0,0,Scheduled Caste Other Than Women,latin,1,7689,Faridabad__Tigaon.pdf
Faridabad,Tigaon,29,Shahjahanpur,Woman,NONE,1,Manju Rani,Rajkumar,0,0,Women,latin,1,7689,Faridabad__Tigaon.pdf
Faridabad,Tigaon,30,Tigaon,Other than Woman,NONE,0,Vikram Singh,Pratap Singh,0,0,Other Than Women,latin,1,7689,Faridabad__Tigaon.pdf
Faridabad,Tigaon,31,Tigaon Adhana Patti,Woman,NONE,1,Kanta,Ved Parkash,0,0,Women,latin,1,7689,Faridabad__Tigaon.pdf
Fatehabad,Bhattu Kalan,1,cueanksjh,Woman,NONE,1,jtuh,Hkhe flag,0,0,efgyk,krutidev,1,78074,Fatehabad__Bhattu-Kalan.pdf
Fatehabad,Bhattu Kalan,1,Ban Mandori,Woman,NONE,1,Rajani,Bhim Singh,0,0,Women,latin,1,8074,Fatehabad__Bhattu-Kalan.pdf
Fatehabad,Bhattu Kalan,2,cukokyh,Other than Woman,NONE,0,cythr flag,"d`"".k",0,0,efgyk ds flok;,krutidev,1,78074,Fatehabad__Bhattu-Kalan.pdf
Fatehabad,Bhattu Kalan,2,Banawali,Other than Woman,NONE,0,Baljeet Singh,Krishan,0,0,Other than Women,latin,1,8074,Fatehabad__Bhattu-Kalan.pdf
Fatehabad,Bhattu Kalan,3,HkVVw dyka,SC Other than Woman,SC,0,izgykn flag,nychj flag,0,0,vuqlwfpr tkfr efgyk ds flok;,krutidev,1,78074,Fatehabad__Bhattu-Kalan.pdf
Fatehabad,Bhattu Kalan,3,Bhattu Kalan,SC Other than Woman,SC,0,Parlahad Singh,Dalbir Singh,0,0,Scheduled Caste Other than Women,latin,1,8074,Fatehabad__Bhattu-Kalan.pdf
Fatehabad,Bhattu Kalan,4,HkVVw e.Mh,SC Woman,SC,1,lqeu,lk/kq jke,0,0,vuqlwfpr tkfr efgyk,krutidev,1,78074,Fatehabad__Bhattu-Kalan.pdf
Fatehabad,Bhattu Kalan,4,Bhattu Mandi,SC Woman,SC,1,Suman,Sadhu Ram,0,0,Scheduled Caste Women,latin,1,8074,Fatehabad__Bhattu-Kalan.pdf
Fatehabad,Bhattu Kalan,5,Ckksnhokyh,Other than Woman,NONE,0,eSuiky,/keZiky,0,0,efgyk ds flok;,krutidev,1,78074,Fatehabad__Bhattu-Kalan.pdf
Fatehabad,Bhattu Kalan,5,Bodiwali,Other than Woman,NONE,0,Mainpal,Dharampal,0,0,Other than Women,latin,1,8074,Fatehabad__Bhattu-Kalan.pdf
Fatehabad,Bhattu Kalan,6,nS;M,BC-A Woman,BC_A,1,izksfeyk,"d`"".k dqekj",0,0,fiNM+k oxZ d efgyk,krutidev,1,78074,Fatehabad__Bhattu-Kalan.pdf
Fatehabad,Bhattu Kalan,6,Daiyar,BC-A Woman,BC_A,1,Promila,Krishan Kumar,0,0,Backward Class 'A' Women,latin,1,8074,Fatehabad__Bhattu-Kalan.pdf
Fatehabad,Bhattu Kalan,7,<kch dyka,Other than Woman,NONE,0,cyoar flag,/keZiky,0,0,efgyk ds flok;,krutidev,1,78074,Fatehabad__Bhattu-Kalan.pdf
Fatehabad,Bhattu Kalan,7,Dhabi Kalan,Other than Woman,NONE,0,Balwant Singh,Dharampal,0,0,Other than Women,latin,1,8074,Fatehabad__Bhattu-Kalan.pdf
Fatehabad,Bhattu Kalan,8,<kch [kqnZ,Woman,NONE,1,eksfudk,lq[knso,0,0,efgyk,krutidev,1,78074,Fatehabad__Bhattu-Kalan.pdf
Fatehabad,Bhattu Kalan,8,Dhabi Khurd,Woman,NONE,1,Monika,Sukhdev,0,0,Women,latin,1,8074,Fatehabad__Bhattu-Kalan.pdf
Fatehabad,Bhattu Kalan,9,<k.M,Other than Woman,NONE,0,pUnz eksgu flag,lTtu flag,0,0,efgyk ds flok;,krutidev,1,78074,Fatehabad__Bhattu-Kalan.pdf
Fatehabad,Bhattu Kalan,9,Dhand,Other than Woman,NONE,0,Chander Mohan Singh,Sajjan Singh,0,0,Other than Women,latin,1,8074,Fatehabad__Bhattu-Kalan.pdf
Fatehabad,Bhattu Kalan,10,<k.kh pkuujke,Woman,NONE,1,jk/kk jkuh,jkt dqekj,0,0,efgyk,krutidev,1,78074,Fatehabad__Bhattu-Kalan.pdf
Fatehabad,Bhattu Kalan,10,Dhani Chanan Ram,Woman,NONE,1,Radha Rani,Raj Kumar,0,0,Women,latin,1,8074,Fatehabad__Bhattu-Kalan.pdf
Fatehabad,Bhattu Kalan,11,f<axljk,Other than Woman,NONE,0,"lqHkk""k pUnz",cyoar flag,0,0,efgyk ds flok;,krutidev,1,78074,Fatehabad__Bhattu-Kalan.pdf
Fatehabad,Bhattu Kalan,11,Dhingsara,Other than Woman,NONE,0,Subhash Chander,Balwant Singh,0,0,Other than Women,latin,1,8074,Fatehabad__Bhattu-Kalan.pdf
Fatehabad,Bhattu Kalan,12,xnyh,Woman,NONE,1,lquhrk nsoh,jkds'k dqekj,0,0,efgyk,krutidev,1,78074,Fatehabad__Bhattu-Kalan.pdf
Fatehabad,Bhattu Kalan,12,Gadli,Woman,NONE,1,Sunita Devi,Rakesh Kumar,0,0,Women,latin,1,8074,Fatehabad__Bhattu-Kalan.pdf
Fatehabad,Bhattu Kalan,13,tk.Mokyk ckxM,Other than Woman,NONE,0,lqjsUnz dqekj,/kuh jke,0,0,efgyk ds flok;,krutidev,1,78074,Fatehabad__Bhattu-Kalan.pdf
Fatehabad,Bhattu Kalan,13,Jandwala Bagar,Other than Woman,NONE,0,Surender Kumar,Dhani Ram,0,0,Other than Women,latin,1,8074,Fatehabad__Bhattu-Kalan.pdf
Fatehabad,Bhattu Kalan,14,[kkcMk dyka,Woman,NONE,1,jks'kuh,fouksn dqekj,0,0,efgyk,krutidev,1,78074,Fatehabad__Bhattu-Kalan.pdf
Fatehabad,Bhattu Kalan,14,Khabra Kalan,Woman,NONE,1,Roshni,Vinod Kumar,0,0,Women,latin,1,8074,Fatehabad__Bhattu-Kalan.pdf
Fatehabad,Bhattu Kalan,15,fdj<ku,Other than Woman,NONE,0,jkts'k dqekj,fpjath yky,0,0,efgyk ds flok;,krutidev,1,78074,Fatehabad__Bhattu-Kalan.pdf
Fatehabad,Bhattu Kalan,15,Kirdhan,Other than Woman,NONE,0,Rajesh Kumar,Chiranji Lal,0,0,Other than Women,latin,1,8074,Fatehabad__Bhattu-Kalan.pdf
Fatehabad,Bhattu Kalan,16,dqdjkuoyh,SC Other than Woman,SC,0,tksfxUnz dqekj,/keZiky,0,0,vuqlwfpr tkfr efgyk ds flok;,krutidev,1,78074,Fatehabad__Bhattu-Kalan.pdf
Fatehabad,Bhattu Kalan,16,Kukranwali,SC Other than Woman,SC,0,Joginder Kumar,Dharm Pal,0,0,Scheduled Caste Other than Women,latin,1,8074,Fatehabad__Bhattu-Kalan.pdf
Fatehabad,Bhattu Kalan,17,esgwokyk,Woman,NONE,1,"Å""kk",jkds'k dqekj,0,0,efgyk,krutidev,1,78074,Fatehabad__Bhattu-Kalan.pdf
Fatehabad,Bhattu Kalan,17,Mehuwala,Woman,NONE,1,Usha,Rakesh Kumar,0,0,Women,latin,1,8074,Fatehabad__Bhattu-Kalan.pdf
Fatehabad,Bhattu Kalan,18,ihyh eUnksjh,Other than Woman,NONE,0,/keZohj,eaxr jke,0,0,efgyk ds flok;,krutidev,1,78074,Fatehabad__Bhattu-Kalan.pdf
Fatehabad,Bhattu Kalan,18,Pili Mandori,Other than Woman,NONE,0,Dharamvir,Mangat Ram,0,0,Other than Women,latin,1,8074,Fatehabad__Bhattu-Kalan.pdf
Fatehabad,Bhattu Kalan,19,jkeljk,Woman,NONE,1,lquhrk,iou dqekj,0,0,efgyk,krutidev,1,78074,Fatehabad__Bhattu-Kalan.pdf
Fatehabad,Bhattu Kalan,19,Ramsara,Woman,NONE,1,Sunita,Pawan Kumar,0,0,Women,latin,1,8074,Fatehabad__Bhattu-Kalan.pdf
Fatehabad,Bhattu Kalan,20,ljojiqj,Other than Woman,NONE,0,vuwi flag,?kM+lh jke,0,0,efgyk ds flok;,krutidev,1,78074,Fatehabad__Bhattu-Kalan.pdf
Fatehabad,Bhattu Kalan,20,Sarwarpur,Other than Woman,NONE,0,Anoop Singh,Gharsi Ram,0,0,Other than Women,latin,1,8074,Fatehabad__Bhattu-Kalan.pdf
Fatehabad,Bhattu Kalan,21,'ks[kqiqj nMkSyh,BC-A Woman,BC_A,1,lqeu dqekjh,izos'k,0,0,fiNM+k oxZ d efgyk,krutidev,1,78074,Fatehabad__Bhattu-Kalan.pdf
Fatehabad,Bhattu Kalan,21,Shekhupur Daroli,BC-A Woman,BC_A,1,Suman Kumari,Parvesh,0,0,Backward Class 'A' Women,latin,1,8074,Fatehabad__Bhattu-Kalan.pdf
Fatehabad,Bhattu Kalan,22,flj<ku,SC Woman,SC,1,lqeu nsoh,iznhi dqekj,0,0,vuqlwfpr tkfr efgyk,krutidev,1,78074,Fatehabad__Bhattu-Kalan.pdf
Fatehabad,Bhattu Kalan,22,Sirdhan,SC Woman,SC,1,Suman Devi,Pardeep Kumar,0,0,Scheduled Caste Women,latin,1,8074,Fatehabad__Bhattu-Kalan.pdf
Fatehabad,Bhattu Kalan,23,lqyh[ksMk,SC Other than Woman,SC,0,lqYrku flag,';ksuan,0,0,vuqlwfpr tkfr efgyk ds flok;,krutidev,1,78074,Fatehabad__Bhattu-Kalan.pdf
Fatehabad,Bhattu Kalan,23,Sulikhera,SC Other than Woman,SC,0,Sultan Singh,Sheonand,0,0,Scheduled Caste Other than Women,latin,1,8074,Fatehabad__Bhattu-Kalan.pdf
Fatehabad,Bhattu Kalan,24,BqbZ;ka,Other than Woman,NONE,0,lqjs'k dqekj,j.kthr flag,0,0,efgyk ds flok;,krutidev,1,78074,Fatehabad__Bhattu-Kalan.pdf
Fatehabad,Bhattu Kalan,24,Thuiyan,Other than Woman,NONE,0,Suresh Kumar,Ranjit Singh,0,0,Other than Women,latin,1,8074,Fatehabad__Bhattu-Kalan.pdf
Fatehabad,Bhuna,1,Baijalpur,Other than Woman,NONE,0,Hemant,Bahadur Singh,0,0,Other than Women,latin,1,8083,Fatehabad__Bhuna.pdf
Fatehabad,Bhuna,2,Bhattu,Woman,NONE,1,Kirandeep Kaur,Sukhjeet Singh,0,0,Women,latin,1,8083,Fatehabad__Bhuna.pdf
Fatehabad,Bhuna,3,Bhundra,Other than Woman,NONE,0,Davinder Singh,Amarjeet Singh,0,0,Other than Women,latin,1,8083,Fatehabad__Bhuna.pdf
Fatehabad,Bhuna,4,Bhuthan Khurd,Woman,NONE,1,Suman Devi,Anil Kumar,0,0,Women,latin,1,8083,Fatehabad__Bhuna.pdf
Fatehabad,Bhuna,5,Bosti,BC-A Other than Woman,BC_A,0,Sukhvinder,Pala Ram,0,0,Backward Class 'A' Other Than Women,latin,1,8083,Fatehabad__Bhuna.pdf
Fatehabad,Bhuna,6,Buwan,BC-A Woman,BC_A,1,Parmjeet Kaur,Mahender Singh,0,0,Backward Class 'A' Women,latin,1,8083,Fatehabad__Bhuna.pdf
Fatehabad,Bhuna,7,Chandrawal,SC Other than Woman,SC,0,Salender Singh,Hari Singh,0,0,Scheduled Caste Other than Women,latin,1,8083,Fatehabad__Bhuna.pdf
Fatehabad,Bhuna,8,Chaubara,Other than Woman,NONE,0,Joginder,Ram Saroop,0,0,Other than Women,latin,1,8083,Fatehabad__Bhuna.pdf
Fatehabad,Bhuna,9,Dehman,Woman,NONE,1,Geeta Devi,Madan Singh,0,0,Women,latin,1,8083,Fatehabad__Bhuna.pdf
Fatehabad,Bhuna,10,Dhani Bhojraj,SC Woman,SC,1,Jyoti,Rajesh Kumar,0,0,Scheduled Caste Women,latin,1,8083,Fatehabad__Bhuna.pdf
Fatehabad,Bhuna,11,Dhani Dult,Other than Woman,NONE,0,Sandeep,Rajbir Singh,0,0,Other than Women,latin,1,8083,Fatehabad__Bhuna.pdf
Fatehabad,Bhuna,12,Dhani Gopal,Woman,NONE,1,Reshma,Ram Kumar,0,0,Women,latin,1,8083,Fatehabad__Bhuna.pdf
Fatehabad,Bhuna,13,Dhani Sanchla,SC Other than Woman,SC,0,Rajender Singh,Sohanlal,0,0,Scheduled Caste Other than Women,latin,1,8083,Fatehabad__Bhuna.pdf
Fatehabad,Bhuna,14,Dholu,SC Woman,SC,1,Kavita,Sunil Kumar,0,0,Scheduled Caste Women,latin,1,8083,Fatehabad__Bhuna.pdf
Fatehabad,Bhuna,15,Digoh,Other than Woman,NONE,0,Harsimran Singh,Daljeet Singh,0,0,Other than Women,latin,1,8083,Fatehabad__Bhuna.pdf
Fatehabad,Bhuna,16,Dult,Woman,NONE,1,Harpreet Kaur,Sukhvinder Singh,0,0,Women,latin,1,8083,Fatehabad__Bhuna.pdf
Fatehabad,Bhuna,17,Ghotru,Other than Woman,NONE,0,Gulab Singh,Prem Chand,0,0,Other than Women,latin,1,8083,Fatehabad__Bhuna.pdf
Fatehabad,Bhuna,18,Gorakhpur,SC Other than Woman,SC,0,Mandeep Kumar,Jagdish Chander,0,0,Scheduled Caste Other than Women,latin,1,8083,Fatehabad__Bhuna.pdf
Fatehabad,Bhuna,19,Jandli Kalan,Woman,NONE,1,Sheela Devi,Dalbir Singh,0,0,Women,latin,1,8083,Fatehabad__Bhuna.pdf
Fatehabad,Bhuna,20,Jandli Khurd,Other than Woman,NONE,0,Balwant,Kanhiya Ram,0,0,Other than Women,latin,1,8083,Fatehabad__Bhuna.pdf
Fatehabad,Bhuna,21,Kani Kheri,Woman,NONE,1,Suman Devi,Satish Kumar,0,0,Women,latin,1,8083,Fatehabad__Bhuna.pdf
Fatehabad,Bhuna,22,Khasa Pathana,Other than Woman,NONE,0,Mange Ram,Manphool,0,0,Other than Women,latin,1,8083,Fatehabad__Bhuna.pdf
Fatehabad,Bhuna,23,Lehrian,Other than Woman,NONE,0,Aruna,Navdeep Nehra,0,0,Other than Women,latin,0,8083,Fatehabad__Bhuna.pdf
Fatehabad,Bhuna,24,Mochiwali,SC Woman,SC,1,Anu Rani,Deepak Kumar,0,0,Scheduled Caste Women,latin,1,8083,Fatehabad__Bhuna.pdf
Fatehabad,Bhuna,25,Nadhori,SC Other than Woman,SC,0,Narender Kumar,Om Parkash,0,0,Scheduled Caste Other than Women,latin,1,8083,Fatehabad__Bhuna.pdf
Fatehabad,Bhuna,26,Nehla,Other than Woman,NONE,0,Krishan Kumar,Shri Chand,0,0,Other than Women,latin,1,8083,Fatehabad__Bhuna.pdf
Fatehabad,Bhuna,27,Rehankheri,Woman,NONE,1,Kulwinder Kaur,Pargat Singh,0,0,Women,latin,1,8083,Fatehabad__Bhuna.pdf
Fatehabad,Bhuna,28,Sinthla,Other than Woman,NONE,0,Sudhir,Vijay Kumar,0,0,Other than Women,latin,1,8083,Fatehabad__Bhuna.pdf
Fatehabad,Bhuna,29,Tibbi,Woman,NONE,1,Pooja,Sunil Kumar,0,0,Women,latin,1,8083,Fatehabad__Bhuna.pdf
Fatehabad,Fatehabad,1,Ahlisadar,SC Other than Woman,SC,0,Raman Kumar,Harnam Singh,0,0,Scheduled Cast other than Women,latin,1,8047,Fatehabad__Fatehabad.pdf
Fatehabad,Fatehabad,2,Akanwali,Other than Woman,NONE,0,Mohan Lal,Mahender Singh,0,0,Other than Women,latin,1,8047,Fatehabad__Fatehabad.pdf
Fatehabad,Fatehabad,3,Ayalki,BC-A Woman,BC_A,1,Kavita Rani,Mahender Singh,0,0,Backward Class ‘A’ Women,latin,1,8047,Fatehabad__Fatehabad.pdf
Fatehabad,Fatehabad,4,Badopal,SC Woman,SC,1,Reshma,Suresh Kumar,0,0,Scheduled Cast Women,latin,1,8047,Fatehabad__Fatehabad.pdf
Fatehabad,Fatehabad,5,Bahal Bhomia Rampura,Other than Woman,NONE,0,Jitender Kumar,Ram Sawroop,0,0,Other than Women,latin,1,8047,Fatehabad__Fatehabad.pdf
Fatehabad,Fatehabad,6,Bangaon,Woman,NONE,1,Suman,Balwan,0,0,Women,latin,1,8047,Fatehabad__Fatehabad.pdf
Fatehabad,Fatehabad,7,Barseen,Other than Woman,NONE,0,Vikas Kumar,Madan Lal,0,0,Other Than Women,latin,1,8047,Fatehabad__Fatehabad.pdf
Fatehabad,Fatehabad,8,Basti Bhiwan,SC Other than Woman,SC,0,Sulakhan Singh,Kakka Singh,1,0,Scheduled Cast other than Women,latin,1,8047,Fatehabad__Fatehabad.pdf
Fatehabad,Fatehabad,9,Bhirdana,SC Woman,SC,1,Parmjeet Kaur,Jasvinder Singh,0,0,Scheduled Cast Women,latin,1,8047,Fatehabad__Fatehabad.pdf
Fatehabad,Fatehabad,10,Bhoda Hoshnak,SC Other than Woman,SC,0,Ramesh,Sadhu Ram,0,0,Scheduled Cast other than Women,latin,1,8047,Fatehabad__Fatehabad.pdf
Fatehabad,Fatehabad,11,Bhodia Khera,Woman,NONE,1,Kaushalya,Anil Kumar,1,0,Women,latin,1,8047,Fatehabad__Fatehabad.pdf
Fatehabad,Fatehabad,12,Bhuthan Kalan,Other than Woman,NONE,0,Raj Kumar,Ram Swarup,0,0,Other than Women,latin,1,8047,Fatehabad__Fatehabad.pdf
Fatehabad,Fatehabad,13,Bighar,Woman,NONE,1,Sarabjit Kaur,Jagmit Singh,0,0,Women,latin,1,8047,Fatehabad__Fatehabad.pdf
Fatehabad,Fatehabad,14,Bighar I,Other than Woman,NONE,0,Hari Krishan,Ram Chand,0,0,Other than Women,latin,1,8047,Fatehabad__Fatehabad.pdf
Fatehabad,Fatehabad,15,Bighar Ii,Woman,NONE,1,Amandeep,Manoj Kumar,0,0,Women,latin,1,8047,Fatehabad__Fatehabad.pdf
Fatehabad,Fatehabad,16,Bisla,SC Woman,SC,1,Poonam,Ashok Kumar,0,0,Scheduled Cast Women,latin,1,8047,Fatehabad__Fatehabad.pdf
Fatehabad,Fatehabad,17,Boswal,Other than Woman,NONE,0,Ranveer Singh,Jyoti Parkash,0,0,Other than Women,latin,1,8047,Fatehabad__Fatehabad.pdf
Fatehabad,Fatehabad,18,Chapla Mori,Woman,NONE,1,Monika,Sandeep Kumar,1,0,Women,latin,1,8047,Fatehabad__Fatehabad.pdf
Fatehabad,Fatehabad,19,Chinder,Other than Woman,NONE,0,Sumit Kumar Godara,Manphool,0,0,Other than Women,latin,1,8047,Fatehabad__Fatehabad.pdf
Fatehabad,Fatehabad,20,Daryapur,Woman,NONE,1,Suman Rani,Suresh Kumar,0,0,Women,latin,1,8047,Fatehabad__Fatehabad.pdf
Fatehabad,Fatehabad,21,Daulatpur,Other than Woman,NONE,0,Sanjay Kumar,Tulsi Ram,0,0,Other than Women,latin,1,8047,Fatehabad__Fatehabad.pdf
Fatehabad,Fatehabad,22,Dhangar,Woman,NONE,1,Sunila,Shri Ram,0,0,Women,latin,1,8047,Fatehabad__Fatehabad.pdf
Fatehabad,Fatehabad,23,Dhani Binja Lamba,Other than Woman,NONE,0,Ram Niwash,Nihal Singh,0,0,Other than Women,latin,1,8047,Fatehabad__Fatehabad.pdf
Fatehabad,Fatehabad,24,Dhani Chhatrian,BC-A Woman,BC_A,1,Sonia,Ashok Kumar,0,0,Backward Class ‘A’ Women,latin,1,8047,Fatehabad__Fatehabad.pdf
Fatehabad,Fatehabad,25,Dhani Majra,SC Other than Woman,SC,0,Hawa Singh,Balbir,0,0,Scheduled Cast other than Women,latin,1,8047,Fatehabad__Fatehabad.pdf
Fatehabad,Fatehabad,26,Dhani Tahliwali,Other than Woman,NONE,0,Navdeep Singh,Lakhbir Singh,0,0,Other than Women,latin,1,8047,Fatehabad__Fatehabad.pdf
Fatehabad,Fatehabad,27,Dhani Thoba,Woman,NONE,1,Pritam,Manoj Kumar,1,0,Women,latin,1,8047,Fatehabad__Fatehabad.pdf
Fatehabad,Fatehabad,28,Dharnia,Other than Woman,NONE,0,Hanuman Singh,Phusa Ram,0,0,Other than Women,latin,1,8047,Fatehabad__Fatehabad.pdf
Fatehabad,Fatehabad,29,Gillan Khera,Woman,NONE,1,Shital Devi,Dhiraj Kumar,0,0,Women,latin,1,8047,Fatehabad__Fatehabad.pdf
Fatehabad,Fatehabad,30,Haripura,Other than Woman,NONE,0,Om Parkash,Jamal Ram,0,0,Other than Women,latin,1,8047,Fatehabad__Fatehabad.pdf
Fatehabad,Fatehabad,31,Hizrawan Kalan,Woman,NONE,1,Paramjeet Kaur,Karan Singh,0,0,Women,latin,1,8047,Fatehabad__Fatehabad.pdf
Fatehabad,Fatehabad,32,Jhalania,Other than Woman,NONE,0,Ram Chander,Surja Ram,0,0,Other than Women,latin,1,8047,Fatehabad__Fatehabad.pdf
Fatehabad,Fatehabad,33,Kajal Heri,Woman,NONE,1,Ansuiya,Mohit,0,0,Women,latin,1,8047,Fatehabad__Fatehabad.pdf
Fatehabad,Fatehabad,34,Karnauli,Other than Woman,NONE,0,Paramvir Pal Singh,Rajpal Singh,0,0,Other than Women,latin,1,8047,Fatehabad__Fatehabad.pdf
Fatehabad,Fatehabad,35,Kata Kheri,BC-A Woman,BC_A,1,Vacant,,0,1,Backward Class ‘A’ Women,latin,1,8047,Fatehabad__Fatehabad.pdf
Fatehabad,Fatehabad,36,Khairati Khera,SC Woman,SC,1,Jasbeer Kaur,Bhan Singh,0,0,Scheduled Cast Women,latin,1,8047,Fatehabad__Fatehabad.pdf
Fatehabad,Fatehabad,37,Khajuri Jatti,Other than Woman,NONE,0,Sita Ram,Bhajan Lal,0,0,Other than Women,latin,1,8047,Fatehabad__Fatehabad.pdf
Fatehabad,Fatehabad,38,Khan Mohammad,Woman,NONE,1,Suman Rani,Harpal Singh,0,0,Women,latin,1,8047,Fatehabad__Fatehabad.pdf
Fatehabad,Fatehabad,39,Khara Kheri,Other than Woman,NONE,0,Sanjay Kumar,Gurdayal,0,0,Other than Women,latin,1,8047,Fatehabad__Fatehabad.pdf
Fatehabad,Fatehabad,40,Kumharia,SC Other than Woman,SC,0,Suresh Kumar,Lalchand,0,0,Scheduled Cast other than Women,latin,1,8047,Fatehabad__Fatehabad.pdf
Fatehabad,Fatehabad,41,Majra,Woman,NONE,1,Sunita Devi,Vishwamitra,0,0,Women,latin,1,8047,Fatehabad__Fatehabad.pdf
Fatehabad,Fatehabad,42,Manawali,SC Woman,SC,1,Babita,Ram Singh,0,0,Scheduled Cast Women,latin,1,8047,Fatehabad__Fatehabad.pdf
Fatehabad,Fatehabad,43,Matana,Other than Woman,NONE,0,Dalbir Singh,Jagdish,0,0,Other than Women,latin,1,8047,Fatehabad__Fatehabad.pdf
Fatehabad,Fatehabad,44,Mohammadpur Rohi 1,SC Other than Woman,SC,0,Rameshwar Dass,Ram Kumar,0,0,Scheduled Cast other than Women,latin,1,8047,Fatehabad__Fatehabad.pdf
Fatehabad,Fatehabad,45,Mohammadpur Rohi 2,Woman,NONE,1,Rinki,Kewal Parkash,0,0,Women,latin,1,8047,Fatehabad__Fatehabad.pdf
Fatehabad,Fatehabad,46,Rajabad,Other than Woman,NONE,0,Gurbhej Singh,Balkar Singh,0,0,Other than Women,latin,1,8047,Fatehabad__Fatehabad.pdf
Fatehabad,Fatehabad,47,Salam Khera,BC-A Woman,BC_A,1,Dalbir Kaur,Gurnam Singh,0,0,Backward Class ‘A’ Women,latin,1,8047,Fatehabad__Fatehabad.pdf
Fatehabad,Fatehabad,48,Shahidanwali,Other than Woman,NONE,0,Maharana Partap,Babu Ram,0,0,Other than Women,latin,1,8047,Fatehabad__Fatehabad.pdf
Fatehabad,Jakhal,1,Chandpura,Other than Woman,NONE,0,Amrik Singh,Gamdoor Singh,0,0,Other than Women,latin,1,8101,Fatehabad__Jakhal.pdf
Fatehabad,Jakhal,2,Chuharpur,Woman,NONE,1,Harpreet Kaur,Jasvinder Singh,0,0,Women,latin,1,8101,Fatehabad__Jakhal.pdf
Fatehabad,Jakhal,3,Dher,SC Other than Woman,SC,0,Tarsem Singh,Bawa Singh,0,0,Scheduled Caste other than Women,latin,1,8101,Fatehabad__Jakhal.pdf
Fatehabad,Jakhal,4,Diwana,SC Woman,SC,1,Sonia,Bittu,0,0,Scheduled Caste Women,latin,1,8101,Fatehabad__Jakhal.pdf
Fatehabad,Jakhal,5,Gullarwala,Other than Woman,NONE,0,Kamaldeep Singh,Darshan Singh,0,0,Other than Women,latin,1,8101,Fatehabad__Jakhal.pdf
Fatehabad,Jakhal,6,Jakhal,SC Other than Woman,SC,0,Arjun Singh,Jarnail Singh,0,0,Scheduled Caste other than Women,latin,1,8101,Fatehabad__Jakhal.pdf
Fatehabad,Jakhal,7,Karandi,Woman,NONE,1,Lovepreet Kaur,Jagseer Singh,0,0,Women,latin,1,8101,Fatehabad__Jakhal.pdf
Fatehabad,Jakhal,8,Kanakhera,SC Woman,SC,1,Sukho Devi,Gurpreet Singh,0,0,Scheduled Caste Women,latin,1,8101,Fatehabad__Jakhal.pdf
Fatehabad,Jakhal,9,Kudni,Other than Woman,NONE,0,Sandeep Kumar,Madan Lal,0,0,Other than Women,latin,1,8101,Fatehabad__Jakhal.pdf
Fatehabad,Jakhal,10,Lehratheh,Woman,NONE,1,Kamaljeet,Ramesh Kumar,1,0,Women,latin,1,8101,Fatehabad__Jakhal.pdf
Fatehabad,Jakhal,11,Meyond Boganwali,SC Woman,SC,1,Manpreet Kaur,Chhinderpal,0,0,Scheduled Caste Women,latin,1,8101,Fatehabad__Jakhal.pdf
Fatehabad,Jakhal,12,Meyond Begamwali,SC Other than Woman,SC,0,Gurmeet Singh,Arjun Singh,0,0,Scheduled Caste other than Women,latin,1,8101,Fatehabad__Jakhal.pdf
Fatehabad,Jakhal,13,Mundaliyan,Other than Woman,NONE,0,Kuldeep Singh,Gumman Singh,0,0,Other than Women,latin,1,8101,Fatehabad__Jakhal.pdf
Fatehabad,Jakhal,14,Mussakhera,SC Other than Woman,SC,0,Balwinder Singh,Jarnail Singh,0,0,Scheduled Caste other than Women,latin,1,8101,Fatehabad__Jakhal.pdf
Fatehabad,Jakhal,15,Narel,Woman,NONE,1,Jaswinder Kaur,Bagga Singh,0,0,Women,latin,1,8101,Fatehabad__Jakhal.pdf
Fatehabad,Jakhal,16,Nathuwal,BC-A Other than Woman,BC_A,0,Gurmail Singh,Mohinder Singh,0,0,Backward Class 'A' Other than Women,latin,1,8101,Fatehabad__Jakhal.pdf
Fatehabad,Jakhal,17,Ratta Theh,SC Woman,SC,1,Murti Kaur,Kuldeep Singh,0,0,Scheduled Caste Women,latin,1,8101,Fatehabad__Jakhal.pdf
Fatehabad,Jakhal,18,Rupanwali,Woman,NONE,1,Jasvinder Kaur,Jeevan Ram,0,0,Women,latin,1,8101,Fatehabad__Jakhal.pdf
Fatehabad,Jakhal,19,Sadhanwas,SC Other than Woman,SC,0,Gurpreet Singh,Sukha Singh,0,0,Scheduled Caste other than Women,latin,1,8101,Fatehabad__Jakhal.pdf
Fatehabad,Jakhal,20,Shakarpura,SC Woman,SC,1,Vandana Rani,Parveen Kumar,0,0,Scheduled Caste Women,latin,1,8101,Fatehabad__Jakhal.pdf
Fatehabad,Jakhal,21,Sidhani,Other than Woman,NONE,0,Sonu,Chand,0,0,Other than Women,latin,1,8101,Fatehabad__Jakhal.pdf
Fatehabad,Jakhal,22,Talwara,Woman,NONE,1,Amandeep Kaur,Mandeep Singh,0,0,Women,latin,1,8101,Fatehabad__Jakhal.pdf
Fatehabad,Jakhal,23,Talwari,Other than Woman,NONE,0,Jagdish Singh,Nachhattar Singh,0,0,Other than Women,latin,1,8101,Fatehabad__Jakhal.pdf
Fatehabad,Jakhal,24,Udaypur,SC Other than Woman,SC,0,Jaskirat Singh,Budh Ram,0,0,Scheduled Caste other than Women,latin,1,8101,Fatehabad__Jakhal.pdf
Fatehabad,Nagpur,1,Ajit Nagar (Ganda),BC-A Other than Woman,BC_A,0,Ramesh Kumar,Sh. Karam Chand,1,0,Backward Class ‘A’ other than Women,latin,1,8092,Fatehabad__Nagpur.pdf
Fatehabad,Nagpur,2,Alawalwas,SC Other than Woman,SC,0,Vikram Singh,Sh. Harmail Singh,0,0,Scheduled Caste other than Women,latin,1,8092,Fatehabad__Nagpur.pdf
Fatehabad,Nagpur,3,Alikan,Woman,NONE,1,Monika,Sh. Suresh Kumar,0,0,Women,latin,1,8092,Fatehabad__Nagpur.pdf
Fatehabad,Nagpur,4,Banawali Sottar,Other than Woman,NONE,0,Chhinder Pal,Sh. Ram Chand,1,0,Other than Women,latin,1,8092,Fatehabad__Nagpur.pdf
Fatehabad,Nagpur,5,Behbalpur,Woman,NONE,1,Mandeep Kaur,Sh. Gurpeet Singh,0,0,Women,latin,1,8092,Fatehabad__Nagpur.pdf
Fatehabad,Nagpur,6,Bharolanwali,Other than Woman,NONE,0,Rajesh Kumar,Sh. Bhim Singh,1,0,Other than Women,latin,1,8092,Fatehabad__Nagpur.pdf
Fatehabad,Nagpur,7,Bhattu Khurd,SC Woman,SC,1,Suman Rani,Sh. Mange Ram,0,0,Scheduled Caste Women,latin,1,8092,Fatehabad__Nagpur.pdf
Fatehabad,Nagpur,8,Biranbadi,Woman,NONE,1,Kawaljeet Kaur,Sh. Sukhraj Singh,0,0,Women,latin,1,8092,Fatehabad__Nagpur.pdf
Fatehabad,Nagpur,9,Chankothi,Other than Woman,NONE,0,Khushwant Singh,Sh. Bhola Singh,0,0,Other than Women,latin,1,8092,Fatehabad__Nagpur.pdf
Fatehabad,Nagpur,10,Dadupur,Woman,NONE,1,Prerna,Sh. Vishnu Ram,0,0,Women,latin,1,8092,Fatehabad__Nagpur.pdf
Fatehabad,Nagpur,11,Dhani Dadupur,SC Other than Woman,SC,0,Jaspreet Singh,Sh. Gurbaksh Singh,0,0,Scheduled Caste other than Women,latin,1,8092,Fatehabad__Nagpur.pdf
Fatehabad,Nagpur,12,Dhani Ishar,Other than Woman,NONE,0,Mohit Kumar,Sh. Hawa Singh,0,0,Other than Women,latin,1,8092,Fatehabad__Nagpur.pdf
Fatehabad,Nagpur,13,Hanspur,Woman,NONE,1,Lakhwinder Kaur,Sh. Balraj Singh,0,0,Women,latin,1,8092,Fatehabad__Nagpur.pdf
Fatehabad,Nagpur,14,Haroli,SC Woman,SC,1,Rachna Kaur,Sh. Gagandeep Singh,0,0,Scheduled Caste Women,latin,1,8092,Fatehabad__Nagpur.pdf
Fatehabad,Nagpur,15,Hizrawan Khurd,SC Other than Woman,SC,0,Lakshman Dass,Sh. Diwan Chand,0,0,Scheduled Caste other than Women,latin,1,8092,Fatehabad__Nagpur.pdf
Fatehabad,Nagpur,16,Hukmanwali,SC Woman,SC,1,Suman,Sh. Balwant Singh,0,0,Scheduled Caste Women,latin,1,8092,Fatehabad__Nagpur.pdf
Fatehabad,Nagpur,17,Jallopur,Other than Woman,NONE,0,Mange Ram,Sh. Surja Ram,0,0,Other than Women,latin,1,8092,Fatehabad__Nagpur.pdf
Fatehabad,Nagpur,18,Jandwala Sotter,SC Other than Woman,SC,0,Ram Kumar,Sh. Chaina Ram,0,0,Scheduled Caste other than Women,latin,1,8092,Fatehabad__Nagpur.pdf
Fatehabad,Nagpur,19,Karian,Woman,NONE,1,Saroj Rani,Sh. Anil Kumar,0,0,Women,latin,1,8092,Fatehabad__Nagpur.pdf
Fatehabad,Nagpur,20,Khairpur,SC Woman,SC,1,Karamjit Kaur,Sh. Sandeep Kumar,0,0,Scheduled Caste Women,latin,1,8092,Fatehabad__Nagpur.pdf
Fatehabad,Nagpur,21,Khumber,Other than Woman,NONE,0,Gurpreet Singh,Sh. Ajaib Singh,0,0,Other than Women,latin,1,8092,Fatehabad__Nagpur.pdf
Fatehabad,Nagpur,22,Khundan,Woman,NONE,1,Paramjeet Kaur,Sh. Lakhwinder Singh,0,0,Women,latin,1,8092,Fatehabad__Nagpur.pdf
Fatehabad,Nagpur,23,Madh,SC Other than Woman,SC,0,Malkeet Kumar,Sh. Raj Kumar,0,0,Scheduled Caste other than Women,latin,1,8092,Fatehabad__Nagpur.pdf
Fatehabad,Nagpur,24,Malhar,SC Woman,SC,1,Sukho Devi,Sh. Rajender Kumar,0,0,Scheduled Caste Women,latin,1,8092,Fatehabad__Nagpur.pdf
Fatehabad,Nagpur,25,Malwala,Other than Woman,NONE,0,Ranjeet Singh,Sh. Bhagwan Singh,0,0,Other than Women,latin,1,8092,Fatehabad__Nagpur.pdf
Fatehabad,Nagpur,26,Manakpur,SC Other than Woman,SC,0,Amritpal Singh,Sh. Satpal Singh,1,0,Scheduled Caste other than Women,latin,1,8092,Fatehabad__Nagpur.pdf
Fatehabad,Nagpur,27,Musa Ahli,SC Woman,SC,1,Sunita Devi,Sh. Roshan Singh,0,0,Scheduled Caste Women,latin,1,8092,Fatehabad__Nagpur.pdf
Fatehabad,Nagpur,28,Nagpur,Woman,NONE,1,Anita Rani,Sh. Sanjeev Kumar,0,0,Women,latin,1,8092,Fatehabad__Nagpur.pdf
Fatehabad,Nagpur,29,Nakhatia,Other than Woman,NONE,0,Navdeep Aulakh,Sh. Harjinder Aulakh,0,0,Other than Women,latin,1,8092,Fatehabad__Nagpur.pdf
Fatehabad,Nagpur,30,Nakta,SC Other than Woman,SC,0,Jai Bhagwan,Sh. Satbir,0,0,Scheduled Caste other than Women,latin,1,8092,Fatehabad__Nagpur.pdf
Fatehabad,Nagpur,31,Noorki Ahli,BC-A Woman,BC_A,1,Bimla Rani,Sh. Rakesh Kumar,1,0,Backward Class 'A' Women,latin,1,8092,Fatehabad__Nagpur.pdf
Fatehabad,Nagpur,32,Pilchhian,Other than Woman,NONE,0,Balwinder Singh,Sh. Sher Singh,1,0,Other than Women,latin,1,8092,Fatehabad__Nagpur.pdf
Fatehabad,Nagpur,33,Ratta Tibba,Woman,NONE,1,Manju,Sh. Gaurav Chandel,0,0,Women,latin,1,8092,Fatehabad__Nagpur.pdf
Fatehabad,Nagpur,34,Tamaspura,BC-A Other than Woman,BC_A,0,Tarsem Singh,Sh. Charan Singh,0,0,Backward Class ‘A’ other than Women,latin,1,8092,Fatehabad__Nagpur.pdf
Fatehabad,Nagpur,35,Theiri,Woman,NONE,1,Kuldeep Kaur,Sh. Joginder Singh,0,0,Women,latin,1,8092,Fatehabad__Nagpur.pdf
Fatehabad,Ratia,1,Aherwan,SC Other than Woman,SC,0,Mukhatyar Singh,Bheera Ram,0,0,Scheduled Caste Other than Women,latin,1,8065,Fatehabad__Ratia.pdf
Fatehabad,Ratia,2,Alipur Barota,SC Woman,SC,1,Pushpa,Mukesh Kumar,0,0,Scheduled Caste Women,latin,1,8065,Fatehabad__Ratia.pdf
Fatehabad,Ratia,3,Babanpur,SC Other than Woman,SC,0,Sandeep Singh,Amrik Singh,0,0,Scheduled Caste Other than Women,latin,1,8065,Fatehabad__Ratia.pdf
Fatehabad,Ratia,4,Badalgarh,Other than Woman,NONE,0,Satgur Singh,Jangir Singh,0,0,Other than Women,latin,1,8065,Fatehabad__Ratia.pdf
Fatehabad,Ratia,5,Bahmanwala,SC Woman,SC,1,Karmjeet Kaur,Harjiwan Singh,0,0,Scheduled Caste Women,latin,1,8065,Fatehabad__Ratia.pdf
Fatehabad,Ratia,6,Bahamanwala Plot,Woman,NONE,1,Ravinder Kaur,Milkha Singh,1,0,Women,latin,1,8065,Fatehabad__Ratia.pdf
Fatehabad,Ratia,7,Baliala,BC-A Other than Woman,BC_A,0,Parveen,Satnam Dass,0,0,Backward Class 'A' Other than Women,latin,1,8065,Fatehabad__Ratia.pdf
Fatehabad,Ratia,8,Bara,SC Other than Woman,SC,0,Gurjeet Singh,Pala Singh,1,0,Scheduled Caste Other than Women,latin,1,8065,Fatehabad__Ratia.pdf
Fatehabad,Ratia,9,Bhanikhera,Woman,NONE,1,Jaswinder Kaur,Sukhveer Singh,0,0,Women,latin,1,8065,Fatehabad__Ratia.pdf
Fatehabad,Ratia,10,Bharpur,SC Woman,SC,1,Jyoti,Dinesh Bharti,0,0,Scheduled Caste Women,latin,1,8065,Fatehabad__Ratia.pdf
Fatehabad,Ratia,11,Bhunderwas,Other than Woman,NONE,0,Sarvjit Singh,Mejar Singh,0,0,Other than Women,latin,1,8065,Fatehabad__Ratia.pdf
Fatehabad,Ratia,12,Bora,BC-A Woman,BC_A,1,Soma Rani,Raj Kumar,0,0,Backward Class 'A' Women,latin,1,8065,Fatehabad__Ratia.pdf
Fatehabad,Ratia,13,Burj,SC Other than Woman,SC,0,Najam Singh,Gullu Ram,0,0,Scheduled Caste Other than Women,latin,1,8065,Fatehabad__Ratia.pdf
Fatehabad,Ratia,14,Chando kalan,SC Woman,SC,1,Amarjeet Kaur,Manak Chand,0,0,Scheduled Caste Women,latin,1,8065,Fatehabad__Ratia.pdf
Fatehabad,Ratia,15,Chando khurd,SC Other than Woman,SC,0,Kashmir Chand,Kewal Krishan,0,0,Scheduled Caste Other than Women,latin,1,8065,Fatehabad__Ratia.pdf
Fatehabad,Ratia,16,Chimmo,Other than Woman,NONE,0,Pyara Singh,Narayan Dass,0,0,Other than Women,latin,1,8065,Fatehabad__Ratia.pdf
Fatehabad,Ratia,17,Dhani Babanpur,SC Woman,SC,1,Amandeep Kaur,Gagandeep Singh,0,0,Scheduled Caste Women,latin,1,8065,Fatehabad__Ratia.pdf
Fatehabad,Ratia,18,Dhani Bilaspur,Woman,NONE,1,Babita Rani,Rajesh Kumar,0,0,Women,latin,1,8065,Fatehabad__Ratia.pdf
Fatehabad,Ratia,19,Dhani JakhanDadi,Other than Woman,NONE,0,Satpal Singh,Sukhwinder Singh,0,0,Other than Women,latin,1,8065,Fatehabad__Ratia.pdf
Fatehabad,Ratia,20,Ghaswa,SC Other than Woman,SC,0,Gurcharan Singh,Jaggar Singh,0,0,Scheduled Caste Other than Women,latin,1,8065,Fatehabad__Ratia.pdf
Fatehabad,Ratia,21,Gurusar,SC Woman,SC,1,Gurpreet Kaur,Baggi Singh,0,0,Scheduled Caste Women,latin,1,8065,Fatehabad__Ratia.pdf
Fatehabad,Ratia,22,Hamjapur,Woman,NONE,1,Parmjeet Kaur,Davinder Singh,0,0,Women,latin,1,8065,Fatehabad__Ratia.pdf
Fatehabad,Ratia,23,Hassinga,SC Other than Woman,SC,0,Vakil,Banwari Lal,0,0,Scheduled Caste Other than Women,latin,1,8065,Fatehabad__Ratia.pdf
Fatehabad,Ratia,24,Kalotha,BC-A Other than Woman,BC_A,0,Murari Lal,Satnam Das,0,0,Backward Class 'A' Other than Women,latin,1,8065,Fatehabad__Ratia.pdf
Fatehabad,Ratia,25,Kamana,Woman,NONE,1,Swaranjit Kaur,Parshotam Singh,0,0,Women,latin,1,8065,Fatehabad__Ratia.pdf
Fatehabad,Ratia,26,KANWALGARH,Other than Woman,NONE,0,Gurtej Singh,Nachattar Singh,0,0,Other than Women,latin,1,8065,Fatehabad__Ratia.pdf
Fatehabad,Ratia,28,Kunal,SC Woman,SC,1,Sandeep Kaur,Hardeep Singh,0,0,Scheduled Caste Women,latin,1,8065,Fatehabad__Ratia.pdf
Fatehabad,Ratia,29,Ladhuwas,Other than Woman,NONE,0,Sukhjinder Singh,Jaswant Singh,0,0,Other than Women,latin,1,8065,Fatehabad__Ratia.pdf
Fatehabad,Ratia,30,Lali,Woman,NONE,1,Neelam Rani,Ravi Kumar,0,0,Women,latin,1,8065,Fatehabad__Ratia.pdf
Fatehabad,Ratia,31,Lamba Teliwara,Other than Woman,NONE,0,Gurdev Singh,Harbhajan Singh,0,0,Other than Women,latin,1,8065,Fatehabad__Ratia.pdf
Fatehabad,Ratia,32,Luthera,SC Other than Woman,SC,0,Jaswinder Singh,Nazar Singh,0,0,Scheduled Caste Other than Women,latin,1,8065,Fatehabad__Ratia.pdf
Fatehabad,Ratia,33,Mehamdki,SC Woman,SC,1,Beant Kaur,Hardev Singh,0,0,Scheduled Caste Women,latin,1,8065,Fatehabad__Ratia.pdf
Fatehabad,Ratia,34,Mehmara,SC Other than Woman,SC,0,Devilal,Hansraj,0,0,Scheduled Caste Other than Women,latin,1,8065,Fatehabad__Ratia.pdf
Fatehabad,Ratia,35,Mirana,SC Woman,SC,1,Ram Murti,Suresh Kumar,0,0,Scheduled Caste Women,latin,1,8065,Fatehabad__Ratia.pdf
Fatehabad,Ratia,36,Mohmadpur Sotter,SC Other than Woman,SC,0,Bhag Singh,Sujaan Singh,0,0,Scheduled Caste Other than Women,latin,1,8065,Fatehabad__Ratia.pdf
Fatehabad,Ratia,37,Munshiwali,SC Woman,SC,1,Shakuntla,Rakesh Kumar,0,0,Scheduled Caste Women,latin,1,8065,Fatehabad__Ratia.pdf
Fatehabad,Ratia,38,Nangal,Woman,NONE,1,Navneet Kaur,Parvinder Singh,0,0,Women,latin,1,8065,Fatehabad__Ratia.pdf
Fatehabad,Ratia,39,Nathwan,Other than Woman,NONE,0,Jagdev Singh,Kuldeep Singh,0,0,Other than Women,latin,1,8065,Fatehabad__Ratia.pdf
Fatehabad,Ratia,40,Nikuana,Woman,NONE,1,Baljit Kaur,Harmit Singh,0,0,Women,latin,1,8065,Fatehabad__Ratia.pdf
Fatehabad,Ratia,41,Palsar,Other than Woman,NONE,0,Juganjit Singh,Nachhatar Singh,0,0,Other than Women,latin,1,8065,Fatehabad__Ratia.pdf
Fatehabad,Ratia,42,Phoolan,SC Other than Woman,SC,0,Sunil Kumar,Bhag Chand,0,0,Scheduled Caste Other than Women,latin,1,8065,Fatehabad__Ratia.pdf
Fatehabad,Ratia,43,Raipur,Woman,NONE,1,Rupinder Kaur,Mohanpal Singh,0,0,Women,latin,1,8065,Fatehabad__Ratia.pdf
Fatehabad,Ratia,44,Rattakhera,Other than Woman,NONE,0,Arvind Kumar,Prithvi Raj,0,0,Other than Women,latin,1,8065,Fatehabad__Ratia.pdf
Fatehabad,Ratia,45,Rattangarh,Woman,NONE,1,Kiranpal Kaur,Vikas Kumar,0,0,Women,latin,1,8065,Fatehabad__Ratia.pdf
Fatehabad,Ratia,46,Rojhanwali,Other than Woman,NONE,0,Parshotam Singh,Gamdoor Singh,1,0,Other than Women,latin,1,8065,Fatehabad__Ratia.pdf
Fatehabad,Ratia,47,Sardarewala,Woman,NONE,1,Gurpreet Kaur,Kuldeep Kumar,0,0,Women,latin,1,8065,Fatehabad__Ratia.pdf
Fatehabad,Ratia,48,Sehnal,Other than Woman,NONE,0,Satpal Singh,Ram Chander,0,0,Other than Women,latin,1,8065,Fatehabad__Ratia.pdf
Fatehabad,Ratia,49,Shekhupur Sotter,BC-A Woman,BC_A,1,Hardeep Kaur,Gagandeep Singh,0,0,Backward Class 'A' Women,latin,0,8065,Fatehabad__Ratia.pdf
Fatehabad,Ratia,50,Sukhmanpur,Other than Woman,NONE,0,Gurmit Singh,Birsa Singh,0,0,Other than Women,latin,1,8065,Fatehabad__Ratia.pdf
Fatehabad,Tohana,1,Akanwali,Other than Woman,NONE,0,Jaspal Singh,Santokh Singh,0,0,Other than Women,latin,1,8056,Fatehabad__Tohana.pdf
Fatehabad,Tohana,2,Amani,Woman,NONE,1,Mukesh Rani,Gurpal Singh,0,0,Women,latin,1,8056,Fatehabad__Tohana.pdf
Fatehabad,Tohana,3,Baliawala,Other than Woman,NONE,0,Dharam Singh,Jagat Ram,0,0,Other than Women,latin,1,8056,Fatehabad__Tohana.pdf
Fatehabad,Tohana,4,Bhimewala,Woman,NONE,1,Nirmla,Suresh Kumar,0,0,Women,latin,1,8056,Fatehabad__Tohana.pdf
Fatehabad,Tohana,5,Bhodi,SC Other than Woman,SC,0,Piyara Singh,Bachna Ram,0,0,Scheduled Caste Other than Women,latin,1,8056,Fatehabad__Tohana.pdf
Fatehabad,Tohana,6,Bhodia Khera,SC Woman,SC,1,Sukhwinder Kaur,Ravi kumar,0,0,Scheduled Caste Women,latin,1,8056,Fatehabad__Tohana.pdf
Fatehabad,Tohana,7,Bidhai Khera,Other than Woman,NONE,0,Ramesh,Jagdish,0,0,Other than Women,latin,1,8056,Fatehabad__Tohana.pdf
Fatehabad,Tohana,8,Chander Kalan,Woman,NONE,1,Parvinder Kaur,Harinder Singh,0,0,Women,latin,1,8056,Fatehabad__Tohana.pdf
Fatehabad,Tohana,9,Chander Khurd,Other than Woman,NONE,0,Darshan Ram,Sunder Ram,0,0,Other than Women,latin,1,8056,Fatehabad__Tohana.pdf
Fatehabad,Tohana,10,Chilewal,BC-A Woman,BC_A,1,Gurmeet Kaur,Sarabjeet Singh,0,0,Backward Class 'A' Women,latin,1,8056,Fatehabad__Tohana.pdf
Fatehabad,Tohana,11,Chitain,SC Other than Woman,SC,0,Sanjay Kumar,Khushi Ram,0,0,Scheduled Caste Other than Women,latin,1,8056,Fatehabad__Tohana.pdf
Fatehabad,Tohana,12,Damkora,Other than Woman,NONE,0,Karamjeet Singh,Hardev Singh,0,0,Other than Women,latin,1,8056,Fatehabad__Tohana.pdf
Fatehabad,Tohana,13,Dangra,Woman,NONE,1,Urmila Devi,Ajay Kumar,0,0,Women,latin,1,8056,Fatehabad__Tohana.pdf
Fatehabad,Tohana,14,Dharsul Kalan,Other than Woman,NONE,0,Vakil Singh,Darshan Singh,0,0,Other than Women,latin,1,8056,Fatehabad__Tohana.pdf
Fatehabad,Tohana,15,Dharsul Khurd,Woman,NONE,1,Reena Devi,Kuldeep Singh,0,0,Women,latin,1,8056,Fatehabad__Tohana.pdf
Fatehabad,Tohana,16,Fatehpuri,Other than Woman,NONE,0,Gursewak Singh,Amrik Singh,0,0,Other than Women,latin,1,8056,Fatehabad__Tohana.pdf
Fatehabad,Tohana,17,Gajuwala,Woman,NONE,1,Rina Devi,Sushil,0,0,Women,latin,1,8056,Fatehabad__Tohana.pdf
Fatehabad,Tohana,18,Haiderwala,Other than Woman,NONE,0,Banshi Lal,Ram Kishan,0,0,Other than Women,latin,1,8056,Fatehabad__Tohana.pdf
Fatehabad,Tohana,19,Hansawala,SC Woman,SC,1,Priyanka,Vikram,0,0,Scheduled Caste Women,latin,1,8056,Fatehabad__Tohana.pdf
Fatehabad,Tohana,20,Himatpura,Woman,NONE,1,Palpinder Kaur,Paramjeet Singh,0,0,Women,latin,1,8056,Fatehabad__Tohana.pdf
Fatehabad,Tohana,21,Hindalwala,BC-A Other than Woman,BC_A,0,Nirmal Singh,Karnail Singh,0,0,Backward Class 'A' other than Women,latin,1,8056,Fatehabad__Tohana.pdf
Fatehabad,Tohana,22,Indachhoi,BC-A Woman,BC_A,1,Sunita,Sunil Kumar,0,0,Backward Class 'A' Women,latin,1,8056,Fatehabad__Tohana.pdf
Fatehabad,Tohana,23,Jamalpur Shaikhan,Other than Woman,NONE,0,Ajay Kumar,Krishan Kumar,0,0,Other than Women,latin,1,8056,Fatehabad__Tohana.pdf
Fatehabad,Tohana,24,Japtewala,SC Other than Woman,SC,0,Sunil Kumar,Harbans Singh,0,0,Scheduled Caste Other than Women,latin,1,8056,Fatehabad__Tohana.pdf
Fatehabad,Tohana,25,Kamalwala,SC Woman,SC,1,Poonam,Kuldeep Singh,0,0,Scheduled Caste Women,latin,1,8056,Fatehabad__Tohana.pdf
Fatehabad,Tohana,26,Kanheri,Woman,NONE,1,Kavita,Pardeep,0,0,Women,latin,1,8056,Fatehabad__Tohana.pdf
Fatehabad,Tohana,27,Khanoura,Other than Woman,NONE,0,Jagsir Singh,Chanan Singh,0,0,Other than Women,latin,1,8056,Fatehabad__Tohana.pdf
Fatehabad,Tohana,28,Kullan,Woman,NONE,1,Kulwinder Kaur,Chanchal Singh,0,0,Women,latin,1,8056,Fatehabad__Tohana.pdf
Fatehabad,Tohana,29,Laloda,Other than Woman,NONE,0,Vinod Kumar,Chhabil Dass,0,0,Other than Women,latin,1,8056,Fatehabad__Tohana.pdf
Fatehabad,Tohana,30,Laluwal,Woman,NONE,1,Reena,Sanjay Kumar,0,0,Women,latin,1,8056,Fatehabad__Tohana.pdf
Fatehabad,Tohana,31,Lohakhera,SC Other than Woman,SC,0,Baljit Singh,Fauja Singh,0,0,Scheduled Caste Other than Women,latin,1,8056,Fatehabad__Tohana.pdf
Fatehabad,Tohana,32,Maduwana,SC Woman,SC,1,Manju Devi,Veerpal,0,0,Scheduled Caste Women,latin,1,8056,Fatehabad__Tohana.pdf
Fatehabad,Tohana,33,Mamupur,BC-A Other than Woman,BC_A,0,Gurpreet Singh,Karnail Singh,0,0,Backward Class 'A' other than Women,latin,1,8056,Fatehabad__Tohana.pdf
Fatehabad,Tohana,34,Manghera,Woman,NONE,1,Koshalya Devi,Malkiyat Singh,0,0,Women,latin,1,8056,Fatehabad__Tohana.pdf
Fatehabad,Tohana,35,Nangla,Other than Woman,NONE,0,Harpal Singh,Manjeet Singh,0,0,Other than Women,latin,1,8056,Fatehabad__Tohana.pdf
Fatehabad,Tohana,36,Nangli,Woman,NONE,1,Poonam Rani,Baljeet,0,0,Women,latin,1,8056,Fatehabad__Tohana.pdf
Fatehabad,Tohana,37,Nanheri,SC Other than Woman,SC,0,Pappu,Harphool Singh,0,0,Scheduled Caste Other than Women,latin,1,8056,Fatehabad__Tohana.pdf
Fatehabad,Tohana,38,Parta,SC Woman,SC,1,Manpreet Kaur,Raj Kumar,0,0,Scheduled Caste Women,latin,1,8056,Fatehabad__Tohana.pdf
Fatehabad,Tohana,39,Pirthala,SC Other than Woman,SC,0,Ramkumar,Jee Ram,0,0,Scheduled Caste Other than Women,latin,1,8056,Fatehabad__Tohana.pdf
Fatehabad,Tohana,40,Puranmajra,SC Woman,SC,1,Kanta Devi,Avtar Singh,0,0,Scheduled Caste Women,latin,1,8056,Fatehabad__Tohana.pdf
Fatehabad,Tohana,41,Rasulpur,SC Other than Woman,SC,0,Sandeep Kumar,Amar Ram,0,0,Scheduled Caste Other than Women,latin,1,8056,Fatehabad__Tohana.pdf
Fatehabad,Tohana,42,Ratta Khera,SC Woman,SC,1,Jyoti,Mohan Lal,0,0,Scheduled Caste Women,latin,1,8056,Fatehabad__Tohana.pdf
Fatehabad,Tohana,43,Rehanwali,SC Other than Woman,SC,0,Gurvinder Singh,Gurdayal Singh,0,0,Scheduled Caste Other than Women,latin,1,8056,Fatehabad__Tohana.pdf
Fatehabad,Tohana,44,Salempuri,SC Woman,SC,1,Anita Rani,Surinder Kumar,0,0,Scheduled Caste Women,latin,1,8056,Fatehabad__Tohana.pdf
Fatehabad,Tohana,45,Samain,Other than Woman,NONE,0,Ranbir,Jiya Lal,0,0,Other than Women,latin,1,8056,Fatehabad__Tohana.pdf
Fatehabad,Tohana,46,Saniyana,Woman,NONE,1,Santosh Kumari,Kashmir Singh,0,0,Women,latin,1,8056,Fatehabad__Tohana.pdf
Fatehabad,Tohana,47,Simbalwala,SC Other than Woman,SC,0,Jagdish Kumar,Bhajna Ram,0,0,Scheduled Caste Other than Women,latin,1,8056,Fatehabad__Tohana.pdf
Fatehabad,Tohana,48,Tharwi,Other than Woman,NONE,0,Raj Kumar,Moman Singh,0,0,Other than Women,latin,1,8056,Fatehabad__Tohana.pdf
Fatehabad,Tohana,49,Tharwa,Woman,NONE,1,Komal,Rajesh,0,0,Women,latin,1,8056,Fatehabad__Tohana.pdf
Gurugram,Farukh Nagar,1,Alimuddenpur,Other than Woman,NONE,0,Jaipal Yadav,Ram Kanwar,0,0,Other than Women,latin,1,7052,Gurugram__Farukh-Nagar.pdf
Gurugram,Farukh Nagar,2,Babda Vaki Pur,Woman,NONE,1,Jyoti,Harkesh,0,0,Women,latin,1,7052,Gurugram__Farukh-Nagar.pdf
Gurugram,Farukh Nagar,3,Bas Lambi,Other than Woman,NONE,0,Sumit,Ram Kishan,0,0,Other than Women,latin,1,7052,Gurugram__Farukh-Nagar.pdf
Gurugram,Farukh Nagar,4,Bashunda,Woman,NONE,1,Renu Kumari,Pawan Sharma,0,0,Women,latin,1,7052,Gurugram__Farukh-Nagar.pdf
Gurugram,Farukh Nagar,5,Birhera,SC Other than Woman,SC,0,Gajraj Singh,Ram Chander,0,0,Scheduled Caste other than Women,latin,1,7052,Gurugram__Farukh-Nagar.pdf
Gurugram,Farukh Nagar,6,Budhera,Other than Woman,NONE,0,Hans Raj,Parmanand,0,0,Other than Women,latin,1,7052,Gurugram__Farukh-Nagar.pdf
Gurugram,Farukh Nagar,7,Dabodha,Woman,NONE,1,Birmati,Surender Singh,0,0,Women,latin,1,7052,Gurugram__Farukh-Nagar.pdf
Gurugram,Farukh Nagar,8,Dhanawas,Other than Woman,NONE,0,Naveen Kumar,Naresh Kumar,0,0,Other than Women,latin,1,7052,Gurugram__Farukh-Nagar.pdf
Gurugram,Farukh Nagar,9,Dooma (Harinagar),SC Woman,SC,1,Suman Devi,Shri Bhagwan,0,0,Scheduled Caste Women,latin,1,7052,Gurugram__Farukh-Nagar.pdf
Gurugram,Farukh Nagar,10,Faridpur,Woman,NONE,1,Pratibha,Ravinder,0,0,Women,latin,1,7052,Gurugram__Farukh-Nagar.pdf
Gurugram,Farukh Nagar,11,Fazilpur Badli,SC Other than Woman,SC,0,Dinesh Kumar,Sukhbir Singh,0,0,Scheduled Caste other than Women,latin,1,7052,Gurugram__Farukh-Nagar.pdf
Gurugram,Farukh Nagar,12,Garhi Nathey Khan,Other than Woman,NONE,0,Ramesh Yadav,Jagdish Chander,0,0,Other than Women,latin,1,7052,Gurugram__Farukh-Nagar.pdf
Gurugram,Farukh Nagar,13,Ghosh Garh,SC Woman,SC,1,Sushma,Rajesh Kumar,0,0,Scheduled Caste Women,latin,1,7052,Gurugram__Farukh-Nagar.pdf
Gurugram,Farukh Nagar,14,Gugana,Woman,NONE,1,Sudha Kumari,Ashok Kumar,0,0,Women,latin,1,7052,Gurugram__Farukh-Nagar.pdf
Gurugram,Farukh Nagar,15,Hazipur,Other than Woman,NONE,0,Dharmpal,Ram Chander,0,0,Other than Women,latin,1,7052,Gurugram__Farukh-Nagar.pdf
Gurugram,Farukh Nagar,16,Ikbalpur,Woman,NONE,1,Anjali,Deep Singh,0,0,Women,latin,1,7052,Gurugram__Farukh-Nagar.pdf
Gurugram,Farukh Nagar,17,Jamalpur,SC Other than Woman,SC,0,Mani Ram,Om Parkash,0,0,Scheduled Caste other than Women,latin,1,7052,Gurugram__Farukh-Nagar.pdf
Gurugram,Farukh Nagar,18,Jarau,Other than Woman,NONE,0,Vinod Kumar,Dharm Pal,0,0,Other than Women,latin,1,7052,Gurugram__Farukh-Nagar.pdf
Gurugram,Farukh Nagar,19,Jatola,BC-A Woman,BC_A,1,Veena Pandit,Satish Kumar,0,0,Backward Class 'A' Women,latin,1,7052,Gurugram__Farukh-Nagar.pdf
Gurugram,Farukh Nagar,20,Jhanjhrola Khera,Other than Woman,NONE,0,Rambir Singh,Sheo Chand,0,0,Other than Women,latin,1,7052,Gurugram__Farukh-Nagar.pdf
Gurugram,Farukh Nagar,21,Joniawas,Woman,NONE,1,Saroj Yadav,Ravi Kumar Yadav,0,0,Women,latin,1,7052,Gurugram__Farukh-Nagar.pdf
Gurugram,Farukh Nagar,22,Jori,Other than Woman,NONE,0,Yogender,Manbir Singh,0,0,Other than Women,latin,1,7052,Gurugram__Farukh-Nagar.pdf
Gurugram,Farukh Nagar,23,Jori Kalan,Woman,NONE,1,Nisha Yadav,Pahlad,0,0,Women,latin,1,7052,Gurugram__Farukh-Nagar.pdf
Gurugram,Farukh Nagar,24,Judola,BC-A Other than Woman,BC_A,0,Shishant Sharma,Vijaypal Sharma,0,0,Backward Class 'A' other than Women,latin,1,7052,Gurugram__Farukh-Nagar.pdf
Gurugram,Farukh Nagar,25,Kaliawas,Woman,NONE,1,Kamlesh,Naurang,0,0,Women,latin,1,7052,Gurugram__Farukh-Nagar.pdf
Gurugram,Farukh Nagar,26,Karola,Other than Woman,NONE,0,Rohtash,Badri Prashad,0,0,Other than Women,latin,1,7052,Gurugram__Farukh-Nagar.pdf
Gurugram,Farukh Nagar,27,Khandewala,Woman,NONE,1,Munni Bala,Kuldeep,0,0,Women,latin,1,7052,Gurugram__Farukh-Nagar.pdf
Gurugram,Farukh Nagar,28,Kharkhari,SC Woman,SC,1,Indira Devi,Karan Singh,1,0,Scheduled Caste Women,latin,1,7052,Gurugram__Farukh-Nagar.pdf
Gurugram,Farukh Nagar,29,Khawaspur,Other than Woman,NONE,0,Satpal,Bularam,0,0,Other than Women,latin,1,7052,Gurugram__Farukh-Nagar.pdf
Gurugram,Farukh Nagar,30,Khentawas,Woman,NONE,1,Nitu Yadav,Prithvi Singh,0,0,Women,latin,1,7052,Gurugram__Farukh-Nagar.pdf
Gurugram,Farukh Nagar,31,Khera Khurampur,BC-A Other than Woman,BC_A,0,Khem Chand,Krishan Chand,0,0,Backward Class 'A' other than Women,latin,1,7052,Gurugram__Farukh-Nagar.pdf
Gurugram,Farukh Nagar,32,Khurampur,Woman,NONE,1,Anju Bala,Dharmendra,0,0,Women,latin,1,7052,Gurugram__Farukh-Nagar.pdf
Gurugram,Farukh Nagar,33,Mehchana,Other than Woman,NONE,0,Pardeep Kumar,Vinay Pal,0,0,Other than Women,latin,1,7052,Gurugram__Farukh-Nagar.pdf
Gurugram,Farukh Nagar,34,Mokalwas,Woman,NONE,1,Monika Yadav,Mahesh Kumar,0,0,Women,latin,1,7052,Gurugram__Farukh-Nagar.pdf
Gurugram,Farukh Nagar,35,Mubarikpur,Other than Woman,NONE,0,Satbir,Partap Singh,0,0,Other than Women,latin,1,7052,Gurugram__Farukh-Nagar.pdf
Gurugram,Farukh Nagar,36,Musheadpur,Woman,NONE,1,Prity Kumari,Nirlekh,0,0,Women,latin,1,7052,Gurugram__Farukh-Nagar.pdf
Gurugram,Farukh Nagar,37,Palri,Other than Woman,NONE,0,Subhram,Sher Singh,0,0,Other than Women,latin,1,7052,Gurugram__Farukh-Nagar.pdf
Gurugram,Farukh Nagar,38,Patli,Other than Woman,NONE,0,Pritesh Kumar,Rajpal Singh,0,0,Other than Women,latin,1,7052,Gurugram__Farukh-Nagar.pdf
Gurugram,Farukh Nagar,39,Rajupur,SC Woman,SC,1,Meenu Devi,Ramavtar,1,0,Scheduled Caste Women,latin,1,7052,Gurugram__Farukh-Nagar.pdf
Gurugram,Farukh Nagar,40,Sahidpur Mohamad Pur,Woman,NONE,1,Poonam,Rajesh Kumar,0,0,Women,latin,1,7052,Gurugram__Farukh-Nagar.pdf
Gurugram,Farukh Nagar,41,Sampka,Other than Woman,NONE,0,Ram Chander,Bodan Singh,0,0,Other than Women,latin,1,7052,Gurugram__Farukh-Nagar.pdf
Gurugram,Farukh Nagar,42,Shekhupur Majri,Woman,NONE,1,Billo Rani,Hemant Kumar,0,0,Women,latin,1,7052,Gurugram__Farukh-Nagar.pdf
Gurugram,Farukh Nagar,43,Siwadi Ki Dhani,Other than Woman,NONE,0,Naresh Kumar,Khem Chand,0,0,Other than Women,latin,1,7052,Gurugram__Farukh-Nagar.pdf
Gurugram,Farukh Nagar,44,Siwari,Other than Woman,NONE,0,Sher Singh,Raghbir,0,0,Other than Women,latin,1,7052,Gurugram__Farukh-Nagar.pdf
Gurugram,Farukh Nagar,45,Sultanpur,Woman,NONE,1,Seema,Som Veer,0,0,Women,latin,1,7052,Gurugram__Farukh-Nagar.pdf
Gurugram,Farukh Nagar,46,Taj Nagar,Other than Woman,NONE,0,Shivtaj,Roop Chand,0,0,Other than Women,latin,1,7052,Gurugram__Farukh-Nagar.pdf
Gurugram,Farukh Nagar,47,Tirpadi,Woman,NONE,1,Kamlesh,Ajit,0,0,Women,latin,1,7052,Gurugram__Farukh-Nagar.pdf
Gurugram,Gurugram,1,Aklimpur,Other than Woman,NONE,0,Sudhanshu Bhardhwaj,Ram Rattan,0,0,Other Than Women,latin,1,7043,Gurugram__Gurugram.pdf
Gurugram,Gurugram,2,Baghanki,Woman,NONE,1,Anju,Ashok Kumar,0,0,Women,latin,1,7043,Gurugram__Gurugram.pdf
Gurugram,Gurugram,3,Chandu,Other than Woman,NONE,0,Vikas Yadav,Ajit Yadav,0,0,Other Than Women,latin,1,7043,Gurugram__Gurugram.pdf
Gurugram,Gurugram,4,Gairatpur Bas,Woman,NONE,1,Kavita,Sonu,0,0,Women,latin,1,7043,Gurugram__Gurugram.pdf
Gurugram,Gurugram,5,Hasanpur,Other than Woman,NONE,0,Bijender Singh,Ram Dhan,0,0,Other Than Women,latin,1,7043,Gurugram__Gurugram.pdf
Gurugram,Gurugram,6,Kherki,Woman,NONE,1,Sarita,Vinod Kumar,0,0,Women,latin,1,7043,Gurugram__Gurugram.pdf
Gurugram,Gurugram,7,Makdola,SC Other than Woman,SC,0,Ram Chander,Mohan Lal,0,0,Backward Caste 'A' Other Than Women,latin,0,7043,Gurugram__Gurugram.pdf
Gurugram,Gurugram,8,Sadhrana,Woman,NONE,1,Monika,Kuldeep,0,0,Women,latin,1,7043,Gurugram__Gurugram.pdf
Gurugram,Gurugram,9,Sakatpur,SC Other than Woman,SC,0,Chhatar Pal,Dilsukh,0,0,Schedule Caste Other Than Women,latin,1,7043,Gurugram__Gurugram.pdf
Gurugram,Gurugram,10,Teekli,SC Woman,SC,1,Pooja,Pradeep,0,0,Schedule Caste Women,latin,0,7043,Gurugram__Gurugram.pdf
Gurugram,Pataudi,1,Balewa,Other than Woman,NONE,0,Rattan Lal,Balbir Singh,0,0,Other Than Women,latin,1,7034,Gurugram__Pataudi.pdf
Gurugram,Pataudi,2,Bapas,Woman,NONE,1,Renu Yadav,Narender Kumar,0,0,Women,latin,1,7034,Gurugram__Pataudi.pdf
Gurugram,Pataudi,3,Barahari Rehnawa,Other than Woman,NONE,0,Neerajpal,Rajesh,1,0,Other Than Women,latin,1,7034,Gurugram__Pataudi.pdf
Gurugram,Pataudi,4,Basatpur,Woman,NONE,1,Preeti,Vijay Pal,0,0,Women,latin,1,7034,Gurugram__Pataudi.pdf
Gurugram,Pataudi,5,Baspadamka,Other than Woman,NONE,0,Rajpal Singh,Mangat Ram,0,0,Other Than Women,latin,1,7034,Gurugram__Pataudi.pdf
Gurugram,Pataudi,6,Bhokarka,Woman,NONE,1,Pushpa Devi,Krishan Kumar,0,0,Women,latin,1,7034,Gurugram__Pataudi.pdf
Gurugram,Pataudi,7,Bhora Kalan,Other than Woman,NONE,0,Manbir Singh,Mukandiram,0,0,Other Than Women,latin,1,7034,Gurugram__Pataudi.pdf
Gurugram,Pataudi,8,Bhora Khurd,SC Other than Woman,SC,0,Kuldeep Kumar,Rampat,0,0,Scheduled Caste Other Than Women,latin,1,7034,Gurugram__Pataudi.pdf
Gurugram,Pataudi,9,Bhudka,Woman,NONE,1,Barsha Devi,Daya Ram Nehra,0,0,Women,latin,1,7034,Gurugram__Pataudi.pdf
Gurugram,Pataudi,10,Bilaspur,Other than Woman,NONE,0,Tilak Ram,Surat Singh,0,0,Other Than Women,latin,1,7034,Gurugram__Pataudi.pdf
Gurugram,Pataudi,11,Bilaspur Kalan,Woman,NONE,1,Parmila,Krishan,0,0,Women,latin,1,7034,Gurugram__Pataudi.pdf
Gurugram,Pataudi,12,Binola,Other than Woman,NONE,0,Ravinder Kumar,Deep Chand,0,0,Other Than Women,latin,1,7034,Gurugram__Pataudi.pdf
Gurugram,Pataudi,13,Brahmanwa s,Woman,NONE,1,Renu,Praveen Kumar,0,0,Women,latin,1,7034,Gurugram__Pataudi.pdf
Gurugram,Pataudi,14,Brijpura,Other than Woman,NONE,0,Karan Singh,Krishan Kumar,0,0,Other Than Women,latin,1,7034,Gurugram__Pataudi.pdf
Gurugram,Pataudi,15,Chandla Dungarawas,Woman,NONE,1,Seema Yadav,Virender Yadav,0,0,Women,latin,1,7034,Gurugram__Pataudi.pdf
Gurugram,Pataudi,16,Chhilrakhi,Other than Woman,NONE,0,Ashok,Balbir,0,0,Other Than Women,latin,1,7034,Gurugram__Pataudi.pdf
Gurugram,Pataudi,17,Dadawas,SC Woman,SC,1,Priya,Ajay Kumar,0,0,Scheduled Caste Women,latin,1,7034,Gurugram__Pataudi.pdf
Gurugram,Pataudi,18,Darapur,BC-A Woman,BC_A,1,Sarita Kumari,Parmveer,0,0,Backward Class 'A' Women,latin,1,7034,Gurugram__Pataudi.pdf
Gurugram,Pataudi,19,Daulatabad,Other than Woman,NONE,0,Ajit Singh,Amar Singh,0,0,Other Than Women,latin,1,7034,Gurugram__Pataudi.pdf
Gurugram,Pataudi,20,Dhani Chitrasen,Woman,NONE,1,Sarita Kumari,Ashok,0,0,Women,latin,1,7034,Gurugram__Pataudi.pdf
Gurugram,Pataudi,21,Dhani Kumbhawas,Other than Woman,NONE,0,Amit Yadav,Hoshiyar Singh,0,0,Other Than Women,latin,1,7034,Gurugram__Pataudi.pdf
Gurugram,Pataudi,22,Dhani Shankarwali,Woman,NONE,1,Manita,Dinesh Kumar,0,0,Women,latin,1,7034,Gurugram__Pataudi.pdf
Gurugram,Pataudi,23,Dinokari,Other than Woman,NONE,0,Ishwar Singh,Prakash,0,0,Other Than Women,latin,1,7034,Gurugram__Pataudi.pdf
Gurugram,Pataudi,24,Fakharpur,SC Other than Woman,SC,0,Vishnu,Jeet Ram,0,0,Scheduled Caste Other Than Women,latin,1,7034,Gurugram__Pataudi.pdf
Gurugram,Pataudi,25,Gadai Pur,SC Woman,SC,1,Beena,Mukesh Kumar,0,0,Scheduled Caste Women,latin,1,7034,Gurugram__Pataudi.pdf
Gurugram,Pataudi,26,Ghilnawas,BC-A Woman,BC_A,1,Manju Bala,Naresh Kumar,0,0,Backward Class 'A' Women,latin,1,7034,Gurugram__Pataudi.pdf
Gurugram,Pataudi,27,Goriawas,Other than Woman,NONE,0,Manish,Om Prakash,1,0,Other Than Women,latin,1,7034,Gurugram__Pataudi.pdf
Gurugram,Pataudi,28,Gudana,Woman,NONE,1,Sarla Kumari,Sunil Kumar,0,0,Women,latin,1,7034,Gurugram__Pataudi.pdf
Gurugram,Pataudi,29,Gwalior,Other than Woman,NONE,0,Pankaj,Satbir,0,0,Other Than Women,latin,1,7034,Gurugram__Pataudi.pdf
Gurugram,Pataudi,30,Hakdarpur,BC-A Woman,BC_A,1,Nisha,Vikash Kumar,0,0,Backward Class 'A' Women,latin,1,7034,Gurugram__Pataudi.pdf
Gurugram,Pataudi,31,Haliaaki,Other than Woman,NONE,0,Deshraj,Hariram,1,0,Other Than Women,latin,1,7034,Gurugram__Pataudi.pdf
Gurugram,Pataudi,32,Hussainka,Woman,NONE,1,Chinky,Pardeep Kumar,1,0,Women,latin,1,7034,Gurugram__Pataudi.pdf
Gurugram,Pataudi,33,Inchha Puri,SC Other than Woman,SC,0,Rakesh Kumar,Omprakash,0,0,Scheduled Caste Other Than Women,latin,1,7034,Gurugram__Pataudi.pdf
Gurugram,Pataudi,34,Jasat,SC Woman,SC,1,Pooja,Rajbir,0,0,Scheduled Caste Women,latin,1,7034,Gurugram__Pataudi.pdf
Gurugram,Pataudi,35,Khalilpur,SC Other than Woman,SC,0,Hari Dev,Mangal Singh,0,0,Scheduled Caste Other Than Women,latin,1,7034,Gurugram__Pataudi.pdf
Gurugram,Pataudi,36,Khetiawas,SC Woman,SC,1,Poonam,Sanjay,0,0,Scheduled Caste Women,latin,1,7034,Gurugram__Pataudi.pdf
Gurugram,Pataudi,37,Khor,Other than Woman,NONE,0,Azad Singh,Nanher,0,0,Other Than Women,latin,1,7034,Gurugram__Pataudi.pdf
Gurugram,Pataudi,38,Langra,Woman,NONE,1,Krishna Devi,Krishan Kumar,0,0,Women,latin,1,7034,Gurugram__Pataudi.pdf
Gurugram,Pataudi,39,Lohchab,Other than Woman,NONE,0,Ram Jas,Ratan Lal,0,0,Other Than Women,latin,1,7034,Gurugram__Pataudi.pdf
Gurugram,Pataudi,40,Lokara,BC-A Woman,BC_A,1,Sakuntla,Dharmender Kumar,0,0,Backward Class 'A' Women,latin,1,7034,Gurugram__Pataudi.pdf
Gurugram,Pataudi,41,Lokari,Other than Woman,NONE,0,Dharampal,Jage Ram,0,0,Other Than Women,latin,1,7034,Gurugram__Pataudi.pdf
Gurugram,Pataudi,42,Mahniawas,Woman,NONE,1,Nisha Rani,Sudhir Bharadwaj,0,0,Women,latin,1,7034,Gurugram__Pataudi.pdf
Gurugram,Pataudi,43,Managwaki,Other than Woman,NONE,0,Sudhir Kumar,Sukhbir Singh,0,0,Other Than Women,latin,1,7034,Gurugram__Pataudi.pdf
Gurugram,Pataudi,44,Mau,SC Other than Woman,SC,0,Shri Bhagwan,Jahar Singh,0,0,Scheduled Caste Other Than Women,latin,1,7034,Gurugram__Pataudi.pdf
Gurugram,Pataudi,45,Maujabad,Woman,NONE,1,Sapna,Dheeraj,0,0,Women,latin,1,7034,Gurugram__Pataudi.pdf
Gurugram,Pataudi,46,Mujphara,Other than Woman,NONE,0,Pravin Kumar,Birender Singh,0,0,Other Than Women,latin,1,7034,Gurugram__Pataudi.pdf
Gurugram,Pataudi,47,Mumtajpur,SC Woman,SC,1,Guddi Devi,Rajbeer,1,0,Scheduled Caste Women,latin,1,7034,Gurugram__Pataudi.pdf
Gurugram,Pataudi,48,Nanu Kalan,Woman,NONE,1,Lata,Sandeep Kumar,0,0,Women,latin,1,7034,Gurugram__Pataudi.pdf
Gurugram,Pataudi,49,Nanu Khurd,Other than Woman,NONE,0,Naresh Kumar,Tekram,0,0,Other Than Women,latin,1,7034,Gurugram__Pataudi.pdf
Gurugram,Pataudi,50,Noorgarh,SC Other than Woman,SC,0,Raj Kumar,Hukamchand,0,0,Scheduled Caste Other Than Women,latin,1,7034,Gurugram__Pataudi.pdf
Gurugram,Pataudi,51,Noorpur,Woman,NONE,1,Prembai,Daya Kishan,0,0,Women,latin,1,7034,Gurugram__Pataudi.pdf
Gurugram,Pataudi,52,Pahari,Other than Woman,NONE,0,Liluram,Om Parkash,0,0,Other Than Women,latin,1,7034,Gurugram__Pataudi.pdf
Gurugram,Pataudi,53,Parasoli,SC Woman,SC,1,Suman,Vinod Kumar,0,0,Scheduled Caste Women,latin,1,7034,Gurugram__Pataudi.pdf
Gurugram,Pataudi,54,Pathredi,Woman,NONE,1,Jyoti,Gourav Joon,0,0,Women,latin,1,7034,Gurugram__Pataudi.pdf
Gurugram,Pataudi,55,Rajpura,Other than Woman,NONE,0,Koushal Chand,Bhupender Singh,0,0,Other Than Women,latin,1,7034,Gurugram__Pataudi.pdf
Gurugram,Pataudi,56,Ransika,SC Other than Woman,SC,0,Deepak Kumar,Chand Sawroop,0,0,Scheduled Caste Other Than Women,latin,1,7034,Gurugram__Pataudi.pdf
Gurugram,Pataudi,57,Rathiwas,Woman,NONE,1,Suman Devi,Moti Ram Rathi,0,0,Women,latin,1,7034,Gurugram__Pataudi.pdf
Gurugram,Pataudi,58,Sayed Shahapur,Other than Woman,NONE,0,Pawan Kumar,Gyanchand,0,0,Other Than Women,latin,1,7034,Gurugram__Pataudi.pdf
Gurugram,Pataudi,59,Shahpur-Jat,Woman,NONE,1,Manita,Yashvir,0,0,Women,latin,1,7034,Gurugram__Pataudi.pdf
Gurugram,Pataudi,60,Sherpur,Other than Woman,NONE,0,Surender Singh,Raj Singh,0,0,Other Than Women,latin,1,7034,Gurugram__Pataudi.pdf
Gurugram,Pataudi,61,Sidhrawali,Woman,NONE,1,Poonam,Vikash,0,0,Women,latin,1,7034,Gurugram__Pataudi.pdf
Gurugram,Pataudi,62,Tatarpur,Other than Woman,NONE,0,Mukesh Sharma,Prahalad,0,0,Other Than Women,latin,1,7034,Gurugram__Pataudi.pdf
Gurugram,Pataudi,63,Telpuri,Woman,NONE,1,Suman,Rajbir,0,0,Women,latin,1,7034,Gurugram__Pataudi.pdf
Gurugram,Pataudi,64,Turkapur,BC-A Other than Woman,BC_A,0,Babli,Jhandu,0,0,Backward Class 'A' other than Women,latin,1,7034,Gurugram__Pataudi.pdf
Gurugram,Pataudi,65,Uncha Majara,Woman,NONE,1,Sushila,Satbir Singh,0,0,Women,latin,1,7034,Gurugram__Pataudi.pdf
Gurugram,Sohna,1,Abheypur,Other than Woman,NONE,0,Swami Ram,Sukhpal Singh,1,0,Other than Women,latin,1,7061,Gurugram__Sohna.pdf
Gurugram,Sohna,2,Alipur,Woman,NONE,1,Poonam,Ashok Kumar,0,0,Women,latin,1,7061,Gurugram__Sohna.pdf
Gurugram,Sohna,3,Badshahpur Tenthar,SC Other than Woman,SC,0,Yeshpal,Dhani Ram,0,0,Scheduled Caste other than Women,latin,1,7061,Gurugram__Sohna.pdf
Gurugram,Sohna,4,Bai Khera,Other than Woman,NONE,0,Shyamvir,Antram,0,0,Other than Women,latin,1,7061,Gurugram__Sohna.pdf
Gurugram,Sohna,5,Behlpa,Woman,NONE,1,Anita,Satprakash,0,0,Women,latin,1,7061,Gurugram__Sohna.pdf
Gurugram,Sohna,6,Bilhaka,Other than Woman,NONE,0,Virender Singh,Gajraj,0,0,Other than Women,latin,1,7061,Gurugram__Sohna.pdf
Gurugram,Sohna,7,Chamanpura,Woman,NONE,1,Asha,Vijay Pal,0,0,Women,latin,1,7061,Gurugram__Sohna.pdf
Gurugram,Sohna,8,Chuhadpur,Other than Woman,NONE,0,Dheeraj Kumar,Uday Singh,0,0,Other than Women,latin,1,7061,Gurugram__Sohna.pdf
Gurugram,Sohna,9,Damdama,SC Woman,SC,1,Rajni,Narender,0,0,Scheduled Caste Women,latin,1,7061,Gurugram__Sohna.pdf
Gurugram,Sohna,10,Daulha,Woman,NONE,1,Bimlesh,Vijay,0,0,Women,latin,1,7061,Gurugram__Sohna.pdf
Gurugram,Sohna,11,Garhi Wazidpur,BC-A Other than Woman,BC_A,0,Naveen Kumar,Surender Singh,0,0,Backward Class 'A' other than Women,latin,1,7061,Gurugram__Sohna.pdf
Gurugram,Sohna,12,Ghamroj,Woman,NONE,1,Sadhna Rani,Manbir Singh,0,0,Women,latin,1,7061,Gurugram__Sohna.pdf
Gurugram,Sohna,13,Ghangola,Other than Woman,NONE,0,Jawahar Singh,Tejpal,0,0,Other than Women,latin,1,7061,Gurugram__Sohna.pdf
Gurugram,Sohna,14,Hajipur,SC Other than Woman,SC,0,Sandeep,Rohtash,0,0,Scheduled Caste other than Women,latin,1,7061,Gurugram__Sohna.pdf
Gurugram,Sohna,15,Harchandpur,SC Woman,SC,1,Deepika,Vishal,0,0,Scheduled Caste Women,latin,1,7061,Gurugram__Sohna.pdf
Gurugram,Sohna,16,Hariyaheda,Woman,NONE,1,Priyanka,Naresh Kumar,0,0,Women,latin,1,7061,Gurugram__Sohna.pdf
Gurugram,Sohna,17,Jolhaka,Other than Woman,NONE,0,Kanwar Pal,Gopi Ram,0,0,Other than Women,latin,1,7061,Gurugram__Sohna.pdf
Gurugram,Sohna,18,Kharoda,SC Other than Woman,SC,0,Ganga Ram,Jeeta,0,0,Scheduled Caste other than Women,latin,1,7061,Gurugram__Sohna.pdf
Gurugram,Sohna,19,Kherla,Woman,NONE,1,Sonia,Akash,0,0,Women,latin,1,7061,Gurugram__Sohna.pdf
Gurugram,Sohna,20,Kherli Lala,SC Woman,SC,1,Raj Rani,Kishanpal,0,0,Scheduled Caste Women,latin,1,7061,Gurugram__Sohna.pdf
Gurugram,Sohna,21,Khuntpuri,Other than Woman,NONE,0,Sunil Kumar,Kishan Singh,0,0,Other than Women,latin,1,7061,Gurugram__Sohna.pdf
Gurugram,Sohna,22,Kiranki Kherli,BC-A Woman,BC_A,1,Muskan,Javed,0,0,Backward Class 'A' Women,latin,1,7061,Gurugram__Sohna.pdf
Gurugram,Sohna,23,Kuliyaka,Other than Woman,NONE,0,Sahun,Sabbir,0,0,Other than Women,latin,1,7061,Gurugram__Sohna.pdf
Gurugram,Sohna,24,Lohsinghani,Woman,NONE,1,Sheetal Kumari,Tarun Kumar,0,0,Women,latin,1,7061,Gurugram__Sohna.pdf
Gurugram,Sohna,25,Mahendwara,Other than Woman,NONE,0,Rampal,Mahavir Singh,0,0,Other than Women,latin,1,7061,Gurugram__Sohna.pdf
Gurugram,Sohna,26,Mandawar,Woman,NONE,1,Shashi Sharma,Chhidda Lal,0,0,Women,latin,1,7061,Gurugram__Sohna.pdf
Gurugram,Sohna,27,Nimoth,Other than Woman,NONE,0,Dheeraj,Santraj,0,0,Other than Women,latin,1,7061,Gurugram__Sohna.pdf
Gurugram,Sohna,28,Nunera,Woman,NONE,1,Sabnam,Mufeed Khan,0,0,Women,latin,1,7061,Gurugram__Sohna.pdf
Gurugram,Sohna,29,Rahaka,Other than Woman,NONE,0,Abbash Khan,Deen Mohammad,0,0,Other than Women,latin,1,7061,Gurugram__Sohna.pdf
Gurugram,Sohna,30,Rani Ka Singola,Woman,NONE,1,Rekha,Udham Singh,0,0,Women,latin,1,7061,Gurugram__Sohna.pdf
Gurugram,Sohna,31,Rithoj,Other than Woman,NONE,0,Rambir Singh,Ziledar Singh,0,0,Other than Women,latin,1,7061,Gurugram__Sohna.pdf
Gurugram,Sohna,32,Sancholi,BC-A Woman,BC_A,1,Gulshan,Sheru,0,0,Backward Class 'A' Women,latin,1,7061,Gurugram__Sohna.pdf
Gurugram,Sohna,33,Sarmathla,Other than Woman,NONE,0,Pawan Kumar,Murari Lal,0,0,Other than Women,latin,1,7061,Gurugram__Sohna.pdf
Gurugram,Sohna,34,Sehjawas,Woman,NONE,1,Suman,Sanjay Kumar,0,0,Women,latin,1,7061,Gurugram__Sohna.pdf
Gurugram,Sohna,35,Silani,Other than Woman,NONE,0,Jaipal Singh,Sohan Lal,0,0,Other than Women,latin,1,7061,Gurugram__Sohna.pdf
Hisar,Adampur,1,Adampur Village,Other than Woman,NONE,0,Sunil Kumar,Poonam Chand,0,0,Other than Women,latin,1,8173,Hisar__Adampur.pdf
Hisar,Adampur,2,Asrawan,Woman,NONE,1,Maya Devi,Aatmaram,0,0,Women,latin,1,8173,Hisar__Adampur.pdf
Hisar,Adampur,3,Bagla,SC Other than Woman,SC,0,Jugan Kishore,Phusa Ram,0,0,Scheduled Caste other than Women,latin,1,8173,Hisar__Adampur.pdf
Hisar,Adampur,4,Bhodia Bishnoian,Other than Woman,NONE,0,Arvind Kumar,Bhajan Lal,0,0,Other than Women,latin,1,8173,Hisar__Adampur.pdf
Hisar,Adampur,5,Chabarwal,Woman,NONE,1,Nirmla Rani,Mahipal,0,0,Women,latin,1,8173,Hisar__Adampur.pdf
Hisar,Adampur,6,Chaudriwali,Other than Woman,NONE,0,Kuldeep,Ramkumar,0,0,Other than Women,latin,1,8173,Hisar__Adampur.pdf
Hisar,Adampur,7,Chuli Bagrian,Woman,NONE,1,Rajesh Kumari,Vinod Kumar,0,0,Women,latin,1,8173,Hisar__Adampur.pdf
Hisar,Adampur,8,Chuli Kalan,Other than Woman,NONE,0,Naresh Kumar,Rajender Singh,0,0,Other than Women,latin,1,8173,Hisar__Adampur.pdf
Hisar,Adampur,9,Chuli Khurd,Woman,NONE,1,Seema,Krishan Kumar,0,0,Women,latin,1,8173,Hisar__Adampur.pdf
Hisar,Adampur,10,Daroli,Other than Woman,NONE,0,Manoj Kumar,Harchand,0,0,Other than Women,latin,1,8173,Hisar__Adampur.pdf
Hisar,Adampur,11,Dhani Mohabatpur,Woman,NONE,1,Kavita,Vikas,0,0,Women,latin,1,8173,Hisar__Adampur.pdf
Hisar,Adampur,12,Dhani Siswal,Other than Woman,NONE,0,Pali Ram,Ramswaroop,0,0,Other than Women,latin,1,8173,Hisar__Adampur.pdf
Hisar,Adampur,13,Ghursal,SC Woman,SC,1,Ramkala,Karan Singh,0,0,Scheduled Caste Women,latin,1,8173,Hisar__Adampur.pdf
Hisar,Adampur,14,Kabrel,Woman,NONE,1,Heera Devi,Parhlad,0,0,Women,latin,1,8173,Hisar__Adampur.pdf
Hisar,Adampur,15,Khairampur,Other than Woman,NONE,0,Pardeep Kumar,Dariya Singh,0,0,Other than Women,latin,1,8173,Hisar__Adampur.pdf
Hisar,Adampur,16,Khara Barwala,Woman,NONE,1,Poonam Devi,Baljit,0,0,Women,latin,1,8173,Hisar__Adampur.pdf
Hisar,Adampur,17,Kholi,BC-A Other than Woman,BC_A,0,Pawan,Gulab Singh,0,0,Backward Class ‘A’ other than Women,latin,1,8173,Hisar__Adampur.pdf
Hisar,Adampur,18,Kishangarh,Woman,NONE,1,Priyanka,Vijay Singh,0,0,Women,latin,1,8173,Hisar__Adampur.pdf
Hisar,Adampur,19,Ladwi,BC-A Other than Woman,BC_A,0,Rajbir,Ramsaroop,0,0,Backward Class ‘A’ other than Women,latin,1,8173,Hisar__Adampur.pdf
Hisar,Adampur,20,Mahalsara,Woman,NONE,1,Kiran Bala,Naresh Kumar,1,0,Women,latin,1,8173,Hisar__Adampur.pdf
Hisar,Adampur,21,Moda Khera,SC Other than Woman,SC,0,Rampartap,Sohan Lal,0,0,Scheduled Caste other than Women,latin,1,8173,Hisar__Adampur.pdf
Hisar,Adampur,22,Mohabatpur,SC Woman,SC,1,Usha Rani,Chhotu Ram,0,0,Scheduled Caste Women,latin,1,8173,Hisar__Adampur.pdf
Hisar,Adampur,23,Mothsara,Other than Woman,NONE,0,Sushil Kumar,Ramswaroop,0,0,Other than Women,latin,1,8173,Hisar__Adampur.pdf
Hisar,Adampur,24,Sadalpur,SC Other than Woman,SC,0,Nathu Ram,Reshma Ram,0,0,Scheduled Caste other than Women,latin,1,8173,Hisar__Adampur.pdf
Hisar,Adampur,25,Siswal,Woman,NONE,1,Laxmi Devi,Balwant Singh,0,0,Women,latin,1,8173,Hisar__Adampur.pdf
Hisar,Adampur,26,Telanwali,Other than Woman,NONE,0,Deepak Kumar,Rajender Singh,0,0,Other than Women,latin,1,8173,Hisar__Adampur.pdf
Hisar,Agroha,1,Agroha,SC Other than Woman,SC,0,Aatma Ram,Dayanand,0,0,Scheduled Caste other than Women,latin,1,8182,Hisar__Agroha.pdf
Hisar,Agroha,2,Bhana,Other than Woman,NONE,0,Subhash Godara,Sheonaryan,0,0,Other than Women,latin,1,8182,Hisar__Agroha.pdf
Hisar,Agroha,3,Chikanwas,Woman,NONE,1,Anju Bala,Vakil Kumar,0,0,Women,latin,1,8182,Hisar__Agroha.pdf
Hisar,Agroha,4,Durjanpur,SC Woman,SC,1,Maya Devi,Vijender,0,0,Scheduled Caste Women,latin,1,8182,Hisar__Agroha.pdf
Hisar,Agroha,5,Fransi,SC Other than Woman,SC,0,Pala Ram,Rameshwar,0,0,Scheduled Caste other than Women,latin,1,8182,Hisar__Agroha.pdf
Hisar,Agroha,6,Jagan,Other than Woman,NONE,0,Samsher,Mukesh Kumar,0,0,Other than Women,latin,1,8182,Hisar__Agroha.pdf
Hisar,Agroha,7,Kalirawan,Woman,NONE,1,Bimla Devi,Ravi Kumar,0,0,Women,latin,0,8182,Hisar__Agroha.pdf
Hisar,Agroha,8,Kanoh,Other than Woman,NONE,0,Surender Singh,Prithvi Singh,0,0,Other than Women,latin,1,8182,Hisar__Agroha.pdf
Hisar,Agroha,9,Khasa Mahajanan,Woman,NONE,1,Manju Bala,Raj Kumar,0,0,Women,latin,1,8182,Hisar__Agroha.pdf
Hisar,Agroha,10,Kirara,Other than Woman,NONE,0,Ajay,Sajjan Kumar,0,0,Other than Women,latin,1,8182,Hisar__Agroha.pdf
Hisar,Agroha,11,Kirmara,Woman,NONE,1,Darshana Kumari,Tek Chand,0,0,Women,latin,1,8182,Hisar__Agroha.pdf
Hisar,Agroha,12,Kirori,Other than Woman,NONE,0,Telu Ram,Jai Kisan,0,0,Other than Women,latin,1,8182,Hisar__Agroha.pdf
Hisar,Agroha,13,Kuleri,SC Woman,SC,1,Janki,Rajiv,0,0,Scheduled Caste Women,latin,,8182,Hisar__Agroha.pdf
Hisar,Agroha,14,Landhari,BC-A Woman,BC_A,1,Suman Bala,Rajesh Kumar,0,0,Backward Class 'A' Women,latin,1,8182,Hisar__Agroha.pdf
Hisar,Agroha,15,Mirpur,BC-A Other than Woman,BC_A,0,Rohtash Kumar,Sheokaran,0,0,Backward Class ‘A’ other than Women,latin,1,8182,Hisar__Agroha.pdf
Hisar,Agroha,16,Nangthala,Woman,NONE,1,Monika,Jagdish,0,0,Women,latin,1,8182,Hisar__Agroha.pdf
Hisar,Agroha,17,Sabarwas,Other than Woman,NONE,0,Sushil Kumar,Sohan Lal,0,0,Other than Women,latin,1,8182,Hisar__Agroha.pdf
Hisar,Agroha,18,Sandol,Woman,NONE,1,Sheela Devi,Sarjit Singh,0,0,Women,latin,1,8182,Hisar__Agroha.pdf
Hisar,Agroha,19,Sarangpur,Other than Woman,NONE,0,Ram Singh,Man Singh,0,0,Other than Women,latin,1,8182,Hisar__Agroha.pdf
Hisar,Agroha,20,Shamsukh,Woman,NONE,1,Anuradha,Mangej Singh,0,0,Women,latin,1,8182,Hisar__Agroha.pdf
Hisar,Agroha,21,Siwani Bolan,Other than Woman,NONE,0,Rohtash,Basau Ram,0,0,Other than Women,latin,1,8182,Hisar__Agroha.pdf
Hisar,Agroha,22,Thaska,SC Other than Woman,SC,0,Ajmer Singh,Rajender Singh,0,0,Scheduled Caste other than Women,latin,1,8182,Hisar__Agroha.pdf
Hisar,Barwala,1,Bada Khera,Other than Woman,NONE,0,Sumer Singh,Bharat Singh,0,0,Other than Women,latin,1,8155,Hisar__Barwala.pdf
Hisar,Barwala,2,Badhawar,Woman,NONE,1,Reman,Sunil Kumar,0,0,Women,latin,1,8155,Hisar__Barwala.pdf
Hisar,Barwala,3,Bado Patti,SC Other than Woman,SC,0,Pawan Kumar,Prithvi Singh,0,0,Scheduled Caste other than Women,latin,1,8155,Hisar__Barwala.pdf
Hisar,Barwala,4,Bahbalpur,Other than Woman,NONE,0,Ramesh,Tara Chand,0,0,Other than Women,latin,1,8155,Hisar__Barwala.pdf
Hisar,Barwala,5,Balak,Woman,NONE,1,Sudesh Rani,Krishan Kumar,0,0,Women,latin,1,8155,Hisar__Barwala.pdf
Hisar,Barwala,6,Banbhori,SC Woman,SC,1,Minakshi Rani,Jora Singh,0,0,Scheduled Caste Women,latin,1,8155,Hisar__Barwala.pdf
Hisar,Barwala,7,Bhani Bhadshahpur,Other than Woman,NONE,0,Nihal Singh,Nathu Ram,0,0,Other than Women,latin,1,8155,Hisar__Barwala.pdf
Hisar,Barwala,8,Bichpari,Other than Woman,NONE,0,Satbir Singh,Jhandu Ram,0,0,Other than Women,latin,0,8155,Hisar__Barwala.pdf
Hisar,Barwala,9,Bobua,SC Woman,SC,1,Anita Devi,Dayanand,0,0,Scheduled Caste Women,latin,1,8155,Hisar__Barwala.pdf
Hisar,Barwala,10,Bugana,BC-A Woman,BC_A,1,Usha Rani,Sonu,0,0,Backward Class 'A' Women,latin,1,8155,Hisar__Barwala.pdf
Hisar,Barwala,11,Byana Khera,Other than Woman,NONE,0,Krishan,Kali Ram,0,0,Other than Women,latin,1,8155,Hisar__Barwala.pdf
Hisar,Barwala,12,Chhan,Woman,NONE,1,Sunita,Harpal,0,0,Women,latin,1,8155,Hisar__Barwala.pdf
Hisar,Barwala,13,Devigarh Punia,Other than Woman,NONE,0,Manoj Kumar,Desh Raj,0,0,Other than Women,latin,1,8155,Hisar__Barwala.pdf
Hisar,Barwala,14,Dhad,Woman,NONE,1,Suman Devi,Anoop Singh,0,0,Women,latin,1,8155,Hisar__Barwala.pdf
Hisar,Barwala,15,Dhani Garan,SC Other than Woman,SC,0,Sonu Duggal,Chandi Ram,0,0,Scheduled Caste other than Women,latin,1,8155,Hisar__Barwala.pdf
Hisar,Barwala,16,Dhani Khan Bahadur,Other than Woman,NONE,0,Vijay Singh,Puran Chand,0,0,Other than Women,latin,1,8155,Hisar__Barwala.pdf
Hisar,Barwala,17,Dhani Mirdad,BC-A Woman,BC_A,1,Durge Devi,Sombir,0,0,Backward Class 'A' Women,latin,1,8155,Hisar__Barwala.pdf
Hisar,Barwala,18,Dhani Prem Nagar,Other than Woman,NONE,0,0,Sajjan Kumar,0,0,Other than Women,latin,1,8155,Hisar__Barwala.pdf
Hisar,Barwala,19,Dhingtana,Woman,NONE,1,Ram Rati,Krishan Kumar,0,0,Women,latin,1,8155,Hisar__Barwala.pdf
Hisar,Barwala,20,Gaibipur,Other than Woman,NONE,0,Pawan Kumar,Om Parkash,0,0,Other than Women,latin,1,8155,Hisar__Barwala.pdf
Hisar,Barwala,21,Gianpura,Woman,NONE,1,Santosh,Manjeet,0,0,Women,latin,1,8155,Hisar__Barwala.pdf
Hisar,Barwala,22,Gurana,Other than Woman,NONE,0,Ramavtar,Harnaryan,0,0,Other than Women,latin,1,8155,Hisar__Barwala.pdf
Hisar,Barwala,23,Hasangarh,Woman,NONE,1,Monika,Surender,0,0,Women,latin,1,8155,Hisar__Barwala.pdf
Hisar,Barwala,24,Isharheri,BC-A Other than Woman,BC_A,0,Vacant,,0,1,Backward Class ‘A’ other than Women,latin,1,8155,Hisar__Barwala.pdf
Hisar,Barwala,25,Jewara,Woman,NONE,1,Ekta,Rajbir,0,0,Women,latin,1,8155,Hisar__Barwala.pdf
Hisar,Barwala,26,Juglan,SC Woman,SC,1,Aarti,Ajay Kumar,0,0,Scheduled Caste Women,latin,1,8155,Hisar__Barwala.pdf
Hisar,Barwala,27,Khanpur,Other than Woman,NONE,0,0,Rampal,0,0,Other than Women,latin,1,8155,Hisar__Barwala.pdf
Hisar,Barwala,28,Kharak Punia,Woman,NONE,1,Krishna Devi,Nafe Singh,0,0,Women,latin,1,8155,Hisar__Barwala.pdf
Hisar,Barwala,29,Kharakara,Other than Woman,NONE,0,Subhash,Pola Ram,0,0,Other than Women,latin,1,8155,Hisar__Barwala.pdf
Hisar,Barwala,30,Khedar,Woman,NONE,1,Renu Rani,Shamsher Singh,0,0,Women,latin,1,8155,Hisar__Barwala.pdf
Hisar,Barwala,31,Kheri Barki,SC Other than Woman,SC,0,Hansraj,Shanu Ram,0,0,Scheduled Caste other than Women,latin,1,8155,Hisar__Barwala.pdf
Hisar,Barwala,32,Kumbha Khera,Other than Woman,NONE,0,Vinod Kumar,Surajmal Singh,0,0,Other than Women,latin,1,8155,Hisar__Barwala.pdf
Hisar,Barwala,33,Matloda,Woman,NONE,1,Sushila Devi,Jagbir,0,0,Women,latin,1,8155,Hisar__Barwala.pdf
Hisar,Barwala,34,Nayagaon,Other than Woman,NONE,0,Anoop Singh,Raja Ram,0,0,Other than Women,latin,1,8155,Hisar__Barwala.pdf
Hisar,Barwala,35,Panghal,BC-A Woman,BC_A,1,Monika,Monu,0,0,Backward Class 'A' Women,latin,1,8155,Hisar__Barwala.pdf
Hisar,Barwala,36,Panihari,Other than Woman,NONE,0,Satyawan,Chander Bhan,0,0,Other than Women,latin,1,8155,Hisar__Barwala.pdf
Hisar,Barwala,37,Rajli,SC Woman,SC,1,Sunita Devi,Wazir Singh,0,0,Scheduled Caste Women,latin,1,8155,Hisar__Barwala.pdf
Hisar,Barwala,38,Sandlana,SC Other than Woman,SC,0,Ishwar Singh,Dharambir Singh,0,0,Scheduled Caste other than Women,latin,1,8155,Hisar__Barwala.pdf
Hisar,Barwala,39,Sarsod,Woman,NONE,1,Sunita,Pardeep,0,0,Women,latin,1,8155,Hisar__Barwala.pdf
Hisar,Barwala,40,Sarsana,SC Woman,SC,1,Anita,Ravinder Kumar,0,0,Scheduled Caste Women,latin,1,8155,Hisar__Barwala.pdf
Hisar,Barwala,41,Sindhar,SC Other than Woman,SC,0,Sunder Singh,Amichand,0,0,Scheduled Caste other than Women,latin,1,8155,Hisar__Barwala.pdf
Hisar,Barwala,42,Sotha,Other than Woman,NONE,0,Surender,Gandhi Ram,0,0,Other than Women,latin,1,8155,Hisar__Barwala.pdf
Hisar,Barwala,43,Sulkhani,Woman,NONE,1,Geeta Rani,Amit Kumar,0,0,Women,latin,1,8155,Hisar__Barwala.pdf
Hisar,Barwala,44,Surhera,SC Woman,SC,1,Bimla,Pawan Kumar,0,0,Scheduled Caste Women,latin,1,8155,Hisar__Barwala.pdf
Hisar,Hansi-I,1,Anipura,SC Other than Woman,SC,0,Satpal Singh,Man Singh,0,0,Scheduled Caste other than Women,latin,1,8128,Hisar__Hansi-I.pdf
Hisar,Hansi-I,2,Banda Heri,Other than Woman,NONE,0,Manish Kumar,Dalbir Singh,0,0,Other than Women,latin,1,8128,Hisar__Hansi-I.pdf
Hisar,Hansi-I,3,Bara Jaggamal,Woman,NONE,1,Kamlesh,Satish Kumar,0,0,Women,latin,1,8128,Hisar__Hansi-I.pdf
Hisar,Hansi-I,4,Bhatla,Other than Woman,NONE,0,Sunil,Dalbir,0,0,Other than Women,latin,1,8128,Hisar__Hansi-I.pdf
Hisar,Hansi-I,5,Bir Hansi,Woman,NONE,1,Mamta,Virender Singh,0,0,Women,latin,1,8128,Hisar__Hansi-I.pdf
Hisar,Hansi-I,6,Chanot,SC Woman,SC,1,Saraswati,Himanshu,0,0,Scheduled Caste Women,latin,1,8128,Hisar__Hansi-I.pdf
Hisar,Hansi-I,7,Dayal Singh Coloney,SC Other than Woman,SC,0,Shyam,Rajender Singh,0,0,Scheduled Caste other than Women,latin,1,8128,Hisar__Hansi-I.pdf
Hisar,Hansi-I,8,Dharampura,Woman,NONE,1,Neelam Rani,Sanjeev Kumar,0,0,Women,latin,1,8128,Hisar__Hansi-I.pdf
Hisar,Hansi-I,9,Datta,Other than Woman,NONE,0,Ramkumar,Chandu Lal,0,0,Other than Women,latin,1,8128,Hisar__Hansi-I.pdf
Hisar,Hansi-I,10,Depal,Woman,NONE,1,Sumitra Devi,Bhupender,0,0,Women,latin,1,8128,Hisar__Hansi-I.pdf
Hisar,Hansi-I,11,Dhamana,SC Woman,SC,1,Sukma Bai,Sunil Kumar,0,0,Scheduled Caste Women,latin,1,8128,Hisar__Hansi-I.pdf
Hisar,Hansi-I,12,Dhana Kalan,Other than Woman,NONE,0,Bhup Singh,Mahavir Singh,0,0,Other than Women,latin,1,8128,Hisar__Hansi-I.pdf
Hisar,Hansi-I,13,Dhana Khurd,Woman,NONE,1,Krishna,Anil Kumar,1,0,Women,latin,1,8128,Hisar__Hansi-I.pdf
Hisar,Hansi-I,14,Dhanderi,Other than Woman,NONE,0,Sandeep,Baldev Singh,0,0,Other than Women,latin,1,8128,Hisar__Hansi-I.pdf
Hisar,Hansi-I,15,Dhani Gujran,SC Other than Woman,SC,0,Surender,Jagdish,0,0,Scheduled Caste other than Women,latin,1,8128,Hisar__Hansi-I.pdf
Hisar,Hansi-I,16,Dhani Kendu,Woman,NONE,1,Nirmla,Vijay Saini,0,0,Women,latin,1,8128,Hisar__Hansi-I.pdf
Hisar,Hansi-I,17,Dhani Kumharan,Other than Woman,NONE,0,Anoop Kumar,Duni Chand,0,0,Other than Women,latin,1,8128,Hisar__Hansi-I.pdf
Hisar,Hansi-I,18,Dhani Kundanapur,SC Woman,SC,1,Manoj Kumari,Kuldeep,0,0,Scheduled Caste Women,latin,1,8128,Hisar__Hansi-I.pdf
Hisar,Hansi-I,19,Dhani Mahenda,BC-A Woman,BC_A,1,Suman Rani,Manjeet Singh,1,0,Backward Class 'A' Women,latin,1,8128,Hisar__Hansi-I.pdf
Hisar,Hansi-I,20,Dhani Pal,Other than Woman,NONE,0,Surender,Chandi Ram,0,0,Other than Women,latin,1,8128,Hisar__Hansi-I.pdf
Hisar,Hansi-I,21,Dhani Piran,SC Woman,SC,1,Bhateri,Deepak,0,0,Scheduled Caste Women,latin,1,8128,Hisar__Hansi-I.pdf
Hisar,Hansi-I,22,Dhani Peerwali,SC Other than Woman,SC,0,Pawan Kumar,Raj Kumar,0,0,Scheduled Caste other than Women,latin,1,8128,Hisar__Hansi-I.pdf
Hisar,Hansi-I,23,Dhani Puria,BC-A Woman,BC_A,1,Bhateri,Krishan Kumar,0,0,Backward Class 'A' Women,latin,1,8128,Hisar__Hansi-I.pdf
Hisar,Hansi-I,24,Dhani Raju,Other than Woman,NONE,0,Purshotam,Chander Bhan,0,0,Other than Women,latin,1,8128,Hisar__Hansi-I.pdf
Hisar,Hansi-I,25,Dhani Shankeri,Woman,NONE,1,Anju Rani,Vijay Singh,0,0,Women,latin,1,8128,Hisar__Hansi-I.pdf
Hisar,Hansi-I,26,Dhani Thakaria,Other than Woman,NONE,0,Deepak,Suresh Kumar,0,0,Other than Women,latin,1,8128,Hisar__Hansi-I.pdf
Hisar,Hansi-I,27,Garhi,Other than Woman,NONE,0,Sajjan Kumar,Sarjit,0,0,Other than Women,latin,1,8128,Hisar__Hansi-I.pdf
Hisar,Hansi-I,28,Ghirai,Woman,NONE,1,Kavita,Sombir,0,0,Women,latin,1,8128,Hisar__Hansi-I.pdf
Hisar,Hansi-I,29,Hazampur,Other than Woman,NONE,0,Anil Nehra,Joginder Nehra,0,0,Other than Women,latin,1,8128,Hisar__Hansi-I.pdf
Hisar,Hansi-I,30,Jamawari,Woman,NONE,1,Sudesh Devi,Ramesh,0,0,Women,latin,1,8128,Hisar__Hansi-I.pdf
Hisar,Hansi-I,31,Kanwari,Other than Woman,NONE,0,Nar Singh,Jug Lal,0,0,Other than Women,latin,1,8128,Hisar__Hansi-I.pdf
Hisar,Hansi-I,32,Kharkara,Woman,NONE,1,Suman Devi,Rajkumar,0,0,Women,latin,1,8128,Hisar__Hansi-I.pdf
Hisar,Hansi-I,33,Kheri Gangan,Other than Woman,NONE,0,Ramkesh,Ram Sarup,0,0,Other than Women,latin,1,8128,Hisar__Hansi-I.pdf
Hisar,Hansi-I,34,Kulana,BC-A Woman,BC_A,1,Kafi,Sanjay,0,0,Backward Class 'A' Women,latin,1,8128,Hisar__Hansi-I.pdf
Hisar,Hansi-I,35,Kumbha,Other than Woman,NONE,0,Yogesh Dalal,Bhale Ram,0,0,Other than Women,latin,1,8128,Hisar__Hansi-I.pdf
Hisar,Hansi-I,36,Kutabpur,SC Other than Woman,SC,0,Ajay Kumar,Prithvi Singh,0,0,Scheduled Caste other than Women,latin,1,8128,Hisar__Hansi-I.pdf
Hisar,Hansi-I,37,Lalpura,Woman,NONE,1,Rajbala,Raj Kumar,0,0,Women,latin,1,8128,Hisar__Hansi-I.pdf
Hisar,Hansi-I,38,Mahenda,Other than Woman,NONE,0,Vijender Singh,Krishan Lal,0,0,Other than Women,latin,1,8128,Hisar__Hansi-I.pdf
Hisar,Hansi-I,39,Majod,Other than Woman,NONE,0,Deepak,Samunder,0,0,Other than Women,latin,1,8128,Hisar__Hansi-I.pdf
Hisar,Hansi-I,40,Mamanpura,SC Woman,SC,1,Meenakshi,Bharat,0,0,Scheduled Caste Women,latin,1,8128,Hisar__Hansi-I.pdf
Hisar,Hansi-I,41,Masudpur,Woman,NONE,1,Menka Devi,Sanjay,0,0,Women,latin,1,8128,Hisar__Hansi-I.pdf
Hisar,Hansi-I,42,Mujadpur,BC-A Woman,BC_A,1,Pooja,Ramesh,0,0,Backward Class 'A' Women,latin,1,8128,Hisar__Hansi-I.pdf
Hisar,Hansi-I,43,Prem Nagar,Other than Woman,NONE,0,Arvind Kataria,Ram Singh,0,0,Other than Women,latin,1,8128,Hisar__Hansi-I.pdf
Hisar,Hansi-I,44,Puthi Mangal Khan,Other than Woman,NONE,0,Surender,Mange Ram,0,0,Other than Women,latin,0,8128,Hisar__Hansi-I.pdf
Hisar,Hansi-I,45,Rajiv Nagar,Woman,NONE,1,Monika,Jitender Gujjar,0,0,Women,latin,1,8128,Hisar__Hansi-I.pdf
Hisar,Hansi-I,46,Ramayan,Other than Woman,NONE,0,Anil,Karan Singh,0,0,Other than Women,latin,1,8128,Hisar__Hansi-I.pdf
Hisar,Hansi-I,47,Rampura,SC Woman,SC,1,Bala Devi,Surender,0,0,Scheduled Caste Women,latin,1,8128,Hisar__Hansi-I.pdf
Hisar,Hansi-I,48,Sainipura,Woman,NONE,1,Suman Devi,Sonu,0,0,Women,latin,1,8128,Hisar__Hansi-I.pdf
Hisar,Hansi-I,49,Sheikhpura,Other than Woman,NONE,0,Pradeep,Gulab Singh,0,0,Other than Women,latin,1,8128,Hisar__Hansi-I.pdf
Hisar,Hansi-I,50,Singhwa Ragho,Woman,NONE,1,Neelam,Naresh,0,0,Women,latin,1,8128,Hisar__Hansi-I.pdf
Hisar,Hansi-I,51,Sisai Bolan,Other than Woman,NONE,0,Rajesh,Dharm Pal,0,0,Other than Women,latin,1,8128,Hisar__Hansi-I.pdf
Hisar,Hansi-I,52,Sisai Kalirawan,Woman,NONE,1,Pinki,Pardeep,0,0,Women,latin,1,8128,Hisar__Hansi-I.pdf
Hisar,Hansi-I,53,Sorkhi,SC Other than Woman,SC,0,Ram Chander,Amar Singh,0,0,Scheduled Caste other than Women,latin,1,8128,Hisar__Hansi-I.pdf
Hisar,Hansi-I,54,Sultanpur,SC Woman,SC,1,Priti,Pawan Kumar,0,0,Scheduled Caste Women,latin,1,8128,Hisar__Hansi-I.pdf
Hisar,Hansi-I,55,Umra,Other than Woman,NONE,0,Vinod Malik,Mahavir Singh,0,0,Other than Women,latin,1,8128,Hisar__Hansi-I.pdf
Hisar,Hansi-II,1,Badchhapper,SC Other than Woman,SC,0,Randhir Singh,Phoolu Ram,0,0,Scheduled Caste other than Women,latin,1,8137,Hisar__Hansi-II.pdf
Hisar,Hansi-II,2,Bass Ajamshahpur,Other than Woman,NONE,0,Deepak Tanwar,Surender,0,0,Other than Women,latin,1,8137,Hisar__Hansi-II.pdf
Hisar,Hansi-II,3,Bass Akbarpur,Woman,NONE,1,Poonam,Narender,0,0,Women,latin,1,8137,Hisar__Hansi-II.pdf
Hisar,Hansi-II,4,Bass Badshahpur,Woman,NONE,1,Jyoti,Vinod,0,0,Women,latin,1,8137,Hisar__Hansi-II.pdf
Hisar,Hansi-II,5,Bass Khurd Bijan,BC-A Other than Woman,BC_A,0,Balwan Singh,Rameshwer,0,0,Backward Class ‘A’ other than Women,latin,1,8137,Hisar__Hansi-II.pdf
Hisar,Hansi-II,6,Badala,Other than Woman,NONE,0,Jora Singh,Pyarelal,0,0,Other than Women,latin,1,8137,Hisar__Hansi-II.pdf
Hisar,Hansi-II,7,Bhaklana,SC Woman,SC,1,Soniya,Lala,0,0,Scheduled Caste Women,latin,1,8137,Hisar__Hansi-II.pdf
Hisar,Hansi-II,8,Bhatol Jatan,Woman,NONE,1,Kumari Pushpa Choudhary,Amit Kumar,0,0,Women,latin,1,8137,Hisar__Hansi-II.pdf
Hisar,Hansi-II,9,Bhatol Rangran,Other than Woman,NONE,0,Devender Singh,Sita Ram,0,0,Other than Women,latin,1,8137,Hisar__Hansi-II.pdf
Hisar,Hansi-II,10,Dharamkheri,SC Other than Woman,SC,0,Krishan Kumar,Maan Singh,0,0,Scheduled Caste other than Women,latin,1,8137,Hisar__Hansi-II.pdf
Hisar,Hansi-II,11,Jamni Khera,BC-A Woman,BC_A,1,Shakuntla,Bijender,0,0,Backward Class 'A' Women,latin,1,8137,Hisar__Hansi-II.pdf
Hisar,Hansi-II,12,Jeetpura,Other than Woman,NONE,0,Sandeep Kumar,Rajender Singh,0,0,Other than Women,latin,1,8137,Hisar__Hansi-II.pdf
Hisar,Hansi-II,13,Khanda Kheri,SC Woman,SC,1,Kumari Sumita,Sandeep Kumar,0,0,Scheduled Caste Women,latin,1,8137,Hisar__Hansi-II.pdf
Hisar,Hansi-II,14,Kharbala,Woman,NONE,1,Swati Devi,Hariom,0,0,Women,latin,1,8137,Hisar__Hansi-II.pdf
Hisar,Hansi-II,15,Roshan Khera,Woman,NONE,1,Poonam Devi,Sookhbir Singh,0,0,Women,latin,1,8137,Hisar__Hansi-II.pdf
Hisar,Hansi-II,16,Khera Rangran,Other than Woman,NONE,0,Sushil Kumar,Jora Singh,0,0,Other than Women,latin,1,8137,Hisar__Hansi-II.pdf
Hisar,Hansi-II,17,Madanheri,Woman,NONE,1,Suman Devi,Pardeep,0,0,Women,latin,1,8137,Hisar__Hansi-II.pdf
Hisar,Hansi-II,18,Mohla,SC Other than Woman,SC,0,Dharmvir,Fateh Singh,0,0,Scheduled Caste other than Women,latin,1,8137,Hisar__Hansi-II.pdf
Hisar,Hansi-II,19,Putthi Samain,Other than Woman,NONE,0,Dharm Raj,Chater Singh,0,0,Other than Women,latin,1,8137,Hisar__Hansi-II.pdf
Hisar,Hansi-II,20,Sisar,Woman,NONE,1,Geeta Devi,Ram Niwas,0,0,Women,latin,1,8137,Hisar__Hansi-II.pdf
Hisar,Hansi-II,21,Singhwa Khass,Other than Woman,NONE,0,Om Parkash,Jagta,0,0,Other than Women,latin,1,8137,Hisar__Hansi-II.pdf
Hisar,Hansi-II,22,Thurana,Other than Woman,NONE,0,Ramesh Kumar,Rati Ram,0,0,Other than Women,latin,1,8137,Hisar__Hansi-II.pdf
Hisar,Hansi-II,23,Ugalan,SC Woman,SC,1,Vacant,,0,1,Scheduled Caste Women,latin,1,8137,Hisar__Hansi-II.pdf
Hisar,Hisar-I,1,Alipur,SC Other than Woman,SC,0,Subhash Chander,Bharat Singh,0,0,Scheduled Caste other than Women,latin,1,8110,Hisar__Hisar-I.pdf
Hisar,Hisar-I,2,Bada Rangran,SC Woman,SC,1,Murti Devi,Sandeep,0,0,Scheduled Caste Women,latin,1,8110,Hisar__Hisar-I.pdf
Hisar,Hisar-I,3,Bhagana,SC Other than Woman,SC,0,Monu,Dharmvir,0,0,Scheduled Caste other than Women,latin,1,8110,Hisar__Hisar-I.pdf
Hisar,Hisar-I,4,Chirod,SC Woman,SC,1,Bala Devi,Molu Ram,0,0,Scheduled Caste Women,latin,1,8110,Hisar__Hisar-I.pdf
Hisar,Hisar-I,5,Gunjar,SC Other than Woman,SC,0,Sahil,Satbir,0,0,Scheduled Caste other than Women,latin,1,8110,Hisar__Hisar-I.pdf
Hisar,Hisar-I,6,Khokha,SC Woman,SC,1,Kumari Meera,Karmpal,0,0,Scheduled Caste Women,latin,1,8110,Hisar__Hisar-I.pdf
Hisar,Hisar-I,7,Payal,SC Other than Woman,SC,0,Ramphal,Pohkar,0,0,Scheduled Caste other than Women,latin,1,8110,Hisar__Hisar-I.pdf
Hisar,Hisar-I,8,Sharwa,SC Woman,SC,1,Neelam,Rajesh Kumar,0,0,Scheduled Caste Women,latin,1,8110,Hisar__Hisar-I.pdf
Hisar,Hisar-I,9,Shikarpur,SC Other than Woman,SC,0,Rohtash,Tara Chand,0,0,Scheduled Caste other than Women,latin,1,8110,Hisar__Hisar-I.pdf
Hisar,Hisar-I,10,Talwandi Badsahpur,SC Woman,SC,1,Pinki Rani,Charan Singh,0,0,Scheduled Caste Women,latin,1,8110,Hisar__Hisar-I.pdf
Hisar,Hisar-I,11,Talwandi Rana,SC Other than Woman,SC,0,Dayal Singh,Shyam Lal,0,0,Scheduled Caste other than Women,latin,1,8110,Hisar__Hisar-I.pdf
Hisar,Hisar-I,12,Bado Brahmnan,BC-A Other than Woman,BC_A,0,Rajbir,Chandgi Ram,0,0,Backward Class ‘A’ other than Women,latin,1,8110,Hisar__Hisar-I.pdf
Hisar,Hisar-I,13,Balawas,Woman,NONE,1,Seema,Pawan Kumar,0,0,Women,latin,1,8110,Hisar__Hisar-I.pdf
Hisar,Hisar-I,14,Bharri,Other than Woman,NONE,0,Vijender Singh,Mahabir Singh,0,0,Other than Women,latin,1,8110,Hisar__Hisar-I.pdf
Hisar,Hisar-I,15,Bhojraj,Woman,NONE,1,Nitu Devi,Ramniwas,0,0,Women,latin,1,8110,Hisar__Hisar-I.pdf
Hisar,Hisar-I,16,Bure,Other than Woman,NONE,0,Ranbir Singh,Pritam Singh,0,0,Other than Women,latin,1,8110,Hisar__Hisar-I.pdf
Hisar,Hisar-I,17,Charnond,Woman,NONE,1,Sudesh,Ramesh Kumar,0,0,Women,latin,1,8110,Hisar__Hisar-I.pdf
Hisar,Hisar-I,18,Dabra,Other than Woman,NONE,0,Suryadeep Dabra,Shamsher Singh,0,0,Other than Women,latin,1,8110,Hisar__Hisar-I.pdf
Hisar,Hisar-I,19,Dahima,Woman,NONE,1,Suman,Rajkumar,0,0,Women,latin,1,8110,Hisar__Hisar-I.pdf
Hisar,Hisar-I,20,Daya,Other than Woman,NONE,0,Mukesh,Wazir Singh,0,0,Other than Women,latin,1,8110,Hisar__Hisar-I.pdf
Hisar,Hisar-I,21,Dhanijatan,Woman,NONE,1,Poonam Devi,Deepak,1,0,Women,latin,1,8110,Hisar__Hisar-I.pdf
Hisar,Hisar-I,22,Dhani Raipur,Other than Woman,NONE,0,Madan Lal,Daya Nand,0,0,Other than Women,latin,1,8110,Hisar__Hisar-I.pdf
Hisar,Hisar-I,23,Dhansu,BC-A Woman,BC_A,1,Sulochana,Surjeet,0,0,Backward Class 'A' Women,latin,1,8110,Hisar__Hisar-I.pdf
Hisar,Hisar-I,24,Dubeta,Other than Woman,NONE,0,Jagbir Singh,Chatar Singh,0,0,Other than Women,latin,1,8110,Hisar__Hisar-I.pdf
Hisar,Hisar-I,25,Gandhinagar,Woman,NONE,1,Manju Rani,Kabir Dass,0,0,Women,latin,1,8110,Hisar__Hisar-I.pdf
Hisar,Hisar-I,26,Gangwa,Other than Woman,NONE,0,Bhagwan Dass,Surjeet Singh,0,0,Other than Women,latin,0,8110,Hisar__Hisar-I.pdf
Hisar,Hisar-I,27,Harikot,Woman,NONE,1,Anu,Amit,0,0,Women,latin,1,8110,Hisar__Hisar-I.pdf
Hisar,Hisar-I,28,Harita,Other than Woman,NONE,0,Ramesh Kumar,Bhoop Singh,0,0,Other than Women,latin,1,8110,Hisar__Hisar-I.pdf
Hisar,Hisar-I,29,Kaimri,Woman,NONE,1,Dayawanti,Omparkash,0,0,Women,latin,1,8110,Hisar__Hisar-I.pdf
Hisar,Hisar-I,30,Kharar,Other than Woman,NONE,0,Ramesh Kumar,Sultan Singh,0,0,Other than Women,latin,1,8110,Hisar__Hisar-I.pdf
Hisar,Hisar-I,31,Kharkari,Woman,NONE,1,Santosh Kumari,Vikram Singh,0,0,Women,latin,1,8110,Hisar__Hisar-I.pdf
Hisar,Hisar-I,32,Ladwa,Other than Woman,NONE,0,Ramphal,Shakti Singh,0,0,Other than Women,latin,1,8110,Hisar__Hisar-I.pdf
Hisar,Hisar-I,33,Mangali Aklan,Woman,NONE,1,Usha,Shiv Kumar,0,0,Women,latin,1,8110,Hisar__Hisar-I.pdf
Hisar,Hisar-I,34,Mangali Jhara,Other than Woman,NONE,0,Joginder,Bhagat Fateh Singh,0,0,Other than Women,latin,1,8110,Hisar__Hisar-I.pdf
Hisar,Hisar-I,35,Mangali Mohabat,BC-A Woman,BC_A,1,Sarita,Shiv Kumar,0,0,Backward Class 'A' Women,latin,1,8110,Hisar__Hisar-I.pdf
Hisar,Hisar-I,36,Mangali Surtia,Other than Woman,NONE,0,Balraj Singh,Mani Ram,0,0,Other than Women,latin,1,8110,Hisar__Hisar-I.pdf
Hisar,Hisar-I,37,Mayar,Woman,NONE,1,Sushila Devi,Vikas,0,0,Women,latin,1,8110,Hisar__Hisar-I.pdf
Hisar,Hisar-I,38,Mirjapur,Other than Woman,NONE,0,Sadhu Ram,Rajmal,0,0,Other than Women,latin,1,8110,Hisar__Hisar-I.pdf
Hisar,Hisar-I,39,Mirkan,BC-A Woman,BC_A,1,Manisha Soni,Rakesh,0,0,Backward Class 'A' Women,latin,1,8110,Hisar__Hisar-I.pdf
Hisar,Hisar-I,40,Nalwa,Other than Woman,NONE,0,Sushil Kumar,Gangadher,0,0,Other than Women,latin,1,8110,Hisar__Hisar-I.pdf
Hisar,Hisar-I,41,Niyana,Woman,NONE,1,Rani,Virender,0,0,Women,latin,1,8110,Hisar__Hisar-I.pdf
Hisar,Hisar-I,42,Pana Alampur,Other than Woman,NONE,0,Vishnu Dutt,Nand Ram,0,0,Other than Women,latin,1,8110,Hisar__Hisar-I.pdf
Hisar,Hisar-I,43,Pana Mehrana,Woman,NONE,1,Kavita Rani,Sanjay,0,0,Women,latin,1,8110,Hisar__Hisar-I.pdf
Hisar,Hisar-I,44,Raipur,Other than Woman,NONE,0,Sunil Kumar,Meva Singh,0,0,Other than Women,latin,1,8110,Hisar__Hisar-I.pdf
Hisar,Hisar-I,45,Rawatkhera,Woman,NONE,1,Silochna,Shri Ram,0,0,Women,latin,1,8110,Hisar__Hisar-I.pdf
Hisar,Hisar-I,46,Satrod Kalan,Other than Woman,NONE,0,Pardeep Kumar,Sube Singh,0,0,Other than Women,latin,1,8110,Hisar__Hisar-I.pdf
Hisar,Hisar-I,47,Talwandi Rukka,Woman,NONE,1,Neelam,Manoj Kumar,0,0,Women,latin,1,8110,Hisar__Hisar-I.pdf
Hisar,Hisar-II,1,Arya Nagar,Other than Woman,NONE,0,Rattan Singh,Ramji Lal,0,0,Other than Women,latin,1,8119,Hisar__Hisar-II.pdf
Hisar,Hisar-II,2,Balsamand,Woman,NONE,1,Manju,Ranvir,0,0,Women,latin,1,8119,Hisar__Hisar-II.pdf
Hisar,Hisar-II,3,Bandaheri,SC Other than Woman,SC,0,Surender Pal,Ram Kumar,0,0,Scheduled Caste other than Women,latin,1,8119,Hisar__Hisar-II.pdf
Hisar,Hisar-II,4,Basra,Other than Woman,NONE,0,Pawan Kumar,Umed Singh,0,0,Other than Women,latin,1,8119,Hisar__Hisar-II.pdf
Hisar,Hisar-II,5,Bherian,Woman,NONE,1,Parveen Kumari,Kuldeep Singh,0,0,Women,latin,1,8119,Hisar__Hisar-II.pdf
Hisar,Hisar-II,6,Bhiwani Rohilla,Other than Woman,NONE,0,Baljeet Singh,Badan Singh,0,0,Other than Women,latin,1,8119,Hisar__Hisar-II.pdf
Hisar,Hisar-II,7,Bir Babran,Woman,NONE,1,Poonam,Devender,0,0,Women,latin,1,8119,Hisar__Hisar-II.pdf
Hisar,Hisar-II,8,Bir Hisar,Other than Woman,NONE,0,Satpal,Sita Ram,0,0,Other than Women,latin,1,8119,Hisar__Hisar-II.pdf
Hisar,Hisar-II,9,Burak,Woman,NONE,1,Sunita,Raj Kumar,0,0,Women,latin,1,8119,Hisar__Hisar-II.pdf
Hisar,Hisar-II,10,C-Block Chikanwas,SC Woman,SC,1,Birmati,Sumit Kumar,0,0,Scheduled Caste Women,latin,1,8119,Hisar__Hisar-II.pdf
Hisar,Hisar-II,11,Chandan Nagar,SC Other than Woman,SC,0,Wazir Singh,Ramji Lal,0,0,Scheduled Caste other than Women,latin,1,8119,Hisar__Hisar-II.pdf
Hisar,Hisar-II,12,Chaudhariwas,Other than Woman,NONE,0,Ashok Kumar,Jagdish Parshad,0,0,Other than Women,latin,1,8119,Hisar__Hisar-II.pdf
Hisar,Hisar-II,13,Devan,Woman,NONE,1,Suman,Jaibir Singh,0,0,Women,latin,1,8119,Hisar__Hisar-II.pdf
Hisar,Hisar-II,14,Dhani Piranwali,Other than Woman,NONE,0,Gurvinder Singh,Jarnail Singh,0,0,Other than Women,latin,1,8119,Hisar__Hisar-II.pdf
Hisar,Hisar-II,15,Dhiranwas,Woman,NONE,1,Prerna,Anil,0,0,Women,latin,1,8119,Hisar__Hisar-II.pdf
Hisar,Hisar-II,16,Dobhi,BC-A Other than Woman,BC_A,0,Azad Singh,Inder Singh,0,0,Backward Class ‘A’ other than Women,latin,1,8119,Hisar__Hisar-II.pdf
Hisar,Hisar-II,17,Gawar,Woman,NONE,1,Pramila,Vikram Singh,0,0,Women,latin,1,8119,Hisar__Hisar-II.pdf
Hisar,Hisar-II,18,Gorchi,SC Woman,SC,1,Suman Rani,Vijay Kumar,0,0,Scheduled Caste Women,latin,1,8119,Hisar__Hisar-II.pdf
Hisar,Hisar-II,19,Hindwan,Other than Woman,NONE,0,Bhoop Singh,Ram Kumar,0,0,Other than Women,latin,1,8119,Hisar__Hisar-II.pdf
Hisar,Hisar-II,20,Jakhod Khera,Woman,NONE,1,Santosh Devi,Balwan Singh,0,0,Women,latin,1,8119,Hisar__Hisar-II.pdf
Hisar,Hisar-II,21,Kajlan,SC Other than Woman,SC,0,Sajjan Kumar,Karamvir,0,0,Scheduled Caste other than Women,latin,1,8119,Hisar__Hisar-II.pdf
Hisar,Hisar-II,22,Kalwas,SC Woman,SC,1,Renu,Satbir Singh,1,0,Scheduled Caste Women,latin,1,8119,Hisar__Hisar-II.pdf
Hisar,Hisar-II,23,Kharia,Other than Woman,NONE,0,Balwan Singh,Tek Chand,0,0,Other than Women,latin,1,8119,Hisar__Hisar-II.pdf
Hisar,Hisar-II,24,Kirtan,SC Other than Woman,SC,0,Pramod Kumar,Dalel Singh,0,0,Scheduled Caste other than Women,latin,1,8119,Hisar__Hisar-II.pdf
Hisar,Hisar-II,25,Ludas,Woman,NONE,1,Kavita,Krishan Kumar,0,0,Women,latin,1,8119,Hisar__Hisar-II.pdf
Hisar,Hisar-II,26,Malapur,Other than Woman,NONE,0,Sitender Kumar,Banwari Lal,0,0,Other than Women,latin,1,8119,Hisar__Hisar-II.pdf
Hisar,Hisar-II,27,Matar Shyam,Woman,NONE,1,Santosh Kumari,Anoop Singh,0,0,Women,latin,1,8119,Hisar__Hisar-II.pdf
Hisar,Hisar-II,28,Mingni Khera,BC-A Other than Woman,BC_A,0,Jang Bhadur,Tek Chand,0,0,Backward Class ‘A’ other than Women,latin,1,8119,Hisar__Hisar-II.pdf
Hisar,Hisar-II,29,Muklan,Woman,NONE,1,Vedwanti,Rajesh Kumar,0,0,Women,latin,1,8119,Hisar__Hisar-II.pdf
Hisar,Hisar-II,30,Neoli Kalan,SC Woman,SC,1,Anuradha,Dilbag Rai,0,0,Scheduled Caste Women,latin,1,8119,Hisar__Hisar-II.pdf
Hisar,Hisar-II,31,Neoli Khurd,Other than Woman,NONE,0,Anil Kumar,Balbir Singh,0,0,Other than Women,latin,1,8119,Hisar__Hisar-II.pdf
Hisar,Hisar-II,32,Panihar Chak,Woman,NONE,1,Gayatri Devi,Raj Kamal,0,0,Women,latin,1,8119,Hisar__Hisar-II.pdf
Hisar,Hisar-II,33,Patan,Other than Woman,NONE,0,Prithvi Singh,Indraj,0,0,Other than Women,latin,1,8119,Hisar__Hisar-II.pdf
Hisar,Hisar-II,34,Rawalwas Kalan,SC Other than Woman,SC,0,Dhan Singh,Chandu Ram,0,0,Scheduled Caste other than Women,latin,1,8119,Hisar__Hisar-II.pdf
Hisar,Hisar-II,35,Rawalwas Khurd,Woman,NONE,1,Rajesh Kumari,Rajesh Kumar,0,0,Women,latin,1,8119,Hisar__Hisar-II.pdf
Hisar,Hisar-II,36,Salemgarh,Other than Woman,NONE,0,Ram Pal,Sheo Nand,0,0,Other than Women,latin,1,8119,Hisar__Hisar-II.pdf
Hisar,Hisar-II,37,Sarsana,SC Woman,SC,1,Saroj Bala,Subhash Chander,0,0,Scheduled Caste Women,latin,1,8119,Hisar__Hisar-II.pdf
Hisar,Hisar-II,38,Shahpur,Woman,NONE,1,Reetu,Sunil Kumar,0,0,Women,latin,1,8119,Hisar__Hisar-II.pdf
Hisar,Hisar-II,39,Singhran,BC-A Other than Woman,BC_A,0,Sanjay Kumar,Radha Krishan,0,0,Backward Class ‘A’ other than Women,latin,1,8119,Hisar__Hisar-II.pdf
Hisar,Hisar-II,40,Siswala,Woman,NONE,1,Baby,Partap Singh,0,0,Women,latin,1,8119,Hisar__Hisar-II.pdf
Hisar,Hisar-II,41,Sundawas,Other than Woman,NONE,0,Sampat Singh,Prem Singh,0,0,Other than Women,latin,1,8119,Hisar__Hisar-II.pdf
Hisar,Hisar-II,42,Tokas,SC Other than Woman,SC,0,Begraj,Jaidev,0,0,Scheduled Caste other than Women,latin,1,8119,Hisar__Hisar-II.pdf
Hisar,Narnaund,1,Bhaini Amirpur,Other than Woman,NONE,0,Pritam Singh,Subhash Chander,0,0,Other than Women,latin,1,8146,Hisar__Narnaund.pdf
Hisar,Narnaund,2,Budana,Woman,NONE,1,Sarita Devi,Anil Kumar,0,0,Women,latin,1,8146,Hisar__Narnaund.pdf
Hisar,Narnaund,3,Dhani Brahaman,SC Other than Woman,SC,0,Pawan Kumar,Mahabir Singh,0,0,Scheduled Caste other than Women,latin,1,8146,Hisar__Narnaund.pdf
Hisar,Narnaund,4,Dhani Kumharan,SC Woman,SC,1,Sonia,Vikram,0,0,Scheduled Caste Women,latin,1,8146,Hisar__Narnaund.pdf
Hisar,Narnaund,5,Gamra,Other than Woman,NONE,0,Naresh,Sushil,0,0,Other than Women,latin,1,8146,Hisar__Narnaund.pdf
Hisar,Narnaund,6,Ghari Azema,Woman,NONE,1,Ruchika,Sunil Kumar,0,0,Women,latin,1,8146,Hisar__Narnaund.pdf
Hisar,Narnaund,7,Habetpur,Other than Woman,NONE,0,Parveen Kumar,Balraj Singh,0,0,Other than Women,latin,1,8146,Hisar__Narnaund.pdf
Hisar,Narnaund,8,Kagsar,SC Other than Woman,SC,0,Satyawan,Diwan,0,0,Scheduled Caste other than Women,latin,1,8146,Hisar__Narnaund.pdf
Hisar,Narnaund,9,Kapro,Woman,NONE,1,Sushila Kumari,Suresh Kumar,0,0,Women,latin,1,8146,Hisar__Narnaund.pdf
Hisar,Narnaund,10,Kheri Jalab,Other than Woman,NONE,0,Yudhvir Singh,Azad Singh,0,0,Other than Women,latin,1,8146,Hisar__Narnaund.pdf
Hisar,Narnaund,11,Kheri Lochab,Woman,NONE,1,Preeti,Amardeep,0,0,Women,latin,1,8146,Hisar__Narnaund.pdf
Hisar,Narnaund,12,Kheri Roz,BC-A Other than Woman,BC_A,0,Vazir Singh,Nihal Singh,0,0,Backward Class ‘A’ other than Women,latin,1,8146,Hisar__Narnaund.pdf
Hisar,Narnaund,13,Kinner,Woman,NONE,1,Sarin,Ishwar,0,0,Women,latin,1,8146,Hisar__Narnaund.pdf
Hisar,Narnaund,14,Koth Kalan,Other than Woman,NONE,0,Maha Singh,Chandgi Ram,0,0,Other than Women,latin,1,8146,Hisar__Narnaund.pdf
Hisar,Narnaund,15,Koth Khurd,Woman,NONE,1,Anita Rani,Virender Singh,0,0,Women,latin,1,8146,Hisar__Narnaund.pdf
Hisar,Narnaund,16,Lohari Ragho,BC-A Other than Woman,BC_A,0,Sonu,Chanderbhan,0,0,Backward Class ‘A’ other than Women,latin,1,8146,Hisar__Narnaund.pdf
Hisar,Narnaund,17,Madha,Woman,NONE,1,Varsha,Deepak Kumar,0,0,Women,latin,1,8146,Hisar__Narnaund.pdf
Hisar,Narnaund,18,Majra,Other than Woman,NONE,0,Ramkesh Mohan,Rajender Singh,0,0,Other than Women,latin,1,8146,Hisar__Narnaund.pdf
Hisar,Narnaund,19,Milakpur,Woman,NONE,1,Mukesh Rani,Deepak,0,0,Women,latin,1,8146,Hisar__Narnaund.pdf
Hisar,Narnaund,20,Mirachpur,SC Woman,SC,1,Rajni,Ashok Kumar,0,0,Scheduled Caste Women,latin,1,8146,Hisar__Narnaund.pdf
Hisar,Narnaund,21,Moth Karnail,SC Other than Woman,SC,0,Sunil,Dayanand,0,0,Scheduled Caste other than Women,latin,1,8146,Hisar__Narnaund.pdf
Hisar,Narnaund,22,Moth Rangran,Other than Woman,NONE,0,Jaswant Rai,Jawala Singh,0,0,Other than Women,latin,1,8146,Hisar__Narnaund.pdf
Hisar,Narnaund,23,Nara,Woman,NONE,1,Samita Rani,Sudhir,0,0,Women,latin,1,8146,Hisar__Narnaund.pdf
Hisar,Narnaund,24,Pali,Other than Woman,NONE,0,Mandeep,Ajit Singh,0,0,Other than Women,latin,1,8146,Hisar__Narnaund.pdf
Hisar,Narnaund,25,Petwar,Woman,NONE,1,Urmila Devi,Satbir Singh,0,0,Women,latin,1,8146,Hisar__Narnaund.pdf
Hisar,Narnaund,26,Rajpura,Other than Woman,NONE,0,Sunil Kohar,Rajender,0,0,Other than Women,latin,1,8146,Hisar__Narnaund.pdf
Hisar,Narnaund,27,Rajthal,Woman,NONE,1,Renu,Ajmer,0,0,Women,latin,1,8146,Hisar__Narnaund.pdf
Hisar,Narnaund,28,Rakhi Khas,SC Woman,SC,1,Meenakshi,Banti,0,0,Scheduled Caste Women,latin,1,8146,Hisar__Narnaund.pdf
Hisar,Narnaund,29,Rakhi Shahpur,SC Other than Woman,SC,0,Manish,Rohtash,0,0,Scheduled Caste other than Women,latin,1,8146,Hisar__Narnaund.pdf
Hisar,Narnaund,30,Sulchani,Other than Woman,NONE,0,Manjeet Duhan,Karmvir,0,0,Other than Women,latin,1,8146,Hisar__Narnaund.pdf
Hisar,Uklana,1,Bheri Akbarpur,Other than Woman,NONE,0,Hoshiyar Singh,Balraj Singh,0,0,Other than Women,latin,1,8164,Hisar__Uklana.pdf
Hisar,Uklana,2,Bithmara,Woman,NONE,1,....,Poonam,0,0,Women,latin,1,8164,Hisar__Uklana.pdf
Hisar,Uklana,3,Budha Khera,Other than Woman,NONE,0,....,Sukhbinder Singh,0,0,Other than Women,latin,1,8164,Hisar__Uklana.pdf
Hisar,Uklana,4,Chamar Khera,Woman,NONE,1,....,Kanta Devi,0,0,Women,latin,1,8164,Hisar__Uklana.pdf
Hisar,Uklana,5,Daulatpur,SC Other than Woman,SC,0,....,Potu Ram,0,0,Scheduled Caste other than Women,latin,1,8164,Hisar__Uklana.pdf
Hisar,Uklana,6,Faridpur,Other than Woman,NONE,0,.....,Virender,0,0,Other than Women,latin,1,8164,Hisar__Uklana.pdf
Hisar,Uklana,7,Kallar Bhani,Woman,NONE,1,.....,Kiran,0,0,Women,latin,1,8164,Hisar__Uklana.pdf
Hisar,Uklana,8,Kandool,Other than Woman,NONE,0,....,Rajesh Kumar,0,0,Other than Women,latin,1,8164,Hisar__Uklana.pdf
Hisar,Uklana,9,Khairi,SC Woman,SC,1,....,Meenu,0,0,Scheduled Caste Women,latin,1,8164,Hisar__Uklana.pdf
Hisar,Uklana,10,Kinala,SC Other than Woman,SC,0,...,Hardeep Singh,0,0,Scheduled Caste other than Women,latin,1,8164,Hisar__Uklana.pdf
Hisar,Uklana,11,Kundanpura,SC Woman,SC,1,....,Savita,0,0,Scheduled Caste Women,latin,1,8164,Hisar__Uklana.pdf
Hisar,Uklana,12,Litani,Woman,NONE,1,......,Malka Rani,0,0,Women,latin,1,8164,Hisar__Uklana.pdf
Hisar,Uklana,13,Madanpura,Other than Woman,NONE,0,....,Kuldeep,0,0,Other than Women,latin,1,8164,Hisar__Uklana.pdf
Hisar,Uklana,14,Mugalpura / Shankarpura,BC-A Woman,BC_A,1,...,Rajpati,0,0,Backward Class ʻAʼ Women,latin,1,8164,Hisar__Uklana.pdf
Hisar,Uklana,15,Pabra,Other than Woman,NONE,0,...,Darshan Singh,0,0,Other than Women,latin,1,8164,Hisar__Uklana.pdf
Hisar,Uklana,16,Parbhuwala,SC Other than Woman,SC,0,...,Anil Kumar,0,0,Scheduled Caste other than Women,latin,1,8164,Hisar__Uklana.pdf
Hisar,Uklana,17,Sahu,Woman,NONE,1,...,Parvinder Kaur,0,0,Women,latin,1,8164,Hisar__Uklana.pdf
Hisar,Uklana,18,Surewala,Other than Woman,NONE,0,...,Jaipal,0,0,Other than Women,latin,1,8164,Hisar__Uklana.pdf
Jhajjar,Badli,1,Batas,SC Other than Woman,SC,0,Gyan Chand,Kundan Lal,0,0,Scheduled Caste other than Women,latin,0,7869,Jhajjar__Badli.pdf
Jhajjar,Badli,2,Bamnola,Other than Woman,NONE,0,Anuraj,Vijaypal,0,0,Other than Women,latin,1,7869,Jhajjar__Badli.pdf
Jhajjar,Badli,3,Bupania,Woman,NONE,1,Sikha,Anil Kumar,0,0,Women,latin,1,7869,Jhajjar__Badli.pdf
Jhajjar,Badli,4,Dadri Toe,Other than Woman,NONE,0,Sunil Kumar,Balwan Singh,0,0,Other than Women,latin,1,7869,Jhajjar__Badli.pdf
Jhajjar,Badli,5,Dariapur,Woman,NONE,1,Sangita,Pawanpal,0,0,Women,latin,1,7869,Jhajjar__Badli.pdf
Jhajjar,Badli,6,Deshalpur,Other than Woman,NONE,0,Naveen,Puranmal,0,0,Other than Women,latin,1,7869,Jhajjar__Badli.pdf
Jhajjar,Badli,7,Devar Khana,BC-A Woman,BC_A,1,Jyoti,Inderjeet,0,0,Back Class 'A' Women,latin,1,7869,Jhajjar__Badli.pdf
Jhajjar,Badli,8,Fatehpur,SC Woman,SC,1,Pooja Devi,Kuldeep,0,0,Sarpanch Scheduled Caste Women,latin,1,7869,Jhajjar__Badli.pdf
Jhajjar,Badli,9,Gangarwa,SC Other than Woman,SC,0,Jitender,Hawa Singh,0,0,Sarpanch Scheduled Caste other than Women,latin,1,7869,Jhajjar__Badli.pdf
Jhajjar,Badli,10,Goyala Kalan,Other than Woman,NONE,0,Devender,Sombir,0,0,Other than Women Other than Women,latin,1,7869,Jhajjar__Badli.pdf
Jhajjar,Badli,11,Gubhana,BC-A Woman,BC_A,1,Meenu,Sunil,0,0,Sarpanch Back Class 'A' Women,latin,1,7869,Jhajjar__Badli.pdf
Jhajjar,Badli,12,Ishmilepur,Other than Woman,NONE,0,Brijpal,Lalchand,0,0,Other than Women,latin,1,7869,Jhajjar__Badli.pdf
Jhajjar,Badli,13,Jahangirpur,Woman,NONE,1,Reena Rani,Sukhdev,0,0,Women,latin,1,7869,Jhajjar__Badli.pdf
Jhajjar,Badli,14,Jardakpur,Other than Woman,NONE,0,Manjeet Kumar,Jagdish Singh,0,0,Other than Women,latin,1,7869,Jhajjar__Badli.pdf
Jhajjar,Badli,15,Kheri Jat,Woman,NONE,1,Rajbala,Rambir,0,0,Women,latin,1,7869,Jhajjar__Badli.pdf
Jhajjar,Badli,16,Kherka Gujjar,Other than Woman,NONE,0,Sunil Kumar,Tekchand,0,0,Other than Women Other than Women,latin,1,7869,Jhajjar__Badli.pdf
Jhajjar,Badli,17,Kukrola,Woman,NONE,1,Madhu Bala,Jaiveer,0,0,Women,latin,1,7869,Jhajjar__Badli.pdf
Jhajjar,Badli,18,Ladpur,Other than Woman,NONE,0,Amit,Bhoop Singh,0,0,Other than Women,latin,1,7869,Jhajjar__Badli.pdf
Jhajjar,Badli,19,Lagarpur,Woman,NONE,1,Reena,Kirshan Kumar,0,0,Women,latin,1,7869,Jhajjar__Badli.pdf
Jhajjar,Badli,20,Lohat,Other than Woman,NONE,0,Jai Karan,Rajbir,0,0,Other than Women,latin,1,7869,Jhajjar__Badli.pdf
Jhajjar,Badli,21,Luksar,Woman,NONE,1,Kaushaliya,Vijaypal,0,0,Women,latin,1,7869,Jhajjar__Badli.pdf
Jhajjar,Badli,22,Majri,Other than Woman,NONE,0,Dharambir,Mahender,0,0,Other than Women,latin,1,7869,Jhajjar__Badli.pdf
Jhajjar,Badli,23,Munda Khera,SC Woman,SC,1,Kavita,Narender,0,0,Sarpanch Scheduled Caste Women,latin,1,7869,Jhajjar__Badli.pdf
Jhajjar,Badli,24,Munimpur,SC Other than Woman,SC,0,Rohit,Charan Singh,0,0,Scheduled Caste other than Women,latin,1,7869,Jhajjar__Badli.pdf
Jhajjar,Badli,25,Nimana,Woman,NONE,1,Birmati,Amit,0,0,Women,latin,1,7869,Jhajjar__Badli.pdf
Jhajjar,Badli,26,Pelpa,Other than Woman,NONE,0,Sandeep,Jaipan,0,0,Other than Women,latin,1,7869,Jhajjar__Badli.pdf
Jhajjar,Badli,27,Shah Pur Malik,Woman,NONE,1,Mukesh,Naresh,0,0,Sarpanch Women Women,latin,1,7869,Jhajjar__Badli.pdf
Jhajjar,Badli,28,Sondhi,Other than Woman,NONE,0,Govind,Mahasingh,0,0,Other than Women,latin,1,7869,Jhajjar__Badli.pdf
Jhajjar,Badli,29,Yakubpur,Woman,NONE,1,Seema,Jagjeet,0,0,Women,latin,1,7869,Jhajjar__Badli.pdf
Jhajjar,Bahadurgarh,1,Aasanda,SC Other than Woman,SC,0,Sandeep,Mahender Singh,0,0,Scheduled Cast e other than Women,latin,1,7886,Jhajjar__Bahadurgarh.pdf
Jhajjar,Bahadurgarh,2,Aasoudha Siwan,Other than Woman,NONE,0,"Election for the post of Sarpanch kept in abeyance by State Election Commission vide Notification No.SEC/4E-III/2022/4696, dated 01.11.2022.",,0,0,Other than Women Other than Women,latin,1,7886,Jhajjar__Bahadurgarh.pdf
Jhajjar,Bahadurgarh,3,Asaoudha Todran,Woman,NONE,1,Archana,Ravi Kumar,0,0,Women Women,latin,1,7886,Jhajjar__Bahadurgarh.pdf
Jhajjar,Bahadurgarh,4,Bamnoli,Woman,NONE,1,Renu Bala,J,0,0,Women,latin,1,7886,Jhajjar__Bahadurgarh.pdf
Jhajjar,Bahadurgarh,5,Balour,Other than Woman,NONE,0,Rajesh Yadav,Atter Singh,0,0,Other than Women,latin,1,7886,Jhajjar__Bahadurgarh.pdf
Jhajjar,Bahadurgarh,6,Barahi,Other than Woman,NONE,0,Mohit Kumar,Raj Singh,0,0,Other than Women,latin,1,7886,Jhajjar__Bahadurgarh.pdf
Jhajjar,Bahadurgarh,7,Bhaprodha,Woman,NONE,1,Meena,Parmod,0,0,Women,latin,1,7886,Jhajjar__Bahadurgarh.pdf
Jhajjar,Bahadurgarh,8,Bir Baraktabad Jatan,Woman,NONE,1,Sweety,Parmod,0,0,Women Women,latin,1,7886,Jhajjar__Bahadurgarh.pdf
Jhajjar,Bahadurgarh,9,Bir Baraktabad Sainian,Other than Woman,NONE,0,Rohtash,Tarachand,1,0,Other than Women Other than Women,latin,1,7886,Jhajjar__Bahadurgarh.pdf
Jhajjar,Bahadurgarh,10,Chhara,SC Woman,SC,1,Jaya,aya,0,0,Scheduled Cast e Women,latin,1,7886,Jhajjar__Bahadurgarh.pdf
Jhajjar,Bahadurgarh,11,Chudani,Other than Woman,NONE,0,Vinod Kumar,Maalik Ram,0,0,Other than Women,latin,1,7886,Jhajjar__Bahadurgarh.pdf
Jhajjar,Bahadurgarh,12,Daboda Kalan,Woman,NONE,1,Poonam,Sukhbir Singh,0,0,Women Women,latin,1,7886,Jhajjar__Bahadurgarh.pdf
Jhajjar,Bahadurgarh,13,Daboda Khurd,Other than Woman,NONE,0,Manjeet Singh,Mahender Singh,0,0,Other than Women Other than Women,latin,1,7886,Jhajjar__Bahadurgarh.pdf
Jhajjar,Bahadurgarh,14,Dehkora,Woman,NONE,1,Kavita Rani,Yashbir,0,0,Women,latin,1,7886,Jhajjar__Bahadurgarh.pdf
Jhajjar,Bahadurgarh,15,Dulhera,Other than Woman,NONE,0,Amit Deshwal,J,0,0,Other than Women,latin,1,7886,Jhajjar__Bahadurgarh.pdf
Jhajjar,Bahadurgarh,16,Isharheri,Woman,NONE,1,,Moshmi Devi,1,1,Women,latin,1,7886,Jhajjar__Bahadurgarh.pdf
Jhajjar,Bahadurgarh,17,Jakhoda,Other than Woman,NONE,0,Rajbir Dalal,Rati Ram,0,0,Other than Women,latin,1,7886,Jhajjar__Bahadurgarh.pdf
Jhajjar,Bahadurgarh,18,Jassour Kheri,BC-A Woman,BC_A,1,Manju Lata,Virender Singh,0,0,Backward Class 'A ' Women,latin,1,7886,Jhajjar__Bahadurgarh.pdf
Jhajjar,Bahadurgarh,19,Khairpur,Woman,NONE,1,Uma Rani,Mohan Singh,0,0,Women,latin,1,7886,Jhajjar__Bahadurgarh.pdf
Jhajjar,Bahadurgarh,20,Kanonda,SC Other than Woman,SC,0,Vikas,Jagbir Singh,0,0,Scheduled Cast e other than Women,latin,1,7886,Jhajjar__Bahadurgarh.pdf
Jhajjar,Bahadurgarh,21,Kassar,Other than Woman,NONE,0,Toni Kumar,Rameshwar,0,0,Other than Women,latin,1,7886,Jhajjar__Bahadurgarh.pdf
Jhajjar,Bahadurgarh,22,Kharhar,SC Woman,SC,1,Pinki Devi,Surender,0,0,Scheduled Cast e Women,latin,1,7886,Jhajjar__Bahadurgarh.pdf
Jhajjar,Bahadurgarh,23,Kharman,SC Other than Woman,SC,0,Parveen,Baljit,0,0,Scheduled Cast e other than Women,latin,1,7886,Jhajjar__Bahadurgarh.pdf
Jhajjar,Bahadurgarh,24,Kheri Jassour,Other than Woman,NONE,0,Anil Kumar,Rajender Singh,0,0,Other than Women Other than Women,latin,1,7886,Jhajjar__Bahadurgarh.pdf
Jhajjar,Bahadurgarh,25,Kulasi,Woman,NONE,1,Geeta,Hawa Singh,0,0,Women,latin,1,7886,Jhajjar__Bahadurgarh.pdf
Jhajjar,Bahadurgarh,26,Ladrawan,BC-A Other than Woman,BC_A,0,Manish,Rajender,0,0,Backward Class ‘A ’ other than Women,latin,1,7886,Jhajjar__Bahadurgarh.pdf
Jhajjar,Bahadurgarh,27,Lohar Heri,Woman,NONE,1,Rani Devi,Rajender Singh,0,0,Women,latin,1,7886,Jhajjar__Bahadurgarh.pdf
Jhajjar,Bahadurgarh,28,Lowa Kalan,SC Woman,SC,1,Suman,Ramesh,0,0,Scheduled Cast e Women,latin,1,7886,Jhajjar__Bahadurgarh.pdf
Jhajjar,Bahadurgarh,29,Lowa Khurd,Other than Woman,NONE,0,Vinod Kuamr,I,0,0,Other than Women,latin,1,7886,Jhajjar__Bahadurgarh.pdf
Jhajjar,Bahadurgarh,30,Mandothi,Woman,NONE,1,Nasib Kaur,Rajbir,0,0,Women,latin,1,7886,Jhajjar__Bahadurgarh.pdf
Jhajjar,Bahadurgarh,31,Matan,Other than Woman,NONE,0,Mahender,Ram Prasad,0,0,Other than Women Other than Women,latin,1,7886,Jhajjar__Bahadurgarh.pdf
Jhajjar,Bahadurgarh,32,Mehandipur,Woman,NONE,1,Reshama Devi,Sandeep,0,0,Women,latin,1,7886,Jhajjar__Bahadurgarh.pdf
Jhajjar,Bahadurgarh,33,Mukandpur,Other than Woman,NONE,0,Sumit Kumar,Maha Singh,0,0,Other than Women,latin,1,7886,Jhajjar__Bahadurgarh.pdf
Jhajjar,Bahadurgarh,34,Nilothi,Woman,NONE,1,Sharmila,Om Prakash,0,0,Women,latin,1,7886,Jhajjar__Bahadurgarh.pdf
Jhajjar,Bahadurgarh,35,Nuna Majra,BC-A Other than Woman,BC_A,0,Jai Bhagwan,Chander Bhan,0,0,Backward Class ‘A ’ other than Women,latin,1,7886,Jhajjar__Bahadurgarh.pdf
Jhajjar,Bahadurgarh,36,Parnala,Other than Woman,NONE,0,Mukesh,Ashok Rathi,0,0,Other than Women,latin,1,7886,Jhajjar__Bahadurgarh.pdf
Jhajjar,Bahadurgarh,37,Rewari Khera,Other than Woman,NONE,0,Ranbir Singh,Deep Chand,0,0,Other than Women Other than Women,latin,1,7886,Jhajjar__Bahadurgarh.pdf
Jhajjar,Bahadurgarh,38,Rohad,SC Other than Woman,SC,0,Bharat Singh,Gugan,0,0,Scheduled Cast e other than Women,latin,1,7886,Jhajjar__Bahadurgarh.pdf
Jhajjar,Bahadurgarh,39,Sankhol,BC-A Woman,BC_A,1,Teenu,Raj Kumar,0,0,Backward Class 'A ' Women,latin,1,7886,Jhajjar__Bahadurgarh.pdf
Jhajjar,Bahadurgarh,40,Sarai Aurangabad,Other than Woman,NONE,0,Rakesh,Sheo Singh,0,0,Other than Women Other than Women,latin,1,7886,Jhajjar__Bahadurgarh.pdf
Jhajjar,Bahadurgarh,41,Sidipur,Woman,NONE,1,Rekha Devi,Tilakraj,0,0,Women,latin,1,7886,Jhajjar__Bahadurgarh.pdf
Jhajjar,Bahadurgarh,42,Silothi,Other than Woman,NONE,0,Vikram Dalal,Dharambir Singh,0,0,Other than Women,latin,1,7886,Jhajjar__Bahadurgarh.pdf
Jhajjar,Bahadurgarh,43,Soldha,Woman,NONE,1,Laxmi Devi,Pardeep,0,0,Women,latin,1,7886,Jhajjar__Bahadurgarh.pdf
Jhajjar,Bahadurgarh,44,Tanda Heri,Other than Woman,NONE,0,Bhagat Singh,Surender Singh,0,0,Other than Women,latin,1,7886,Jhajjar__Bahadurgarh.pdf
Jhajjar,Beri,1,Achhej,Other than Woman,NONE,0,Rajender Singh,Puran Singh,0,0,Other than Women,latin,1,7860,Jhajjar__Beri.pdf
Jhajjar,Beri,2,Baghpur,BC-A Woman,BC_A,1,Sushma,Rakesh,0,0,Backward Class 'A' Women,latin,1,7860,Jhajjar__Beri.pdf
Jhajjar,Beri,3,Bakra,Woman,NONE,1,Neelam Kumari,Surender Kumar,0,0,Women,latin,1,7860,Jhajjar__Beri.pdf
Jhajjar,Beri,4,Barhana (Gugnan),Other than Woman,NONE,0,Rishipal,Phool Singh,0,0,Other than Women,latin,1,7860,Jhajjar__Beri.pdf
Jhajjar,Beri,5,Barhana (Milwan),SC Other than Woman,SC,0,Sandeep Kumar,Bhoop Singh,0,0,Scheduled Caste other than Women,latin,1,7860,Jhajjar__Beri.pdf
Jhajjar,Beri,6,Bhagal Puri,Other than Woman,NONE,0,Amit,Satpal,0,0,Other than Women,latin,1,7860,Jhajjar__Beri.pdf
Jhajjar,Beri,7,Bhambhe wa,Woman,NONE,1,Preeti Devi,Suresh,0,0,Women,latin,1,7860,Jhajjar__Beri.pdf
Jhajjar,Beri,8,Bishan,Other than Woman,NONE,0,Inderjeet Suhag,Karan Singh Suhag,0,0,Other than Women,latin,1,7860,Jhajjar__Beri.pdf
Jhajjar,Beri,9,Chamanp ura,Woman,NONE,1,Manoj Kumari,Sarjeet Singh,0,0,Women,latin,1,7860,Jhajjar__Beri.pdf
Jhajjar,Beri,10,Chhochhi,SC Woman,SC,1,Annu,Sumit,0,0,Scheduled Caste Women,latin,1,7860,Jhajjar__Beri.pdf
Jhajjar,Beri,11,Chimni,SC Other than Woman,SC,0,Neeraj,Nafe Singh,0,0,Scheduled Caste other than Women,latin,1,7860,Jhajjar__Beri.pdf
Jhajjar,Beri,12,Dhandhla n,Other than Woman,NONE,0,Krishan Singh,Dalip Singh,0,0,Other than Women,latin,1,7860,Jhajjar__Beri.pdf
Jhajjar,Beri,13,Dharana,Woman,NONE,1,Parmila Kumari,Surender,0,0,Women,latin,1,7860,Jhajjar__Beri.pdf
Jhajjar,Beri,14,Dighal,Other than Woman,NONE,0,Satish Kumar,Kartar Singh,0,0,Other than Women,latin,1,7860,Jhajjar__Beri.pdf
Jhajjar,Beri,15,Dimana,Woman,NONE,1,Jyoti,Satish,0,0,Women,latin,1,7860,Jhajjar__Beri.pdf
Jhajjar,Beri,16,Dubaldha n Bidhan,Other than Woman,NONE,0,Jagpal Singh,Partap Singh,0,0,Other than Women,latin,1,7860,Jhajjar__Beri.pdf
Jhajjar,Beri,17,Dubaldha n Ghikan,SC Woman,SC,1,Sangeeta,Jitender,0,0,Scheduled Caste Women,latin,1,7860,Jhajjar__Beri.pdf
Jhajjar,Beri,18,Dubaldha n Kirman,BC-A Woman,BC_A,1,Anita,Raj Kumar,0,0,Backward Class 'A' Women,latin,1,7860,Jhajjar__Beri.pdf
Jhajjar,Beri,19,Gangtan,Other than Woman,NONE,0,Dalbir Singh,Fateh Singh,0,0,Other than Women,latin,1,7860,Jhajjar__Beri.pdf
Jhajjar,Beri,20,Gochhi,Woman,NONE,1,Kumari Neeraj,Vijender,0,0,Women,latin,1,7860,Jhajjar__Beri.pdf
Jhajjar,Beri,21,Godhari,Other than Woman,NONE,0,Manbir,Sukhbir,0,0,Other than Women,latin,1,7860,Jhajjar__Beri.pdf
Jhajjar,Beri,22,Jahaz Garh,Woman,NONE,1,Suman,Sachin,0,0,Women,latin,1,7860,Jhajjar__Beri.pdf
Jhajjar,Beri,23,Lakaria,Other than Woman,NONE,0,Silak Ram,Duli Chand,0,0,Other than Women,latin,1,7860,Jhajjar__Beri.pdf
Jhajjar,Beri,24,Madana Kalan,SC Other than Woman,SC,0,Amit,Dhanraj,0,0,Scheduled Caste other than Women,latin,1,7860,Jhajjar__Beri.pdf
Jhajjar,Beri,25,Madana Khurd,Woman,NONE,1,Kamla Devi,Jogender,0,0,Women,latin,1,7860,Jhajjar__Beri.pdf
Jhajjar,Beri,26,Majara (D),Other than Woman,NONE,0,Vinod Kumar,Attar Singh,0,0,Other than Women,latin,1,7860,Jhajjar__Beri.pdf
Jhajjar,Beri,27,Majra Bhiman,BC-A Woman,BC_A,1,Sarina,Rohtash,0,0,Backward Class 'A' Women,latin,1,7860,Jhajjar__Beri.pdf
Jhajjar,Beri,28,Malikpur,SC Woman,SC,1,Balkesh,Bikki,0,0,Scheduled Caste Women,latin,1,7860,Jhajjar__Beri.pdf
Jhajjar,Beri,29,Mangawas,Other than Woman,NONE,0,Narender Singh,Mahabir Singh,0,0,Other than Women,latin,1,7860,Jhajjar__Beri.pdf
Jhajjar,Beri,30,Mp Majara,Woman,NONE,1,Yogita Yadav,Rajnarayan,0,0,Women,latin,1,7860,Jhajjar__Beri.pdf
Jhajjar,Beri,31,Paharipur,Other than Woman,NONE,0,Sunil,Fateh Singh,0,0,Other than Women,latin,1,7860,Jhajjar__Beri.pdf
Jhajjar,Beri,32,Palra,Woman,NONE,1,Bharti,Sonu,0,0,Women,latin,1,7860,Jhajjar__Beri.pdf
Jhajjar,Beri,33,Safipur,Other than Woman,NONE,0,Sandeep,Kamal Singh,0,0,Other than Women,latin,1,7860,Jhajjar__Beri.pdf
Jhajjar,Beri,34,Seria,Woman,NONE,1,Neelam Kumari,Rajesh,0,0,Women,latin,1,7860,Jhajjar__Beri.pdf
Jhajjar,Beri,35,Siwana,SC Other than Woman,SC,0,Suresh Kumar,Manke,0,0,Scheduled Caste other than Women,latin,1,7860,Jhajjar__Beri.pdf
Jhajjar,Beri,36,Wazirpur,Other than Woman,NONE,0,Narender Singh,Pahlad Singh,0,0,Other than Women,latin,1,7860,Jhajjar__Beri.pdf
Jhajjar,Jhajjar,1,Aurangpur,Other than Woman,NONE,0,Kuldeep Singh,Rajender Singh,0,0,Other than Women,latin,1,7913,Jhajjar__Jhajjar.pdf
Jhajjar,Jhajjar,2,Babra,Woman,NONE,1,Sadhna,Joginder,0,0,Women,latin,1,7913,Jhajjar__Jhajjar.pdf
Jhajjar,Jhajjar,3,Bajitpur tappa haweli,Other than Woman,NONE,0,Anand Kumar,Khetiya Singh,0,0,Other than Women,latin,1,7913,Jhajjar__Jhajjar.pdf
Jhajjar,Jhajjar,4,Bakhtawarpur Raiya,Woman,NONE,1,Chander,Jagdev,0,0,Women,latin,1,7913,Jhajjar__Jhajjar.pdf
Jhajjar,Jhajjar,5,Bhadana,Other than Woman,NONE,0,Pawan Kumar,Jagdish Chander,0,0,Other than Women,latin,1,7913,Jhajjar__Jhajjar.pdf
Jhajjar,Jhajjar,6,Bhadani,Woman,NONE,1,Jyoti,Shaktiraj,0,0,Women,latin,1,7913,Jhajjar__Jhajjar.pdf
Jhajjar,Jhajjar,7,Bhindawas,SC Other than Woman,SC,0,Dara Singh,Balu Ram,0,0,Scheduled Caste Other than Women,latin,1,7913,Jhajjar__Jhajjar.pdf
Jhajjar,Jhajjar,8,Bilochpura,Other than Woman,NONE,0,Harish Kumar,Dhanraj,0,0,Other than Women,latin,1,7913,Jhajjar__Jhajjar.pdf
Jhajjar,Jhajjar,9,Bir sunarwala,Woman,NONE,1,Meena,Karan Singh,0,0,Women,latin,1,7913,Jhajjar__Jhajjar.pdf
Jhajjar,Jhajjar,10,Birdhana,Other than Woman,NONE,0,Manjeet Dahiya,Zile Singh,0,0,Other than Women,latin,1,7913,Jhajjar__Jhajjar.pdf
Jhajjar,Jhajjar,11,Boria,Woman,NONE,1,Sharmila,Parmjeet,0,0,Women,latin,1,7913,Jhajjar__Jhajjar.pdf
Jhajjar,Jhajjar,12,Dawla,SC Woman,SC,1,Divyasha,Mandeep Kumar,0,0,Scheduled Caste Women,latin,1,7913,Jhajjar__Jhajjar.pdf
Jhajjar,Jhajjar,13,Dhaur,Other than Woman,NONE,0,Satnarain,Raghbir Singh,0,0,Other than Women,latin,1,7913,Jhajjar__Jhajjar.pdf
Jhajjar,Jhajjar,14,Dujana,BC-A Woman,BC_A,1,Manju,Sunil,0,0,Backward Class 'A' Women,latin,1,7913,Jhajjar__Jhajjar.pdf
Jhajjar,Jhajjar,15,Fortpura,Other than Woman,NONE,0,Manish,Charan Singh,0,0,Other than Women,latin,1,7913,Jhajjar__Jhajjar.pdf
Jhajjar,Jhajjar,16,Girawar,Woman,NONE,1,Savita,Ramkishan,0,0,Women,latin,1,7913,Jhajjar__Jhajjar.pdf
Jhajjar,Jhajjar,17,Gijarod,BC-A Other than Woman,BC_A,0,Naresh Kumar,Jage Ram,0,0,Backward Class 'A' Other than Women,latin,1,7913,Jhajjar__Jhajjar.pdf
Jhajjar,Jhajjar,18,Gudha,Woman,NONE,1,Nisha,Rakesh,0,0,Women,latin,1,7913,Jhajjar__Jhajjar.pdf
Jhajjar,Jhajjar,19,Hasanpur,Other than Woman,NONE,0,Balwan Singh,Om Parkash,0,0,Other than Women,latin,1,7913,Jhajjar__Jhajjar.pdf
Jhajjar,Jhajjar,20,Jondhi *,SC Other than Woman,SC,0,Anil Kumar,Jeet Singh,0,0,Scheduled Caste Other than Women,latin,1,7913,Jhajjar__Jhajjar.pdf
Jhajjar,Jhajjar,21,Kablana,Woman,NONE,1,Usha Devi,Hansbir Singh,0,0,Women,latin,1,7913,Jhajjar__Jhajjar.pdf
Jhajjar,Jhajjar,22,Kaloi,Other than Woman,NONE,0,Pardeep Kumar,Nasib Singh,0,0,Other than Women,latin,1,7913,Jhajjar__Jhajjar.pdf
Jhajjar,Jhajjar,23,Kaimelgarh,Woman,NONE,1,Aruna Rani,Prashant Singh,0,0,Women,latin,1,7913,Jhajjar__Jhajjar.pdf
Jhajjar,Jhajjar,24,Khajpur,Other than Woman,NONE,0,Vinod yadav,Sukram Pal yadav,0,0,Other than Women,latin,1,7913,Jhajjar__Jhajjar.pdf
Jhajjar,Jhajjar,25,Khakhana,SC Woman,SC,1,Seema,Sandeep Kumar,0,0,Scheduled Caste Women,latin,1,7913,Jhajjar__Jhajjar.pdf
Jhajjar,Jhajjar,26,Khatiwas,Woman,NONE,1,Sushila,Ramesh Kumar,0,0,Women,latin,1,7913,Jhajjar__Jhajjar.pdf
Jhajjar,Jhajjar,27,Kheri Asra,Other than Woman,NONE,0,Satdev,Zile Singh,0,0,Other than Women,latin,1,7913,Jhajjar__Jhajjar.pdf
Jhajjar,Jhajjar,28,Kheri khummar,SC Other than Woman,SC,0,Raj Kumar,Ramphal,0,0,Scheduled Caste Other than Women,latin,1,7913,Jhajjar__Jhajjar.pdf
Jhajjar,Jhajjar,29,Khungai,SC Woman,SC,1,Anju Rani,Surender Singh,0,0,Scheduled Caste Women,latin,1,7913,Jhajjar__Jhajjar.pdf
Jhajjar,Jhajjar,30,Kutani,Woman,NONE,1,Sangeeta,Malkhan Singh,0,0,Women,latin,1,7913,Jhajjar__Jhajjar.pdf
Jhajjar,Jhajjar,31,Mehrana,Other than Woman,NONE,0,Ram Avtar,Mahipal,0,0,Other than Women,latin,1,7913,Jhajjar__Jhajjar.pdf
Jhajjar,Jhajjar,32,Nangla,Woman,NONE,1,Neetu,Harkesh,0,0,Women,latin,1,7913,Jhajjar__Jhajjar.pdf
Jhajjar,Jhajjar,33,Ram Pura,Other than Woman,NONE,0,Virender Singh Yadav,Ramnarayan Yadav,1,0,Other than Women,latin,1,7913,Jhajjar__Jhajjar.pdf
Jhajjar,Jhajjar,34,Rankhanda,Woman,NONE,1,Saloni,Satyanarayan,0,0,Women,latin,1,7913,Jhajjar__Jhajjar.pdf
Jhajjar,Jhajjar,35,Shahjanpur,Other than Woman,NONE,0,Sombir yadav,Abhay Ram,0,0,Other than Women,latin,1,7913,Jhajjar__Jhajjar.pdf
Jhajjar,Jhajjar,36,Shekhupur Jat,Woman,NONE,1,Ekta,Parveen Kumar,0,0,Women,latin,1,7913,Jhajjar__Jhajjar.pdf
Jhajjar,Jhajjar,37,Sibili,BC-A Other than Woman,BC_A,0,Ashok Kumar,Kripa Ram,0,0,Backward Class 'A' Other than Women,latin,1,7913,Jhajjar__Jhajjar.pdf
Jhajjar,Jhajjar,38,Sikander Pur,Woman,NONE,1,Sushila,Somdass,1,0,Women,latin,1,7913,Jhajjar__Jhajjar.pdf
Jhajjar,Jhajjar,39,Silana,Other than Woman,NONE,0,Rakesh Kumar,Umed Singh,0,0,Other than Women,latin,1,7913,Jhajjar__Jhajjar.pdf
Jhajjar,Jhajjar,40,Silani zalim,Other than Woman,NONE,0,Mahabir,Surat Singh,0,0,Other than Women,latin,1,7913,Jhajjar__Jhajjar.pdf
Jhajjar,Jhajjar,41,Silani kesho,Woman,NONE,1,Parmila,Jaivir Singh,0,0,Women,latin,1,7913,Jhajjar__Jhajjar.pdf
Jhajjar,Jhajjar,42,Suhra,SC Other than Woman,SC,0,Akshay,Satbir,0,0,Scheduled Caste Other than Women,latin,1,7913,Jhajjar__Jhajjar.pdf
Jhajjar,Jhajjar,43,Sulodha,SC Woman,SC,1,Sumitra Devi,Pardeep Kumar,0,0,Scheduled Caste Women,latin,1,7913,Jhajjar__Jhajjar.pdf
Jhajjar,Jhajjar,44,Surakhpur tappa haveli,Woman,NONE,1,Manisha,Sandeep,0,0,Women,latin,1,7913,Jhajjar__Jhajjar.pdf
Jhajjar,Jhajjar,45,Talao,Other than Woman,NONE,0,Anil Kumar,Om Parkash,0,0,Other than Women,latin,1,7913,Jhajjar__Jhajjar.pdf
Jhajjar,Jhajjar,46,Tamaspura,Woman,NONE,1,Krishna,Sanjay Kumar,0,0,Women,latin,1,7913,Jhajjar__Jhajjar.pdf
Jhajjar,Jhajjar,47,Ukhalchana,BC-A Other than Woman,BC_A,0,Rahul,Ranbir,0,0,Backward Class 'A' Other than Women,latin,1,7913,Jhajjar__Jhajjar.pdf
Jhajjar,Jhajjar,48,Untlodha,SC Other than Woman,SC,0,Sombir,Zile Singh,0,0,Scheduled Caste Other than Women,latin,1,7913,Jhajjar__Jhajjar.pdf
Jhajjar,Jhajjar,49,Zahidpur,Woman,NONE,1,Rubi Devi,Sandeep,0,0,Women,latin,1,7913,Jhajjar__Jhajjar.pdf
Jhajjar,Machhrauli,2,veknyiqj,Other than Woman,NONE,0,lqfer dqekj,lrchj flag,0,0,efgyk ds flok;,krutidev,,7904,Jhajjar__Machhrauli.pdf
Jhajjar,Machhrauli,3,vlniqj [ksM+k,SC Woman,SC,1,uhye nsoh,lrh'k dqekj,0,0,vuqlwfpr tkfr efgyk,krutidev,,7904,Jhajjar__Machhrauli.pdf
Jhajjar,Machhrauli,4,HkBsM+k,SC Other than Woman,SC,0,cychj,gjnRRk flag,0,0,vuqlwfpr tkfr efgyk ds flok;,krutidev,,7904,Jhajjar__Machhrauli.pdf
Jhajjar,Machhrauli,5,pkaniqj,Woman,NONE,1,lq'khyk,lTTku,0,0,efgyk,krutidev,,7904,Jhajjar__Machhrauli.pdf
Jhajjar,Machhrauli,6,NIikj,Other than Woman,NONE,0,Jh Hkxoku,jke fd'ku,0,0,efgyk ds flok;,krutidev,,7904,Jhajjar__Machhrauli.pdf
Jhajjar,Machhrauli,7,nknuiqj,BC-A Woman,BC_A,1,jtuh,izdk'k,0,0,fiNMk+ oxZ d efgyk,krutidev,,7904,Jhajjar__Machhrauli.pdf
Jhajjar,Machhrauli,8,tSriqj,Other than Woman,NONE,0,johUnz dqekj,jktsUnz flag,0,0,efgyk ds flok;,krutidev,,7904,Jhajjar__Machhrauli.pdf
Jhajjar,Machhrauli,9,dkgM+h,SC Woman,SC,1,fdju dqekjh,f'ko dqekj,0,0,vuqlwfpr tkfr efgyk,krutidev,,7904,Jhajjar__Machhrauli.pdf
Jhajjar,Machhrauli,10,[ksM+h lqYrku rkYyqdk ikVksnk,Woman,NONE,1,eatq,iadt dqekj,0,0,efgyk,krutidev,,7904,Jhajjar__Machhrauli.pdf
Jhajjar,Machhrauli,11,[kqM~Mu,BC-A Other than Woman,BC_A,0,t;nhi,egs'k dqekj,0,0,fiNMk+ oxZ d efgyk ds flok;,krutidev,,7904,Jhajjar__Machhrauli.pdf
Jhajjar,Machhrauli,12,fdyM+kSn,Woman,NONE,1,fdju,v'kksd dqekj,0,0,efgyk,krutidev,,7904,Jhajjar__Machhrauli.pdf
Jhajjar,Machhrauli,13,dksdk,Other than Woman,NONE,0,iznhi,euksgj,0,0,efgyk ds flok;,krutidev,,7904,Jhajjar__Machhrauli.pdf
Jhajjar,Machhrauli,14,dqykuk,Woman,NONE,1,vkjrh,fHk'ke iky,0,0,efgyk,krutidev,,7904,Jhajjar__Machhrauli.pdf
Jhajjar,Machhrauli,15,yqgkjh,Other than Woman,NONE,0,jktsUnz flag,jke 'k:i,0,0,efgyk ds flok;,krutidev,,7904,Jhajjar__Machhrauli.pdf
Jhajjar,Machhrauli,16,ekNjkSyh,Woman,NONE,1,banq,nsosUnz dqekj,0,0,efgyk,krutidev,,7904,Jhajjar__Machhrauli.pdf
Jhajjar,Machhrauli,17,U;kSyk,Other than Woman,NONE,0,Hkaoj flag,"d`"".k yky",0,0,efgyk ds flok;,krutidev,,7904,Jhajjar__Machhrauli.pdf
Jhajjar,Machhrauli,18,IkVkluh,Woman,NONE,1,dfork dqekjh ;kno,johUnz,0,0,efgyk,krutidev,,7904,Jhajjar__Machhrauli.pdf
Jhajjar,Machhrauli,19,ikVksnk,Other than Woman,NONE,0,xksfoUn dqekj,lkoar flag,0,0,efgyk ds flok;,krutidev,,7904,Jhajjar__Machhrauli.pdf
Jhajjar,Machhrauli,20,jk;iqj,Woman,NONE,1,eksfudk,nhid dqekj,0,0,efgyk,krutidev,,7904,Jhajjar__Machhrauli.pdf
Jhajjar,Machhrauli,21,leliqj ektjk,Other than Woman,NONE,0,lR;iky,jkeHkxr,0,0,efgyk ds flok;,krutidev,,7904,Jhajjar__Machhrauli.pdf
Jhajjar,Machhrauli,22,ljksyk,Woman,NONE,1,lkfgy jkuh,"euh""k dqekj",0,0,efgyk,krutidev,,7904,Jhajjar__Machhrauli.pdf
Jhajjar,Matanhail,1,Akehri Madanpur,BC-A Other than Woman,BC_A,0,Suresh Kumar,Suraj Bhan,0,0,Backward Class ‘A’ other than Women,latin,1,7877,Jhajjar__Matanhail.pdf
Jhajjar,Matanhail,2,Amadal Shahpur,Woman,NONE,1,Rajbala,Mahesh Kumar,0,0,Women,latin,1,7877,Jhajjar__Matanhail.pdf
Jhajjar,Matanhail,3,Azadnagar,Other than Woman,NONE,0,Mahender Singh,Jaichand,0,0,Other than Women,latin,1,7877,Jhajjar__Matanhail.pdf
Jhajjar,Matanhail,4,Bahu,SC Other than Woman,SC,0,Pardeep,Bholu Ram,0,0,Scheduled Caste other than Women,latin,1,7877,Jhajjar__Matanhail.pdf
Jhajjar,Matanhail,5,Bambulia,Woman,NONE,1,Amita,Vishesh,0,0,Women,latin,1,7877,Jhajjar__Matanhail.pdf
Jhajjar,Matanhail,6,Bir Chhuchhak was,Other than Woman,NONE,0,Abhimanyu,Chainsukh,0,0,Other than Women,latin,1,7877,Jhajjar__Matanhail.pdf
Jhajjar,Matanhail,7,Birohar,Woman,NONE,1,Sonia,Ravinder,0,0,Women,latin,1,7877,Jhajjar__Matanhail.pdf
Jhajjar,Matanhail,8,Chadhwana,SC Woman,SC,1,Paramjeet,Ajit Singh,0,0,Scheduled Caste Women,latin,1,7877,Jhajjar__Matanhail.pdf
Jhajjar,Matanhail,9,Dhalanwas,Other than Woman,NONE,0,Chander Bhan,Chandgi Ram,0,0,Other than Women,latin,1,7877,Jhajjar__Matanhail.pdf
Jhajjar,Matanhail,10,Gawalison,Woman,NONE,1,Preeti,Neeraj,0,0,Women,latin,1,7877,Jhajjar__Matanhail.pdf
Jhajjar,Matanhail,11,Goriya,Other than Woman,NONE,0,Ajit Singh,Dayaram,0,0,Other than Women,latin,1,7877,Jhajjar__Matanhail.pdf
Jhajjar,Matanhail,12,Humayunpu r,Woman,NONE,1,Babby,Pritam,0,0,Women,latin,1,7877,Jhajjar__Matanhail.pdf
Jhajjar,Matanhail,13,Islamgarh,Other than Woman,NONE,0,Mahavir,Ramkumar,0,0,Other than Women,latin,1,7877,Jhajjar__Matanhail.pdf
Jhajjar,Matanhail,14,Jamalpur,BC-A Woman,BC_A,1,Ekta,Suraj,0,0,Backward Class ‘A’ Women,latin,1,7877,Jhajjar__Matanhail.pdf
Jhajjar,Matanhail,15,Jhamri,Other than Woman,NONE,0,Mangal,Rajender,0,0,Other than Women,latin,1,7877,Jhajjar__Matanhail.pdf
Jhajjar,Matanhail,16,Jhanswa,Woman,NONE,1,Saroj Devi,Hari Kishan,0,0,women,latin,1,7877,Jhajjar__Matanhail.pdf
Jhajjar,Matanhail,17,Jharli,SC Other than Woman,SC,0,Mahesh,Mahabir Singh,0,0,Scheduled Caste other than Women,latin,1,7877,Jhajjar__Matanhail.pdf
Jhajjar,Matanhail,18,Kaliawas,Other than Woman,NONE,0,Jitender Kumar,Omprakash,0,0,Other than Women,latin,1,7877,Jhajjar__Matanhail.pdf
Jhajjar,Matanhail,19,Karoda,SC Woman,SC,1,Meenu,Satender,0,0,Scheduled Caste Women,latin,1,7877,Jhajjar__Matanhail.pdf
Jhajjar,Matanhail,20,Khachhrauli,SC Other than Woman,SC,0,Anoop Kumar,Dharamvir,0,0,Scheduled Caste other than Women,latin,1,7877,Jhajjar__Matanhail.pdf
Jhajjar,Matanhail,21,Khanpur Kalan,Woman,NONE,1,Mamta,Somvir,0,0,Women,latin,1,7877,Jhajjar__Matanhail.pdf
Jhajjar,Matanhail,22,Khanpur Khurd,Other than Woman,NONE,0,Krishan Kumar,Dalip Singh,0,0,Other than Women,latin,1,7877,Jhajjar__Matanhail.pdf
Jhajjar,Matanhail,23,Khaparwas,Woman,NONE,1,Anita,Dara Singh,0,0,Women,latin,1,7877,Jhajjar__Matanhail.pdf
Jhajjar,Matanhail,24,Khera Tharu,Other than Woman,NONE,0,Ashish,Satish,0,0,Other Than Women,latin,1,7877,Jhajjar__Matanhail.pdf
Jhajjar,Matanhail,25,Kheri Hoshdarpur,Woman,NONE,1,Sumanlata,Pawan Kumar,0,0,Women,latin,1,7877,Jhajjar__Matanhail.pdf
Jhajjar,Matanhail,26,Khetawas,Other than Woman,NONE,0,Dilbag Singh,Mulchand,0,0,Other than Women,latin,1,7877,Jhajjar__Matanhail.pdf
Jhajjar,Matanhail,27,Khorda,Woman,NONE,1,Anita,Sandeep Kumar,0,0,Women,latin,1,7877,Jhajjar__Matanhail.pdf
Jhajjar,Matanhail,28,Koyalpuri,Other than Woman,NONE,0,Jitender Kumar,Hajari Lal,0,0,Other than Women,latin,1,7877,Jhajjar__Matanhail.pdf
Jhajjar,Matanhail,29,Ladain,SC Woman,SC,1,Anita Devi,Bir Singh,0,0,Scheduled Caste Women,latin,1,7877,Jhajjar__Matanhail.pdf
Jhajjar,Matanhail,30,Maliawas,Woman,NONE,1,Krishna Devi,Rajsingh,0,0,Women,latin,1,7877,Jhajjar__Matanhail.pdf
Jhajjar,Matanhail,31,Marot,BC-A Other than Woman,BC_A,0,Mange Ram,Ram singh,0,0,Backward Class ‘A’ other than Women,latin,1,7877,Jhajjar__Matanhail.pdf
Jhajjar,Matanhail,32,Matanhail,Woman,NONE,1,Vijay Lata,Bijender Singh,0,0,Women,latin,1,7877,Jhajjar__Matanhail.pdf
Jhajjar,Matanhail,33,Mohanbari,Other than Woman,NONE,0,Raj Kumar,Richhpal,0,0,Other than Women,latin,1,7877,Jhajjar__Matanhail.pdf
Jhajjar,Matanhail,34,Mundsa,Woman,NONE,1,Bimla Devi,Ravinder Singh,0,0,Women,latin,1,7877,Jhajjar__Matanhail.pdf
Jhajjar,Matanhail,35,Noganwa,SC Other than Woman,SC,0,Ajay Kumar,Jagdish,0,0,Scheduled Caste other than Women,latin,1,7877,Jhajjar__Matanhail.pdf
Jhajjar,Matanhail,36,Redhuwas,Other than Woman,NONE,0,Aman Vashisth,Ashok Kumar,0,0,Other than Women,latin,1,7877,Jhajjar__Matanhail.pdf
Jhajjar,Matanhail,37,Ruriawas,Woman,NONE,1,Suman Kumari,Naseeb,0,0,Women,latin,1,7877,Jhajjar__Matanhail.pdf
Jhajjar,Matanhail,38,Sasroli,SC Woman,SC,1,Seema,Anil Kumar,0,0,Scheduled Caste Women,latin,1,7877,Jhajjar__Matanhail.pdf
Jhajjar,Matanhail,39,Sehlanga,Other than Woman,NONE,0,Ashok Kumar,Sukarampal,0,0,Other than Women,latin,1,7877,Jhajjar__Matanhail.pdf
Jhajjar,Matanhail,40,Sunderheti,SC Other than Woman,SC,0,Krishan Kumar,Samer Singh,0,0,Scheduled Caste other than Women,latin,1,7877,Jhajjar__Matanhail.pdf
Jhajjar,Sahlawas,1,Amboli,Other than Woman,NONE,0,Bhan Singh,Mange Ram,0,0,Other than Women,latin,1,7895,Jhajjar__Sahlawas.pdf
Jhajjar,Sahlawas,2,Babepur,SC Other than Woman,SC,0,Rajesh Kumar,Ramnarayan,0,0,Scheduled Caste other than Women,latin,1,7895,Jhajjar__Sahlawas.pdf
Jhajjar,Sahlawas,3,Bhurawas,Woman,NONE,1,Sunil Devi,Jaibhagwan,0,0,Women,latin,1,7895,Jhajjar__Sahlawas.pdf
Jhajjar,Sahlawas,4,Birar,Other than Woman,NONE,0,Ram Kishor,Sumer Singh,0,0,Other than Women,latin,1,7895,Jhajjar__Sahlawas.pdf
Jhajjar,Sahlawas,5,Bithla,SC Woman,SC,1,Neetu Rani,Devender,0,0,Scheduled Caste Women,latin,1,7895,Jhajjar__Sahlawas.pdf
Jhajjar,Sahlawas,6,Chandol,Woman,NONE,1,Sonia,Jeet Singh,0,0,Women,latin,1,7895,Jhajjar__Sahlawas.pdf
Jhajjar,Sahlawas,7,Dhakla,Other than Woman,NONE,0,Sonu Sharma,Balwan Singh,0,0,Other than Women,latin,1,7895,Jhajjar__Sahlawas.pdf
Jhajjar,Sahlawas,8,Dhana,Woman,NONE,1,Meena Kumari,Surender Singh,0,0,Women,latin,1,7895,Jhajjar__Sahlawas.pdf
Jhajjar,Sahlawas,9,Dhani Salhawas,Other than Woman,NONE,0,Krishan,Attar Singh,0,0,Other than Women,latin,1,7895,Jhajjar__Sahlawas.pdf
Jhajjar,Sahlawas,10,Dhania,Woman,NONE,1,Saroj Devi,Mangturam,0,0,Women,latin,1,7895,Jhajjar__Sahlawas.pdf
Jhajjar,Sahlawas,11,Dhanirwas,Other than Woman,NONE,0,Rakesh Kumar,Kartar Singh,0,0,Other than Women,latin,1,7895,Jhajjar__Sahlawas.pdf
Jhajjar,Sahlawas,12,Dharoli,Woman,NONE,1,Suresh Kumari,Narender Kumar,0,0,Women,latin,1,7895,Jhajjar__Sahlawas.pdf
Jhajjar,Sahlawas,13,Fatehpuri,Other than Woman,NONE,0,Ishwar Singh,Sheo Ram,1,0,Other than Women,latin,0,7895,Jhajjar__Sahlawas.pdf
Jhajjar,Sahlawas,14,Girdharpur,Other than Woman,NONE,0,Narender,Balwan Singh,0,0,Other than Women,latin,1,7895,Jhajjar__Sahlawas.pdf
Jhajjar,Sahlawas,15,Jatwara,Woman,NONE,1,Laxmi Devi,Ajit Singh,0,0,Women,latin,1,7895,Jhajjar__Sahlawas.pdf
Jhajjar,Sahlawas,16,Kanwah,Other than Woman,NONE,0,Rajesh Kumar,Ran Singh,0,0,Other than Women,latin,1,7895,Jhajjar__Sahlawas.pdf
Jhajjar,Sahlawas,17,Kasni,Woman,NONE,1,Anil Devi,Umed Singh,0,0,Women,latin,1,7895,Jhajjar__Sahlawas.pdf
Jhajjar,Sahlawas,18,Kohandrawali,SC Woman,SC,1,Kunti,Rajbir,0,0,Scheduled Caste Women,latin,1,7895,Jhajjar__Sahlawas.pdf
Jhajjar,Sahlawas,19,Kunjia,Other than Woman,NONE,0,Vikash,Khemram,0,0,Other than Women,latin,1,7895,Jhajjar__Sahlawas.pdf
Jhajjar,Sahlawas,20,Mubarikpur,Woman,NONE,1,Guddi,Ramkesh,0,0,Women,latin,1,7895,Jhajjar__Sahlawas.pdf
Jhajjar,Sahlawas,21,Mundahera,Other than Woman,NONE,0,Satbir Singh,Dolat Ram,0,0,Other than Women,latin,1,7895,Jhajjar__Sahlawas.pdf
Jhajjar,Sahlawas,22,Nilaheri,Woman,NONE,1,Roshni Devi,Vikram Singh,0,0,Women,latin,1,7895,Jhajjar__Sahlawas.pdf
Jhajjar,Sahlawas,23,Niwada,Other than Woman,NONE,0,Satbir,Ramsharan,0,0,Other than Women,latin,1,7895,Jhajjar__Sahlawas.pdf
Jhajjar,Sahlawas,24,Salhawas,BC-A Woman,BC_A,1,Kumari Sudesh,Anil Kumar,0,0,Backward Class ‘A’ Women,latin,1,7895,Jhajjar__Sahlawas.pdf
Jhajjar,Sahlawas,25,Subana,SC Other than Woman,SC,0,Rohit,Virpal,0,0,Scheduled Caste other than Women,latin,1,7895,Jhajjar__Sahlawas.pdf
Jhajjar,Sahlawas,26,Surheti,Other than Woman,NONE,0,Balwan,Shish Ram,0,0,Other than Women,latin,1,7895,Jhajjar__Sahlawas.pdf
Jhajjar,Sahlawas,27,Tumbaheri,BC-A Woman,BC_A,1,Poonam Rani,Ved Parkash,0,0,Backward Class ‘A’ Women,latin,1,7895,Jhajjar__Sahlawas.pdf
Jind,Alewa,1,Alewa,SC Other than Woman,SC,0,Vinod Pal Singh Dhulganch,Pal Singh,0,0,Scheduled Caste Other than Women,latin,1,7788,Jind__Alewa.pdf
Jind,Alewa,2,Badhana,Other than Woman,NONE,0,Rammehar,Mohinder Singh,0,0,Other than Women,latin,1,7788,Jind__Alewa.pdf
Jind,Alewa,3,Bighana,SC Woman,SC,1,Manpreet,Vikram,0,0,Backward Caste 'A' Women,latin,0,7788,Jind__Alewa.pdf
Jind,Alewa,4,Churpur,Other than Woman,NONE,0,Rajesh,Hoshiyar Singh,1,0,Other than Women,latin,1,7788,Jind__Alewa.pdf
Jind,Alewa,5,Dehola,Woman,NONE,1,Minakshi,Neeraj,0,0,Women,latin,1,7788,Jind__Alewa.pdf
Jind,Alewa,6,Dilluwala,Other than Woman,NONE,0,Atesh,Kuldeep,0,0,Other than Women,latin,1,7788,Jind__Alewa.pdf
Jind,Alewa,7,Durana,Woman,NONE,1,Sarbjeet Kaur,Sandeep Singh,0,0,Women,latin,1,7788,Jind__Alewa.pdf
Jind,Alewa,8,Gohiyan,Other than Woman,NONE,0,Dharamander Singh,Suraj Bhan,0,0,Other than Women,latin,1,7788,Jind__Alewa.pdf
Jind,Alewa,9,Hasanpur,Woman,NONE,1,Meena,Kaptan,1,0,Women,latin,1,7788,Jind__Alewa.pdf
Jind,Alewa,10,Katwal,Other than Woman,NONE,0,Lakshay Dalal,Suresh Dalal,0,0,Other than Women,latin,1,7788,Jind__Alewa.pdf
Jind,Alewa,11,Khanda,SC Woman,SC,1,Ieja,Sohan Lal,0,0,Scheduled Caste Women,latin,1,7788,Jind__Alewa.pdf
Jind,Alewa,12,Kheri Bulla,SC Other than Woman,SC,0,Gulab,Jiya Lal,0,0,Scheduled Caste Other than women,latin,1,7788,Jind__Alewa.pdf
Jind,Alewa,13,Naguran,Woman,NONE,1,Monika,Kuldeep,0,0,Women,latin,1,7788,Jind__Alewa.pdf
Jind,Alewa,14,Naguran Nimbran,Other than Woman,NONE,0,Dharambir,Randhir,0,0,Other than Women,latin,1,7788,Jind__Alewa.pdf
Jind,Alewa,15,Pegan,Woman,NONE,1,Ratni Devi,Rajpal,0,0,Women,latin,1,7788,Jind__Alewa.pdf
Jind,Alewa,16,Raichandwala,SC Woman,SC,1,Rani,Bijender,0,0,Scheduled Caste Women,latin,1,7788,Jind__Alewa.pdf
Jind,Alewa,17,Sandeel,Other than Woman,NONE,0,Sunil Kumar,Kitab Singh,1,0,Other than Women,latin,1,7788,Jind__Alewa.pdf
Jind,Alewa,18,Shamdo,Woman,NONE,1,Sumesh Rani,Balinder Sharma,0,0,Women,latin,1,7788,Jind__Alewa.pdf
Jind,Alewa,19,Thua,SC Other than Woman,SC,0,Rajesh,Karamvir Singh,0,0,Backward Caste ‘A’ other than Women,latin,0,7788,Jind__Alewa.pdf
Jind,Jind,1,Ahirka,Other than Woman,NONE,0,Mandeep Singh,Rammehar,0,0,Other Than Women,latin,,7851,Jind__Jind.pdf
Jind,Jind,2,Amarheri,Woman,NONE,1,Anju Rani,Krishan Kumar,0,0,Women,latin,1,7851,Jind__Jind.pdf
Jind,Jind,3,Asharafgarh,BC-A Other than Woman,BC_A,0,Ram Prasad,Bhagmal,0,0,Backward Class 'A' Other Than Women,latin,1,7851,Jind__Jind.pdf
Jind,Jind,4,Assan,Woman,NONE,1,Kavita,Dinesh Kumar,0,0,Women,latin,1,7851,Jind__Jind.pdf
Jind,Jind,5,Bahabalpur,SC Other than Woman,SC,0,Shree Kumar,Shish Ram,1,0,Scheduled Caste Other Than Women,latin,1,7851,Jind__Jind.pdf
Jind,Jind,6,Barodi,Other than Woman,NONE,0,Ajit Kumar,Rajesh,0,0,Other Than Women,latin,1,7851,Jind__Jind.pdf
Jind,Jind,7,Barsana,Woman,NONE,1,Monika,Bhupender,0,0,Women,latin,1,7851,Jind__Jind.pdf
Jind,Jind,8,Barsola,Other than Woman,NONE,0,Anil,Mahabir,0,0,Other Than Women,latin,1,7851,Jind__Jind.pdf
Jind,Jind,9,Bhairon Khera,Woman,NONE,1,Savita,Dinesh,0,0,Women,latin,1,7851,Jind__Jind.pdf
Jind,Jind,10,Bibipur,Other than Woman,NONE,0,Sukhbir Singh,Karan Singh,0,0,Other Than Women,latin,1,7851,Jind__Jind.pdf
Jind,Jind,11,Biroli,Woman,NONE,1,Sudesh,Shamser Singh,0,0,Women,latin,1,7851,Jind__Jind.pdf
Jind,Jind,12,Bishanpura,Other than Woman,NONE,0,Ramesh Kumar,Ramkishan,0,0,Other Than Women,latin,1,7851,Jind__Jind.pdf
Jind,Jind,13,Bohatwala,Woman,NONE,1,Rekha,Aman Redhu,0,0,Women,latin,1,7851,Jind__Jind.pdf
Jind,Jind,14,Brah Kalan,Other than Woman,NONE,0,Suresh Kumar,Satnarayan,0,0,Other Than Women,latin,1,7851,Jind__Jind.pdf
Jind,Jind,15,Chabri,Other than Woman,NONE,0,Vacant,,0,1,Other Than Women,latin,1,7851,Jind__Jind.pdf
Jind,Jind,16,Brah Khurd,Woman,NONE,1,Ritu Devi,Sudhir,0,0,Women,latin,1,7851,Jind__Jind.pdf
Jind,Jind,17,Dalamwala,Woman,NONE,1,Chanderpati,Ramesh,0,0,Women,latin,1,7851,Jind__Jind.pdf
Jind,Jind,18,Dariya Wala,Other than Woman,NONE,0,Baljit Singh,Prithvi Singh,0,0,Other Than Women,latin,1,7851,Jind__Jind.pdf
Jind,Jind,19,Dhanda Kheri,Woman,NONE,1,Jyoti,Sushil,0,0,Women,latin,1,7851,Jind__Jind.pdf
Jind,Jind,20,Dhani,BC-A Other than Woman,BC_A,0,Anil Kumar,Ram Kishan,0,0,Backward Class 'A' Other Than Women,latin,1,7851,Jind__Jind.pdf
Jind,Jind,21,Ghimana,Woman,NONE,1,Kavita Devi,Sandeep Kumar,0,0,Women,latin,1,7851,Jind__Jind.pdf
Jind,Jind,22,Govindpura,Other than Woman,NONE,0,Kanwaljeet,Karambir,0,0,Other Than Women,latin,1,7851,Jind__Jind.pdf
Jind,Jind,23,Gulkani,Woman,NONE,1,Mukesh Kumari,Harjinder Singh,0,0,Women,latin,1,7851,Jind__Jind.pdf
Jind,Jind,24,Habatpur,Other than Woman,NONE,0,Rishipal,Jatiram,1,0,Other Than Women,latin,1,7851,Jind__Jind.pdf
Jind,Jind,25,Igrah,Woman,NONE,1,Renu Rani,Kulbir Singh,0,0,Women,latin,1,7851,Jind__Jind.pdf
Jind,Jind,26,Ikkas,SC Woman,SC,1,Sushma,Ramnarayan,0,0,Sarpanch Scheduled Caste Women,latin,1,7851,Jind__Jind.pdf
Jind,Jind,27,Intal Kalan,Other than Woman,NONE,0,Ramniwas,Budh Singh,0,0,Other Than Women,latin,1,7851,Jind__Jind.pdf
Jind,Jind,28,Intal Khurd,Woman,NONE,1,Ritu,Pardeep Kumar,0,0,Women,latin,1,7851,Jind__Jind.pdf
Jind,Jind,29,Jajwan,SC Other than Woman,SC,0,Krishan Kumar,Dilbag Singh,0,0,Scheduled Caste Other Than Women,latin,1,7851,Jind__Jind.pdf
Jind,Jind,30,Jalalpur Kalan,BC-A Other than Woman,BC_A,0,Rampal,Hawa Singh,0,0,Sarpanch Backward Class 'A' Other Than Women,latin,1,7851,Jind__Jind.pdf
Jind,Jind,31,Jalalpur Khurd,Woman,NONE,1,Savita Devi,Jitender Kumar,0,0,Women,latin,1,7851,Jind__Jind.pdf
Jind,Jind,32,Jeetgarh,SC Woman,SC,1,Mamta,Surajmal,0,0,Scheduled Caste Women,latin,1,7851,Jind__Jind.pdf
Jind,Jind,33,Jhanj Kalan,SC Other than Woman,SC,0,Sunil,Dalbir Singh,0,0,Sarpanch Scheduled Caste Other Than Women,latin,1,7851,Jind__Jind.pdf
Jind,Jind,34,Jhanj Khurd,Other than Woman,NONE,0,Sunil Kumar,Manphool Singh,0,0,Other Than Women,latin,1,7851,Jind__Jind.pdf
Jind,Jind,35,Jiwanpur,SC Woman,SC,1,Pooja Rani,Kuldeep,0,0,Sarpanch Scheduled Caste Women,latin,1,7851,Jind__Jind.pdf
Jind,Jind,36,Julani,SC Other than Woman,SC,0,Naresh Kumar,Dhoop Singh,0,0,Sarpanch Scheduled Caste Other Than Women,latin,1,7851,Jind__Jind.pdf
Jind,Jind,37,Kair Kheri,SC Woman,SC,1,Suman,Satish Kumar,0,0,Sarpanch Scheduled Caste Women,latin,1,7851,Jind__Jind.pdf
Jind,Jind,38,Kandela,Woman,NONE,1,Neelam Devi,Anup Singh,0,0,Women,latin,1,7851,Jind__Jind.pdf
Jind,Jind,39,Karamgarh,SC Other than Woman,SC,0,Karambir,Kitab Singh,0,0,Scheduled Caste Other Than Women,latin,1,7851,Jind__Jind.pdf
Jind,Jind,40,Kharakramji,Other than Woman,NONE,0,Surender,Dhoop Singh,0,0,Other Than Women,latin,1,7851,Jind__Jind.pdf
Jind,Jind,41,Kheri Taloda,Other than Woman,NONE,0,Amit Kumar,Satyawan,0,0,Other Than Women,latin,1,7851,Jind__Jind.pdf
Jind,Jind,42,Khokhari,SC Woman,SC,1,Sunita Rani,Sandeep,0,0,Scheduled Caste Women,latin,1,7851,Jind__Jind.pdf
Jind,Jind,43,Khunga,Woman,NONE,1,Pushpa Kumari,Baljeet Singh,0,0,Women,latin,1,7851,Jind__Jind.pdf
Jind,Jind,44,Kishanpura,BC-A Other than Woman,BC_A,0,Manjeet Singh,Amar Singh,0,0,Backward Class 'A' Other Than Women,latin,1,7851,Jind__Jind.pdf
Jind,Jind,45,Lakhmirwala,Woman,NONE,1,Amrita,Dinesh Kumar,0,0,Women,latin,1,7851,Jind__Jind.pdf
Jind,Jind,46,Lalit Khera,SC Other than Woman,SC,0,Joginder Singh,Brahamanand,0,0,Sarpanch Scheduled Caste Other Than Women,latin,1,7851,Jind__Jind.pdf
Jind,Jind,47,Lochab,SC Woman,SC,1,Amarpati,Mukesh Kumar,0,0,Sarpanch Scheduled Caste Women,latin,1,7851,Jind__Jind.pdf
Jind,Jind,48,Mando Kheri,Other than Woman,NONE,0,Anil Kumar,Basau Ram,0,0,Sarpanch Other Than Women,latin,1,7851,Jind__Jind.pdf
Jind,Jind,49,Manoharpur,Woman,NONE,1,Priti Devi,Vinod,0,0,Women,latin,1,7851,Jind__Jind.pdf
Jind,Jind,50,Nidana,Other than Woman,NONE,0,Bhupender,Jagbir,0,0,Other Than Women,latin,1,7851,Jind__Jind.pdf
Jind,Jind,51,Nidani,Woman,NONE,1,Anshu,Sandeep,0,0,Women,latin,1,7851,Jind__Jind.pdf
Jind,Jind,52,Nirjan,Other than Woman,NONE,0,Azad Singh,Kali Ram,0,0,Other Than Women,latin,1,7851,Jind__Jind.pdf
Jind,Jind,53,Pindara,Woman,NONE,1,Neelam Devi,Kuldeep,0,0,Women,latin,1,7851,Jind__Jind.pdf
Jind,Jind,54,Pokari Kheri,Other than Woman,NONE,0,Rajkumar,Rammeher,0,0,Other Than Women,latin,1,7851,Jind__Jind.pdf
Jind,Jind,55,Radhana,SC Other than Woman,SC,0,Ramkumar,Hari Ram,0,0,Scheduled Caste Other Than Women,latin,1,7851,Jind__Jind.pdf
Jind,Jind,56,Rajpura,Woman,NONE,1,Saroj,Jaibir,0,0,Women,latin,1,7851,Jind__Jind.pdf
Jind,Jind,57,Ramgarh,Other than Woman,NONE,0,Sunder Singh,Jaipal Singh,0,0,Other Than Women,latin,1,7851,Jind__Jind.pdf
Jind,Jind,58,Ramrai,Woman,NONE,1,Aarti,Pardeep,0,0,Women,latin,1,7851,Jind__Jind.pdf
Jind,Jind,59,Ramrai Khera,Woman,NONE,1,Sunil,Hitendar,0,0,Sarpanch Women,latin,1,7851,Jind__Jind.pdf
Jind,Jind,60,Rupgarh,Other than Woman,NONE,0,Deepak,Rajbir Singh,0,0,Sarpanch Other Than Women,latin,1,7851,Jind__Jind.pdf
Jind,Jind,61,Sangatpura,Woman,NONE,1,Renu Bala,Sunil Kumar,0,0,Women,latin,1,7851,Jind__Jind.pdf
Jind,Jind,62,Shahpur,Other than Woman,NONE,0,Jaipal Redhu,Lahana,0,0,Other Than Women,latin,1,7851,Jind__Jind.pdf
Jind,Jind,63,Shree Rag Khera,Woman,NONE,1,Reena,Jitender,0,0,Sarpanch Women,latin,1,7851,Jind__Jind.pdf
Jind,Jind,64,Sindhvi Khera,SC Woman,SC,1,Pooja,Amit,0,0,Scheduled Caste Women,latin,1,7851,Jind__Jind.pdf
Jind,Jind,65,Siwaha,BC-A Other than Woman,BC_A,0,Rajkumar,Banwari Lal,0,0,Backward Class 'A' Other Than Women,latin,1,7851,Jind__Jind.pdf
Jind,Jind,66,Sunderpur,Woman,NONE,1,Vandana,Naveen,0,0,Women,latin,1,7851,Jind__Jind.pdf
Jind,Jind,67,Taloda,SC Other than Woman,SC,0,Raj Singh,Dariya Singh,0,0,Sarpanch Scheduled Caste Other Than Women,latin,1,7851,Jind__Jind.pdf
Jind,Julana,1,Akalgarh,Other than Woman,NONE,0,Kuldeep Singh,Jagbir Singh,0,0,Other than Women,latin,1,7824,Jind__Julana.pdf
Jind,Julana,2,Anoopgarh,SC Other than Woman,SC,0,Ramesh Kumar,Fathe Singh,0,0,Scheduled Caste Other than Women,latin,1,7824,Jind__Julana.pdf
Jind,Julana,3,Brahmanwas,Woman,NONE,1,Geeta,Rahul,0,0,Women,latin,1,7824,Jind__Julana.pdf
Jind,Julana,4,Brar Khera,Other than Woman,NONE,0,Anil,Rammehar,0,0,Other than Women,latin,1,7824,Jind__Julana.pdf
Jind,Julana,5,Budha Khera Lather,Woman,NONE,1,Anita,Devender,0,0,Women,latin,1,7824,Jind__Julana.pdf
Jind,Julana,6,Bura Dehar,Other than Woman,NONE,0,Pawan Kumar,Sultan Singh,0,0,Other than Women,latin,1,7824,Jind__Julana.pdf
Jind,Julana,7,Buwana,Woman,NONE,1,Murti Devi,Om Singh,0,0,Women,latin,1,7824,Jind__Julana.pdf
Jind,Julana,8,Deorar,Woman,NONE,1,Sunil Kumari,Sonu,0,0,Women,latin,1,7824,Jind__Julana.pdf
Jind,Julana,9,Desh Khera,Other than Woman,NONE,0,Kartar Singh,Ramsarup,0,0,Other than Women,latin,1,7824,Jind__Julana.pdf
Jind,Julana,10,Dhigana,Other than Woman,NONE,0,Vinod Kumar,Umed Singh,0,0,Other than Women,latin,1,7824,Jind__Julana.pdf
Jind,Julana,11,Fatehgarh,SC Woman,SC,1,Sushma,Balraj,1,0,Scheduled Caste Women,latin,1,7824,Jind__Julana.pdf
Jind,Julana,12,Garhwali,SC Other than Woman,SC,0,Sushil,Gopi Ram,0,0,Scheduled Caste Other than Women,latin,1,7824,Jind__Julana.pdf
Jind,Julana,13,Gatauli,Woman,NONE,1,Kirti,Deepak,0,0,Women,latin,1,7824,Jind__Julana.pdf
Jind,Julana,14,Gosai Khera,Other than Woman,NONE,0,Amit Kumar,Jai Bhagwan,1,0,Other than Women,latin,1,7824,Jind__Julana.pdf
Jind,Julana,15,Hathwala,Woman,NONE,1,Sudesh Kumari,Rohtash,1,0,Women,latin,1,7824,Jind__Julana.pdf
Jind,Julana,16,Jaijaiwanti,SC Woman,SC,1,Ruma,Rajesh,0,0,Scheduled Caste Women,latin,1,7824,Jind__Julana.pdf
Jind,Julana,17,Jhamola,Other than Woman,NONE,0,Ravinder,Ramesh Kumar,0,0,Other than Women,latin,1,7824,Jind__Julana.pdf
Jind,Julana,18,Kamach Khera,SC Other than Woman,SC,0,Sanjay Kumar,Phool Kumar,0,0,Scheduled Caste Other than Women,latin,1,7824,Jind__Julana.pdf
Jind,Julana,19,Karela,Woman,NONE,1,Mukesh,Sonu,0,0,Women,latin,1,7824,Jind__Julana.pdf
Jind,Julana,20,Karsola,Other than Woman,NONE,0,Mahender,Laal Chand,0,0,Other than Women,latin,1,7824,Jind__Julana.pdf
Jind,Julana,21,Kharainti,Woman,NONE,1,Shiksha Devi,Satish,0,0,Women,latin,1,7824,Jind__Julana.pdf
Jind,Julana,22,Khema Kheri,Other than Woman,NONE,0,Govind,Kaptan,0,0,Other than Women,latin,1,7824,Jind__Julana.pdf
Jind,Julana,23,Khera Bakhta,Woman,NONE,1,Poonam Rani,Chap Singh,0,0,Women,latin,1,7824,Jind__Julana.pdf
Jind,Julana,24,Kila Zafargarh,Other than Woman,NONE,0,Hardeep,Rammehar,0,0,Other than Women,latin,1,7824,Jind__Julana.pdf
Jind,Julana,25,Kinana,Woman,NONE,1,Kavita Devi,Raj Kumar,0,0,Women,latin,1,7824,Jind__Julana.pdf
Jind,Julana,26,Lajwana Kalan,Other than Woman,NONE,0,Satish,Sunder Singh,0,0,Other than Women,latin,1,7824,Jind__Julana.pdf
Jind,Julana,27,Lajwana Khurd,Woman,NONE,1,Anju,Kuldeep,0,0,Women,latin,1,7824,Jind__Julana.pdf
Jind,Julana,28,Malvi,BC-A Other than Woman,BC_A,0,Rajender Singh,Dalip Singh,0,0,Backward Class 'A' Other than Women,latin,1,7824,Jind__Julana.pdf
Jind,Julana,29,Meharara,Woman,NONE,1,Maya Devi,Manoj Kumar,0,0,Women,latin,1,7824,Jind__Julana.pdf
Jind,Julana,30,Nandgarh,BC-A Other than Woman,BC_A,0,Rohtash,Ramdiya,0,0,Backward Class 'A' Other than Women,latin,1,7824,Jind__Julana.pdf
Jind,Julana,31,Padana,SC Woman,SC,1,Rekha,Dinesh Kumar,0,0,Scheduled Caste Women,latin,1,7824,Jind__Julana.pdf
Jind,Julana,32,Pauli,Woman,NONE,1,Priti,Jitender,0,0,Women,latin,1,7824,Jind__Julana.pdf
Jind,Julana,33,Rajgarh,SC Other than Woman,SC,0,Bhokal Deepak,Baje Ram,0,0,Scheduled Caste Other than Women,latin,1,7824,Jind__Julana.pdf
Jind,Julana,34,Ramkali,Other than Woman,NONE,0,Ramtirth,Satbir,0,0,Other than Women,latin,1,7824,Jind__Julana.pdf
Jind,Julana,35,Shadipur,BC-A Woman,BC_A,1,Seema Devi,Surender Singh,0,0,Backward Class 'A' Women,latin,1,7824,Jind__Julana.pdf
Jind,Julana,36,Shamlo Kalan,Other than Woman,NONE,0,Virender Singh,Zile Singh,0,0,Other than Women,latin,1,7824,Jind__Julana.pdf
Jind,Julana,37,Shamlo Khurd,SC Woman,SC,1,Rinku Devi,Sandeep Kumar,0,0,Scheduled Caste Women,latin,1,7824,Jind__Julana.pdf
Jind,Julana,38,Sirsa Kheri,Woman,NONE,1,Shweta Devi,Sunil Kumar,0,0,Women,latin,1,7824,Jind__Julana.pdf
Jind,Narwana,1,Amargarh,Other than Woman,NONE,0,Narender,Ramesh,0,0,Other than Women,latin,1,7842,Jind__Narwana.pdf
Jind,Narwana,2,Badowal,Woman,NONE,1,Anita,Jagdish,0,0,Women,latin,1,7842,Jind__Narwana.pdf
Jind,Narwana,3,Bhana Brahmanan,Other than Woman,NONE,0,Surender,Suresh,0,0,Other than Women,latin,1,7842,Jind__Narwana.pdf
Jind,Narwana,4,Bhikhewala,Woman,NONE,1,Poonam,Monu,0,0,Women,latin,1,7842,Jind__Narwana.pdf
Jind,Narwana,5,Bidhrana,SC Other than Woman,SC,0,Birbal Das,Ramkishan,0,0,Scheduled Caste other than Women,latin,1,7842,Jind__Narwana.pdf
Jind,Narwana,6,Dablain,Other than Woman,NONE,0,Kuldeep Mor,Gaje Singh,0,0,Other than Women,latin,1,7842,Jind__Narwana.pdf
Jind,Narwana,7,Danoda Kalan,SC Woman,SC,1,Kitabo Devi,Hawa Singh,0,0,Scheduled Caste Women,latin,1,7842,Jind__Narwana.pdf
Jind,Narwana,8,Danoda Khurd,Woman,NONE,1,Sudesh,Jitender Singh,0,0,Women,latin,1,7842,Jind__Narwana.pdf
Jind,Narwana,9,Dhakal,Other than Woman,NONE,0,Anil Kundu,Dilbag Singh,0,0,Other than Women,latin,1,7842,Jind__Narwana.pdf
Jind,Narwana,10,Dharodi,Woman,NONE,1,Sunita Siwach,Amit Kumar,0,0,Women,latin,1,7842,Jind__Narwana.pdf
Jind,Narwana,11,Frain Kalan,Other than Woman,NONE,0,Ramkumar,Abhe Ram,1,0,Other than Women,latin,1,7842,Jind__Narwana.pdf
Jind,Narwana,12,Frain Khurd,SC Other than Woman,SC,0,Vacant,,0,1,Scheduled Caste other than Women,latin,1,7842,Jind__Narwana.pdf
Jind,Narwana,13,Fulian Kalan,Woman,NONE,1,Kavita,Kuldeep,0,0,Women,latin,1,7842,Jind__Narwana.pdf
Jind,Narwana,14,Fulian Khurd,SC Woman,SC,1,Sumitra Rani,Dinesh,0,0,Scheduled Caste Women,latin,1,7842,Jind__Narwana.pdf
Jind,Narwana,15,Gurthali,Other than Woman,NONE,0,Gagandeep,Bira,0,0,Other than Women,latin,1,7842,Jind__Narwana.pdf
Jind,Narwana,16,Gurusar,Woman,NONE,1,Geetanjli,Parveen,0,0,Women,latin,1,7842,Jind__Narwana.pdf
Jind,Narwana,17,Harnampura,Other than Woman,NONE,0,Satish,Harikesh,0,0,Other than Women,latin,1,7842,Jind__Narwana.pdf
Jind,Narwana,18,Hatho,Woman,NONE,1,Poonam Devi,Surender Singh,0,0,Women,latin,1,7842,Jind__Narwana.pdf
Jind,Narwana,19,Ismailpur,SC Other than Woman,SC,0,Suresh Kumar,Raj Kumar,0,0,Scheduled Caste other than Women,latin,1,7842,Jind__Narwana.pdf
Jind,Narwana,20,Jajanwala,Other than Woman,NONE,0,Janak Nain,Darshan Singh,0,0,Other than Women,latin,1,7842,Jind__Narwana.pdf
Jind,Narwana,21,Julhera,Woman,NONE,1,Anita Rani,Amrik,0,0,Women,latin,1,7842,Jind__Narwana.pdf
Jind,Narwana,22,Kaloda Kalan,Other than Woman,NONE,0,Kuldeep,Dayanand,0,0,Other than Women,latin,1,7842,Jind__Narwana.pdf
Jind,Narwana,23,Kaloda Khurd,Woman,NONE,1,Sonia,Deepak,0,0,Women,latin,1,7842,Jind__Narwana.pdf
Jind,Narwana,24,Kanha Khera,Other than Woman,NONE,0,Manoj Kumar,Dharampal,0,0,Other than Women,latin,1,7842,Jind__Narwana.pdf
Jind,Narwana,25,Karamgarh,Woman,NONE,1,Mukesh Devi,Umed,1,0,Women,latin,1,7842,Jind__Narwana.pdf
Jind,Narwana,26,Khanpur,Other than Woman,NONE,0,Ramphal,Ranjit,0,0,Other than Women,latin,1,7842,Jind__Narwana.pdf
Jind,Narwana,27,Kharadwal,Woman,NONE,1,Annu,Naveen,0,0,Women,latin,1,7842,Jind__Narwana.pdf
Jind,Narwana,28,Lochab,SC Woman,SC,1,Jyoti,Johan,0,0,Scheduled Caste Women,latin,1,7842,Jind__Narwana.pdf
Jind,Narwana,29,Mohal Khera,SC Other than Woman,SC,0,Vijay Kumar,Miya Singh,0,0,Scheduled Caste other than Women,latin,1,7842,Jind__Narwana.pdf
Jind,Narwana,30,Nehra,SC Woman,SC,1,Saroj Devi,Gurudev,0,0,Scheduled Caste Women,latin,1,7842,Jind__Narwana.pdf
Jind,Narwana,31,Rajgarh Dhobi,BC-A Other than Woman,BC_A,0,Dinesh Kumar,Ramkishan,0,0,Backward Class 'A' other than Women,latin,1,7842,Jind__Narwana.pdf
Jind,Narwana,32,Sacha Khera,BC-A Woman,BC_A,1,Kavita Rani,Sukhdev,0,0,Backward Class 'A' Women,latin,1,7842,Jind__Narwana.pdf
Jind,Narwana,33,Sainthali,BC-A Other than Woman,BC_A,0,Jai Parkash,Lal Chand,0,0,Backward Class 'A' other than Women,latin,1,7842,Jind__Narwana.pdf
Jind,Narwana,34,Singhwal,SC Other than Woman,SC,0,Pardeep Kumar,Balbir,0,0,Scheduled Caste other than Women,latin,1,7842,Jind__Narwana.pdf
Jind,Narwana,35,Sinsar,Woman,NONE,1,Kamlesh Devi,Vedpal,0,0,Women,latin,1,7842,Jind__Narwana.pdf
Jind,Narwana,36,Sulhera,Other than Woman,NONE,0,Mahavir Singh,Ramphal,1,0,Other than Women,latin,1,7842,Jind__Narwana.pdf
Jind,Narwana,37,Surja Khera,Woman,NONE,1,Santosh Devi,Rakesh,0,0,Women,latin,1,7842,Jind__Narwana.pdf
Jind,Pillukhera,1,Alanjogi Khera,Other than Woman,NONE,0,Amarnath,Dhan Singh,0,0,Other than Women,latin,1,7806,Jind__Pillukhera.pdf
Jind,Pillukhera,2,Amrawali Khera,Woman,NONE,1,Sunita Rani,Manjeet Singh,0,0,Women,latin,1,7806,Jind__Pillukhera.pdf
Jind,Pillukhera,3,Bania Khera,BC-A Other than Woman,BC_A,0,Ajay Singh,Chander Pal,0,0,Backward Class 'A' other than Women,latin,1,7806,Jind__Pillukhera.pdf
Jind,Pillukhera,4,Beri Khera,Woman,NONE,1,Jyoti,Sonu Kumar,0,0,Women,latin,1,7806,Jind__Pillukhera.pdf
Jind,Pillukhera,5,Bhag Khera,Other than Woman,NONE,0,Hawa Singh,Bhagwan Singh,0,0,Other than Women,latin,1,7806,Jind__Pillukhera.pdf
Jind,Pillukhera,6,Bhambhewa,Woman,NONE,1,Savitri Devi,Sandeep,0,0,Women,latin,1,7806,Jind__Pillukhera.pdf
Jind,Pillukhera,7,Bhartana,Other than Woman,NONE,0,Vacant,,0,1,Other than Women,latin,1,7806,Jind__Pillukhera.pdf
Jind,Pillukhera,8,Bhurain,SC Other than Woman,SC,0,Joginder,Ramphal,0,0,Scheduled Caste other than Women,latin,1,7806,Jind__Pillukhera.pdf
Jind,Pillukhera,9,Budha Khera,BC-A Woman,BC_A,1,Kavita,Ramniwas,0,0,Backward Class 'A' Women,latin,1,7806,Jind__Pillukhera.pdf
Jind,Pillukhera,10,Dharoli,Other than Woman,NONE,0,Sunil Kumar,Leelu Ram,0,0,Other than Women,latin,1,7806,Jind__Pillukhera.pdf
Jind,Pillukhera,11,Dhatrath,Woman,NONE,1,Neelam,Birbal,0,0,Women,latin,1,7806,Jind__Pillukhera.pdf
Jind,Pillukhera,12,Gangoli,Other than Woman,NONE,0,Krishan,Chander,0,0,Other than Women,latin,1,7806,Jind__Pillukhera.pdf
Jind,Pillukhera,13,Hadwa,Woman,NONE,1,Suneel Kumari,Deepak,0,0,Women,latin,1,7806,Jind__Pillukhera.pdf
Jind,Pillukhera,14,Jamni,Other than Woman,NONE,0,Dalbir,Tekram,0,0,Other than Women,latin,1,7806,Jind__Pillukhera.pdf
Jind,Pillukhera,15,Kalawati,SC Woman,SC,1,Monika Rani,Ravinder Singh,0,0,Scheduled Caste Women,latin,0,7806,Jind__Pillukhera.pdf
Jind,Pillukhera,16,Kalwa,SC Other than Woman,SC,0,Salender,Ramphal,0,0,Scheduled Caste other than Women,latin,,7806,Jind__Pillukhera.pdf
Jind,Pillukhera,17,Kharak Gadian,Woman,NONE,1,Lovepreet Kaur,Harman Singh,1,0,Women,latin,1,7806,Jind__Pillukhera.pdf
Jind,Pillukhera,18,Kharak Gagar,Other than Woman,NONE,0,Baljeet,Mange Ram,0,0,Other than Women,latin,1,7806,Jind__Pillukhera.pdf
Jind,Pillukhera,19,Ludana,SC Woman,SC,1,Neelam,Rakesh,0,0,Scheduled Caste Women,latin,1,7806,Jind__Pillukhera.pdf
Jind,Pillukhera,20,Mandi Khurd,Woman,NONE,1,Renu Bala,Samsher,0,0,Women,latin,1,7806,Jind__Pillukhera.pdf
Jind,Pillukhera,21,Malsari Khera,SC Other than Woman,SC,0,Jitender,Kartar Singh,0,0,Scheduled Caste other than Women,latin,1,7806,Jind__Pillukhera.pdf
Jind,Pillukhera,22,Mohamad Khera,Other than Woman,NONE,0,Rampal,Rameshwer,0,0,Other than Women,latin,1,7806,Jind__Pillukhera.pdf
Jind,Pillukhera,23,Morkhi,Woman,NONE,1,Sarita Devi,Sandeep Kumar,0,0,Women,latin,1,7806,Jind__Pillukhera.pdf
Jind,Pillukhera,24,Pillukhera,Other than Woman,NONE,0,Anil Kumar,Hukam Singh,0,0,Other than Women,latin,1,7806,Jind__Pillukhera.pdf
Jind,Pillukhera,25,Rajana Kalan,Woman,NONE,1,Poonam,Ajay,0,0,Women,latin,1,7806,Jind__Pillukhera.pdf
Jind,Pillukhera,26,Rajana Khurd,Other than Woman,NONE,0,Suresh Kumar,Ajit Singh,0,0,Other than Women,latin,1,7806,Jind__Pillukhera.pdf
Jind,Pillukhera,27,Retoli,Woman,NONE,1,Rekha Rani,Pawan Kumar,0,0,Women,latin,1,7806,Jind__Pillukhera.pdf
Jind,Safidon,8,Barod,Other than Woman,NONE,0,Rakesh,Kimti Lal,1,0,Sarpanch Other than Women Other than Women,latin,0,7833,Jind__Safidon.pdf
Jind,Safidon,10,Basini,Woman,NONE,1,Vanita,Jitender Kumar,0,0,Women,latin,1,7833,Jind__Safidon.pdf
Jind,Safidon,11,Bhuslana,Other than Woman,NONE,0,Ravinder,Sugan Chand,0,0,Sarpanch Other than Women Other than Women,latin,1,7833,Jind__Safidon.pdf
Jind,Safidon,12,Butani,Woman,NONE,1,Parita Devi,Paras Ram,0,0,Women,latin,1,7833,Jind__Safidon.pdf
Jind,Safidon,13,Chhaper,Other than Woman,NONE,0,Jaspal Singh,Sardara Singh,0,0,Other than Women,latin,1,7833,Jind__Safidon.pdf
Jind,Safidon,14,Dharamgarh,Woman,NONE,1,Navdeep Kaur,Ajitpal Singh,0,0,Women,latin,1,7833,Jind__Safidon.pdf
Jind,Safidon,15,Didwara,Other than Woman,NONE,0,Rajan Singh,Suresh Kumar,0,0,Other than Women,latin,1,7833,Jind__Safidon.pdf
Jind,Safidon,16,Harigarh,Woman,NONE,1,Anita,Khushi Ram,0,0,Women,latin,1,7833,Jind__Safidon.pdf
Jind,Safidon,17,Hatt,BC-A Other than Woman,BC_A,0,Birbal,Ramphal,0,0,Backward Class 'A' Other than Women,latin,1,7833,Jind__Safidon.pdf
Jind,Safidon,18,Hoshiyarpura,Woman,NONE,1,Parmila,Vijay Pal,0,0,Women,latin,1,7833,Jind__Safidon.pdf
Jind,Safidon,19,Jaipur,Other than Woman,NONE,0,Shyam Singh,Jai Singh,0,0,Other than Women,latin,1,7833,Jind__Safidon.pdf
Jind,Safidon,20,Karkhana,Woman,NONE,1,Sweety,Sumit Kumar,0,0,Women,latin,1,7833,Jind__Safidon.pdf
Jind,Safidon,21,Karsindhu,SC Other than Woman,SC,0,Ravinder,Surat Singh,0,0,Scheduled Caste other than Women,latin,1,7833,Jind__Safidon.pdf
Jind,Safidon,22,Kharkara,Other than Woman,NONE,0,Narvair Singh,Mohender,0,0,Sarpanch Other than Women Other than Women,latin,1,7833,Jind__Safidon.pdf
Jind,Safidon,23,Khatla,Woman,NONE,1,Poonam,Krishan Kumar,0,0,Women,latin,1,7833,Jind__Safidon.pdf
Jind,Safidon,24,Khera Khemawati,SC Woman,SC,1,Anju,Naresh Kumar,0,0,Scheduled Caste Women,latin,1,7833,Jind__Safidon.pdf
Jind,Safidon,25,Kurar,Other than Woman,NONE,0,Anil,Jai Bhagwan,0,0,Other than Women,latin,1,7833,Jind__Safidon.pdf
Jind,Safidon,26,Malar,SC Other than Woman,SC,0,Parmod Kumar,Sultan Singh,0,0,Scheduled Caste other than Women,latin,1,7833,Jind__Safidon.pdf
Jind,Safidon,27,Malikpur,Woman,NONE,1,Ramandeep,Amritpal Singh,0,0,Sarpanch Women Women,latin,1,7833,Jind__Safidon.pdf
Jind,Safidon,28,Muana,Other than Woman,NONE,0,Shyam Singh,Rameshwar,0,0,Other than Women,latin,1,7833,Jind__Safidon.pdf
Jind,Safidon,29,Naya Gaon Siwanamal,SC Woman,SC,1,Reena,Hariom,1,0,Sarpanch Scheduled Caste Women,latin,1,7833,Jind__Safidon.pdf
Jind,Safidon,30,Nimnabad,Woman,NONE,1,Arshdeep Kaur,Harpal Singh,0,0,Women,latin,1,7833,Jind__Safidon.pdf
Jind,Safidon,31,Paju Kalan,SC Other than Woman,SC,0,Pawan Kumar,Deep Chand,0,0,Sarpanch Scheduled Caste other than Women,latin,1,7833,Jind__Safidon.pdf
Jind,Safidon,32,Paju Khurd,Other than Woman,NONE,0,Niranjan,Rohtas,1,0,Other than Women,latin,1,7833,Jind__Safidon.pdf
Jind,Safidon,33,Ram Nagar,Woman,NONE,1,Santoshi Malik,Anil Malik,0,0,Women,latin,1,7833,Jind__Safidon.pdf
Jind,Safidon,34,Rampura,SC Woman,SC,1,Arti,Ravi,0,0,Sarpanch Scheduled Caste Women,latin,1,7833,Jind__Safidon.pdf
Jind,Safidon,35,Ratta Khera,Other than Woman,NONE,0,Suresh Kumar,Nathu Ram,0,0,Other than Women,latin,1,7833,Jind__Safidon.pdf
Jind,Safidon,36,Rodh,Woman,NONE,1,Karamjeet Kaur,Navdeep,0,0,Sarpanch Women Women,latin,1,7833,Jind__Safidon.pdf
Jind,Safidon,37,Rojhla,Other than Woman,NONE,0,Jagat Singh,Prem Singh,0,0,Other than Women,latin,1,7833,Jind__Safidon.pdf
Jind,Safidon,38,Sahanpur,BC-A Woman,BC_A,1,Mamta Rani,Rajender,0,0,Sarpanch Backward Class 'A' Women,latin,1,7833,Jind__Safidon.pdf
Jind,Safidon,39,Sarfabad,Other than Woman,NONE,0,Virender Singh,Rampal,0,0,Other than Women Other than Women,latin,1,7833,Jind__Safidon.pdf
Jind,Safidon,40,Sarna Kheri,Woman,NONE,1,Naveen Devi,Ramesh,0,0,Sarpanch Women Women,latin,1,7833,Jind__Safidon.pdf
Jind,Safidon,41,Silla Kheri,SC Other than Woman,SC,0,Arjun,Gulab Singh,0,0,Scheduled Caste other than Women,latin,1,7833,Jind__Safidon.pdf
Jind,Safidon,42,Singhana,BC-A Other than Woman,BC_A,0,Satbir Singh,Ramkumar,0,0,Backward Class 'A' Other than Women,latin,1,7833,Jind__Safidon.pdf
Jind,Safidon,43,Singhpura,Woman,NONE,1,Rajbala,Manoj Kumar,0,0,Women,latin,1,7833,Jind__Safidon.pdf
Jind,Safidon,44,Siwanamal,Other than Woman,NONE,0,Ramniwas,Mesra,0,0,Other than Women,latin,1,7833,Jind__Safidon.pdf
Jind,Safidon,45,Tito Kheri,BC-A Woman,BC_A,1,Minakshi,Rakesh,0,0,Backward Class 'A' Women,latin,1,7833,Jind__Safidon.pdf
Jind,Uchana,1,Alipura,Other than Woman,NONE,0,Balbir Ram,Bhalle Ram,0,0,Other than Women,latin,1,7797,Jind__Uchana.pdf
Jind,Uchana,2,Badanpur,Woman,NONE,1,Rekha Devi,Gagandeep,0,0,Women,latin,1,7797,Jind__Uchana.pdf
Jind,Uchana,3,Baroda,SC Other than Woman,SC,0,Ramesh Lal,Diwana Ram,0,0,Scheduled Caste other than Women,latin,1,7797,Jind__Uchana.pdf
Jind,Uchana,4,Bhagwanpura,SC Woman,SC,1,Suman,Sushil,0,0,Scheduled Caste Women,latin,1,7797,Jind__Uchana.pdf
Jind,Uchana,5,Bhongra,SC Other than Woman,SC,0,Sukhvinder,Satbir Singh,0,0,Scheduled Caste other than Women,latin,1,7797,Jind__Uchana.pdf
Jind,Uchana,6,Bhonsla,Other than Woman,NONE,0,Nasib,Ramkishan,0,0,Other than Women,latin,1,7797,Jind__Uchana.pdf
Jind,Uchana,7,Budain,SC Woman,SC,1,Sonia,Naveen Kumar,0,0,Scheduled Caste Women,latin,1,7797,Jind__Uchana.pdf
Jind,Uchana,8,Chhattar,SC Other than Woman,SC,0,Om Parkash,Nihala Ram,0,0,Scheduled Caste other than Women,latin,1,7797,Jind__Uchana.pdf
Jind,Uchana,9,Daroli Khera,Woman,NONE,1,Suman,Rajesh Kumar,1,0,Women,latin,1,7797,Jind__Uchana.pdf
Jind,Uchana,10,Dhankhari,Other than Woman,NONE,0,Sandeep,Mahipal,0,0,Other than Women,latin,1,7797,Jind__Uchana.pdf
Jind,Uchana,11,Dohana Khera,Woman,NONE,1,Paramjeet,Balkar,0,0,Women,latin,1,7797,Jind__Uchana.pdf
Jind,Uchana,12,Dumarkha Kalan,Other than Woman,NONE,0,Rahul,Sahamsher Singh,0,0,Other than Women,latin,1,7797,Jind__Uchana.pdf
Jind,Uchana,13,Dumarkha Khurd,SC Woman,SC,1,Kalasho,Ranbir,0,0,Scheduled Caste Women,latin,1,7797,Jind__Uchana.pdf
Jind,Uchana,14,Durjanpur,Woman,NONE,1,Sunita,Rajesh,0,0,Women,latin,1,7797,Jind__Uchana.pdf
Jind,Uchana,15,Ghaso Kalan,BC-A Other than Woman,BC_A,0,Baljeet Singh,Kehar Singh,0,0,Backward Class 'A' Other than Women,latin,1,7797,Jind__Uchana.pdf
Jind,Uchana,16,Ghaso Khurd,SC Other than Woman,SC,0,Sohanu Ram,Rammehar,0,0,Scheduled Caste Other than Women,latin,1,7797,Jind__Uchana.pdf
Jind,Uchana,17,Ghoghrian,Woman,NONE,1,Suman,Mandeep,0,0,Women,latin,1,7797,Jind__Uchana.pdf
Jind,Uchana,18,Gurukul Khera,Other than Woman,NONE,0,Sandeep,Sadhu Ram,0,0,Other than Women,latin,1,7797,Jind__Uchana.pdf
Jind,Uchana,19,Jheel,Woman,NONE,1,Mukesh Devi,Shamsher Singh,0,0,Women,latin,1,7797,Jind__Uchana.pdf
Jind,Uchana,20,Kabarchha,Other than Woman,NONE,0,Manish,Bhira,0,0,Other than Women,latin,1,7797,Jind__Uchana.pdf
Jind,Uchana,21,Kahsun,Woman,NONE,1,Meena,Shrikant,0,0,Women,latin,1,7797,Jind__Uchana.pdf
Jind,Uchana,22,Kakrod,Other than Woman,NONE,0,Ashok,Wazir Singh,0,0,Other than Women,latin,1,7797,Jind__Uchana.pdf
Jind,Uchana,23,Kalta,Woman,NONE,1,Manju Devi,Parmanand,0,0,Women,latin,1,7797,Jind__Uchana.pdf
Jind,Uchana,24,Karsindhu,Other than Woman,NONE,0,Ramchander,Hari Ram,0,0,Other than Women,latin,1,7797,Jind__Uchana.pdf
Jind,Uchana,25,Khapar,Woman,NONE,1,Monika,Manoj Kumar,0,0,Women,latin,1,7797,Jind__Uchana.pdf
Jind,Uchana,26,Khark Bhoora,SC Woman,SC,1,Pinki,Sanjiv Kumar,0,0,Scheduled Caste Women,latin,1,7797,Jind__Uchana.pdf
Jind,Uchana,27,Khatkar,BC-A Other than Woman,BC_A,0,Satbir Singh,Ram Sawroop,0,0,Backward Class 'A' Other than Women,latin,1,7797,Jind__Uchana.pdf
Jind,Uchana,28,Kheri Masania,Woman,NONE,1,Kavita,Anup,0,0,Women,latin,1,7797,Jind__Uchana.pdf
Jind,Uchana,29,Kuchrana Kalan,Other than Woman,NONE,0,Satyanarayan,Ishwer Singh,0,0,Other than Women,latin,1,7797,Jind__Uchana.pdf
Jind,Uchana,30,Kuchrana Khurd,SC Other than Woman,SC,0,Satish Kumar,Soran Singh,0,0,Scheduled Caste Other than Women,latin,1,7797,Jind__Uchana.pdf
Jind,Uchana,31,Lodhar,Woman,NONE,1,Sukmila,Mandeep,0,0,Women,latin,1,7797,Jind__Uchana.pdf
Jind,Uchana,32,Makhand,Other than Woman,NONE,0,Jagbir,Krishan,0,0,Other than Women,latin,1,7797,Jind__Uchana.pdf
Jind,Uchana,33,Mandi Kalan,Woman,NONE,1,Karamjit,Gurdev Singh,0,0,Women,latin,1,7797,Jind__Uchana.pdf
Jind,Uchana,34,Mangalpur,Other than Woman,NONE,0,Sunil,Surajmal,0,0,Other than Women,latin,1,7797,Jind__Uchana.pdf
Jind,Uchana,35,Mohangarh,Woman,NONE,1,Anita Devi,Amir Singh,0,0,Women,latin,1,7797,Jind__Uchana.pdf
Jind,Uchana,36,Nachar Khera,Other than Woman,NONE,0,Dharmvir,Khujan Singh,0,0,Other than Women,latin,1,7797,Jind__Uchana.pdf
Jind,Uchana,37,Palwan,BC-A Woman,BC_A,1,Ritu,Mahipal,0,0,Backward Class 'A' Women,latin,1,7797,Jind__Uchana.pdf
Jind,Uchana,38,Rojkhera,SC Woman,SC,1,Vacant,,0,1,Scheduled Caste Women,latin,1,7797,Jind__Uchana.pdf
Jind,Uchana,39,Safa Kheri,Other than Woman,NONE,0,Ram Mehar,Ram Kumar,0,0,Other than Women,latin,1,7797,Jind__Uchana.pdf
Jind,Uchana,40,Sedha Majra,Woman,NONE,1,Pooja Rani,Anoop Singh,0,0,Women,latin,1,7797,Jind__Uchana.pdf
Jind,Uchana,41,Sudkain Kalan,SC Other than Woman,SC,0,Ashok,Satyanarayan,0,0,Scheduled Caste Other than Women,latin,1,7797,Jind__Uchana.pdf
Jind,Uchana,43,Sunderpura,Woman,NONE,1,Aarti Devi,Lakhvinder,0,0,Women,latin,1,7797,Jind__Uchana.pdf
Jind,Uchana,44,Surbrah,BC-A Other than Woman,BC_A,0,Ramniwas,Ramdiya,0,0,Backward Class 'A' Other than Women,latin,1,7797,Jind__Uchana.pdf
Jind,Uchana,45,Tarkha,Woman,NONE,1,Manju,Sonu,0,0,Women,latin,1,7797,Jind__Uchana.pdf
Jind,Uchana,46,Uchana Khurd,Other than Woman,NONE,0,Satbir,Dhan Singh,1,0,Other than Women,latin,1,7797,Jind__Uchana.pdf
Jind,Uchana,47,Udaipur,Woman,NONE,1,Sudesh Devi,Sunil Singh,0,0,Women,latin,1,7797,Jind__Uchana.pdf
Jind,Ujhana,1,Ambersar,SC Other than Woman,SC,0,Ajay,Dilbag,0,0,Scheduled Cast Other than Women,latin,1,7815,Jind__Ujhana.pdf
Jind,Ujhana,2,Belarkha,Other than Woman,NONE,0,Pirthi Singh,Basau Ram,0,0,Other than Women,latin,1,7815,Jind__Ujhana.pdf
Jind,Ujhana,3,Data Singh Wala,Woman,NONE,1,Rupinder,Nirmal Singh,0,0,Women,latin,1,7815,Jind__Ujhana.pdf
Jind,Ujhana,4,Dhabi Tek Singh,BC-A Other than Woman,BC_A,0,Varinder Singh,Jai Singh,0,0,Backward Class 'A' Other Than Women,latin,1,7815,Jind__Ujhana.pdf
Jind,Ujhana,5,Dhamtan Sahib,SC Woman,SC,1,Santosh,Kuldeep,0,0,Scheduled Cast Women,latin,1,7815,Jind__Ujhana.pdf
Jind,Ujhana,6,Dindoli,Woman,NONE,1,Premjeet,Darshan,0,0,Women,latin,1,7815,Jind__Ujhana.pdf
Jind,Ujhana,7,Garhi,Other than Woman,NONE,0,Lovepreet,Ratan Singh,0,0,Other than Women,latin,1,7815,Jind__Ujhana.pdf
Jind,Ujhana,8,Hamirgarh,Woman,NONE,1,Suman Rani,Pardeep,0,0,Women,latin,,7815,Jind__Ujhana.pdf
Jind,Ujhana,9,Hansder,Other than Woman,NONE,0,Jarnail,Harbans,0,0,Other than Women,latin,1,7815,Jind__Ujhana.pdf
Jind,Ujhana,10,Kalwan,Woman,NONE,1,Kavita,Kuldeep,0,0,Women,latin,1,7815,Jind__Ujhana.pdf
Jind,Ujhana,11,Kharal,SC Other than Woman,SC,0,Kailash,Ramkumar,0,0,Scheduled Cast Other than Women,latin,1,7815,Jind__Ujhana.pdf
Jind,Ujhana,12,Koyal,SC Woman,SC,1,Kavita,Vikram,0,0,Scheduled Cast Women,latin,1,7815,Jind__Ujhana.pdf
Jind,Ujhana,13,Loan,Other than Woman,NONE,0,Suresh,Sanshi Ram,0,0,Other than Women,latin,1,7815,Jind__Ujhana.pdf
Jind,Ujhana,14,Naraingarh,SC Other than Woman,SC,0,Kewal Singh,Puran Singh,0,0,Scheduled Cast Other than Women,latin,1,7815,Jind__Ujhana.pdf
Jind,Ujhana,15,Nepewala,BC-A Woman,BC_A,1,Sudesh,Naresh,0,0,Backward Class 'A' Women,latin,1,7815,Jind__Ujhana.pdf
Jind,Ujhana,16,Patharth Khera,Other than Woman,NONE,0,Manager,Sarwan Singh,0,0,Other than Women,latin,1,7815,Jind__Ujhana.pdf
Jind,Ujhana,17,Pipaltha,Woman,NONE,1,Manapreet,Kawaljeet,0,0,Women,latin,1,7815,Jind__Ujhana.pdf
Jind,Ujhana,18,Rashidan,Other than Woman,NONE,0,Harpal,Gurumukh,0,0,Other than Women,latin,1,7815,Jind__Ujhana.pdf
Jind,Ujhana,19,Rewar,Woman,NONE,1,Rani Devi,Omparkash,0,0,Women,latin,1,7815,Jind__Ujhana.pdf
Jind,Ujhana,20,Ujhana,Other than Woman,NONE,0,Sunil,Ishwar Singh,0,0,Other than Women,latin,1,7815,Jind__Ujhana.pdf
Kaithal,Dhand,1,Ahun,Other than Woman,NONE,0,Dheer Singh,Rishal Singh,0,0,Other than Women,latin,1,8245,Kaithal__Dhand.pdf
Kaithal,Dhand,2,Bandrana,SC Other than Woman,SC,0,Raj Kumar,Jiya Lal,0,0,Scheduled Caste other than Women,latin,1,8245,Kaithal__Dhand.pdf
Kaithal,Dhand,3,Barot,SC Woman,SC,1,Jyoti,Manoj Kumar,0,0,Scheduled Caste Women,latin,1,8245,Kaithal__Dhand.pdf
Kaithal,Dhand,4,Begpur,Woman,NONE,1,Anjali,Jasbir Singh,0,0,Women,latin,1,8245,Kaithal__Dhand.pdf
Kaithal,Dhand,5,Chandlana,BC-A Other than Woman,BC_A,0,Ajay Kumar,Lakshman,0,0,Backward Class ‘A’ other than Women,latin,1,8245,Kaithal__Dhand.pdf
Kaithal,Dhand,6,Chuharmajra,Woman,NONE,1,Kavita,Kuldeep Singh,0,0,Women,latin,1,8245,Kaithal__Dhand.pdf
Kaithal,Dhand,7,Dadwana,BC-A Other than Woman,BC_A,0,Harinder Singh,Tarsem Singh,0,0,Backward Class ‘A’ other than Women,latin,1,8245,Kaithal__Dhand.pdf
Kaithal,Dhand,8,Dherdu,Woman,NONE,1,Kusum Devi,Rishipal,0,0,Women,latin,1,8245,Kaithal__Dhand.pdf
Kaithal,Dhand,9,Dhand,Other than Woman,NONE,0,Jangsher,Atma Ram,0,0,Other than Women,latin,1,8245,Kaithal__Dhand.pdf
Kaithal,Dhand,10,Jadaula,Woman,NONE,1,Kamlesh Rani,Sandeep,0,0,Women,latin,1,8245,Kaithal__Dhand.pdf
Kaithal,Dhand,11,Jajanpur,Other than Woman,NONE,0,Joginder Singh,Ajmer Singh,0,0,Other than Women,latin,1,8245,Kaithal__Dhand.pdf
Kaithal,Dhand,12,Kaul,Woman,NONE,1,Kusum Lata,Naresh Kumar,0,0,Women,latin,1,8245,Kaithal__Dhand.pdf
Kaithal,Dhand,13,Kheri Matrwa,SC Other than Woman,SC,0,Sukhmeet,Sewa Singh,0,0,Scheduled Caste other than Women,latin,1,8245,Kaithal__Dhand.pdf
Kaithal,Dhand,14,Kheri Raiwali,Other than Woman,NONE,0,Samsher Singh,Beera Singh,0,0,Other than Women,latin,1,8245,Kaithal__Dhand.pdf
Kaithal,Dhand,15,Kheri Sakra,Woman,NONE,1,Suman Devi,Manish Kumar,0,0,Women,latin,1,8245,Kaithal__Dhand.pdf
Kaithal,Dhand,16,Meoli,Other than Woman,NONE,0,Mithan Lal,Shiba Ram,0,0,Other than Women,latin,1,8245,Kaithal__Dhand.pdf
Kaithal,Dhand,17,Pabla,Woman,NONE,1,Kavita,Kuldeep Singh,0,0,Women,latin,1,8245,Kaithal__Dhand.pdf
Kaithal,Dhand,18,Pabnawa,Other than Woman,NONE,0,Kashmir Singh,Prem Singh,0,0,Other than Women,latin,1,8245,Kaithal__Dhand.pdf
Kaithal,Dhand,19,Pharal,Woman,NONE,1,Twinkle,Sahab Singh,0,0,Women,latin,1,8245,Kaithal__Dhand.pdf
Kaithal,Dhand,20,Pobala,SC Woman,SC,1,Sunita Rani,Rajesh Kumar,0,0,Scheduled Caste Women,latin,1,8245,Kaithal__Dhand.pdf
Kaithal,Dhand,21,Rasulpur,Other than Woman,NONE,0,Parveen Kumar,Sultan Singh,0,0,Other than Women,latin,1,8245,Kaithal__Dhand.pdf
Kaithal,Dhand,22,Rawanhera,Woman,NONE,1,Kamlesh Rani,Rajiv Kumar,0,0,Women,latin,1,8245,Kaithal__Dhand.pdf
Kaithal,Dhand,23,Sakra,Other than Woman,NONE,0,Satpal,Durga Chand,0,0,Other than Women,latin,1,8245,Kaithal__Dhand.pdf
Kaithal,Dhand,24,Salimpur Madud,SC Other than Woman,SC,0,Rajbir,Ajmer Singh,0,0,Scheduled Caste other than Women,latin,1,8245,Kaithal__Dhand.pdf
Kaithal,Dhand,25,Sangroli,Woman,NONE,1,Pinki,Jitender Kumar,0,0,Women,latin,1,8245,Kaithal__Dhand.pdf
Kaithal,Dhand,26,Solumajra,Other than Woman,NONE,0,Paramjeet,Sharvan Singh,0,0,Other than Women,latin,1,8245,Kaithal__Dhand.pdf
Kaithal,Dhand,27,Teek,SC Woman,SC,1,Sonika,Sohan Lal,0,0,Scheduled Caste Women,latin,1,8245,Kaithal__Dhand.pdf
Kaithal,Guhla,1,0 Bhunsla,SC Other than Woman,SC,0,---,Sandeep Singh,0,0,Scheduled Caste other than Women,latin,0,8200,Kaithal__Guhla.pdf
Kaithal,Guhla,11,Bichian,Woman,NONE,1,Samina Devi,Krishan Kumar,1,0,Women,latin,1,8200,Kaithal__Guhla.pdf
Kaithal,Guhla,12,Budhanpur Gujran,Other than Woman,NONE,0,Hardam Ram,Bachna Ram,0,0,Other than Women,latin,1,8200,Kaithal__Guhla.pdf
Kaithal,Guhla,13,Chaba,Woman,NONE,1,Rajinder Kaur,Balihar Singh,1,0,Women,latin,1,8200,Kaithal__Guhla.pdf
Kaithal,Guhla,14,Chanchak,Other than Woman,NONE,0,Sandeep Ram,Sadha Ram,0,0,Other than Women,latin,1,8200,Kaithal__Guhla.pdf
Kaithal,Guhla,15,Chhanan Jattan,Woman,NONE,1,Manjeet Kaur,Sikander Singh,1,0,Women,latin,1,8200,Kaithal__Guhla.pdf
Kaithal,Guhla,16,Daba,Other than Woman,NONE,0,Malkeet Singh,Jang Singh,0,0,Other than Women,latin,1,8200,Kaithal__Guhla.pdf
Kaithal,Guhla,17,Dandota,SC Woman,SC,1,Saroj Devi,Balraj,0,0,Scheduled Caste Women,latin,1,8200,Kaithal__Guhla.pdf
Kaithal,Guhla,18,Dera Bazigar,SC Other than Woman,SC,0,Deshraj,Naranjan Ram,0,0,Scheduled Caste other than Women,latin,1,8200,Kaithal__Guhla.pdf
Kaithal,Guhla,19,Dera Gobind Singh Nagar,Woman,NONE,1,Rajwinder Kaur,Darshan Singh,0,0,Women,latin,1,8200,Kaithal__Guhla.pdf
Kaithal,Guhla,20,Duserpur,Other than Woman,NONE,0,Darshan Singh,Mam Chand,0,0,Other than Women,latin,1,8200,Kaithal__Guhla.pdf
Kaithal,Guhla,21,Gaggarpur,Woman,NONE,1,Parmjeet Kaur,Zile Singh,0,0,Women,latin,1,8200,Kaithal__Guhla.pdf
Kaithal,Guhla,22,Garhi Nazir,SC Woman,SC,1,Jyoti,Satnam Singh,0,0,Scheduled Caste Women,latin,1,8200,Kaithal__Guhla.pdf
Kaithal,Guhla,23,Guru Nanak Nagar,Other than Woman,NONE,0,Jeet Singh,Mela Singh,1,0,Other than Women,latin,1,8200,Kaithal__Guhla.pdf
Kaithal,Guhla,24,Hamumajra,Woman,NONE,1,Sarbjeet Kaur,Malak Singh,0,0,Women,latin,1,8200,Kaithal__Guhla.pdf
Kaithal,Guhla,25,Hansu Majra,BC-A Other than Woman,BC_A,0,Kuldip Singh,Atma,0,0,Backward Class ‘A’ other than Women,latin,1,8200,Kaithal__Guhla.pdf
Kaithal,Guhla,26,Harigarh Kingon,Woman,NONE,1,Harbans Kaur,Mahender,0,0,Women,latin,1,8200,Kaithal__Guhla.pdf
Kaithal,Guhla,27,Kalar Majra,SC Other than Woman,SC,0,Gagan Kumar,Bira Ram,0,0,Scheduled Caste other than Women,latin,1,8200,Kaithal__Guhla.pdf
Kaithal,Guhla,28,Kasouli,SC Woman,SC,1,Asha Rani,Charanjit Singh,0,0,Scheduled Caste Women,latin,1,8200,Kaithal__Guhla.pdf
Kaithal,Guhla,29,Kemheri,SC Other than Woman,SC,0,Karamjeet Singh,Pritam Singh,0,0,Scheduled Caste other than Women,latin,1,8200,Kaithal__Guhla.pdf
Kaithal,Guhla,30,Khambhera,Other than Woman,NONE,0,Amninder Singh,Bhajan Singh,0,0,Other than Women,latin,1,8200,Kaithal__Guhla.pdf
Kaithal,Guhla,31,Kharal,Woman,NONE,1,Meena,Hardeep Singh,0,0,Women,latin,1,8200,Kaithal__Guhla.pdf
Kaithal,Guhla,32,Kharaudi,Other than Woman,NONE,0,Karamjeet Singh,Balvinder Singh,0,0,Other than Women,latin,1,8200,Kaithal__Guhla.pdf
Kaithal,Guhla,33,Kharkara,BC-A Woman,BC_A,1,Parvinder Kaur,Satnam Singh,0,0,Backward Class 'A' Women,latin,1,8200,Kaithal__Guhla.pdf
Kaithal,Guhla,34,Kheri Daban,Other than Woman,NONE,0,Swaran Singh,Balvir Singh,1,0,Other than Women,latin,1,8200,Kaithal__Guhla.pdf
Kaithal,Guhla,35,Khushal Majra,Woman,NONE,1,Sarabjeet Kaur,Daler Singh,0,0,Women,latin,1,8200,Kaithal__Guhla.pdf
Kaithal,Guhla,36,Lalpur,Other than Woman,NONE,0,Saravjeet Singh,Darshan Singh,1,0,Other than Women,latin,1,8200,Kaithal__Guhla.pdf
Kaithal,Guhla,37,Landaheri,Woman,NONE,1,Akvinder Kaur,Sandeep Singh,1,0,Women,latin,1,8200,Kaithal__Guhla.pdf
Kaithal,Guhla,38,Mahmoodpur,SC Woman,SC,1,Ranbir Kaur,Jagtar Singh,0,0,Scheduled Caste Women,latin,1,8200,Kaithal__Guhla.pdf
Kaithal,Guhla,39,Majri,BC-A Other than Woman,BC_A,0,Satnam Singh,Avtar Singh,0,0,Backward Class ‘A’ other than Women,latin,1,8200,Kaithal__Guhla.pdf
Kaithal,Guhla,40,Malikpur Samaana,Woman,NONE,1,Gurmeet Kaur,Gurpreet Singh,0,0,Women,latin,1,8200,Kaithal__Guhla.pdf
Kaithal,Guhla,41,Mangra,Other than Woman,NONE,0,Ramphal,Risala,1,0,Other than Women,latin,1,8200,Kaithal__Guhla.pdf
Kaithal,Guhla,42,Manjheri,Woman,NONE,1,Reena Rani,Gurbaksh Singh,0,0,Women,latin,1,8200,Kaithal__Guhla.pdf
Kaithal,Guhla,43,Mastgarh,BC-A Other than Woman,BC_A,0,Vikram Jeet Singh,Harbhajan Singh,0,0,Backward Class ‘A’ other than Women,latin,1,8200,Kaithal__Guhla.pdf
Kaithal,Guhla,44,Nanakpura,Woman,NONE,1,Narinder Kaur,Ranjodh Singh,0,0,Women,latin,1,8200,Kaithal__Guhla.pdf
Kaithal,Guhla,45,Nandgarh,Other than Woman,NONE,0,Jaspal Singh,Gurbakash Singh,1,0,Other than Women,latin,1,8200,Kaithal__Guhla.pdf
Kaithal,Guhla,46,Paprala,Woman,NONE,1,Asha Rani,Puneet Kumar,0,0,Women,latin,1,8200,Kaithal__Guhla.pdf
Kaithal,Guhla,47,Peedal,SC Other than Woman,SC,0,Mahipal,Ruldu Ram,0,0,Scheduled Caste other than Women,latin,1,8200,Kaithal__Guhla.pdf
Kaithal,Guhla,48,Ram Nagar,SC Woman,SC,1,Mamta Rani,Neeraj Kumar,0,0,Scheduled Caste Women,latin,1,8200,Kaithal__Guhla.pdf
Kaithal,Guhla,49,Ratta Khera Karam,Other than Woman,NONE,0,Tarsem Singh,Mohinder Singh,0,0,Other than Women,latin,1,8200,Kaithal__Guhla.pdf
Kaithal,Guhla,50,Ratta Khera Lukman,Woman,NONE,1,Reenu,Rakesh Kumar,0,0,Women,latin,1,8200,Kaithal__Guhla.pdf
Kaithal,Guhla,51,Rewar Jagir,Other than Woman,NONE,0,Jasbir Singh,Bhajna Ram,0,0,Other than Women,latin,1,8200,Kaithal__Guhla.pdf
Kaithal,Guhla,52,Sadarheri,SC Other than Woman,SC,0,Tersem Singh,Radha Ram,0,0,Scheduled Caste other than Women,latin,1,8200,Kaithal__Guhla.pdf
Kaithal,Guhla,53,Sarakpur,SC Woman,SC,1,Charanjeet Kaur,Harbans Singh,0,0,Scheduled Caste Women,latin,1,8200,Kaithal__Guhla.pdf
Kaithal,Guhla,54,Sarola,Woman,NONE,1,Rupinder Kaur,Gurmukh Singh,0,0,Women,latin,1,8200,Kaithal__Guhla.pdf
Kaithal,Guhla,55,Seon Majra,SC Other than Woman,SC,0,Baljinder Singh,Mam Chand,0,0,Scheduled Caste other than Women,latin,1,8200,Kaithal__Guhla.pdf
Kaithal,Guhla,56,Shadipur,Other than Woman,NONE,0,Amarjeet Singh,Kulwant Singh,0,0,Other than Women,latin,1,8200,Kaithal__Guhla.pdf
Kaithal,Guhla,57,Shahid Bhagat Singh,Woman,NONE,1,Paramjeet Kaur,Jatinder Singh,0,0,Women,latin,1,8200,Kaithal__Guhla.pdf
Kaithal,Guhla,58,Sihali,SC Woman,SC,1,Bhajan Kaur,Ramesh Lal,1,0,Scheduled Caste Women,latin,1,8200,Kaithal__Guhla.pdf
Kaithal,Guhla,59,Sinh,SC Other than Woman,SC,0,Amandeep Singh,Jasmer Singh,0,0,Scheduled Caste other than Women,latin,1,8200,Kaithal__Guhla.pdf
Kaithal,Guhla,60,Sultania,SC Woman,SC,1,Pinki Rani,Balwan,0,0,Scheduled Caste Women,latin,1,8200,Kaithal__Guhla.pdf
Kaithal,Guhla,61,Sultania Kartarpur,Other than Woman,NONE,0,Lakhbir Singh,Gian Singh,0,0,Other than Women,latin,1,8200,Kaithal__Guhla.pdf
Kaithal,Guhla,62,Tatiana,Woman,NONE,1,Kiran Rani,Bhupender Singh,0,0,Women,latin,1,8200,Kaithal__Guhla.pdf
Kaithal,Guhla,63,Theh Banera,Other than Woman,NONE,0,Rampal,Mukhtyar Singh,0,0,Other than Women,latin,1,8200,Kaithal__Guhla.pdf
Kaithal,Guhla,64,Theh Butana,BC-A Woman,BC_A,1,Simerjeet Kaur,Sahab Singh,0,0,Backward Class 'A' Women,latin,1,8200,Kaithal__Guhla.pdf
Kaithal,Guhla,65,Theh Mukerian,Other than Woman,NONE,0,Harmagan Singh,Mewa Singh,1,0,Other than Women,latin,1,8200,Kaithal__Guhla.pdf
Kaithal,Guhla,66,Theh Newal,Woman,NONE,1,Rajbala,Sukhwant Singh,0,0,Women,latin,1,8200,Kaithal__Guhla.pdf
Kaithal,Kaithal,1,Baba Ladana,BC-A Other than Woman,BC_A,0,Gurnam Singh,Manjeet Singh,0,0,Backward Class ‘A’ other than Women,latin,1,8191,Kaithal__Kaithal.pdf
Kaithal,Kaithal,2,Balwanti,SC Other than Woman,SC,0,Manjeet Kumar,Bhim Singh,0,0,Scheduled Caste other than Women,latin,1,8191,Kaithal__Kaithal.pdf
Kaithal,Kaithal,3,Barta,Woman,NONE,1,Anita Rani,Mahesh Kumar,0,0,Women,latin,1,8191,Kaithal__Kaithal.pdf
Kaithal,Kaithal,4,Bhaini Majra,SC Woman,SC,1,Priyanka,Satvir Singh,0,0,Scheduled Caste Women,latin,1,8191,Kaithal__Kaithal.pdf
Kaithal,Kaithal,5,Bhanpura,SC Other than Woman,SC,0,Dayanand,Mangat Ram,0,0,Scheduled Caste other than Women,latin,1,8191,Kaithal__Kaithal.pdf
Kaithal,Kaithal,6,Buhda Khera,Other than Woman,NONE,0,Surjeet Singh,Ramkala,0,0,Other than Women,latin,1,8191,Kaithal__Kaithal.pdf
Kaithal,Kaithal,7,Chak Padla Chhot,Woman,NONE,1,Lakhdeep Kaur,Sukhdev Singh,0,0,Women,latin,1,8191,Kaithal__Kaithal.pdf
Kaithal,Kaithal,8,Chandana,Other than Woman,NONE,0,Balinder Urf Virender,Baljit,0,0,Other than Women,latin,1,8191,Kaithal__Kaithal.pdf
Kaithal,Kaithal,9,Chhot,Woman,NONE,1,Pinki Devi,Amit Kumar,0,0,Women,latin,1,8191,Kaithal__Kaithal.pdf
Kaithal,Kaithal,10,Deoban,Other than Woman,NONE,0,Gaje Singh,Diwan Singh,0,0,Other than Women,latin,1,8191,Kaithal__Kaithal.pdf
Kaithal,Kaithal,11,Deod Kheri,Woman,NONE,1,Vijay Shri,Rajesh Nain,0,0,Women,latin,1,8191,Kaithal__Kaithal.pdf
Kaithal,Kaithal,12,Dehora,Other than Woman,NONE,0,Vikram Singh,Shyam Lal,0,0,Other than Women,latin,1,8191,Kaithal__Kaithal.pdf
Kaithal,Kaithal,13,Dera Gadla,Woman,NONE,1,Ramanjit Kaur,Gurmahender Pal Singh,0,0,Women,latin,1,8191,Kaithal__Kaithal.pdf
Kaithal,Kaithal,14,Devigarh,SC Woman,SC,1,Bateri Devi,Shyam Lal,1,0,Scheduled Caste Women,latin,1,8191,Kaithal__Kaithal.pdf
Kaithal,Kaithal,15,Dhanouri,Other than Woman,NONE,0,Kapil,Fakir Chand,0,0,Other than Women,latin,1,8191,Kaithal__Kaithal.pdf
Kaithal,Kaithal,16,Dhilon Wali,BC-A Woman,BC_A,1,Soniya Devi,Birbhan,0,0,Backward Class 'A' Women,latin,1,8191,Kaithal__Kaithal.pdf
Kaithal,Kaithal,17,Dhons,Other than Woman,NONE,0,Satish Kumar,Ruliya Ram,0,0,Other than Women,latin,1,8191,Kaithal__Kaithal.pdf
Kaithal,Kaithal,18,Diwal,Woman,NONE,1,Sinder,Mohan Lal,0,0,Women,latin,1,8191,Kaithal__Kaithal.pdf
Kaithal,Kaithal,19,Dundhrehri,Other than Woman,NONE,0,Sukhvinder Goyat,Ramchander,0,0,Other than Women,latin,1,8191,Kaithal__Kaithal.pdf
Kaithal,Kaithal,20,Franswala,Woman,NONE,1,Suman Rani,Gurmeet,0,0,Women,latin,1,8191,Kaithal__Kaithal.pdf
Kaithal,Kaithal,21,Garhi Padla,Other than Woman,NONE,0,Mahipal,Tek Chand,0,0,Other than Women,latin,1,8191,Kaithal__Kaithal.pdf
Kaithal,Kaithal,22,Geong,Woman,NONE,1,Manjeet Kaur,Karamveer Singh,0,0,Women,latin,1,8191,Kaithal__Kaithal.pdf
Kaithal,Kaithal,23,Guhna,SC Other than Woman,SC,0,Joginder Kumar,Pirthi,0,0,Scheduled Caste other than Women,latin,1,8191,Kaithal__Kaithal.pdf
Kaithal,Kaithal,24,Harsola,Other than Woman,NONE,0,Balwan,Mahender,0,0,Other than Women,latin,1,8191,Kaithal__Kaithal.pdf
Kaithal,Kaithal,25,Jagdishpura,SC Woman,SC,1,Savita,Harjinder Singh,0,0,Scheduled Caste Women,latin,1,8191,Kaithal__Kaithal.pdf
Kaithal,Kaithal,26,Jaswanti,Woman,NONE,1,Jaspal Kaur,Balvinder Singh,0,0,Women,latin,1,8191,Kaithal__Kaithal.pdf
Kaithal,Kaithal,27,Kakaut,Other than Woman,NONE,0,Karan Singh,Sadhu Ram,0,0,Other than Women,latin,1,8191,Kaithal__Kaithal.pdf
Kaithal,Kaithal,28,Kathwar,Woman,NONE,1,Harvinder,Jagar Singh,0,0,Women,latin,1,8191,Kaithal__Kaithal.pdf
Kaithal,Kaithal,29,Keorak,Other than Woman,NONE,0,Jasbir Singh,Satpal Singh,0,0,Other than Women,latin,1,8191,Kaithal__Kaithal.pdf
Kaithal,Kaithal,30,Khanoda,Woman,NONE,1,Meena,Sushil Kumar,0,0,Women,latin,1,8191,Kaithal__Kaithal.pdf
Kaithal,Kaithal,31,Kheri Sheru,Other than Woman,NONE,0,Anil Kumar,Mahender Singh,0,0,Other than Women,latin,1,8191,Kaithal__Kaithal.pdf
Kaithal,Kaithal,32,Khurana,Woman,NONE,1,Kamlesh,Karnail,0,0,Women,latin,1,8191,Kaithal__Kaithal.pdf
Kaithal,Kaithal,33,Kultaran,Other than Woman,NONE,0,Davinder,Gopala Ram,0,0,Other than Women,latin,1,8191,Kaithal__Kaithal.pdf
Kaithal,Kaithal,34,Kutabpur,Woman,NONE,1,Manisha Devi,Rahul,0,0,Women,latin,1,8191,Kaithal__Kaithal.pdf
Kaithal,Kaithal,35,Mago Majri,Other than Woman,NONE,0,Amit Dalal,Rajkumar Dalal,0,0,Other than Women,latin,1,8191,Kaithal__Kaithal.pdf
Kaithal,Kaithal,36,Malkheri,Woman,NONE,1,Seema Devi,Tarsem Chand,0,0,Women,latin,1,8191,Kaithal__Kaithal.pdf
Kaithal,Kaithal,37,Manas,Other than Woman,NONE,0,Karambir,Vir Bhan,0,0,Other than Women,latin,1,8191,Kaithal__Kaithal.pdf
Kaithal,Kaithal,38,Manas Patti,SC Other than Woman,SC,0,Manoj,Baldev,0,0,Scheduled Caste other than Women,latin,1,8191,Kaithal__Kaithal.pdf
Kaithal,Kaithal,39,Mundri,SC Woman,SC,1,Shashi,Mahender Singh,0,0,Scheduled Caste Women,latin,1,8191,Kaithal__Kaithal.pdf
Kaithal,Kaithal,40,Naina,Woman,NONE,1,Sushma Devi,Rajinder Singh,0,0,Women,latin,1,8191,Kaithal__Kaithal.pdf
Kaithal,Kaithal,41,Nand Singh Wala,Other than Woman,NONE,0,Mamraj,Ramdhari,0,0,Other than Women,latin,1,8191,Kaithal__Kaithal.pdf
Kaithal,Kaithal,42,Narar,BC-A Woman,BC_A,1,Renu Devi,Satish Kumar,0,0,Backward Class 'A' Women,latin,1,8191,Kaithal__Kaithal.pdf
Kaithal,Kaithal,43,Nouch,Other than Woman,NONE,0,Somi Kashyap,Phool Kumar,0,0,Other than Women,latin,1,8191,Kaithal__Kaithal.pdf
Kaithal,Kaithal,44,Padla,SC Other than Woman,SC,0,Rambhaj,Sangi Ram,0,0,Scheduled Caste other than Women,latin,1,8191,Kaithal__Kaithal.pdf
Kaithal,Kaithal,45,Patti Afgan,Woman,NONE,1,Meenu,Sandeep Kumar,0,0,Women,latin,1,8191,Kaithal__Kaithal.pdf
Kaithal,Kaithal,46,Patti Dhogar Shaktinagar,SC Woman,SC,1,Rani,Sube Singh,0,0,Scheduled Caste Women,latin,1,8191,Kaithal__Kaithal.pdf
Kaithal,Kaithal,47,Patti Dhogar Silakhera,BC-A Other than Woman,BC_A,0,Som Nath,Atma Ram,1,0,Backward Class ‘A’ other than Women,latin,1,8191,Kaithal__Kaithal.pdf
Kaithal,Kaithal,48,Patti Khot,SC Other than Woman,SC,0,Om Parkash,Jagat Ram,0,0,Scheduled Caste other than Women,latin,1,8191,Kaithal__Kaithal.pdf
Kaithal,Kaithal,49,Peoda,SC Woman,SC,1,Rekha Devi,Balram,0,0,Scheduled Caste Women,latin,1,8191,Kaithal__Kaithal.pdf
Kaithal,Kaithal,50,Roherian,SC Other than Woman,SC,0,Jasmer Chand,Billu Ram,0,0,Scheduled Caste other than Women,latin,1,8191,Kaithal__Kaithal.pdf
Kaithal,Kaithal,51,Sajuma,Woman,NONE,1,Seema Devi,Anil Kumar,0,0,Women,latin,1,8191,Kaithal__Kaithal.pdf
Kaithal,Kaithal,52,Sampan Kheri,BC-A Other than Woman,BC_A,0,Balkishan,Jangir Singh,0,0,Backward Class ‘A’ other than Women,latin,1,8191,Kaithal__Kaithal.pdf
Kaithal,Kaithal,53,Sangatpura,Woman,NONE,1,Soniya,Ram Bhagat,0,0,Women,latin,1,8191,Kaithal__Kaithal.pdf
Kaithal,Kaithal,54,Sanghan,Other than Woman,NONE,0,Gurnam Singh,Balkar Singh,0,0,Other than Women,latin,1,8191,Kaithal__Kaithal.pdf
Kaithal,Kaithal,55,Saran,Woman,NONE,1,Sudesh Kumari,Jasmahender Singh,0,0,Women,latin,1,8191,Kaithal__Kaithal.pdf
Kaithal,Kaithal,56,Sega,SC Woman,SC,1,Sonia,Sanjay Kumar,0,0,Scheduled Caste Women,latin,1,8191,Kaithal__Kaithal.pdf
Kaithal,Kaithal,57,Shergarh,Other than Woman,NONE,0,Sandeep Kumar,Gulab Singh,0,0,Other than Women,latin,1,8191,Kaithal__Kaithal.pdf
Kaithal,Kaithal,58,Sirta,Woman,NONE,1,Geeta Devi,Rakesh,0,0,Women,latin,1,8191,Kaithal__Kaithal.pdf
Kaithal,Kaithal,59,Sisla,Other than Woman,NONE,0,Tarsem Singh,Nathu Ram,0,0,Other than Women,latin,1,8191,Kaithal__Kaithal.pdf
Kaithal,Kaithal,60,Sismore,Woman,NONE,1,Rani,Vikas,0,0,Women,latin,1,8191,Kaithal__Kaithal.pdf
Kaithal,Kaithal,61,Titram,Other than Woman,NONE,0,Amarjit,Rishipal,0,0,Other than Women,latin,1,8191,Kaithal__Kaithal.pdf
Kaithal,Kaithal,62,Ujhana,Woman,NONE,1,Reena Devi,Hakam Singh,0,0,Women,latin,1,8191,Kaithal__Kaithal.pdf
Kaithal,Kalayat,1,Badsikri Kalan,Other than Woman,NONE,0,Amritpal,Balwinder Singh,0,0,Other than Women,latin,1,8218,Kaithal__Kalayat.pdf
Kaithal,Kalayat,2,Badsikri Khurd,SC Other than Woman,SC,0,Satbir Singh,Mahabir Parsad,0,0,Scheduled Caste other than Women,latin,1,8218,Kaithal__Kalayat.pdf
Kaithal,Kalayat,3,Balu Bidhan,Woman,NONE,1,Meena Rani,Sahil,0,0,Women,latin,1,8218,Kaithal__Kalayat.pdf
Kaithal,Kalayat,4,Balu Gadran,Other than Woman,NONE,0,Dinesh,Balbir Singh,0,0,Other than Women,latin,1,8218,Kaithal__Kalayat.pdf
Kaithal,Kalayat,5,Balu Rapria,Woman,NONE,1,Sonia,Binder,0,0,Women,latin,1,8218,Kaithal__Kalayat.pdf
Kaithal,Kalayat,6,Batta,SC Woman,SC,1,Neetu,Narender Kumar,0,0,Scheduled Caste Women,latin,1,8218,Kaithal__Kalayat.pdf
Kaithal,Kalayat,7,Bhalang,Other than Woman,NONE,0,Satish Kumar,Narpat Singh,0,0,Other than Women,latin,1,8218,Kaithal__Kalayat.pdf
Kaithal,Kalayat,8,Brahmaniwala,SC Other than Woman,SC,0,Phool Kumar,Satpal,0,0,Scheduled Caste other than Women,latin,1,8218,Kaithal__Kalayat.pdf
Kaithal,Kalayat,9,Chausala,Woman,NONE,1,Usha Devi,Dilbag Singh,0,0,Women,latin,1,8218,Kaithal__Kalayat.pdf
Kaithal,Pundri,1,Ahmedpur,BC-A Other than Woman,BC_A,0,Anil Kumar,Sube Singh,0,0,Backward Class ‘A’ other than Women,latin,1,8209,Kaithal__Pundri.pdf
Kaithal,Pundri,2,Badnara,Woman,NONE,1,Savita Sharma,Rajiv Kumar,0,0,Women,latin,1,8209,Kaithal__Pundri.pdf
Kaithal,Pundri,3,Bakal,Other than Woman,NONE,0,Narender Singh,Randhir Singh,0,0,Other than Women,latin,1,8209,Kaithal__Pundri.pdf
Kaithal,Pundri,4,Barsana,SC Other than Woman,SC,0,Vijay Kumar,I,0,0,Scheduled Caste other than Women,latin,1,8209,Kaithal__Pundri.pdf
Kaithal,Pundri,5,Bhana,SC Woman,SC,1,Renu Devi,Mangta,0,0,Scheduled Caste Women,latin,1,8209,Kaithal__Pundri.pdf
Kaithal,Pundri,6,Bucchi,SC Other than Woman,SC,0,Ankush Kumar,Puran Singh,0,0,Scheduled Caste other than Women,latin,1,8209,Kaithal__Pundri.pdf
Kaithal,Pundri,7,Deeg,Woman,NONE,1,Priyanka,Satnam,0,0,Women,latin,1,8209,Kaithal__Pundri.pdf
Kaithal,Pundri,8,Dulyani,Other than Woman,NONE,0,,Arun Kumar,1,1,Other than Women,latin,1,8209,Kaithal__Pundri.pdf
Kaithal,Pundri,9,Dussain,Woman,NONE,1,Rajbeer Kaur,Gurcharan,0,0,Women,latin,1,8209,Kaithal__Pundri.pdf
Kaithal,Pundri,10,Fatehpur,BC-A Other than Woman,BC_A,0,Sohan Lal,Rambhaj,0,0,Backward Class ‘A’ other than Women,latin,1,8209,Kaithal__Pundri.pdf
Kaithal,Pundri,11,Habri,Woman,NONE,1,Rajbeer Kaur,Gurinder Singh,0,0,Women,latin,1,8209,Kaithal__Pundri.pdf
Kaithal,Pundri,12,Hajwana,SC Woman,SC,1,Shalu,Surender Kumar,0,0,Scheduled Caste Women,latin,1,8209,Kaithal__Pundri.pdf
Kaithal,Pundri,13,J amba,Other than Woman,NONE,0,Labh Singh,Dharam Singh,0,0,Other than Women,latin,1,8209,Kaithal__Pundri.pdf
Kaithal,Pundri,14,J atehari,Woman,NONE,1,Kajal Devi,Tejpal,0,0,Women,latin,1,8209,Kaithal__Pundri.pdf
Kaithal,Pundri,15,Karora,SC Other than Woman,SC,0,Dinesh Kumar,Ram Kumar,0,0,Scheduled Caste other than Women,latin,1,8209,Kaithal__Pundri.pdf
Kaithal,Pundri,16,Kheri Sikander,Other than Woman,NONE,0,Nitesh Kumar,Mahinder Singh,0,0,Other than Women,latin,1,8209,Kaithal__Pundri.pdf
Kaithal,Pundri,17,Mohna,Woman,NONE,1,Reena Rani,Mahipal,0,0,Women,latin,1,8209,Kaithal__Pundri.pdf
Kaithal,Pundri,18,Munarheri,Other than Woman,NONE,0,Rajesh Kumar,Bharat Singh,0,0,Other than Women,latin,1,8209,Kaithal__Pundri.pdf
Kaithal,Pundri,19,Pai,Woman,NONE,1,Rajbala,Naresh Kumar,0,0,Women,latin,1,8209,Kaithal__Pundri.pdf
Kaithal,Pundri,20,Pilni,Other than Woman,NONE,0,Raj Kishan,Suresh Kumar,0,0,Other than Women,latin,1,8209,Kaithal__Pundri.pdf
Kaithal,Pundri,21,Ramana- Ramani,Woman,NONE,1,Anshika Kadyan,Virender Kumar,0,0,Women,latin,1,8209,Kaithal__Pundri.pdf
Kaithal,Pundri,22,Rasina,SC Woman,SC,1,Karanjeet Kaur,Ranjeet Singh,0,0,Scheduled Caste Women,latin,1,8209,Kaithal__Pundri.pdf
Kaithal,Pundri,23,Sanch,Other than Woman,NONE,0,Suresh Kumar,Ram Sarup,0,0,Other than Women,latin,1,8209,Kaithal__Pundri.pdf
Kaithal,Pundri,24,Sirsal,Woman,NONE,1,Soma Devi,Naresh Kumar,0,0,Women,latin,1,8209,Kaithal__Pundri.pdf
Kaithal,Pundri,25,Teontha,Other than Woman,NONE,0,Vijay Pal,Subhash,0,0,Other than Women,latin,1,8209,Kaithal__Pundri.pdf
Kaithal,Rajound,1,Bir Bangra,Other than Woman,NONE,0,Deepak,Dasrath Singh,0,0,Other than Women,latin,1,8236,Kaithal__Rajound.pdf
Kaithal,Rajound,2,Birthe Bhari,Woman,NONE,1,Reena Devi,Mangat Ram,1,0,Women,latin,1,8236,Kaithal__Rajound.pdf
Kaithal,Rajound,3,Fariyabad,Other than Woman,NONE,0,Anil Kumar,Dev Singh,1,0,Other than Women,latin,1,8236,Kaithal__Rajound.pdf
Kaithal,Rajound,4,Guliyana,SC Other than Woman,SC,0,Sukhdev,Ranjeet Singh,0,0,Scheduled Caste other than Women,latin,1,8236,Kaithal__Rajound.pdf
Kaithal,Rajound,5,Jakholi Dabdal,BC-A Woman,BC_A,1,Usha Devi,Rajesh Kumar,0,0,Backward Class ‘A’ Women,latin,1,8236,Kaithal__Rajound.pdf
Kaithal,Rajound,6,Jakholi Kaman,Other than Woman,NONE,0,Randhir Singh,Jaswant Singh,0,0,Other than Women,latin,1,8236,Kaithal__Rajound.pdf
Kaithal,Rajound,7,Kasan,Woman,NONE,1,Vinita Kharb,Birbhan,0,0,Women,latin,1,8236,Kaithal__Rajound.pdf
Kaithal,Rajound,8,Kheri Raowali,SC Woman,SC,1,Seema Rani,Lakhvinder Singh,0,0,Scheduled Caste Women,latin,1,8236,Kaithal__Rajound.pdf
Kaithal,Rajound,9,Kheri Simbawali,SC Other than Woman,SC,0,Rameshwar Dass,Singara Ram,0,0,Scheduled Caste other than Women,latin,1,8236,Kaithal__Rajound.pdf
Kaithal,Rajound,10,Kichana,SC Woman,SC,1,Suman,Satpal,0,0,Scheduled Caste Women,latin,1,8236,Kaithal__Rajound.pdf
Kaithal,Rajound,11,Kithana,Other than Woman,NONE,0,Sunil,Ramphal,0,0,Other than Women,latin,1,8236,Kaithal__Rajound.pdf
Kaithal,Rajound,12,Kotra,BC-A Woman,BC_A,1,Meena,Satbir,0,0,Backward Class ‘A’ Women,latin,1,8236,Kaithal__Rajound.pdf
Kaithal,Rajound,13,Kukarkanda,Other than Woman,NONE,0,Satbir Singh,Ajmer Singh,0,0,Other than Women,latin,1,8236,Kaithal__Rajound.pdf
Kaithal,Rajound,14,Majra Nandkaran,SC Other than Woman,SC,0,Shyam Singh,Miya Singh,0,0,Scheduled Caste other than Women,latin,1,8236,Kaithal__Rajound.pdf
Kaithal,Rajound,15,Majra Rohera,Woman,NONE,1,Sunita,Mukesh,0,0,Women,latin,1,8236,Kaithal__Rajound.pdf
Kaithal,Rajound,16,Mandhwal,Other than Woman,NONE,0,Tarsem Singh,Malkit Singh,0,0,Other than Women,latin,1,8236,Kaithal__Rajound.pdf
Kaithal,Rajound,17,Narwal,Woman,NONE,1,Shalu,Chander Shekhar Rana,0,0,Women,latin,1,8236,Kaithal__Rajound.pdf
Kaithal,Rajound,18,Neemwala,Other than Woman,NONE,0,Raja Ram,Bharthu Ram,0,0,Other than Women,latin,1,8236,Kaithal__Rajound.pdf
Kaithal,Rajound,19,Rohera,Woman,NONE,1,Kavita,Mandeep,0,0,Women,latin,,8236,Kaithal__Rajound.pdf
Kaithal,Rajound,20,Santokh Majra,Other than Woman,NONE,0,Ashish Rasila,Krishan Kumar,0,0,Other than Women,latin,1,8236,Kaithal__Rajound.pdf
Kaithal,Rajound,21,Serdha,SC Woman,SC,1,Krishna Devi,Hoshiyar Singh,0,0,Scheduled Caste Women,latin,1,8236,Kaithal__Rajound.pdf
Kaithal,Rajound,22,Songal,Woman,NONE,1,Meena Kumari,Sandeep,0,0,Women,latin,1,8236,Kaithal__Rajound.pdf
Kaithal,Rajound,23,Songri,Other than Woman,NONE,0,Suresh,Zile Singh,0,0,Other than Women,latin,1,8236,Kaithal__Rajound.pdf
Kaithal,Rajound,24,Taragarh,Woman,NONE,1,Manju Devi,Aman Kumar,0,0,Women,latin,1,8236,Kaithal__Rajound.pdf
Kaithal,Siwan,1,Ajit Nagar,Other than Woman,NONE,0,Paramjit Singh,Mukhtyar,0,0,Other than Women,latin,1,8227,Kaithal__Siwan.pdf
Kaithal,Siwan,2,Andhali,Woman,NONE,1,Paramjit Kaur,Sahab Singh,0,0,Women,latin,1,8227,Kaithal__Siwan.pdf
Kaithal,Siwan,3,Attela,SC Other than Woman,SC,0,Praveen,Balwan,0,0,Scheduled Caste other than Women,latin,1,8227,Kaithal__Siwan.pdf
Kaithal,Siwan,4,Prempura,BC-A Woman,BC_A,1,Parwinder Kaur,Satnam Singh,0,0,Backward Class ‘A’ Women,latin,1,8227,Kaithal__Siwan.pdf
Kaithal,Siwan,5,Dharampura,Other than Woman,NONE,0,Binda Ram,Jagar Singh,0,0,Other than Women,latin,1,8227,Kaithal__Siwan.pdf
Kaithal,Siwan,6,Dohar,Woman,NONE,1,Geeta Devi,Makhan Singh,0,0,Women,latin,1,8227,Kaithal__Siwan.pdf
Kaithal,Siwan,7,Farsh Majra,SC Woman,SC,1,Manju,Mukesh Kumar,0,0,Scheduled Caste Women,latin,1,8227,Kaithal__Siwan.pdf
Kaithal,Siwan,8,Ferojpur,Other than Woman,NONE,0,Vikas Kumar,Chander Bhan,0,0,Other than Women,latin,1,8227,Kaithal__Siwan.pdf
Kaithal,Siwan,9,Gogh,SC Other than Woman,SC,0,Krishan Kumar,Sube Singh,0,0,Schedule Caste other than Women,latin,1,8227,Kaithal__Siwan.pdf
Kaithal,Siwan,10,Gohran,SC Woman,SC,1,Pooja Devi,Satpal Singh,0,0,Scheduled Caste Women,latin,1,8227,Kaithal__Siwan.pdf
Kaithal,Siwan,11,Harnola,Woman,NONE,1,Rajwant Kaur,Mandeep Singh,1,0,Women,latin,1,8227,Kaithal__Siwan.pdf
Kaithal,Siwan,12,Janedpur,BC-A Other than Woman,BC_A,0,Lakhvinder,Ajit Singh,0,0,Backward Class ‘A’ other than Women,latin,1,8227,Kaithal__Siwan.pdf
Kaithal,Siwan,13,Kakeor Majra,SC Woman,SC,1,Santosh Devi,Ramesh Kumar,0,0,Scheduled Caste Women,latin,1,8227,Kaithal__Siwan.pdf
Kaithal,Siwan,14,Kakheri,SC Other than Woman,SC,0,Subhash,Hariya Ram,0,0,Scheduled Caste other than Women,latin,1,8227,Kaithal__Siwan.pdf
Kaithal,Siwan,15,Kakrala Anayat,Other than Woman,NONE,0,Malik Singh,Kabal Singh,0,0,Other than Women,latin,1,8227,Kaithal__Siwan.pdf
Kaithal,Siwan,16,Kakrala Kuchiyan,Woman,NONE,1,Palwinder Kaur,Ram Singh,0,0,Women,latin,1,8227,Kaithal__Siwan.pdf
Kaithal,Siwan,17,Kangthali,Other than Woman,NONE,0,Krishan Kumar,Mulakh Raj,0,0,Other than Women,latin,1,8227,Kaithal__Siwan.pdf
Kaithal,Siwan,18,Kasour,Woman,NONE,1,Rekha Devi,Jawinder Singh,0,0,Women,latin,1,8227,Kaithal__Siwan.pdf
Kaithal,Siwan,19,Kawartan,SC Other than Woman,SC,0,Inder Singh,Hari Singh,0,0,Scheduled Caste other than Women,latin,1,8227,Kaithal__Siwan.pdf
Kaithal,Siwan,20,Khanpur,Woman,NONE,1,Amandeep,Somu Ram,0,0,Women,latin,1,8227,Kaithal__Siwan.pdf
Kaithal,Siwan,21,Kharkan,Other than Woman,NONE,0,Jony Grover,Bhagwan Dass,0,0,Other than Women,latin,1,8227,Kaithal__Siwan.pdf
Kaithal,Siwan,22,Kheri Gulam Ali,Other than Woman,NONE,0,Gagandeep,Parmjeet Singh,0,0,Other than Women,latin,1,8227,Kaithal__Siwan.pdf
Kaithal,Siwan,23,Ladana Chakku,SC Woman,SC,1,Rubi,Jodha Ram,0,0,Scheduled Caste Women,latin,1,8227,Kaithal__Siwan.pdf
Kaithal,Siwan,24,Lander Pirjada,Woman,NONE,1,Manjit Kaur,Ajaib Singh,0,0,Women,latin,1,8227,Kaithal__Siwan.pdf
Kaithal,Siwan,25,Lander Keema,SC Other than Woman,SC,0,Sonu Ram,Rishi Pal,0,0,Scheduled Caste other than Women,latin,1,8227,Kaithal__Siwan.pdf
Kaithal,Siwan,26,Malikpur,SC Woman,SC,1,Gurmeet Kaur,Tarsem Singh,0,0,Scheduled Caste Women,latin,1,8227,Kaithal__Siwan.pdf
Kaithal,Siwan,27,Mandi Sadran,BC-A Other than Woman,BC_A,0,Karambeer,Nand Lal,0,0,Backward Class other than Women,latin,1,8227,Kaithal__Siwan.pdf
Kaithal,Siwan,28,Manjhla,Woman,NONE,1,Maya Kaur,Balwinder,0,0,Women,latin,1,8227,Kaithal__Siwan.pdf
Kaithal,Siwan,29,Megha Majra,Other than Woman,NONE,0,Jagwinder,Lakhwinder,0,0,Other than Women,latin,1,8227,Kaithal__Siwan.pdf
Kaithal,Siwan,30,Nagal,Woman,NONE,1,Ranjeet Kaur,Sukhwinder,1,0,Women,latin,1,8227,Kaithal__Siwan.pdf
Kaithal,Siwan,31,Paharpur,Other than Woman,NONE,0,Harpinder,Jaswant Singh,0,0,Other than Women,latin,1,8227,Kaithal__Siwan.pdf
Kaithal,Siwan,32,Papser,Woman,NONE,1,Sonia Rani,Surjeet Kumar,0,0,Women,latin,1,8227,Kaithal__Siwan.pdf
Kaithal,Siwan,33,Parbhawat,SC Other than Woman,SC,0,Tarsem,Pala Ram,0,0,Scheduled Caste other than Women,latin,1,8227,Kaithal__Siwan.pdf
Kaithal,Siwan,34,Pisol,Other than Woman,NONE,0,Karnail Singh,Ramnath,1,0,Other than Women,latin,1,8227,Kaithal__Siwan.pdf
Kaithal,Siwan,35,Kachi Pisol,Woman,NONE,1,Sarjeet Kaur,Ajit Singh,1,0,Women,latin,1,8227,Kaithal__Siwan.pdf
Kaithal,Siwan,36,Ramdaspura,Other than Woman,NONE,0,Gurpreet Singh,Sukhwinder,0,0,Other than Women,latin,1,8227,Kaithal__Siwan.pdf
Kaithal,Siwan,37,Ramthali,BC-A Woman,BC_A,1,Tejendir Kaur,Yadwinder,0,0,Backward Class ‘A’ Women,latin,1,8227,Kaithal__Siwan.pdf
Kaithal,Siwan,38,Rasulpur,SC Woman,SC,1,Mamta,Nirmal Singh,0,0,Scheduled Caste Women,latin,1,8227,Kaithal__Siwan.pdf
Kaithal,Siwan,39,Sair,Other than Woman,NONE,0,Sanjeev Kumar,Ram Phal,0,0,Other than Women,latin,1,8227,Kaithal__Siwan.pdf
Kaithal,Siwan,40,Sotha,Woman,NONE,1,Mamta Devi,Pala Ram,0,0,Women,latin,1,8227,Kaithal__Siwan.pdf
Kaithal,Siwan,41,Theh Kharak,SC Other than Woman,SC,0,Manpreet,Harmolak,0,0,Scheduled Caste other than Women,latin,1,8227,Kaithal__Siwan.pdf
Kaithal,Siwan,42,Taranwali,Other than Woman,NONE,0,Amrik Singh,Nishan Singh,0,0,Other than Women,latin,1,8227,Kaithal__Siwan.pdf
Kaithal,Siwan,43,Umedpur,Woman,NONE,1,Narinder Kaur,Balwinder,0,0,Women,latin,1,8227,Kaithal__Siwan.pdf
Kaithal,Siwan,44,Urlana,Other than Woman,NONE,0,Rajbeer Singh,Malkit Singh,0,0,Other than Women,latin,1,8227,Kaithal__Siwan.pdf
Karnal,Assandh,1,Achhanpur,Other than Woman,NONE,0,Amir Singh,Karnail Singh,0,0,Other than women,latin,1,7627,Karnal__Assandh.pdf
Karnal,Assandh,2,Ardana,Woman,NONE,1,Neeraj Rani,Deepak,0,0,Women,latin,1,7627,Karnal__Assandh.pdf
Karnal,Assandh,3,Bahri,SC Other than Woman,SC,0,,,0,1,Scheduled Caste other than women,latin,1,7627,Karnal__Assandh.pdf
Karnal,Assandh,4,Bandrala,SC Woman,SC,1,Akwinder Kaur,Manjeet Singh,0,0,Scheduled Caste Women,latin,1,7627,Karnal__Assandh.pdf
Karnal,Assandh,5,Bassi,SC Other than Woman,SC,0,,,0,1,Scheduled Caste other than women,latin,1,7627,Karnal__Assandh.pdf
Karnal,Assandh,6,Bilona,SC Woman,SC,1,Sonki,Sunil Kumar,0,0,Scheduled Caste Women,latin,1,7627,Karnal__Assandh.pdf
Karnal,Assandh,7,Chakmuridka,Other than Woman,NONE,0,Gurvinder Singh,Kabal Singh,0,0,Other than women,latin,1,7627,Karnal__Assandh.pdf
Karnal,Assandh,8,Chochra,SC Other than Woman,SC,0,Baldev,Dhanna Ram,0,0,Scheduled Caste other than women,latin,1,7627,Karnal__Assandh.pdf
Karnal,Assandh,9,Chogama,Woman,NONE,1,Darshan Kaur,Vikramjeet Singh,1,0,Women,latin,1,7627,Karnal__Assandh.pdf
Karnal,Assandh,10,Chorkarsa,Other than Woman,NONE,0,Sant Kumar,Randhir Singh,0,0,Other than women,latin,1,7627,Karnal__Assandh.pdf
Karnal,Assandh,11,Danoli,Woman,NONE,1,Pawandeep Kaur,Gurmangal Singh,1,0,Women,latin,1,7627,Karnal__Assandh.pdf
Karnal,Assandh,12,Dera Gama,Other than Woman,NONE,0,Amrit Pal Singh,Shisha Singh,0,0,Other than women,latin,1,7627,Karnal__Assandh.pdf
Karnal,Assandh,13,Dera Gujratiya,Woman,NONE,1,Baljeet Kaur,Rajwant Singh,0,0,Women,latin,1,7627,Karnal__Assandh.pdf
Karnal,Assandh,14,Dera Phula Singh,Other than Woman,NONE,0,,,0,1, Other than women,latin,1,7627,Karnal__Assandh.pdf
Karnal,Assandh,15,Dera Pindoria,Woman,NONE,1,Amandeep Kaur,Jaswinder Singh,0,0,Women,latin,1,7627,Karnal__Assandh.pdf
Karnal,Assandh,16,Dupedi,SC Woman,SC,1,,,0,1,Scheduled Caste Women,latin,1,7627,Karnal__Assandh.pdf
Karnal,Assandh,17,Gangatehri,Other than Woman,NONE,0,Kuldeep Kumar,Balwan Singh,0,0,Other than women,latin,1,7627,Karnal__Assandh.pdf
Karnal,Assandh,18,Jabhala,BC-A Woman,BC_A,1,,,0,1,Backward Class 'A' Women,latin,1,7627,Karnal__Assandh.pdf
Karnal,Assandh,19,Jai SinghPura,BC-A Other than Woman,BC_A,0,Deepak Kumar,Hariom,0,0, Backward Class 'A' other than Women,latin,1,7627,Karnal__Assandh.pdf
Karnal,Assandh,20,Jalmana,Woman,NONE,1,Dalvinder Kaur,Daljeet Singh,0,0,Women,latin,1,7627,Karnal__Assandh.pdf
Karnal,Assandh,21,Kabulpur Khera,Other than Woman,NONE,0,Rajesh Kumar,Balbir Singh,0,0,Other than women,latin,1,7627,Karnal__Assandh.pdf
Karnal,Assandh,22,Khanda Kheri,Woman,NONE,1,Sukhbir Kaur,Pargat Singh,1,0,Women,latin,1,7627,Karnal__Assandh.pdf
Karnal,Assandh,23,Kheri Sharf Ali,Other than Woman,NONE,0,Lakhwinder Singh,Kawar Singh,0,0,Other than women,latin,1,7627,Karnal__Assandh.pdf
Karnal,Assandh,24,Khizra Bad,Woman,NONE,1,Harvinder Kaur,Sandeep Singh,0,0,Women,latin,1,7627,Karnal__Assandh.pdf
Karnal,Assandh,25,Koul Khera,Other than Woman,NONE,0,Krishan Chander,Sadhu Ram,0,0,Other than women,latin,1,7627,Karnal__Assandh.pdf
Karnal,Assandh,26,Lalain,Woman,NONE,1,Ritu Balda,Randhir Singh,0,0,Women,latin,1,7627,Karnal__Assandh.pdf
Karnal,Assandh,27,Mardanheri,Other than Woman,NONE,0,Kuldeep Singh,Joga Singh,0,0,Other than women,latin,1,7627,Karnal__Assandh.pdf
Karnal,Assandh,28,Mundh,SC Other than Woman,SC,0,Pawan Kumar,Mamu Ram,0,0,Scheduled Caste other than women,latin,1,7627,Karnal__Assandh.pdf
Karnal,Assandh,29,New Jhinda,Woman,NONE,1,Palvinder Kaur,Malak Singh,1,0,Women,latin,1,7627,Karnal__Assandh.pdf
Karnal,Assandh,30,Padhana,Other than Woman,NONE,0,Randhir Singh,Karam Singh,0,0,Other than women,latin,1,7627,Karnal__Assandh.pdf
Karnal,Assandh,31,Panghala,Woman,NONE,1,Mamta Rani,Ravinder Kumar,0,0,Women,latin,1,7627,Karnal__Assandh.pdf
Karnal,Assandh,32,Phaphrana,SC Woman,SC,1,Seema,Sushil,0,0,scheduled Caste women,latin,1,7627,Karnal__Assandh.pdf
Karnal,Assandh,33,Popra,Other than Woman,NONE,0,Rahul Kumar,Ishwer Singh,0,0,Other than women,latin,1,7627,Karnal__Assandh.pdf
Karnal,Assandh,34,Rahra,Woman,NONE,1,Randeep Singh,,0,0, Women,latin,1,7627,Karnal__Assandh.pdf
Karnal,Assandh,35,Rangrooti Khera,SC Other than Woman,SC,0,Gulab,Jai Bhagwan,0,0,Scheduled Caste other than women,latin,1,7627,Karnal__Assandh.pdf
Karnal,Assandh,36,Rattak,Other than Woman,NONE,0,Virender Singh,Mejar Singh,0,0,Other than women,latin,1,7627,Karnal__Assandh.pdf
Karnal,Assandh,37,Risalwa,BC-A Woman,BC_A,1,,,0,1,Backward Class 'A' Women,latin,1,7627,Karnal__Assandh.pdf
Karnal,Assandh,38,Rugsana,SC Woman,SC,1,,,0,1,Scheduled Caste women,latin,1,7627,Karnal__Assandh.pdf
Karnal,Assandh,39,Salwan,Other than Woman,NONE,0,Jaibir Singh,Dharampal Singh,0,0,Other than women,latin,1,7627,Karnal__Assandh.pdf
Karnal,Assandh,40,Thal,Woman,NONE,1,Harpreet Kaur,Gulab Singh,0,0,Women,latin,1,7627,Karnal__Assandh.pdf
Karnal,Assandh,41,Thari,Other than Woman,NONE,0,Baldev Singh Virk,Pritam Singh,0,0,Other than women,latin,1,7627,Karnal__Assandh.pdf
Karnal,Assandh,42,Uplana,BC-A Woman,BC_A,1,Jeeto Rani,Sanjay Kumar,0,0,Backward Class 'A' Women,latin,1,7627,Karnal__Assandh.pdf
Karnal,Assandh,43,Uplani,SC Other than Woman,SC,0,,,0,1,Scheduled Caste other than women,latin,1,7627,Karnal__Assandh.pdf
Karnal,Assandh,44,Zimri Khera,SC Woman,SC,1,Sushila,Pardeep Kumar,0,0,Scheduled Caste women,latin,1,7627,Karnal__Assandh.pdf
Karnal,Chirao,1,Augand,Woman,NONE,1,Maina Devi,Rohtash,0,0,Women,latin,1,7618,Karnal__Chirao.pdf
Karnal,Chirao,2,Alipur Viran,Other than Woman,NONE,0,Kewal Singh,Raghbir Singh,0,0,other than Women,latin,1,7618,Karnal__Chirao.pdf
Karnal,Chirao,3,Balu,Other than Woman,NONE,0,Sushil Kumar,Ram Sawroop,0,0,other than Women,latin,1,7618,Karnal__Chirao.pdf
Karnal,Chirao,4,Bazida Roran,BC-A Other than Woman,BC_A,0,,,0,1,Backward Class'A',latin,1,7618,Karnal__Chirao.pdf
Karnal,Chirao,5,Barota,Woman,NONE,1,Pooja Devi,Satender,0,0,Women,latin,1,7618,Karnal__Chirao.pdf
Karnal,Chirao,6,Behlolpur,Woman,NONE,1,Gurvinder Kaur,Angrej Singh,0,0,Women,latin,1,7618,Karnal__Chirao.pdf
Karnal,Chirao,7,Buddanpur Viran,Other than Woman,NONE,0,Satish,Sita Ram,0,0,Other than Women,latin,1,7618,Karnal__Chirao.pdf
Karnal,Chirao,8,Bir Majra,SC Other than Woman,SC,0,Sumer Chand,Raju Ram,0,0,Scheduled Caste,latin,1,7618,Karnal__Chirao.pdf
Karnal,Chirao,9,Chirao,Woman,NONE,1,Pooja Rani,Amit Narwal,0,0,Women,latin,1,7618,Karnal__Chirao.pdf
Karnal,Chirao,10,Dabri,BC-A Other than Woman,BC_A,0,Suresh Kumar,Hukam Chand,1,0,Backward Class'A',latin,1,7618,Karnal__Chirao.pdf
Karnal,Chirao,11,Dadupur Roran,SC Other than Woman,SC,0,,,0,1,Scheduled,latin,0,7618,Karnal__Chirao.pdf
Karnal,Chirao,12,Ghogripur,Woman,NONE,1,Sangeeta,Ashok Kumar,0,0,Women,latin,1,7618,Karnal__Chirao.pdf
Karnal,Chirao,13,Hathlana,Other than Woman,NONE,0,Randhir Singh,Sundra,0,0,Other than Women,latin,1,7618,Karnal__Chirao.pdf
Karnal,Chirao,14,Kheri Naru,SC Other than Woman,SC,0,,,0,1,Scheduled Caste,latin,1,7618,Karnal__Chirao.pdf
Karnal,Chirao,16,Manjura,Other than Woman,NONE,0,Babu Ram,Mukhtiar Singh,0,0,Other than Women,latin,1,7618,Karnal__Chirao.pdf
Karnal,Chirao,17,Pingli,Woman,NONE,1,Apurva Sharma,Sagar Sharma,0,0,Women,latin,1,7618,Karnal__Chirao.pdf
Karnal,Chirao,18,Shahpur,Other than Woman,NONE,0,Charnder Bhan,Baru Ram,0,0,Other than Women,latin,,7618,Karnal__Chirao.pdf
Karnal,Chirao,19,Sirsi,SC Other than Woman,SC,0,Poonam,Sandeep Kumar,0,0,Scheduled,latin,0,7618,Karnal__Chirao.pdf
Karnal,Chirao,20,Zarifabad,Woman,NONE,1,Santosh Devi,Parveen Kumar,0,0,Women,latin,1,7618,Karnal__Chirao.pdf
Karnal,Chirao,21,Hemda,SC Other than Woman,SC,0,Rakesh Kumar,Beera,0,0,Scheduled Caste,latin,1,7618,Karnal__Chirao.pdf
Karnal,Chirao,22,Jundla,SC Other than Woman,SC,0,,,0,1,Scheduled,latin,0,7618,Karnal__Chirao.pdf
Karnal,Gharunda,21,Harisinghpura,BC-A Other than Woman,BC_A,0,Lakshman,Sh.Rohtash Kumar,0,0,Backward Class 'A' other than Women,latin,0,7573,Karnal__Gharunda.pdf
Karnal,Gharunda,23,Hassanpur,Woman,NONE,1,Manju Rani,Sh.Jagbir Singh,0,0,Women,latin,1,7573,Karnal__Gharunda.pdf
Karnal,Gharunda,24,Jamalpur,Other than Woman,NONE,0,Balwinder Rana,Sh.Nathu Rana,0,0,Other Than Women,latin,1,7573,Karnal__Gharunda.pdf
Karnal,Gharunda,25,Jhinwarheri,Woman,NONE,1,Sushma Devi,Sh.Akash,0,0,Women,latin,1,7573,Karnal__Gharunda.pdf
Karnal,Gharunda,26,Kaimla,Other than Woman,NONE,0,Satpal Singh,Sh.Ramdiya,0,0,Other Than Women,latin,1,7573,Karnal__Gharunda.pdf
Karnal,Gharunda,27,Kairwali,Woman,NONE,1,Bharti Devi,Sh.Rajnish Rana,0,0,Women,latin,1,7573,Karnal__Gharunda.pdf
Karnal,Gharunda,28,Kalheri,Other than Woman,NONE,0,Bijender Singh,Sh.Prithvi Singh,0,0,Other Than Women,latin,1,7573,Karnal__Gharunda.pdf
Karnal,Gharunda,29,Kalron,Woman,NONE,1,Neelam,Sh.Narender Singh,0,0,Women,latin,1,7573,Karnal__Gharunda.pdf
Karnal,Gharunda,30,Kohand,SC Woman,SC,1,Suman,Sh.Sunil Kumar,0,0,Seheduled Caste Women,latin,1,7573,Karnal__Gharunda.pdf
Karnal,Gharunda,31,Kutail,Other than Woman,NONE,0,Vishal Kalyan,Sh.Balbir Singh,0,0,Other Than Women,latin,1,7573,Karnal__Gharunda.pdf
Karnal,Gharunda,32,Lalupura,SC Other than Woman,SC,0,Ombir,Sh.Ramparshad,0,0,Seheduled Caste other than Women,latin,1,7573,Karnal__Gharunda.pdf
Karnal,Gharunda,33,Malikpur,Woman,NONE,1,Satinder Kaur,Sh.Bahadur Singh,0,0,Women,latin,1,7573,Karnal__Gharunda.pdf
Karnal,Gharunda,34,Malikpur Gadiyan,Other than Woman,NONE,0,Sohan Lal,Sh.Sadhu Ram,1,0,Other Than Women,latin,1,7573,Karnal__Gharunda.pdf
Karnal,Gharunda,35,Mubarkabad,Woman,NONE,1,Madhu Bala,Sh.Tirth Dass,0,0,Women,latin,1,7573,Karnal__Gharunda.pdf
Karnal,Gharunda,36,Mundigarhi,Other than Woman,NONE,0,Juned Khan,Sh.Suleman Khan,0,0,Other than Women,latin,,7573,Karnal__Gharunda.pdf
Karnal,Gharunda,37,Panori,Woman,NONE,1,Sonam Gupta,Sh.Rajbir Singh,0,0,Women,latin,1,7573,Karnal__Gharunda.pdf
Karnal,Gharunda,38,Peer Baroli,SC Woman,SC,1,Meena,Sh.Sohan Lal,0,0,Seheduled Caste Women,latin,1,7573,Karnal__Gharunda.pdf
Karnal,Gharunda,39,Phurlak,BC-A Other than Woman,BC_A,0,Joginder Singh,Sh.Gulab Singh,0,0,Backward Class 'A' other than Women,latin,1,7573,Karnal__Gharunda.pdf
Karnal,Gharunda,40,Prem Nagar,Woman,NONE,1,Reeta,Sh.Baldev,0,0,Women,latin,1,7573,Karnal__Gharunda.pdf
Karnal,Gharunda,41,Pundri,Other than Woman,NONE,0,Suraj Bhan,Sh.Om Parkash,0,0,Other Than Women,latin,1,7573,Karnal__Gharunda.pdf
Karnal,Gharunda,42,Raseen,SC Other than Woman,SC,0,Kitab Singh,Sh.Dhan Singh,0,0,Seheduled Caste other than Women,latin,1,7573,Karnal__Gharunda.pdf
Karnal,Gharunda,43,Sadarpur,BC-A Other than Woman,BC_A,0,Sheetal,Sh.Tulshi Dass,0,0,Backward Class 'A' other than Women,latin,0,7573,Karnal__Gharunda.pdf
Karnal,Gharunda,44,Samalkha,SC Woman,SC,1,Manisha,Sh.Rajesh Kumar,0,0,Seheduled Caste Women,latin,1,7573,Karnal__Gharunda.pdf
Karnal,Gharunda,45,Shekhpura Khalsa,Other than Woman,NONE,0,Hansbeer,Sh.Daya Chand,0,0,Other Than Women,latin,1,7573,Karnal__Gharunda.pdf
Karnal,Gharunda,46,Upli,SC Other than Woman,SC,0,Vinod Kumar,Sh.Lehna Chand,0,0,Seheduled Caste other than Women,latin,1,7573,Karnal__Gharunda.pdf
Karnal,Indri,1,Badarpur,BC-A Other than Woman,BC_A,0,Pavan Kumar,Bhagat Ram,0,0,BC (A) other than women,latin,1,7555,Karnal__Indri.pdf
Karnal,Indri,2,Bhadson,Woman,NONE,1,Mandeep Kaur,Ashish,0,0,Women,latin,1,7555,Karnal__Indri.pdf
Karnal,Indri,3,Bhoji Khalsa,Other than Woman,NONE,0,Sourabh,Jas Raj,0,0,other than women,latin,1,7555,Karnal__Indri.pdf
Karnal,Indri,4,Biana,BC-A Woman,BC_A,1,Anju Rani,Vipin Kumar,0,0,BC (A) Women,latin,1,7555,Karnal__Indri.pdf
Karnal,Indri,5,Bibipur Brahamnan,Other than Woman,NONE,0,Ajaib Singh,Dhyan Singh,0,0,other than women,latin,1,7555,Karnal__Indri.pdf
Karnal,Indri,6,Bibipur Jattan,Woman,NONE,1,Vidya Devi,Samsher Singh,0,0,Women,latin,1,7555,Karnal__Indri.pdf
Karnal,Indri,7,Bir Bhadson,Other than Woman,NONE,0,Shish Pal,Gyan Chand,0,0,other than women,latin,1,7555,Karnal__Indri.pdf
Karnal,Indri,8,Bir Raitkhana,Woman,NONE,1,Kusum,Naresh Kumar,0,0,Women,latin,1,7555,Karnal__Indri.pdf
Karnal,Indri,9,Budhanpur Khalsa,Other than Woman,NONE,0,Shamsher Singh,Dharam Veer,0,0,other than women,latin,1,7555,Karnal__Indri.pdf
Karnal,Indri,10,Budheri,Woman,NONE,1,Pushpa Devi,Davender Kumar,0,0,Women,latin,1,7555,Karnal__Indri.pdf
Karnal,Indri,11,Butan Kheri,BC-A Other than Woman,BC_A,0,Joginder,Budh Ram,0,0,BC (A) other than women,latin,1,7555,Karnal__Indri.pdf
Karnal,Indri,12,Chandraon,Woman,NONE,1,Sushma Rani,Balvinder Singh,0,0,Women,latin,1,7555,Karnal__Indri.pdf
Karnal,Indri,13,Chhapar Mustarka,Other than Woman,NONE,0,Shyam Singh,Joginder Singh,0,0,other than women,latin,1,7555,Karnal__Indri.pdf
Karnal,Indri,14,Chhaprion,Woman,NONE,1,Neelam Rani,Manoj Kumar,0,0,Women,latin,1,7555,Karnal__Indri.pdf
Karnal,Indri,15,Chogawan,Other than Woman,NONE,0,Nishank Nehra,Raghuvir Singh,0,0,other than women,latin,1,7555,Karnal__Indri.pdf
Karnal,Indri,16,Damanheri,SC Other than Woman,SC,0,Ramesh Kumar,Chandan Ram,1,0,SC other than women,latin,1,7555,Karnal__Indri.pdf
Karnal,Indri,17,Dhanora Jagir,SC Woman,SC,1,Kavita,Jagir Singh,0,0,SC women,latin,1,7555,Karnal__Indri.pdf
Karnal,Indri,18,Dhanokheri,Woman,NONE,1,Usha Devi,Manister Kumar,0,0,Women,latin,1,7555,Karnal__Indri.pdf
Karnal,Indri,19,Dhumsi Jagir,Other than Woman,NONE,0,Parveen Kumar,Gian Singh,0,0,other than women,latin,1,7555,Karnal__Indri.pdf
Karnal,Indri,20,Fazilpur,Woman,NONE,1,Reena Devi,Pardeep Kumar,0,0,Women,latin,1,7555,Karnal__Indri.pdf
Karnal,Indri,21,Gandhi Nagar,Other than Woman,NONE,0,Pardeep Kumar,Phool Singh,0,0,other than women,latin,1,7555,Karnal__Indri.pdf
Karnal,Indri,22,Garhi Birbal,Woman,NONE,1,Rekha Devi,Rajesh Kumar,0,0,Women,latin,1,7555,Karnal__Indri.pdf
Karnal,Indri,23,Garhi Gujran,SC Other than Woman,SC,0,Chander Bhan,Giani Ram,0,0,SC other than women,latin,1,7555,Karnal__Indri.pdf
Karnal,Indri,24,Garhi Jattan,Other than Woman,NONE,0,Ravinder Dutt,Jai Kumar,0,0,other than women,latin,1,7555,Karnal__Indri.pdf
Karnal,Indri,25,Garhi Sadhan,Woman,NONE,1,Renu Rani,Virender Kumar,0,0,Women,latin,1,7555,Karnal__Indri.pdf
Karnal,Indri,26,Garhpur Khalsa,BC-A Other than Woman,BC_A,0,Krishan Kumar,Ramji Lal,0,0,BC (A) other than women,latin,1,7555,Karnal__Indri.pdf
Karnal,Indri,27,Garhpur Tapu,Woman,NONE,1,Aashma,Noshad,0,0,Women,latin,1,7555,Karnal__Indri.pdf
Karnal,Indri,28,Gorgarh,Other than Woman,NONE,0,Inderjeet Singh,Palwinder Singh,0,0,other than women,latin,1,7555,Karnal__Indri.pdf
Karnal,Indri,29,Gumton,Woman,NONE,1,Jasbir Kaur,Balvinder Singh,0,0,Women,latin,1,7555,Karnal__Indri.pdf
Karnal,Indri,30,Haibatpur,Other than Woman,NONE,0,Nishan Singh,Gurdev Singh,0,0,other than women,latin,1,7555,Karnal__Indri.pdf
Karnal,Indri,31,Hanori,SC Woman,SC,1,Nisha,Vikash Kuumar,0,0,SC women,latin,1,7555,Karnal__Indri.pdf
Karnal,Indri,32,Hansu Majra,Woman,NONE,1,Parveen Kumari,Bittu Singh,0,0,Women,latin,1,7555,Karnal__Indri.pdf
Karnal,Indri,33,Indergarh,Other than Woman,NONE,0,Manish Kumar,Ashok Kumar,1,0,other than women,latin,1,7555,Karnal__Indri.pdf
Karnal,Indri,34,Islamnagar,Woman,NONE,1,Sangeeta Devi,Anish Kumar,0,0,Women,latin,1,7555,Karnal__Indri.pdf
Karnal,Indri,35,Jainpur Sadan,Other than Woman,NONE,0,Narender Singh,Sumer Chand,0,0,other than women,latin,1,7555,Karnal__Indri.pdf
Karnal,Indri,36,Janesron,Woman,NONE,1,Harpreet Kaur,Jagdeep Singh,0,0,Women,latin,1,7555,Karnal__Indri.pdf
Karnal,Indri,37,Johar Majara,Other than Woman,NONE,0,Deepak Paul,Kamal Parshad,0,0,other than women,latin,1,7555,Karnal__Indri.pdf
Karnal,Indri,38,Kadrabad,Woman,NONE,1,Manpreet Kaur,Jaspreet Singh,0,0,Women,latin,1,7555,Karnal__Indri.pdf
Karnal,Indri,39,Kairhba,Other than Woman,NONE,0,Nathu Lal,Pitamber Dass,0,0,other than women,latin,1,7555,Karnal__Indri.pdf
Karnal,Indri,40,Kalra Jagir,Woman,NONE,1,Kavita Devi,Rakesh Kumar,0,0,Women,latin,1,7555,Karnal__Indri.pdf
Karnal,Indri,41,Kalri Jagir,Other than Woman,NONE,0,Deepak Garg,Chaman Lal,0,0,other than women,latin,1,7555,Karnal__Indri.pdf
Karnal,Indri,42,Kalri Khalsa,SC Other than Woman,SC,0,Jitender Kumar,Shyam Lal,0,0,SC other than women,latin,1,7555,Karnal__Indri.pdf
Karnal,Indri,43,Kalsora,Woman,NONE,1,Seema Rani,Pardeep Kumar,0,0,Women,latin,1,7555,Karnal__Indri.pdf
Karnal,Indri,44,Khanpur,Other than Woman,NONE,0,Surender Pal,Ramdyal,0,0,other than women,latin,1,7555,Karnal__Indri.pdf
Karnal,Indri,45,Khera,Woman,NONE,1,Pooja Devi,Rajesh Kumar,0,0,Women,latin,1,7555,Karnal__Indri.pdf
Karnal,Indri,46,Kheri Jattan,SC Woman,SC,1,Asha,Ravinder Kumar,0,0,SC women,latin,1,7555,Karnal__Indri.pdf
Karnal,Indri,47,Kheri Man Singh,Other than Woman,NONE,0,Vikas,Mohkam Singh,0,0,other than women,latin,1,7555,Karnal__Indri.pdf
Karnal,Indri,48,Khukhani,Woman,NONE,1,Poonam,Ram Lal,0,0,Women,latin,1,7555,Karnal__Indri.pdf
Karnal,Indri,49,Labkari,SC Other than Woman,SC,0,Pawan Kumar,Dhanpat Rai,0,0,SC other than women,latin,1,7555,Karnal__Indri.pdf
Karnal,Indri,50,Manak Majra,SC Woman,SC,1,Aarti,Rahul Lote,0,0,SC women,latin,1,7555,Karnal__Indri.pdf
Karnal,Indri,51,Manohar Pur,Other than Woman,NONE,0,Partap Singh,Randhir Singh,0,0,other than women,latin,1,7555,Karnal__Indri.pdf
Karnal,Indri,52,Matak Majri,BC-A Woman,BC_A,1,Meenu Rani,Amit Kumar,0,0,BC (A) Women,latin,1,7555,Karnal__Indri.pdf
Karnal,Indri,53,Mukhala Khalsa,Other than Woman,NONE,0,Ombir,Dharam Singh,0,0,other than women,latin,1,7555,Karnal__Indri.pdf
Karnal,Indri,54,Mukhali Jagir,Woman,NONE,1,Pushpa Devi,Sohan Lal,0,0,Women,latin,1,7555,Karnal__Indri.pdf
Karnal,Indri,55,Muradgarh,SC Other than Woman,SC,0,Shayam Vinod,Telu Ram,0,0,SC other than women,latin,1,7555,Karnal__Indri.pdf
Karnal,Indri,56,Musepur,SC Woman,SC,1,Sushma Devi,Sukhbir Singh,0,0,SC women,latin,1,7555,Karnal__Indri.pdf
Karnal,Indri,57,Nandi Khalsa,SC Other than Woman,SC,0,Ramesh Chander,Surat Singh,0,0,SC other than women,latin,1,7555,Karnal__Indri.pdf
Karnal,Indri,58,Nanhera,Other than Woman,NONE,0,Shashi Kumar,Raj Kumar,0,0,other than women,latin,1,7555,Karnal__Indri.pdf
Karnal,Indri,59,Nathori,Woman,NONE,1,Baljinder Kaur,Parveen Kumar,0,0,Women,latin,1,7555,Karnal__Indri.pdf
Karnal,Indri,60,Naurta,SC Woman,SC,1,Neelam Devi,Gulshan Kumar,0,0,SC women,latin,1,7555,Karnal__Indri.pdf
Karnal,Indri,61,Panjokhra,Other than Woman,NONE,0,Deepak Kumar,Fateh Singh,0,0,other than women,latin,1,7555,Karnal__Indri.pdf
Karnal,Indri,62,Pathera,Woman,NONE,1,Nitu,Partap Singh,0,0,Women,latin,1,7555,Karnal__Indri.pdf
Karnal,Indri,63,Phoosgarh,SC Other than Woman,SC,0,Arjun Kumar,Jai Kumar,0,0,SC other than women,latin,1,7555,Karnal__Indri.pdf
Karnal,Indri,64,Raitkhana,Other than Woman,NONE,0,Kirpal Singh,Amar Singh,0,0,other than women,latin,1,7555,Karnal__Indri.pdf
Karnal,Indri,65,Rajepur,Woman,NONE,1,Sashi Bala,Mange Ram,0,0,Women,latin,1,7555,Karnal__Indri.pdf
Karnal,Indri,66,Rampura,SC Woman,SC,1,Rajkali,Amar Singh,1,0,SC women,latin,1,7555,Karnal__Indri.pdf
Karnal,Indri,67,Rasulpur,Other than Woman,NONE,0,Bal Kishan,Hari Singh,0,0,other than women,latin,1,7555,Karnal__Indri.pdf
Karnal,Indri,68,Samora,Woman,NONE,1,Santosh,Som Nath,0,0,Women,latin,1,7555,Karnal__Indri.pdf
Karnal,Indri,69,Santri,SC Other than Woman,SC,0,Vikram Singh,Suresh Pal,0,0,SC other than women,latin,1,7555,Karnal__Indri.pdf
Karnal,Indri,70,Sarwanmajra,SC Woman,SC,1,Anju Bala,Amreek Singh,0,0,SC women,latin,1,7555,Karnal__Indri.pdf
Karnal,Indri,71,Shahpur,BC-A Other than Woman,BC_A,0,Mitter Lal,Om Parkash,0,0,BC (A) other than women,latin,1,7555,Karnal__Indri.pdf
Karnal,Indri,72,Shekhpura Banger,Woman,NONE,1,Renu,Parvesh Kumar,0,0,Women,latin,1,7555,Karnal__Indri.pdf
Karnal,Indri,73,Sher Garh Khalsa,SC Other than Woman,SC,0,Ishwar Singh,Pala Ram,0,0,SC other than women,latin,1,7555,Karnal__Indri.pdf
Karnal,Indri,74,Taprion,Other than Woman,NONE,0,Yashpal Saini,Om Parkash,0,0,other than women,latin,1,7555,Karnal__Indri.pdf
Karnal,Indri,75,Tusang,Woman,NONE,1,Neha Kamboj,Sachin Kumar,0,0,Women,latin,1,7555,Karnal__Indri.pdf
Karnal,Indri,76,Udana,Other than Woman,NONE,0,Surinder Singh,Dharam Singh,0,0,other than women,latin,1,7555,Karnal__Indri.pdf
Karnal,Indri,77,Umarpur Khalsa,Woman,NONE,1,Kusham,Dalvinder Kumar,0,0,Women,latin,1,7555,Karnal__Indri.pdf
Karnal,Karnal,1,Abdulapur,Other than Woman,NONE,0,Karam Singh,Chandu Ram,0,0,Other Than Women,latin,1,7564,Karnal__Karnal.pdf
Karnal,Karnal,2,Andhera/ Dilawara,Woman,NONE,1,Rachna,Robin,0,0,Women,latin,1,7564,Karnal__Karnal.pdf
Karnal,Karnal,3,Bajida Jattan,Woman,NONE,1,Nisha Devi,Raj Kumar,0,0,Women,latin,1,7564,Karnal__Karnal.pdf
Karnal,Karnal,4,Bhusli,SC Other than Woman,SC,0,Rajinder Singh,Ramphal,0,0,Seheduled Caste Other Than Women,latin,1,7564,Karnal__Karnal.pdf
Karnal,Karnal,5,Budhanpur,Other than Woman,NONE,0,Ramjawari,Bakhtawar Singh,0,0,Other Than Women,latin,1,7564,Karnal__Karnal.pdf
Karnal,Karnal,6,Chapra Khera,Woman,NONE,1,Sudesh Rani,Sultan Singh,0,0,Women,latin,1,7564,Karnal__Karnal.pdf
Karnal,Karnal,7,Chapra Jagir,Other than Woman,NONE,0,Jasbeer,Ram Kumar,0,0,Other Than Women,latin,1,7564,Karnal__Karnal.pdf
Karnal,Karnal,8,Chundipur,Woman,NONE,1,Binder,Ganga Ram,0,0,Women,latin,1,7564,Karnal__Karnal.pdf
Karnal,Karnal,9,Churni Jagir,SC Woman,SC,1,Kusam Lata,Satish Kumar,0,0,Seheduled Caste Women,latin,1,7564,Karnal__Karnal.pdf
Karnal,Karnal,10,Dabarki,Other than Woman,NONE,0,Rajinder,Khota Ram,0,0,Other Than Women,latin,1,7564,Karnal__Karnal.pdf
Karnal,Karnal,11,Dabarki Par,Woman,NONE,1,Geeta,Satpal,0,0,Women,latin,1,7564,Karnal__Karnal.pdf
Karnal,Karnal,12,Darar,Other than Woman,NONE,0,Inderjit Singh,Kuldeep Singh,0,0,Other Than Women,latin,1,7564,Karnal__Karnal.pdf
Karnal,Karnal,13,Dhakwala,SC Other than Woman,SC,0,Gautam,Satpal,0,0,Seheduled Caste Other Than Women,latin,1,7564,Karnal__Karnal.pdf
Karnal,Karnal,14,Dhakwala Roran,SC Woman,SC,1,Km. Hina,Pankaj Kumar,0,0,Seheduled Caste Women,latin,1,7564,Karnal__Karnal.pdf
Karnal,Karnal,15,Ganjogarhi,SC Other than Woman,SC,0,Gaurav,Giani Ram,0,0,Seheduled Caste Other Than Women,latin,0,7564,Karnal__Karnal.pdf
Karnal,Karnal,16,Kachhwa,SC Woman,SC,1,Sushila,Deepak Kumar,0,0,Seheduled Caste Women,latin,1,7564,Karnal__Karnal.pdf
Karnal,Karnal,17,Kalampura,SC Other than Woman,SC,0,Ranjeet Singh,Ram Jawari,0,0,Seheduled Caste Other Than Women,latin,1,7564,Karnal__Karnal.pdf
Karnal,Karnal,18,Kharkali,Other than Woman,NONE,0,Karambir,Dharam Singh,0,0,Other Than Women,latin,1,7564,Karnal__Karnal.pdf
Karnal,Karnal,19,Kurali,Woman,NONE,1,Jasbir Kaur,Harpreet Singh,0,0,Women,latin,1,7564,Karnal__Karnal.pdf
Karnal,Karnal,20,Manglora,Other than Woman,NONE,0,Manjeet Kumar,Ved Parkash,0,0,Other Than Women,latin,1,7564,Karnal__Karnal.pdf
Karnal,Karnal,21,Mirghan,Woman,NONE,1,Sandeep,Krishan,0,0,Women,latin,1,7564,Karnal__Karnal.pdf
Karnal,Karnal,22,Mohidinpur,Other than Woman,NONE,0,Sudhir Singh,Laxman Das,0,0,Other Than Women,latin,1,7564,Karnal__Karnal.pdf
Karnal,Karnal,23,Mustfabad,Woman,NONE,1,Suman,Parveen Kumar,0,0,Women,latin,1,7564,Karnal__Karnal.pdf
Karnal,Karnal,24,Nagla Megha,Woman,NONE,1,Ansuiya,Parveen Saini,0,0,Women,latin,0,7564,Karnal__Karnal.pdf
Karnal,Karnal,25,Nagla Farm,Other than Woman,NONE,0,Sudhir Kumar,Harishpal,0,0,Other Than Women,latin,0,7564,Karnal__Karnal.pdf
Karnal,Karnal,26,Nalvi Par,Other than Woman,NONE,0,Puran Singh,Nakli Ram,0,0,Other Than Women,latin,1,7564,Karnal__Karnal.pdf
Karnal,Karnal,27,Nalvipar Tilla,SC Woman,SC,1,Rameshwari,Sonu,0,0,Seheduled Caste Women,latin,1,7564,Karnal__Karnal.pdf
Karnal,Karnal,28,Nasirpur,Woman,NONE,1,Sudesh,Parshant,0,0,Women,latin,1,7564,Karnal__Karnal.pdf
Karnal,Karnal,29,Pundrak,Other than Woman,NONE,0,Naresh Kumar,Sahi Ram,0,0,Other Than Women,latin,1,7564,Karnal__Karnal.pdf
Karnal,Karnal,30,Ramba,Woman,NONE,1,Sukhwinder,Gurvinder Singh,0,0,Women,latin,1,7564,Karnal__Karnal.pdf
Karnal,Karnal,31,Ranwar,Other than Woman,NONE,0,Narender,Devi Dayal,0,0,Other Than Women,latin,1,7564,Karnal__Karnal.pdf
Karnal,Karnal,32,Rasulpur Kalan,Woman,NONE,1,Santosh,Ram Kumar,0,0,Women,latin,1,7564,Karnal__Karnal.pdf
Karnal,Karnal,33,Rasulpur Khurd,Other than Woman,NONE,0,Megh Raj,Sewa Ram,0,0,Other Than Women,latin,0,7564,Karnal__Karnal.pdf
Karnal,Karnal,34,Rattangarh,Woman,NONE,1,Manjeet,Parveen Panchal,0,0,Women,latin,1,7564,Karnal__Karnal.pdf
Karnal,Karnal,35,Rukanpur,Woman,NONE,1,Rahul Kumar,Sham Lal,0,0,Seheduled Women,latin,0,7564,Karnal__Karnal.pdf
Karnal,Karnal,36,Salaru,Other than Woman,NONE,0,Sahab Surinder,Maluk Singh,1,0,Other Than Women,latin,1,7564,Karnal__Karnal.pdf
Karnal,Karnal,37,Sangoha,Woman,NONE,1,Suman Devi,Desh Raj,0,0,Women,latin,1,7564,Karnal__Karnal.pdf
Karnal,Karnal,38,Sangohi,BC-A Other than Woman,BC_A,0,Suresh Kumar,Ram Chander,0,0,Backward Class 'A' Other Than Women,latin,1,7564,Karnal__Karnal.pdf
Karnal,Karnal,39,Sarfabad Majra,Woman,NONE,1,Manisha Devi,Amit Kumar,0,0,Women,latin,1,7564,Karnal__Karnal.pdf
Karnal,Karnal,40,Shekhpura Jagir,Other than Woman,NONE,0,Bahadur Singh,Dharam Singh,0,0,Other Than Women,latin,1,7564,Karnal__Karnal.pdf
Karnal,Karnal,41,Sohana,BC-A Woman,BC_A,1,Rekha Rani,Vikram,0,0,Backward Class 'A' Women,latin,1,7564,Karnal__Karnal.pdf
Karnal,Karnal,42,Subhri,BC-A Other than Woman,BC_A,0,Ranjeet,Subhash Chand,0,0,Backward Class 'A' Other Than Women,latin,1,7564,Karnal__Karnal.pdf
Karnal,Karnal,43,Taprana,BC-A Woman,BC_A,1,Mohani,Ramesh Kumar,0,0,Backward Class 'A' Women,latin,1,7564,Karnal__Karnal.pdf
Karnal,Karnal,44,Tikri,Other than Woman,NONE,0,Sonu,Jagdish,0,0,Other Than Women,latin,1,7564,Karnal__Karnal.pdf
Karnal,Karnal,45,Uncha Samana,SC Woman,SC,1,Poonam,Surinder,0,0,Seheduled Caste Women,latin,1,7564,Karnal__Karnal.pdf
Karnal,Kunjpura,1,Baragaon,SC Other than Woman,SC,0,Amit Kumar,Krishan Kumar,0,0,Scheduled Caste other than Women,latin,1,7600,Karnal__Kunjpura.pdf
Karnal,Kunjpura,2,Bajidpur,Other than Woman,NONE,0,Ravi Kumar,Mohinder Singh,0,0,Other than Women,latin,1,7600,Karnal__Kunjpura.pdf
Karnal,Kunjpura,3,Chand Samand,SC Woman,SC,1,Pooja Devi,Krehshan,0,0,Scheduled Caste Women,latin,1,7600,Karnal__Kunjpura.pdf
Karnal,Kunjpura,4,Choura Khalsa,Woman,NONE,1,Mandeep Kaur,Gurcharn Singh,0,0,Women,latin,1,7600,Karnal__Kunjpura.pdf
Karnal,Kunjpura,5,Chorpura,Other than Woman,NONE,0,Pawan Kumar,Ram Singh,0,0,Other than Women,latin,1,7600,Karnal__Kunjpura.pdf
Karnal,Kunjpura,6,Dabkoli Kalan,Woman,NONE,1,Manisha,Vikas Mandhan,0,0,Women,latin,1,7600,Karnal__Kunjpura.pdf
Karnal,Kunjpura,7,Dabkoli Khurd,SC Other than Woman,SC,0,,,0,1,Scheduled Caste other than Women,latin,1,7600,Karnal__Kunjpura.pdf
Karnal,Kunjpura,8,Daniyalpur,SC Other than Woman,SC,0,Narender Kumar,Jeeta Ram,0,0,Other than Women Scheduled Caste Women,latin,0,7600,Karnal__Kunjpura.pdf
Karnal,Kunjpura,9,Gheer,SC Woman,SC,1,Sonia Rani,Sushil Kumar,0,0,Scheduled Caste Women,latin,1,7600,Karnal__Kunjpura.pdf
Karnal,Kunjpura,10,Jairampur (Landora),Other than Woman,NONE,0,,,0,1, Other than Women,latin,1,7600,Karnal__Kunjpura.pdf
Karnal,Kunjpura,11,Jarauli,SC Other than Woman,SC,0,Neesha Rani,Pankaj Chawla,0,0,Women Scheduled Caste other than Women,latin,0,7600,Karnal__Kunjpura.pdf
Karnal,Kunjpura,12,Kalvaheri,Woman,NONE,1,Amrit Bala,Suresh Kumar,0,0,Women,latin,1,7600,Karnal__Kunjpura.pdf
Karnal,Kunjpura,13,Kamalpur Gadria,Other than Woman,NONE,0,Naresh Kumar,Kareshan Lal,0,0,Other than Women,latin,1,7600,Karnal__Kunjpura.pdf
Karnal,Kunjpura,14,Kamalpur Roran,Woman,NONE,1,Pinki Devi,Jony Sharma,0,0,Women,latin,1,7600,Karnal__Kunjpura.pdf
Karnal,Kunjpura,15,Khirajpur,BC-A Other than Woman,BC_A,0,,,0,1, Backward Class 'A' other than Women,latin,1,7600,Karnal__Kunjpura.pdf
Karnal,Kunjpura,16,Kunda Kalan,BC-A Other than Woman,BC_A,0,,,0,1, Backward Class 'A' other than Women,latin,1,7600,Karnal__Kunjpura.pdf
Karnal,Kunjpura,17,Kunjpura,Woman,NONE,1,Suman Devi,Mohinder Singh,0,0,Women,latin,1,7600,Karnal__Kunjpura.pdf
Karnal,Kunjpura,18,Mainmati,Other than Woman,NONE,0,Ravi Kumar,Dhram Singh,0,0,Other than Women,latin,1,7600,Karnal__Kunjpura.pdf
Karnal,Kunjpura,19,Makhu Majra,SC Other than Woman,SC,0,Basant Singh,Sulkhan Singh,0,0,Scheduled Caste other than Women,latin,1,7600,Karnal__Kunjpura.pdf
Karnal,Kunjpura,20,Mehmadpur,Woman,NONE,1,Kamlesh,Mahinder Singh,0,0,Women,latin,1,7600,Karnal__Kunjpura.pdf
Karnal,Kunjpura,21,Modipur,Woman,NONE,1,Charu,Deepak,0,0,Women,latin,1,7600,Karnal__Kunjpura.pdf
Karnal,Kunjpura,22,Mughal Majra,Other than Woman,NONE,0,Sushil Kumar,Ram Chand,0,0,Other than Women,latin,1,7600,Karnal__Kunjpura.pdf
Karnal,Kunjpura,23,Nabipur,SC Woman,SC,1,,,0,1,Scheduled Caste Women,latin,1,7600,Karnal__Kunjpura.pdf
Karnal,Kunjpura,24,Nagal,Woman,NONE,1,Meenu,Soni Kumar,0,0,Women,latin,1,7600,Karnal__Kunjpura.pdf
Karnal,Kunjpura,25,Nagla Roran,Other than Woman,NONE,0,Jasvinder Singh,Naseeb Singh,0,0,Other than Women,latin,1,7600,Karnal__Kunjpura.pdf
Karnal,Kunjpura,26,Nalvi Kalan,Woman,NONE,1,Diksha,Ankush,0,0,Women,latin,1,7600,Karnal__Kunjpura.pdf
Karnal,Kunjpura,27,Nalvi Khurd,Other than Woman,NONE,0,Rattan Singh,Jai Singh,0,0,Other than Women,latin,1,7600,Karnal__Kunjpura.pdf
Karnal,Kunjpura,28,Newal,Woman,NONE,1,Gurpreet Kaur,Harpal Singh,0,0,Women,latin,1,7600,Karnal__Kunjpura.pdf
Karnal,Kunjpura,29,Randoli,SC Other than Woman,SC,0,Lal Chand,Ishwar Chand,0,0,Scheduled Caste other than Women,latin,1,7600,Karnal__Kunjpura.pdf
Karnal,Kunjpura,30,Rindal,BC-A Other than Woman,BC_A,0,,,0,1, Backward Class 'A' other than Women,latin,1,7600,Karnal__Kunjpura.pdf
Karnal,Kunjpura,31,Salarpura,Woman,NONE,1,Rajni Kaur,Jaswant Singh,0,0,Women,latin,1,7600,Karnal__Kunjpura.pdf
Karnal,Kunjpura,32,Sayyad Chhapra,Other than Woman,NONE,0,Sabeel Haider,Zahir Abbas,0,0,Other than Women,latin,1,7600,Karnal__Kunjpura.pdf
Karnal,Kunjpura,33,Shergarh Tapu,Woman,NONE,1,Geeta Devi,Anil Kumar,0,0,Women,latin,1,7600,Karnal__Kunjpura.pdf
Karnal,Munak,1,Alawla,Other than Woman,NONE,0,Ajit Singh,Jagdev Singh,0,0,Other than Women,latin,1,7609,Karnal__Munak.pdf
Karnal,Munak,2,Anchla,Woman,NONE,1,Mohini,Sanjeev Kumar,0,0,Women,latin,1,7609,Karnal__Munak.pdf
Karnal,Munak,3,Balrajputan,Other than Woman,NONE,0,Surjit Singh,Jagdish,0,0,Other than Women,latin,1,7609,Karnal__Munak.pdf
Karnal,Munak,4,Ballah,SC Other than Woman,SC,0,Karam Chand,Rup Chand,0,0,Scheduled Caste Other than Women,latin,1,7609,Karnal__Munak.pdf
Karnal,Munak,5,Bamberheri,Woman,NONE,1,Savita,Ajay Kumar,0,0,Women,latin,1,7609,Karnal__Munak.pdf
Karnal,Munak,6,Bansa,SC Woman,SC,1,,,0,1,Scheduled Caste Women,latin,1,7609,Karnal__Munak.pdf
Karnal,Munak,7,Birachpur,Other than Woman,NONE,0,Sanjay,Rameshwar Dutt,0,0,Other than Women,latin,1,7609,Karnal__Munak.pdf
Karnal,Munak,8,Budanpur Abad,SC Woman,SC,1,Sunil Kumar,Karambir,0,0,Scheduled Women,latin,0,7609,Karnal__Munak.pdf
Karnal,Munak,9,Gagsina,SC Woman,SC,1,Poonam Devi,Mahender Singh,0,0,Scheduled Caste Women,latin,1,7609,Karnal__Munak.pdf
Karnal,Munak,10,Goli,Woman,NONE,1,Rameshwar,,0,0, Women,latin,1,7609,Karnal__Munak.pdf
Karnal,Munak,11,Jani,SC Woman,SC,1,Manoj Kumar,Shamsher Singh,0,0,Scheduled Women,latin,0,7609,Karnal__Munak.pdf
Karnal,Munak,12,KheriMunak,Other than Woman,NONE,0,Gaurav Kumar,Rajpal,0,0,Other than Women,latin,1,7609,Karnal__Munak.pdf
Karnal,Munak,13,KhoraKheri,BC-A Woman,BC_A,1,Priyanka,Sukhbir Singh,0,0,Backward Class-A Women,latin,1,7609,Karnal__Munak.pdf
Karnal,Munak,14,Kurlan,Other than Woman,NONE,0,Pardeep Singh,Ramsarup,0,0,Other than Women,latin,1,7609,Karnal__Munak.pdf
Karnal,Munak,15,Kutana,Woman,NONE,1,Paramjit Kaur,Suresh Kumar,0,0,Women,latin,1,7609,Karnal__Munak.pdf
Karnal,Munak,16,Manchuri,BC-A Other than Woman,BC_A,0,,,0,1,Backward Class-A other than Women,latin,1,7609,Karnal__Munak.pdf
Karnal,Munak,17,Manpura,Woman,NONE,1,Rekha Devi,Uday Singh,0,0,Women,latin,1,7609,Karnal__Munak.pdf
Karnal,Munak,18,Mormajra,Other than Woman,NONE,0,Rajinder Singh,Rajkumar,0,0,Other than Women,latin,1,7609,Karnal__Munak.pdf
Karnal,Munak,19,Munak,Woman,NONE,1,Phool Kumari,Rati Ram,0,0,Women,latin,1,7609,Karnal__Munak.pdf
Karnal,Munak,20,Pabanahassanp ur,Other than Woman,NONE,0,Vijaypal,Roshan Lal,0,0, Other than Women,latin,1,7609,Karnal__Munak.pdf
Karnal,Munak,21,Padha,Woman,NONE,1,Suman,Omparkash,0,0,Women,latin,1,7609,Karnal__Munak.pdf
Karnal,Munak,22,PakkaKhera,SC Other than Woman,SC,0,Suman,Vedpal,0,0,Scheduled,latin,0,7609,Karnal__Munak.pdf
Karnal,Munak,23,Peont,Other than Woman,NONE,0,Rishpal Singh,Fata Singh,0,0,Other than Women,latin,1,7609,Karnal__Munak.pdf
Karnal,Munak,24,Picholia,Woman,NONE,1,Kushum,Satpal,0,0,Women,latin,1,7609,Karnal__Munak.pdf
Karnal,Munak,25,Raipur Jattan,Other than Woman,NONE,0,Ankit Pannu,Balwan,0,0,Other than Women,latin,1,7609,Karnal__Munak.pdf
Karnal,Munak,26,Shahjanpur,SC Woman,SC,1,Shivam Kumar,Balwan Singh,0,0,Scheduled Women,latin,0,7609,Karnal__Munak.pdf
Karnal,Munak,27,Shekhupura,Woman,NONE,1,Rupinder Kaur,Jagir Singh,0,0,Women,latin,1,7609,Karnal__Munak.pdf
Karnal,Munak,28,Staundi,Other than Woman,NONE,0,Vishal Singh,Balwan Singh,0,0,Other than Women,latin,1,7609,Karnal__Munak.pdf
Karnal,Munak,29,Tharwamajra,SC Other than Woman,SC,0,,,0,1,Scheduled,latin,0,7609,Karnal__Munak.pdf
Karnal,Nilokheri,1,Aibla Jagir,SC Other than Woman,SC,0,Tejpal,Kartara Ram,0,0,Scheduled Caste Other than women,latin,1,7591,Karnal__Nilokheri.pdf
Karnal,Nilokheri,2,Aibli Khalsa,Other than Woman,NONE,0,Baljeet Singh,Lahari Singh,0,0,Other than women,latin,1,7591,Karnal__Nilokheri.pdf
Karnal,Nilokheri,3,Amargarh,Woman,NONE,1,Suman,Harish,0,0,Women,latin,1,7591,Karnal__Nilokheri.pdf
Karnal,Nilokheri,4,Anjanthali,Other than Woman,NONE,0,Vipin Kumar,Jaipal Singh,0,0,Other than women,latin,1,7591,Karnal__Nilokheri.pdf
Karnal,Nilokheri,5,Arjaheri,Woman,NONE,1,Rimple Devi,Dilbagh Singh,0,0,Women,latin,1,7591,Karnal__Nilokheri.pdf
Karnal,Nilokheri,6,Bairsal,SC Woman,SC,1,Ravita,Sanjeev Kumar,0,0,Scheduled Caste Women,latin,1,7591,Karnal__Nilokheri.pdf
Karnal,Nilokheri,7,Bakipur,Other than Woman,NONE,0,Jasbir Singh,Fateh Singh,0,0,Other than women,latin,1,7591,Karnal__Nilokheri.pdf
Karnal,Nilokheri,8,Barana Khalsa,Woman,NONE,1,Suman Devi,Maya Ram,0,0,Women,latin,1,7591,Karnal__Nilokheri.pdf
Karnal,Nilokheri,9,Barani Khalsa,Other than Woman,NONE,0,Mohinder Singh,Sultan Singh,0,0,Other than women,latin,1,7591,Karnal__Nilokheri.pdf
Karnal,Nilokheri,10,Barsalu,Woman,NONE,1,Pooja Devi,Virender Singh,0,0,Women,latin,1,7591,Karnal__Nilokheri.pdf
Karnal,Nilokheri,11,Barthal,Other than Woman,NONE,0,Ankit Kumar,Jaswant Singh,0,0,Other than women,latin,1,7591,Karnal__Nilokheri.pdf
Karnal,Nilokheri,12,Bhaini Kalan,BC-A Woman,BC_A,1,Rani,Amit,0,0,Backward Class 'A' Women,latin,1,7591,Karnal__Nilokheri.pdf
Karnal,Nilokheri,13,Bhaini Khurd,Other than Woman,NONE,0,Naresh Kumar,Nathi Ram,0,0,Other than women,latin,1,7591,Karnal__Nilokheri.pdf
Karnal,Nilokheri,14,Bhukhapuri,SC Other than Woman,SC,0,Rajender Kumar,Pala Ram,0,0,Scheduled Caste Other than women,latin,1,7591,Karnal__Nilokheri.pdf
Karnal,Nilokheri,15,Bir Badalwa,Woman,NONE,1,Gurmeet Kaur,Chhattar Pal Singh,0,0,Women,latin,1,7591,Karnal__Nilokheri.pdf
Karnal,Nilokheri,16,Bir Naraina,BC-A Other than Woman,BC_A,0,Bittu Ram,Dharam Pal,0,0,Backward Class 'A' other than Women,latin,1,7591,Karnal__Nilokheri.pdf
Karnal,Nilokheri,17,Bodshyam,Woman,NONE,1,Rupinder Kaur,Maninder Singh,0,0,Women,latin,1,7591,Karnal__Nilokheri.pdf
Karnal,Nilokheri,18,Bohla Khalsa,Other than Woman,NONE,0,Nawab Singh,Roshan Lal,0,0,Other than women,latin,1,7591,Karnal__Nilokheri.pdf
Karnal,Nilokheri,19,Bohli,Woman,NONE,1,Kanta,Pankaj Kumar,1,0,Women,latin,1,7591,Karnal__Nilokheri.pdf
Karnal,Nilokheri,20,Brahman Majra,SC Woman,SC,1,Nindu,Vijay Kumar,0,0,Scheduled Caste Women,latin,1,7591,Karnal__Nilokheri.pdf
Karnal,Nilokheri,21,Budhera Khalsa,SC Other than Woman,SC,0,Surender Kumar,Ram Pal,0,0,Scheduled Caste Other than women,latin,1,7591,Karnal__Nilokheri.pdf
Karnal,Nilokheri,22,Butana,Other than Woman,NONE,0,Virender Singh,Gulab Singh,0,0,Other than women,latin,1,7591,Karnal__Nilokheri.pdf
Karnal,Nilokheri,23,Chopri,Woman,NONE,1,Harpreet Kaur,Jaswinder Singh,0,0,Women,latin,1,7591,Karnal__Nilokheri.pdf
Karnal,Nilokheri,24,Dabarthala,Other than Woman,NONE,0,Jasvinder Singh,Jeeta Ram,0,0,Other than women,latin,1,7591,Karnal__Nilokheri.pdf
Karnal,Nilokheri,25,Dadupur,SC Woman,SC,1,Reena Devi,Mewa Singh,0,0,Scheduled Caste Women,latin,1,7591,Karnal__Nilokheri.pdf
Karnal,Nilokheri,26,Daya Nagar,Woman,NONE,1,Kavita Rani,Kishan Lal,0,0,Women,latin,1,7591,Karnal__Nilokheri.pdf
Karnal,Nilokheri,27,Dayalpura,Other than Woman,NONE,0,Dev Raj,Hari Chand,0,0,Other than women,latin,1,7591,Karnal__Nilokheri.pdf
Karnal,Nilokheri,28,Galib Kheri,SC Other than Woman,SC,0,Amar Singh,Darbara Singh,1,0,Scheduled Caste Other than women,latin,1,7591,Karnal__Nilokheri.pdf
Karnal,Nilokheri,29,Ganger,Woman,NONE,1,Neha,Tejpal,0,0,Women,latin,1,7591,Karnal__Nilokheri.pdf
Karnal,Nilokheri,30,Gholpura,Other than Woman,NONE,0,Suresh Kumar,Dharam Singh,0,0,Other than women,latin,1,7591,Karnal__Nilokheri.pdf
Karnal,Nilokheri,31,Gittalpur,Woman,NONE,1,Sonia Devi,Krishan Kumar,1,0,Women,latin,1,7591,Karnal__Nilokheri.pdf
Karnal,Nilokheri,32,Gobindgarh,BC-A Other than Woman,BC_A,0,Vacant,,0,1,Backward Class 'A' other than Women,latin,1,7591,Karnal__Nilokheri.pdf
Karnal,Nilokheri,33,Haibatpur,SC Woman,SC,1,Anita,Rajkumar,0,0,Scheduled Caste Women,latin,1,7591,Karnal__Nilokheri.pdf
Karnal,Nilokheri,34,Jamba,Woman,NONE,1,Ekta,Manish,0,0,Women,latin,1,7591,Karnal__Nilokheri.pdf
Karnal,Nilokheri,35,Jattpura,SC Other than Woman,SC,0,Avacant Nath,Balbir Nath,0,0,Scheduled Caste Other than women,latin,1,7591,Karnal__Nilokheri.pdf
Karnal,Nilokheri,36,Kalsi Khalsa,Other than Woman,NONE,0,Sahil Kumar,Bal Singh,0,0,Other than women,latin,1,7591,Karnal__Nilokheri.pdf
Karnal,Nilokheri,37,Kamalpur,Woman,NONE,1,Asha Devi,Sultan Singh,1,0,Women,latin,1,7591,Karnal__Nilokheri.pdf
Karnal,Nilokheri,38,Karsa Dod,SC Woman,SC,1,Sunita Devi,Ajay Kumar,0,0,Scheduled Caste Women,latin,1,7591,Karnal__Nilokheri.pdf
Karnal,Nilokheri,39,Khawaja Ahmedpur,Other than Woman,NONE,0,Bal Kishan,Chanda Singh,0,0,Other than women,latin,1,7591,Karnal__Nilokheri.pdf
Karnal,Nilokheri,40,Koer,Woman,NONE,1,Reeta Devi,Sohan Singh,0,0,Women,latin,1,7591,Karnal__Nilokheri.pdf
Karnal,Nilokheri,41,Kurak Jagir,Other than Woman,NONE,0,Rajinder Kumar,Surja Ram,0,0,Other than women,latin,1,7591,Karnal__Nilokheri.pdf
Karnal,Nilokheri,42,Lalyani,SC Other than Woman,SC,0,Manoj Nath,Jaswant Nath,0,0,Scheduled Caste Other than women,latin,1,7591,Karnal__Nilokheri.pdf
Karnal,Nilokheri,43,Lathron,Woman,NONE,1,Raj Rani,Baljeet Singh,0,0,Women,latin,1,7591,Karnal__Nilokheri.pdf
Karnal,Nilokheri,44,Majra Roran,Other than Woman,NONE,0,Shakti Singh,Ram Diya,0,0,Other than women,latin,1,7591,Karnal__Nilokheri.pdf
Karnal,Nilokheri,45,Manak Majra,SC Woman,SC,1,Usha Devi,Vajir Chand,0,0,Scheduled Caste Women,latin,1,7591,Karnal__Nilokheri.pdf
Karnal,Nilokheri,46,Manchuri,Woman,NONE,1,Kailasho Devi,Sanjeev Kumar,0,0,Women,latin,1,7591,Karnal__Nilokheri.pdf
Karnal,Nilokheri,47,Mohri Jagir,Other than Woman,NONE,0,Karamvir,Kehar Singh,0,0,Other than women,latin,1,7591,Karnal__Nilokheri.pdf
Karnal,Nilokheri,48,Nariana,Woman,NONE,1,Anita Rani,Vijay Kumar,0,0,Women,latin,1,7591,Karnal__Nilokheri.pdf
Karnal,Nilokheri,49,Nigdhu,Other than Woman,NONE,0,Jitender Kumar,Rajkumar,0,0,Other than women,latin,1,7591,Karnal__Nilokheri.pdf
Karnal,Nilokheri,50,Nilokheri (Rural),Woman,NONE,1,Vikramjeet Kaur,Narinder Pal Singh,0,0,Women,latin,1,7591,Karnal__Nilokheri.pdf
Karnal,Nilokheri,51,Padhana,Other than Woman,NONE,0,Aashish Kumar,Parveen Kumar,0,0,Other than women,latin,1,7591,Karnal__Nilokheri.pdf
Karnal,Nilokheri,52,Pakhana,SC Other than Woman,SC,0,Khusi Ram,Balbir Singh,0,0,Scheduled Caste Other than women,latin,1,7591,Karnal__Nilokheri.pdf
Karnal,Nilokheri,53,Parwala,Woman,NONE,1,Ruma Devi,Satbir Singh,0,0,Women,latin,1,7591,Karnal__Nilokheri.pdf
Karnal,Nilokheri,54,Pastana,SC Woman,SC,1,Phool Kumari,Gopal Dass,0,0,Scheduled Caste Women,latin,1,7591,Karnal__Nilokheri.pdf
Karnal,Nilokheri,55,Patanpuri,SC Other than Woman,SC,0,Ravinder Kumar,Ilam Singh,0,0,Scheduled Caste Other than women,latin,1,7591,Karnal__Nilokheri.pdf
Karnal,Nilokheri,56,Pujam,Other than Woman,NONE,0,Suvacant Kumar,Rampal,0,0,Other than women,latin,1,7591,Karnal__Nilokheri.pdf
Karnal,Nilokheri,57,Raipur Roran,Woman,NONE,1,Sushma Rani,Vinod Kumar,0,0,Women,latin,1,7591,Karnal__Nilokheri.pdf
Karnal,Nilokheri,58,Raison,Other than Woman,NONE,0,Sandeep Singh,Ram Singh,0,0,Other than women,latin,1,7591,Karnal__Nilokheri.pdf
Karnal,Nilokheri,59,Rajgarh,Woman,NONE,1,Parminder Kaur,Nirmal Singh,1,0,Women,latin,1,7591,Karnal__Nilokheri.pdf
Karnal,Nilokheri,60,Ramana Ramani,Other than Woman,NONE,0,Malkeet Singh,Gurmeet Singh,0,0,Other than women,latin,1,7591,Karnal__Nilokheri.pdf
Karnal,Nilokheri,61,Sagga,SC Woman,SC,1,Bindu,Jony,0,0,Scheduled Caste Women,latin,1,7591,Karnal__Nilokheri.pdf
Karnal,Nilokheri,62,Samanabahu,Woman,NONE,1,Karamjeet Kaur,Kuldeep Singh,0,0,Women,latin,1,7591,Karnal__Nilokheri.pdf
Karnal,Nilokheri,63,Sambhi,SC Other than Woman,SC,0,Gobind Singh,Amar Nath,0,0,Scheduled Caste Other than women,latin,1,7591,Karnal__Nilokheri.pdf
Karnal,Nilokheri,64,Sandhir,BC-A Other than Woman,BC_A,0,Dharm Pal,Bhagat Ram,0,0,Backward Class 'A' other than Women,latin,1,7591,Karnal__Nilokheri.pdf
Karnal,Nilokheri,65,Sanwant,Woman,NONE,1,Suman Devi,Sher Singh,0,0,Women,latin,1,7591,Karnal__Nilokheri.pdf
Karnal,Nilokheri,66,Seedpur,BC-A Other than Woman,BC_A,0,Mukesh,Ramdiya,0,0,Backward Class 'A' other than Women,latin,1,7591,Karnal__Nilokheri.pdf
Karnal,Nilokheri,67,Shamgarh,Woman,NONE,1,Gul Dhillon,Ravijit Singh,0,0,Women,latin,1,7591,Karnal__Nilokheri.pdf
Karnal,Nilokheri,68,Shekhanpur,Other than Woman,NONE,0,Malkeet Singh,Harpal Singh,0,0,Other than women,latin,1,7591,Karnal__Nilokheri.pdf
Karnal,Nilokheri,69,Sikri,SC Woman,SC,1,Shalu,Parveen Kumar,0,0,Scheduled Caste Women,latin,1,7591,Karnal__Nilokheri.pdf
Karnal,Nilokheri,70,Sitamai,SC Other than Woman,SC,0,Shiv Kumar,Badri Dash,0,0,Scheduled Caste Other than women,latin,1,7591,Karnal__Nilokheri.pdf
Karnal,Nilokheri,71,Sohlo,SC Woman,SC,1,Sunita Rani,Surender Kumar,0,0,Scheduled Caste Women,latin,1,7591,Karnal__Nilokheri.pdf
Karnal,Nilokheri,72,Sonkra,Woman,NONE,1,Narinder Kaur,Sewa Singh,0,0,Women,latin,1,7591,Karnal__Nilokheri.pdf
Karnal,Nilokheri,73,Sultanpur,Other than Woman,NONE,0,Jasmer Singh,Tara Chand,0,0,Other than women,latin,1,7591,Karnal__Nilokheri.pdf
Karnal,Nilokheri,74,Takhana Colony,SC Other than Woman,SC,0,Kapil,Bale Ram,0,0,Scheduled Caste Other than women,latin,1,7591,Karnal__Nilokheri.pdf
Karnal,Nilokheri,75,Takhana Khalsa,BC-A Woman,BC_A,1,Usha Rani,Pawan Kumar,0,0,Backward Class 'A' Women,latin,1,7591,Karnal__Nilokheri.pdf
Karnal,Nilokheri,76,Unispur,Other than Woman,NONE,0,Prince,Ramesh Chand,0,0,Other than women,latin,1,7591,Karnal__Nilokheri.pdf
Karnal,Nissing,1,Amupur,Other than Woman,NONE,0,Youdhveer Singh,Bhupinder Singh Rana,0,0, Other than women,latin,1,7582,Karnal__Nissing.pdf
Karnal,Nissing,2,Bastali,Woman,NONE,1,Reena Choudhary,Anil Kumar,0,0,women,latin,1,7582,Karnal__Nissing.pdf
Karnal,Nissing,3,Bir Dhandari,Other than Woman,NONE,0,Manjeet,Ami Chand,0,0,Other than Women,latin,1,7582,Karnal__Nissing.pdf
Karnal,Nissing,4,Bras Khurd,SC Other than Woman,SC,0,Vinod Kumar,Puran Chand,0,0,Scheduled Caste Other than women,latin,1,7582,Karnal__Nissing.pdf
Karnal,Nissing,5,Brass,SC Woman,SC,1,,,0,1,Scheduled Caste women,latin,1,7582,Karnal__Nissing.pdf
Karnal,Nissing,6,Chakda,Woman,NONE,1,Manpreet Kaur,Prabhdeep Singh,0,0,women,latin,1,7582,Karnal__Nissing.pdf
Karnal,Nissing,7,Dachar,SC Other than Woman,SC,0,,,0,1,Scheduled Caste Other than women,latin,1,7582,Karnal__Nissing.pdf
Karnal,Nissing,8,Fatehgarh,Other than Woman,NONE,0,,,0,1,Other than Women,latin,1,7582,Karnal__Nissing.pdf
Karnal,Nissing,9,Gobindgarh,Woman,NONE,1,Rajwinder Kaur,Jatinder Singh,0,0,women,latin,1,7582,Karnal__Nissing.pdf
Karnal,Nissing,10,Gohida,Other than Woman,NONE,0,,,0,1,Other than Women,latin,1,7582,Karnal__Nissing.pdf
Karnal,Nissing,11,Gonder,Woman,NONE,1,Kavita Rani,Mohan Lal,0,0,women,latin,1,7582,Karnal__Nissing.pdf
Karnal,Nissing,12,Gularpur,SC Woman,SC,1,,,0,1,Scheduled Caste women,latin,1,7582,Karnal__Nissing.pdf
Karnal,Nissing,13,Guniana,Other than Woman,NONE,0,Sujeet Kumar,Jai Pal Singh,0,0,Other than Women,latin,1,7582,Karnal__Nissing.pdf
Karnal,Nissing,14,Jalala Viran,SC Other than Woman,SC,0,,,0,1,Scheduled Caste Other than women,latin,1,7582,Karnal__Nissing.pdf
Karnal,Nissing,15,Kuchpura,BC-A Woman,BC_A,1,Ekta,Naveen,0,0,Backward Class - A women,latin,1,7582,Karnal__Nissing.pdf
Karnal,Nissing,16,Motia,Other than Woman,NONE,0,Jai Chand,Iswar Singh,0,0,Other than Women,latin,1,7582,Karnal__Nissing.pdf
Karnal,Nissing,17,Nissang( Rural),Woman,NONE,1,,,0,1, women,latin,1,7582,Karnal__Nissing.pdf
Karnal,Nissing,18,Prem Khera,Other than Woman,NONE,0,Narender Kumar,Dharam Singh,0,0,Other than Women,latin,1,7582,Karnal__Nissing.pdf
Karnal,Nissing,19,Ranjit Nagar,Woman,NONE,1,Simerjeet Kaur,Ranjeet Singh,0,0,women women,latin,1,7582,Karnal__Nissing.pdf
Karnal,Nissing,20,Sambhli,SC Woman,SC,1,,,0,1,Scheduled Caste women,latin,1,7582,Karnal__Nissing.pdf
Karnal,Nissing,21,Shodapur,BC-A Other than Woman,BC_A,0,,,0,1,Backward Class - A other than women,latin,1,7582,Karnal__Nissing.pdf
Karnal,Nissing,22,Singhra,Woman,NONE,1,Kanwaljeet Kaur,Lakhwinder Singh,0,0,women,latin,1,7582,Karnal__Nissing.pdf
Karnal,Nissing,23,Tharota,Other than Woman,NONE,0,Gurpinder Singh,Hardeep Singh,0,0,Other than Women,latin,1,7582,Karnal__Nissing.pdf
Kurukshetra,Babain,1,Babain,Other than Woman,NONE,0,Sanjeev Kumar,Ram Kumar,0,0,Other than Women,latin,,7725,Kurukshetra__Babain.pdf
Kurukshetra,Babain,2,Bargat,Woman,NONE,1,Manish Rani,Balwant Singh,0,0,Women,latin,1,7725,Kurukshetra__Babain.pdf
Kurukshetra,Babain,3,Bargat Jattan,Other than Woman,NONE,0,Ram Karan,Baljeet Singh,0,0,Other than Women,latin,1,7725,Kurukshetra__Babain.pdf
Kurukshetra,Babain,4,Berthali,BC-A Woman,BC_A,1,Paramjeet Kaur,Sandeep Kumar,0,0,Backward Class ‘A’ Women,latin,1,7725,Kurukshetra__Babain.pdf
Kurukshetra,Babain,5,Berthala,Other than Woman,NONE,0,Sandeep Singh,Phool Singh,0,0,Other than Women,latin,1,7725,Kurukshetra__Babain.pdf
Kurukshetra,Babain,6,Bhagwanpur,SC Other than Woman,SC,0,Lachhman,Nanha Ram,0,0,Scheduled Caste Other than Women,latin,1,7725,Kurukshetra__Babain.pdf
Kurukshetra,Babain,7,Bhaini,SC Woman,SC,1,Neeta Devi,Surinder,0,0,Scheduled Caste Women,latin,1,7725,Kurukshetra__Babain.pdf
Kurukshetra,Babain,8,Bhukhari,Woman,NONE,1,Meenu,Anil Kumar,0,0,Women,latin,1,7725,Kurukshetra__Babain.pdf
Kurukshetra,Babain,9,Bint,Other than Woman,NONE,0,Jasbir Singh,Lala Ram,0,0,Other than Women,latin,1,7725,Kurukshetra__Babain.pdf
Kurukshetra,Babain,10,Bir Kalwa,Woman,NONE,1,Shilpa Rani,Rakesh,0,0,Women,latin,1,7725,Kurukshetra__Babain.pdf
Kurukshetra,Babain,11,Bir Mangoli,Other than Woman,NONE,0,Lajja Ram,Jaipal,0,0,Other than Women,latin,1,7725,Kurukshetra__Babain.pdf
Kurukshetra,Babain,12,Bir Sujra,Woman,NONE,1,Kusum Devi,Sumit Kumar,0,0,Women,latin,1,7725,Kurukshetra__Babain.pdf
Kurukshetra,Babain,13,Buhawa,Other than Woman,NONE,0,Sanjeev Kumar,Dharam Singh,0,0,Other than Women,latin,1,7725,Kurukshetra__Babain.pdf
Kurukshetra,Babain,14,Buhawi,BC-A Woman,BC_A,1,Reeta,Rajesh Kumar,0,0,Backward Class ‘A’ Women,latin,1,7725,Kurukshetra__Babain.pdf
Kurukshetra,Babain,15,Dhanani,Other than Woman,NONE,0,Sukh Shyam,Rameshwar,0,0,Other than Women,latin,1,7725,Kurukshetra__Babain.pdf
Kurukshetra,Babain,16,Ghisarpari,Woman,NONE,1,Neha Rani,Yashdeep,0,0,Women,latin,1,7725,Kurukshetra__Babain.pdf
Kurukshetra,Babain,17,Hamidpur,Other than Woman,NONE,0,Rajbir,Jai Chand,0,0,Other than Women,latin,1,7725,Kurukshetra__Babain.pdf
Kurukshetra,Babain,18,Haripura,BC-A Woman,BC_A,1,Sonia Devi,Pawan Kumar,1,0,Backward Class ‘A’ Women,latin,1,7725,Kurukshetra__Babain.pdf
Kurukshetra,Babain,19,Isherheri,Other than Woman,NONE,0,Gurdeep Singh,Bhag Ji,0,0,Other than Women,latin,1,7725,Kurukshetra__Babain.pdf
Kurukshetra,Babain,20,Jalaludin Majra,Woman,NONE,1,Geeta Devi,Jaswinder,0,0,Women,latin,1,7725,Kurukshetra__Babain.pdf
Kurukshetra,Babain,21,Jalkheri,SC Other than Woman,SC,0,Pinku,Man Singh,0,0,Scheduled Caste Other than Women,latin,1,7725,Kurukshetra__Babain.pdf
Kurukshetra,Babain,22,Jhandola,SC Woman,SC,1,Priyanka,Rahul Kumar,0,0,Scheduled Caste Women,latin,1,7725,Kurukshetra__Babain.pdf
Kurukshetra,Babain,23,Kalal Majra,Other than Woman,NONE,0,Sohan Lal,Mam Raj,0,0,Other than Women,latin,1,7725,Kurukshetra__Babain.pdf
Kurukshetra,Babain,24,Kalwa,Woman,NONE,1,Rajwinder Kaur,Jasdeep Singh,0,0,Women,latin,1,7725,Kurukshetra__Babain.pdf
Kurukshetra,Babain,25,Kasithal,Other than Woman,NONE,0,Ajay Kumar,Barkha Ram,0,0,Other than Women,latin,1,7725,Kurukshetra__Babain.pdf
Kurukshetra,Babain,26,Khirki Viran,Woman,NONE,1,Kiran Devi,Sunil Kumar,0,0,Women,latin,1,7725,Kurukshetra__Babain.pdf
Kurukshetra,Babain,27,Lakhmari,SC Other than Woman,SC,0,Satpal Singh,Karam Singh,0,0,Scheduled Caste Other than Women,latin,,7725,Kurukshetra__Babain.pdf
Kurukshetra,Babain,28,Mahua Kheri,Other than Woman,NONE,0,Rohit Kumar,Rajinder Singh,0,0,Other than Women,latin,1,7725,Kurukshetra__Babain.pdf
Kurukshetra,Babain,29,Mangoli Jattan,SC Woman,SC,1,Neelam Devi,Sandeep,0,0,Scheduled Caste Women,latin,1,7725,Kurukshetra__Babain.pdf
Kurukshetra,Babain,30,Mangoli Rangran,Woman,NONE,1,Paramjeet,Tajbir Singh,1,0,Women,latin,1,7725,Kurukshetra__Babain.pdf
Kurukshetra,Babain,31,Mercheri,Other than Woman,NONE,0,Gurmeet Singh,Same Singh,0,0,Other than Women,latin,1,7725,Kurukshetra__Babain.pdf
Kurukshetra,Babain,32,Nakhrojpur,Woman,NONE,1,Gunjandeep,Rajender Singh,1,0,Women,latin,1,7725,Kurukshetra__Babain.pdf
Kurukshetra,Babain,33,Phalsanda Jattan,Other than Woman,NONE,0,Naresh Pal,Amrow Singh,0,0,Other than Women,latin,1,7725,Kurukshetra__Babain.pdf
Kurukshetra,Babain,34,Phalsanda Rangran,Woman,NONE,1,Geeta Devi,Rajesh Kumar,0,0,Women,latin,1,7725,Kurukshetra__Babain.pdf
Kurukshetra,Babain,35,Ram Nagar,Other than Woman,NONE,0,Gurbachan,Shyam Lal,1,0,Other than Women,latin,1,7725,Kurukshetra__Babain.pdf
Kurukshetra,Babain,36,Ram Nagar,SC Other than Woman,SC,0,Gurmeet Singh,Jaipal,0,0,Scheduled Caste Other than Women,latin,1,7725,Kurukshetra__Babain.pdf
Kurukshetra,Babain,37,Ram Saran Majra,Woman,NONE,1,Reena Devi,Neeraj Kumar,0,0,Women,latin,1,7725,Kurukshetra__Babain.pdf
Kurukshetra,Babain,38,Rampura,Other than Woman,NONE,0,Nawab Singh,Parkash Singh,0,0,Other than Women,latin,1,7725,Kurukshetra__Babain.pdf
Kurukshetra,Babain,39,Rurki,SC Woman,SC,1,Rajwant Kaur,Kulwinder,0,0,Scheduled Caste Women,latin,1,7725,Kurukshetra__Babain.pdf
Kurukshetra,Babain,40,Saini Majra,Woman,NONE,1,Suman Devi,Jasbir Singh,0,0,Women,latin,1,7725,Kurukshetra__Babain.pdf
Kurukshetra,Babain,41,Sanghore,Other than Woman,NONE,0,Rakesh Kumar,Mamchand,0,0,Other than Women,latin,1,7725,Kurukshetra__Babain.pdf
Kurukshetra,Babain,42,Simbalwal,Woman,NONE,1,Seema,Sandeep,1,0,Women,latin,1,7725,Kurukshetra__Babain.pdf
Kurukshetra,Babain,43,Sunarian,SC Other than Woman,SC,0,Vikram Singh,Jarnail Singh,0,0,Scheduled Caste Other than Women,latin,1,7725,Kurukshetra__Babain.pdf
Kurukshetra,Babain,44,Tatka,Other than Woman,NONE,0,Duni Chand,Mukh Ram,0,0,Other than Women,latin,1,7725,Kurukshetra__Babain.pdf
Kurukshetra,Babain,45,Tatki,BC-A Woman,BC_A,1,Raj Rani,Ranbir Singh,0,0,Backward Class ‘A’ Women,latin,1,7725,Kurukshetra__Babain.pdf
Kurukshetra,Ismailabad,1,Ajmat Pur,Other than Woman,NONE,0,Raghbir Singh,Jetha Singh,0,0,Other than Women,latin,1,7761,Kurukshetra__Ismailabad.pdf
Kurukshetra,Ismailabad,2,Ajrana Khurd,Woman,NONE,1,Sunita Devi,Suraj Bhan,0,0,Women,latin,1,7761,Kurukshetra__Ismailabad.pdf
Kurukshetra,Ismailabad,3,Ajrawar,Other than Woman,NONE,0,Surjit Singh,Balwant Singh,0,0,Other than Women,latin,1,7761,Kurukshetra__Ismailabad.pdf
Kurukshetra,Ismailabad,4,Bachki,SC Other than Woman,SC,0,Nirmal Singh,Baldev Singh,1,0,Scheduled Caste Other than Women,latin,1,7761,Kurukshetra__Ismailabad.pdf
Kurukshetra,Ismailabad,5,Basant Pur,Woman,NONE,1,Mukesh Rani,Vikram Singh,0,0,Women,latin,1,7761,Kurukshetra__Ismailabad.pdf
Kurukshetra,Ismailabad,6,Bhusthala,SC Woman,SC,1,Mamta Rani,Surajbhan,0,0,Scheduled Caste Women,latin,1,7761,Kurukshetra__Ismailabad.pdf
Kurukshetra,Ismailabad,7,Chammu Kalan,Other than Woman,NONE,0,D C Marwaha,Sahab Singh,0,0,Other than Women,latin,1,7761,Kurukshetra__Ismailabad.pdf
Kurukshetra,Ismailabad,8,Dalla Majra,SC Other than Woman,SC,0,Ram Karan,Tulsi Ram,0,0,Scheduled Caste Other than Women,latin,1,7761,Kurukshetra__Ismailabad.pdf
Kurukshetra,Ismailabad,9,Dera Suraj Garh,Woman,NONE,1,Meena Saini,Sandeep,0,0,Women,latin,1,7761,Kurukshetra__Ismailabad.pdf
Kurukshetra,Ismailabad,10,Dunia Majra,Other than Woman,NONE,0,Gurbaj Singh,Shisha Singh,0,0,Other than Women,latin,1,7761,Kurukshetra__Ismailabad.pdf
Kurukshetra,Ismailabad,11,Fatehgarh Chammu,SC Woman,SC,1,Neetu Rani,Sandeep,0,0,Scheduled Caste Women,latin,1,7761,Kurukshetra__Ismailabad.pdf
Kurukshetra,Ismailabad,12,Gangheri,Woman,NONE,1,Sanampreet,Gurlal Singh,0,0,Women,latin,1,7761,Kurukshetra__Ismailabad.pdf
Kurukshetra,Ismailabad,13,Gogpur,SC Other than Woman,SC,0,Rohit,Mam Chand,0,0,Scheduled Caste Other than Women,latin,1,7761,Kurukshetra__Ismailabad.pdf
Kurukshetra,Ismailabad,14,Gorkha,BC-A Other than Woman,BC_A,0,Gurnam Singh,Nikka Ram,0,0,Backward Class ‘A’ Other than Women,latin,1,7761,Kurukshetra__Ismailabad.pdf
Kurukshetra,Ismailabad,15,Jalbhera,Woman,NONE,1,Reena Devi,Rajesh Kumar,0,0,Women,latin,1,7761,Kurukshetra__Ismailabad.pdf
Kurukshetra,Ismailabad,16,Jhansa,Other than Woman,NONE,0,Pawan Kumar,Bhagwan Dass,0,0,Other than Women,latin,1,7761,Kurukshetra__Ismailabad.pdf
Kurukshetra,Ismailabad,17,Jhinwarheri,SC Woman,SC,1,Lakhbir Kaur,Pawan Kumar,0,0,Scheduled Caste Women,latin,1,7761,Kurukshetra__Ismailabad.pdf
Kurukshetra,Ismailabad,18,Kainthala,Woman,NONE,1,Kamaldeep,Malak Singh,0,0,Women,latin,1,7761,Kurukshetra__Ismailabad.pdf
Kurukshetra,Ismailabad,19,Kheri Shahidan,SC Other than Woman,SC,0,Shalinder,Sadhu Ram,0,0,Scheduled Caste Other than Women,latin,1,7761,Kurukshetra__Ismailabad.pdf
Kurukshetra,Ismailabad,20,Kumhar Majra,Other than Woman,NONE,0,Manjinder,Nishaber Singh,0,0,Other than Women,latin,1,7761,Kurukshetra__Ismailabad.pdf
Kurukshetra,Ismailabad,21,Lotni,Woman,NONE,1,Reeta Rani,Kulbir Singh,0,0,Women,latin,1,7761,Kurukshetra__Ismailabad.pdf
Kurukshetra,Ismailabad,22,Madadoo,Other than Woman,NONE,0,Satish Singh,Baljeet Singh,0,0,Other than Women,latin,1,7761,Kurukshetra__Ismailabad.pdf
Kurukshetra,Ismailabad,23,Majri Kalan,Woman,NONE,1,Neelam Devi,Satender,0,0,Women,latin,1,7761,Kurukshetra__Ismailabad.pdf
Kurukshetra,Ismailabad,24,Malik Pur,Other than Woman,NONE,0,Ravinder,Jaipal,0,0,Other than Women,latin,1,7761,Kurukshetra__Ismailabad.pdf
Kurukshetra,Ismailabad,25,Mandheri,BC-A Woman,BC_A,1,Saravjeet Kaur,Satish Kumar,0,0,Backward Class ‘A’ Women,latin,1,7761,Kurukshetra__Ismailabad.pdf
Kurukshetra,Ismailabad,26,Mandi,Other than Woman,NONE,0,Akashdeep,Hardev Singh,1,0,Other than Women,latin,1,7761,Kurukshetra__Ismailabad.pdf
Kurukshetra,Ismailabad,27,Megha Majra,Woman,NONE,1,Malkeet Kaur,Sukhwinder,0,0,Women,latin,1,7761,Kurukshetra__Ismailabad.pdf
Kurukshetra,Ismailabad,28,Naisi,Other than Woman,NONE,0,Kawaljeet,Didar Singh,1,0,Other than Women,latin,1,7761,Kurukshetra__Ismailabad.pdf
Kurukshetra,Ismailabad,29,Pipli Majra,SC Woman,SC,1,Surjeet Kaur,Desh Pal,0,0,Scheduled Caste Women,latin,1,7761,Kurukshetra__Ismailabad.pdf
Kurukshetra,Ismailabad,30,Rohti,Woman,NONE,1,Shikha Devi,Manoj Kumar,0,0,Women,latin,1,7761,Kurukshetra__Ismailabad.pdf
Kurukshetra,Ismailabad,31,Saini Majra,Other than Woman,NONE,0,Satish Kumar,Puran Singh,0,0,Other than Women,latin,1,7761,Kurukshetra__Ismailabad.pdf
Kurukshetra,Ismailabad,32,Salpani Kalan,Woman,NONE,1,Parwinder Kaur,Pargat Singh,0,0,Women,latin,1,7761,Kurukshetra__Ismailabad.pdf
Kurukshetra,Ismailabad,33,Salpani Khurd,Other than Woman,NONE,0,Jasvinder,Gurdeep Singh,0,0,Other than Women,latin,1,7761,Kurukshetra__Ismailabad.pdf
Kurukshetra,Ismailabad,34,Shanti Nagar,BC-A Woman,BC_A,1,Shilpi,Pardeep Verma,0,0,Backward Class ‘A’ Women,latin,1,7761,Kurukshetra__Ismailabad.pdf
Kurukshetra,Ismailabad,35,Shergarh,Other than Woman,NONE,0,Gurjant Saini,Sucha Singh,0,0,Other than Women,latin,1,7761,Kurukshetra__Ismailabad.pdf
Kurukshetra,Ismailabad,36,Tabra,SC Other than Woman,SC,0,Pritam Singh,Karta Ram,0,0,Scheduled Caste Other than Women,latin,1,7761,Kurukshetra__Ismailabad.pdf
Kurukshetra,Ismailabad,37,Tangoli,Woman,NONE,1,Reeta Rani,Jagroop Singh,0,0,Women,latin,1,7761,Kurukshetra__Ismailabad.pdf
Kurukshetra,Ismailabad,38,Thandran,Other than Woman,NONE,0,Shish Pal,Ram Sharan,0,0,Other than Women,latin,1,7761,Kurukshetra__Ismailabad.pdf
Kurukshetra,Ismailabad,39,Tharauli,Woman,NONE,1,Sarabjeet Kaur,Ram Jas,0,0,Women,latin,1,7761,Kurukshetra__Ismailabad.pdf
Kurukshetra,Ismailabad,40,Thaska Ali,Other than Woman,NONE,0,Harpreet Singh,Balkar Singh,0,0,Other than Women,latin,1,7761,Kurukshetra__Ismailabad.pdf
Kurukshetra,Ismailabad,41,Thaska Mira Ji,SC Woman,SC,1,Meena Kumari,Somnath,0,0,Scheduled Caste Women,latin,1,7761,Kurukshetra__Ismailabad.pdf
Kurukshetra,Ismailabad,42,Thol,Woman,NONE,1,Rooma,Balinder Singh,0,0,Women,latin,1,7761,Kurukshetra__Ismailabad.pdf
Kurukshetra,Ladwa,1,Badach Pur,Other than Woman,NONE,0,Satish Kumar,Amar Singh,0,0,Other than Women,latin,1,7770,Kurukshetra__Ladwa.pdf
Kurukshetra,Ladwa,2,Badar Pur,SC Other than Woman,SC,0,Karambir,Banarsi,0,0,Scheduled Caste Other than Women,latin,1,7770,Kurukshetra__Ladwa.pdf
Kurukshetra,Ladwa,3,Bahlolpur,Woman,NONE,1,Neha Saini,Amanpreet,0,0,Women,latin,1,7770,Kurukshetra__Ladwa.pdf
Kurukshetra,Ladwa,4,Bakali,Other than Woman,NONE,0,Parvinder Singh,Ran Singh,0,0,Other than Women,latin,1,7770,Kurukshetra__Ladwa.pdf
Kurukshetra,Ladwa,5,Ban,Woman,NONE,1,Satvinder Kaur,Balkar Singh,0,0,Women,latin,1,7770,Kurukshetra__Ladwa.pdf
Kurukshetra,Ladwa,6,Bani,Other than Woman,NONE,0,Parmod Kumar,Baldev Singh,0,0,Other than Women,latin,1,7770,Kurukshetra__Ladwa.pdf
Kurukshetra,Ladwa,7,Bapda,Woman,NONE,1,Monika Devi,Neeraj Kumar,0,0,Women,latin,1,7770,Kurukshetra__Ladwa.pdf
Kurukshetra,Ladwa,8,Bapdi,Other than Woman,NONE,0,Rajinder Singh,Prem Chand,0,0,Other than Women,latin,1,7770,Kurukshetra__Ladwa.pdf
Kurukshetra,Ladwa,9,Baraunda,Woman,NONE,1,Malkit Kaur,Baldev Singh,0,0,Women,latin,1,7770,Kurukshetra__Ladwa.pdf
Kurukshetra,Ladwa,10,Baraundi,BC-A Other than Woman,BC_A,0,Balwan Singh,Nasib Singh,0,0,Backward Class ‘A’ Other than Women,latin,1,7770,Kurukshetra__Ladwa.pdf
Kurukshetra,Ladwa,11,Baraut,Woman,NONE,1,Sashi Bala,Gulshan Lal,1,0,Women,latin,1,7770,Kurukshetra__Ladwa.pdf
Kurukshetra,Ladwa,12,Barhan,Other than Woman,NONE,0,Jaswinder Singh,Amreek Singh,0,0,Other than Women,latin,1,7770,Kurukshetra__Ladwa.pdf
Kurukshetra,Ladwa,13,Barshami,Woman,NONE,1,Sushma Devi,Neeraj,0,0,Women,latin,1,7770,Kurukshetra__Ladwa.pdf
Kurukshetra,Ladwa,14,Bartoli,SC Woman,SC,1,Aarti Devi,Gurmeet Singh,0,0,Scheduled Caste Women,latin,1,7770,Kurukshetra__Ladwa.pdf
Kurukshetra,Ladwa,15,Bhallar,SC Other than Woman,SC,0,Balkar Singh,Harphool Singh,0,0,Scheduled Caste Other than Women,latin,1,7770,Kurukshetra__Ladwa.pdf
Kurukshetra,Ladwa,16,Bhoot Majra,Other than Woman,NONE,0,Anil Kumar,Amarnath,0,0,Other than Women,latin,1,7770,Kurukshetra__Ladwa.pdf
Kurukshetra,Ladwa,17,Bir Bhartauli,Woman,NONE,1,Sheetal Saini,Rakesh Kumar,0,0,Women,latin,1,7770,Kurukshetra__Ladwa.pdf
Kurukshetra,Ladwa,18,Bir Sonti,SC Woman,SC,1,Manju Bala,Kuldeep Singh,0,0,Scheduled Caste Women,latin,1,7770,Kurukshetra__Ladwa.pdf
Kurukshetra,Ladwa,19,Budha,Other than Woman,NONE,0,Sanjay Kumar,Bhim Singh,0,0,Other than Women,latin,1,7770,Kurukshetra__Ladwa.pdf
Kurukshetra,Ladwa,20,Chhalaundi,Woman,NONE,1,Reshmi Devi,Rameshwar,0,0,Women,latin,1,7770,Kurukshetra__Ladwa.pdf
Kurukshetra,Ladwa,21,Chhapra,Other than Woman,NONE,0,Rajender Kumar,Vijay Singh,0,0,Other than Women,latin,1,7770,Kurukshetra__Ladwa.pdf
Kurukshetra,Ladwa,22,Dabkhera,Woman,NONE,1,Jaswinder Kaur,Swaran Singh,0,0,Women,latin,1,7770,Kurukshetra__Ladwa.pdf
Kurukshetra,Ladwa,23,Dhanora Jattan,Other than Woman,NONE,0,Subhash Chand,Ajit Singh,0,0,Other than Women,latin,1,7770,Kurukshetra__Ladwa.pdf
Kurukshetra,Ladwa,24,Dhyangla,SC Other than Woman,SC,0,Rajpal,Krishan Lal,0,0,Scheduled Caste Other than Women,latin,1,7770,Kurukshetra__Ladwa.pdf
Kurukshetra,Ladwa,25,Dudha,BC-A Woman,BC_A,1,Sahida,Gulfan,0,0,Backward Class ‘A’ Women,latin,0,7770,Kurukshetra__Ladwa.pdf
Kurukshetra,Ladwa,26,Dudhi,Other than Woman,NONE,0,Jai Narayan,Sulekh Chand,0,0,Other than Women,latin,1,7770,Kurukshetra__Ladwa.pdf
Kurukshetra,Ladwa,27,Dugari,Woman,NONE,1,Paramjeet Kaur,Karambir,0,0,Women,latin,1,7770,Kurukshetra__Ladwa.pdf
Kurukshetra,Ladwa,28,Gajlana,Other than Woman,NONE,0,Prem Chand,Satpal Singh,0,0,Other than Women,latin,1,7770,Kurukshetra__Ladwa.pdf
Kurukshetra,Ladwa,29,"Gangori,",Woman,NONE,1,Babita Rani,Sandeep Kumar,0,0,Women,latin,1,7770,Kurukshetra__Ladwa.pdf
Kurukshetra,Ladwa,30,Gharaula,Other than Woman,NONE,0,Suraj,Arjun,0,0,Other than Women,latin,1,7770,Kurukshetra__Ladwa.pdf
Kurukshetra,Ladwa,31,Girdhar Pura,Woman,NONE,1,Gumeet Kaur,Davinder Singh,1,0,Women,latin,1,7770,Kurukshetra__Ladwa.pdf
Kurukshetra,Ladwa,32,Gobindgarh,SC Woman,SC,1,Pooja Devi,Ajay Kumar,0,0,Scheduled Caste Women,latin,1,7770,Kurukshetra__Ladwa.pdf
Kurukshetra,Ladwa,33,Gudha,SC Other than Woman,SC,0,Surjeet Singh,Chandu Singh,0,0,Scheduled Caste Other than Women,latin,1,7770,Kurukshetra__Ladwa.pdf
Kurukshetra,Ladwa,34,Gudhi,Other than Woman,NONE,0,Gurdeep Singh,Gyan Chand,1,0,Other than Women,latin,1,7770,Kurukshetra__Ladwa.pdf
Kurukshetra,Ladwa,35,Halal Pur,SC Woman,SC,1,Chandershila,Manoj Kumar,0,0,Scheduled Caste Women,latin,1,7770,Kurukshetra__Ladwa.pdf
Kurukshetra,Ladwa,36,Jainpur Jattan,Woman,NONE,1,Ritu Singh,Rajinder Kumar,0,0,Women,latin,1,7770,Kurukshetra__Ladwa.pdf
Kurukshetra,Ladwa,37,Jandhera,Other than Woman,NONE,0,Lokesh Kumar,Moman Ram,0,0,Other than Women,latin,1,7770,Kurukshetra__Ladwa.pdf
Kurukshetra,Ladwa,38,Jogi Majra,Woman,NONE,1,Pooja Sharma,Punit Sharma,0,0,Women,latin,1,7770,Kurukshetra__Ladwa.pdf
Kurukshetra,Ladwa,39,Kali Rano,Other than Woman,NONE,0,Rajiv Kumar,Prem Chand,0,0,Other than Women,latin,1,7770,Kurukshetra__Ladwa.pdf
Kurukshetra,Ladwa,40,Kharkali,Woman,NONE,1,Narinder Kaur,Swaran Singh,0,0,Women,latin,1,7770,Kurukshetra__Ladwa.pdf
Kurukshetra,Ladwa,41,Kheri Dabdalan,SC Other than Woman,SC,0,Baljor Singh,Phulla Ram,0,0,Scheduled Caste Other than Women,latin,1,7770,Kurukshetra__Ladwa.pdf
Kurukshetra,Ladwa,42,Lathi Dhanaura,BC-A Other than Woman,BC_A,0,Balinder Kumar,Ram Chander,0,0,Backward Class ‘A’ Other than Women,latin,1,7770,Kurukshetra__Ladwa.pdf
Kurukshetra,Ladwa,43,Lohara,Woman,NONE,1,Kiran Devi,Mahinder Singh,0,0,Women,latin,1,7770,Kurukshetra__Ladwa.pdf
Kurukshetra,Ladwa,44,Mehra,Other than Woman,NONE,0,Surmukh Singh,Ram Singh,0,0,Other than Women,latin,1,7770,Kurukshetra__Ladwa.pdf
Kurukshetra,Ladwa,45,Murad Nagar,SC Woman,SC,1,Rekha Rani,Ran Pal,0,0,Scheduled Caste Women,latin,1,7770,Kurukshetra__Ladwa.pdf
Kurukshetra,Ladwa,46,Niwarsi,SC Other than Woman,SC,0,Pardeep Kumar,Surta Ram,0,0,Scheduled Caste Other than Women,latin,1,7770,Kurukshetra__Ladwa.pdf
Kurukshetra,Ladwa,47,Patak Majra,SC Woman,SC,1,Promila Rani,Sanjeev Kumar,0,0,Scheduled Caste Women,latin,1,7770,Kurukshetra__Ladwa.pdf
Kurukshetra,Ladwa,48,Prahlad Pur,Woman,NONE,1,Suman,Shishpal,0,0,Women,latin,1,7770,Kurukshetra__Ladwa.pdf
Kurukshetra,Ladwa,49,Salem Pur,Other than Woman,NONE,0,Sushil Kumar,Amarnath Sharma,0,0,Other than Women,latin,1,7770,Kurukshetra__Ladwa.pdf
Kurukshetra,Ladwa,50,Shahjad Pur,Woman,NONE,1,Rekha Rani,Rajesh Kumar,0,0,Women,latin,1,7770,Kurukshetra__Ladwa.pdf
Kurukshetra,Ladwa,51,Sonti,Other than Woman,NONE,0,Supinder Singh,Pritam Singh,0,0,Other than Women,latin,1,7770,Kurukshetra__Ladwa.pdf
Kurukshetra,Ladwa,52,Sultan Pur,BC-A Woman,BC_A,1,Mamta Rani,Rohtash Kumar,0,0,Backward Class ‘A’ Women,latin,0,7770,Kurukshetra__Ladwa.pdf
Kurukshetra,Ladwa,53,Sura,Other than Woman,NONE,0,Nitin Punia,Balvinder Singh,0,0,Other than Women,latin,1,7770,Kurukshetra__Ladwa.pdf
Kurukshetra,Pehowa,1,Adhoya,Other than Woman,NONE,0,Chain Singh,Piara Singh,0,0,Other than Women,latin,1,7779,Kurukshetra__Pehowa.pdf
Kurukshetra,Pehowa,2,Arnai,Woman,NONE,1,Suman Lata,Ram Kumar,0,0,Women,latin,1,7779,Kurukshetra__Pehowa.pdf
Kurukshetra,Pehowa,3,Arnaicha,BC-A Other than Woman,BC_A,0,Ram Lal,Kurdiya Ram,0,0,Backward Class 'A' Other than Women,latin,1,7779,Kurukshetra__Pehowa.pdf
Kurukshetra,Pehowa,4,Asmanpur,Woman,NONE,1,Amandeep Kaur,Parveen Kumar,0,0,Women,latin,1,7779,Kurukshetra__Pehowa.pdf
Kurukshetra,Pehowa,5,Bakhli Kalan,Other than Woman,NONE,0,Baljit Singh,Rai Singh,0,0,Other than Women,latin,1,7779,Kurukshetra__Pehowa.pdf
Kurukshetra,Pehowa,6,Bakhli Khurd,SC Other than Woman,SC,0,Surinder Singh,Dhani Ram,1,0,Scheduled Caste Other than Women,latin,1,7779,Kurukshetra__Pehowa.pdf
Kurukshetra,Pehowa,7,Batheri,SC Woman,SC,1,Virender,Gurdev Singh,0,0,Scheduled Caste Women,latin,1,7779,Kurukshetra__Pehowa.pdf
Kurukshetra,Pehowa,8,Bherian,SC Other than Woman,SC,0,Ashok Kumar,Vir Chand,0,0,Scheduled Caste Other than Women,latin,1,7779,Kurukshetra__Pehowa.pdf
Kurukshetra,Pehowa,9,Bodha,Other than Woman,NONE,0,Ramchander,Ajmer Puri,0,0,Other than Women,latin,1,7779,Kurukshetra__Pehowa.pdf
Kurukshetra,Pehowa,10,Bhor Saidan,BC-A Woman,BC_A,1,Manisha Devi,Jalinder Singh,0,0,Backward Class 'A' Women,latin,1,7779,Kurukshetra__Pehowa.pdf
Kurukshetra,Pehowa,11,Bibipur Kalan,SC Woman,SC,1,Satya Rani,Naresh Kumar,0,0,Scheduled Caste Women,latin,1,7779,Kurukshetra__Pehowa.pdf
Kurukshetra,Pehowa,12,Bilochpura,SC Other than Woman,SC,0,Sultan,Nikka Ram,0,0,Scheduled Caste Other than Women,latin,1,7779,Kurukshetra__Pehowa.pdf
Kurukshetra,Pehowa,13,Bodhni,Woman,NONE,1,Balwant Kaur,Salinder Singh,0,0,Women,latin,1,7779,Kurukshetra__Pehowa.pdf
Kurukshetra,Pehowa,14,Chanalheri,BC-A Other than Woman,BC_A,0,Prince Kumar,Jasmer Singh,0,0,Backward Class 'A' Other than Women,latin,1,7779,Kurukshetra__Pehowa.pdf
Kurukshetra,Pehowa,15,Chhajupur,Other than Woman,NONE,0,Gurmehar Singh,Ajit Singh,0,0,Other than Women,latin,1,7779,Kurukshetra__Pehowa.pdf
Kurukshetra,Pehowa,16,Chhailon,Woman,NONE,1,Karamjeet Rani,Rajesh Kumar,0,0,Women,latin,1,7779,Kurukshetra__Pehowa.pdf
Kurukshetra,Pehowa,17,Chuniya Farm,SC Woman,SC,1,Tamana,Kuldeep Singh,0,0,Scheduled Caste Women,latin,1,7779,Kurukshetra__Pehowa.pdf
Kurukshetra,Pehowa,18,Dera Fateh Singh,Woman,NONE,1,Lakhwinder Jit Kaur,Amarjeet Singh,1,0,Women,latin,1,7779,Kurukshetra__Pehowa.pdf
Kurukshetra,Pehowa,19,Dera Nanakpura,SC Other than Woman,SC,0,Mandeep Singh,Vikram Singh,0,0,Scheduled Caste Other than Women,latin,1,7779,Kurukshetra__Pehowa.pdf
Kurukshetra,Pehowa,20,Dhaniram Pura,Other than Woman,NONE,0,Vikal Kumar Chobey,Parmanand Chobe,0,0,Other than Women,latin,1,7779,Kurukshetra__Pehowa.pdf
Kurukshetra,Pehowa,21,Dhulgarh,BC-A Woman,BC_A,1,Sonia Devi,Dilbag Singh,1,0,Backward Class 'A' Women,latin,1,7779,Kurukshetra__Pehowa.pdf
Kurukshetra,Pehowa,22,Diwana,Other than Woman,NONE,0,Ramnath,Kaliram,0,0,Other than Women,latin,1,7779,Kurukshetra__Pehowa.pdf
Kurukshetra,Pehowa,23,Galedwa,Woman,NONE,1,Navneet Kaur,Hardeep Singh,0,0,Women,latin,1,7779,Kurukshetra__Pehowa.pdf
Kurukshetra,Pehowa,24,Garhi Langri,SC Woman,SC,1,Ranjeet Kaur,Dalbir Singh,0,0,Scheduled Caste Women,latin,1,7779,Kurukshetra__Pehowa.pdf
Kurukshetra,Pehowa,25,Garhi Rodan,SC Other than Woman,SC,0,Amit Kumar,Balbir Singh,0,0,Scheduled Caste Other than Women,latin,1,7779,Kurukshetra__Pehowa.pdf
Kurukshetra,Pehowa,26,Garhi Singha,Other than Woman,NONE,0,Dilbag Singh,Harbhajan Singh,0,0,Other than Women,latin,1,7779,Kurukshetra__Pehowa.pdf
Kurukshetra,Pehowa,27,Guldehra,SC Woman,SC,1,Jyoti,Pardeep,0,0,Scheduled Caste Women,latin,0,7779,Kurukshetra__Pehowa.pdf
Kurukshetra,Pehowa,28,Gumthala Garhu,Woman,NONE,1,Ravneet Kaur,Amarjeet Singh,0,0,Women,latin,1,7779,Kurukshetra__Pehowa.pdf
Kurukshetra,Pehowa,29,Hamira Farm,SC Other than Woman,SC,0,Vijay Kumar,Ram Nath,0,0,Scheduled Caste Other than Women,latin,1,7779,Kurukshetra__Pehowa.pdf
Kurukshetra,Pehowa,30,Harigarh Bhorkh,Other than Woman,NONE,0,Kamal Kumar,Naseeb Singh,0,0,Other than Women,latin,1,7779,Kurukshetra__Pehowa.pdf
Kurukshetra,Pehowa,31,Helwa,Woman,NONE,1,Kamlesh Rani,Karmveer Singh,0,0,Women,latin,1,7779,Kurukshetra__Pehowa.pdf
Kurukshetra,Pehowa,32,Ishak,Other than Woman,NONE,0,Balwinder Singh,Hari Singh,0,0,Other than Women,latin,1,7779,Kurukshetra__Pehowa.pdf
Kurukshetra,Pehowa,33,Jakhwala,Woman,NONE,1,Rinki,Pardeep Kumar,0,0,Women,latin,1,7779,Kurukshetra__Pehowa.pdf
Kurukshetra,Pehowa,34,Jhinwhaheri,Other than Woman,NONE,0,Pardeep Singh,Amrik Singh,0,0,Other than Women,latin,1,7779,Kurukshetra__Pehowa.pdf
Kurukshetra,Pehowa,35,Julmat,BC-A Woman,BC_A,1,Manjeet Kaur,Palwinder Singh,1,0,Backward Class 'A' Women,latin,1,7779,Kurukshetra__Pehowa.pdf
Kurukshetra,Pehowa,36,Jurasi Kalan,Other than Woman,NONE,0,Jarnail Singh,Ramparsad,0,0,Other than Women,latin,1,7779,Kurukshetra__Pehowa.pdf
Kurukshetra,Pehowa,37,Jurasi Khurd,Woman,NONE,1,Manpreet Kaur,Raovarinder Singh,1,0,Women,latin,1,7779,Kurukshetra__Pehowa.pdf
Kurukshetra,Pehowa,38,Kakrala Gujran,Other than Woman,NONE,0,Ramesh Kumar,Mewa Ram,0,0,Other than Women,latin,1,7779,Kurukshetra__Pehowa.pdf
Kurukshetra,Pehowa,39,Kalsa,Woman,NONE,1,Santosh Rani,Sukhbir Singh,0,0,Women,latin,1,7779,Kurukshetra__Pehowa.pdf
Kurukshetra,Pehowa,40,Karah Sahib,Other than Woman,NONE,0,Sadhu Singh,Harbhajan Singh,0,0,Other than Women,latin,1,7779,Kurukshetra__Pehowa.pdf
Kurukshetra,Pehowa,41,Kheri Shishgran,Woman,NONE,1,Akwinder Kaur,Gurpej Singh,0,0,Women,latin,1,7779,Kurukshetra__Pehowa.pdf
Kurukshetra,Pehowa,42,Madanpur,Other than Woman,NONE,0,Gurlal Singh,Sahib Singh,1,0,Other than Women,latin,1,7779,Kurukshetra__Pehowa.pdf
Kurukshetra,Pehowa,43,Mangna,Woman,NONE,1,Manbir Kaur,Amarjeet Singh,0,0,Women,latin,1,7779,Kurukshetra__Pehowa.pdf
Kurukshetra,Pehowa,44,Mohanpur,SC Woman,SC,1,Monika Rani,Gourav,0,0,Scheduled Caste Women,latin,1,7779,Kurukshetra__Pehowa.pdf
Kurukshetra,Pehowa,45,Morthali,Other than Woman,NONE,0,Jagdeep Singh,Ujjagar Singh,1,0,Other than Women,latin,1,7779,Kurukshetra__Pehowa.pdf
Kurukshetra,Pehowa,46,Muqimpura,Woman,NONE,1,Husanpreet Kaur,Parwinder Singh,0,0,Women,latin,1,7779,Kurukshetra__Pehowa.pdf
Kurukshetra,Pehowa,47,Murtzapur,Other than Woman,NONE,0,Amar Bharat Gadtan,Jagat Singh,0,0,Other than Women,latin,1,7779,Kurukshetra__Pehowa.pdf
Kurukshetra,Pehowa,48,Neemwala,SC Other than Woman,SC,0,Vinod Kumar,Bhala Ram,0,0,Scheduled Caste Other than Women,latin,1,7779,Kurukshetra__Pehowa.pdf
Kurukshetra,Pehowa,49,Ramgarh Rod,Woman,NONE,1,Alka Devi,Jai Parkash,0,0,Women,latin,1,7779,Kurukshetra__Pehowa.pdf
Kurukshetra,Pehowa,50,Ratangarh Kakrali,Other than Woman,NONE,0,Jaswinder Singh,Sher Singh,0,0,Other than Women,latin,1,7779,Kurukshetra__Pehowa.pdf
Kurukshetra,Pehowa,51,Raun,Woman,NONE,1,Saroj Bala,Salinder Pal,0,0,Women,latin,1,7779,Kurukshetra__Pehowa.pdf
Kurukshetra,Pehowa,52,Saina Khurd,SC Woman,SC,1,Kamaljit Kaur,Jarnail Singh,0,0,Scheduled Caste Women,latin,1,7779,Kurukshetra__Pehowa.pdf
Kurukshetra,Pehowa,53,Siana Saidan,Other than Woman,NONE,0,Baljit Singh,Balkar Singh,0,0,Other than Women,latin,1,7779,Kurukshetra__Pehowa.pdf
Kurukshetra,Pehowa,54,Sainsa,SC Other than Woman,SC,0,Krishan Kumar,Bhanwari Ram,0,0,Scheduled Caste Other than Women,latin,1,7779,Kurukshetra__Pehowa.pdf
Kurukshetra,Pehowa,55,Sandhola,Other than Woman,NONE,0,Ramesh Kumar,Ajmer Singh,0,0,Other than Women,latin,1,7779,Kurukshetra__Pehowa.pdf
Kurukshetra,Pehowa,56,Sandholi,Woman,NONE,1,Varsha Rani,Jagdish Chand,0,0,Women,latin,1,7779,Kurukshetra__Pehowa.pdf
Kurukshetra,Pehowa,57,Saraswati Khera,BC-A Other than Woman,BC_A,0,Arshdeep Singh,Joginder Singh,0,0,Backward Class 'A' Other than Women,latin,1,7779,Kurukshetra__Pehowa.pdf
Kurukshetra,Pehowa,58,Saraswati Khera Colony,Woman,NONE,1,Mamta Devi,Rajiv Kumar,0,0,Women,latin,1,7779,Kurukshetra__Pehowa.pdf
Kurukshetra,Pehowa,59,Sarsa,Other than Woman,NONE,0,Balinder Singh,Puran Singh,0,0,Other than Women,latin,1,7779,Kurukshetra__Pehowa.pdf
Kurukshetra,Pehowa,60,Satora,Woman,NONE,1,Surjeet Kaur,Surjeet Singh,0,0,Women,latin,1,7779,Kurukshetra__Pehowa.pdf
Kurukshetra,Pehowa,61,Seionsar,Other than Woman,NONE,0,Sandeep Mor,Omparkash,0,0,Other than Women,latin,1,7779,Kurukshetra__Pehowa.pdf
Kurukshetra,Pehowa,62,Shahpur,Woman,NONE,1,Poonam Rani,Ramesh Kumar,0,0,Women,latin,1,7779,Kurukshetra__Pehowa.pdf
Kurukshetra,Pehowa,63,Singh Pura,Woman,NONE,1,Harjit Kaur,Balvinder Singh,1,0,Women,latin,1,7779,Kurukshetra__Pehowa.pdf
Kurukshetra,Pehowa,64,Surmi,Other than Woman,NONE,0,Narender Kumar,Mola Ram,0,0,Other than Women,latin,1,7779,Kurukshetra__Pehowa.pdf
Kurukshetra,Pehowa,65,Talheri,Woman,NONE,1,Harjeet Kaur,Dilbag Singh,0,0,Women,latin,1,7779,Kurukshetra__Pehowa.pdf
Kurukshetra,Pehowa,66,Tyukar,Woman,NONE,1,Charanjeet Kaur,Jai Parkash,0,0,Women,latin,1,7779,Kurukshetra__Pehowa.pdf
Kurukshetra,Pehowa,67,Themal Bora,Other than Woman,NONE,0,Surender Singh,Dalvinder Singh,0,0,Other than Women,latin,1,7779,Kurukshetra__Pehowa.pdf
Kurukshetra,Pehowa,68,Thana,SC Woman,SC,1,Priyanka,Sandeep Kumar,0,0,Scheduled Caste Women,latin,1,7779,Kurukshetra__Pehowa.pdf
Kurukshetra,Pehowa,69,Tikri,SC Other than Woman,SC,0,Teja Singh,Sant Ran,0,0,Scheduled Caste Other than Women,latin,1,7779,Kurukshetra__Pehowa.pdf
Kurukshetra,Pipli,1,Amargarh Majhara,SC Other than Woman,SC,0,Ajay Kumar,Karambir,0,0,Scheduled Caste Other than Women,latin,1,7752,Kurukshetra__Pipli.pdf
Kurukshetra,Pipli,2,Antehri,SC Woman,SC,1,Seema Devi,Surjit Singh,0,0,Scheduled Caste Women,latin,1,7752,Kurukshetra__Pipli.pdf
Kurukshetra,Pipli,3,Atal Nagar,SC Other than Woman,SC,0,Deepak Mehra,Suraj Bhan,0,0,Scheduled Caste Other than Women,latin,1,7752,Kurukshetra__Pipli.pdf
Kurukshetra,Pipli,4,Bajidpur,Other than Woman,NONE,0,Vikram Singh,Ishwar Chand,0,0,Other than Women,latin,1,7752,Kurukshetra__Pipli.pdf
Kurukshetra,Pipli,5,Bir Khairi,Woman,NONE,1,Mukesh,Sandeep Kumar,0,0,Women,latin,1,7752,Kurukshetra__Pipli.pdf
Kurukshetra,Pipli,6,Bir Mathana,Other than Woman,NONE,0,Devi Dayal,Hakam Singh,0,0,Other than Women,latin,1,7752,Kurukshetra__Pipli.pdf
Kurukshetra,Pipli,7,Bir Pipli,Woman,NONE,1,Bharti Saini,Rajesh Saini,0,0,Women,latin,1,7752,Kurukshetra__Pipli.pdf
Kurukshetra,Pipli,8,Bodhi,Other than Woman,NONE,0,Jatinder Singh,Gurmukh,1,0,Other than Women,latin,1,7752,Kurukshetra__Pipli.pdf
Kurukshetra,Pipli,9,Bodla,Woman,NONE,1,Neha Rani,Sarvjeet Singh,0,0,Women,latin,1,7752,Kurukshetra__Pipli.pdf
Kurukshetra,Pipli,10,Bohli,SC Woman,SC,1,Asha Rani,Sunil Kumar,0,0,Scheduled Caste Women,latin,1,7752,Kurukshetra__Pipli.pdf
Kurukshetra,Pipli,11,Chharpura,Other than Woman,NONE,0,Baldev Singh,Ajmer Singh,0,0,Other than Women,latin,1,7752,Kurukshetra__Pipli.pdf
Kurukshetra,Pipli,12,Daulatpur,Woman,NONE,1,Amanpreet,Darshan Singh,1,0,Women,latin,1,7752,Kurukshetra__Pipli.pdf
Kurukshetra,Pipli,13,Dera Purbiya,Other than Woman,NONE,0,Rajesh Kumar,Khushi Ram,0,0,Other than Women,latin,1,7752,Kurukshetra__Pipli.pdf
Kurukshetra,Pipli,14,Dhirpur,SC Other than Woman,SC,0,Baljeet Kumar,Vikram Kumar,0,0,Scheduled Caste Other than Women,latin,1,7752,Kurukshetra__Pipli.pdf
Kurukshetra,Pipli,15,Dheru Majra,BC-A Woman,BC_A,1,Meena Rani,Gurdeep Singh,0,0,Backward Class ‘A’ Women,latin,1,7752,Kurukshetra__Pipli.pdf
Kurukshetra,Pipli,16,Dhudhla,Other than Woman,NONE,0,Raghubir Singh,Dila Ram,0,0,Other than Women,latin,1,7752,Kurukshetra__Pipli.pdf
Kurukshetra,Pipli,17,Gadli,SC Woman,SC,1,Meena Devi,Khushi Ram,0,0,Scheduled Caste Women,latin,1,7752,Kurukshetra__Pipli.pdf
Kurukshetra,Pipli,18,Gobind Majra,SC Other than Woman,SC,0,Abhishek,Jagdish,0,0,Scheduled Caste Other than Women,latin,1,7752,Kurukshetra__Pipli.pdf
Kurukshetra,Pipli,19,Hariapur,Woman,NONE,1,Nisha Rani,Vikarm,0,0,Women,latin,1,7752,Kurukshetra__Pipli.pdf
Kurukshetra,Pipli,20,Ishargarh,SC Woman,SC,1,Kajal Devi,Sandeep,0,0,Scheduled Caste Women,latin,1,7752,Kurukshetra__Pipli.pdf
Kurukshetra,Pipli,21,Jhinwerheri-Ii,Other than Woman,NONE,0,Dharmender,Didar Singh,0,0,Other than Women,latin,1,7752,Kurukshetra__Pipli.pdf
Kurukshetra,Pipli,22,Jirbari,Woman,NONE,1,Suman Devi,Jitender Kumar,0,0,Women,latin,1,7752,Kurukshetra__Pipli.pdf
Kurukshetra,Pipli,23,Kalal Majra,Other than Woman,NONE,0,Kuldeep Raj,Mukhtayar,0,0,Other than Women,latin,1,7752,Kurukshetra__Pipli.pdf
Kurukshetra,Pipli,24,Kanipla,Woman,NONE,1,Gaganpreet,Kulwinder,0,0,Women,latin,1,7752,Kurukshetra__Pipli.pdf
Kurukshetra,Pipli,25,Karami,Other than Woman,NONE,0,Sunny,Rajbir,0,0,Other than Women,latin,1,7752,Kurukshetra__Pipli.pdf
Kurukshetra,Pipli,26,Kaulapur,Woman,NONE,1,Kamlesh Rani,Baljinder,0,0,Women,latin,1,7752,Kurukshetra__Pipli.pdf
Kurukshetra,Pipli,27,Khaira,Other than Woman,NONE,0,Jitender Kumar,Suresh Kumar,0,0,Other than Women,latin,1,7752,Kurukshetra__Pipli.pdf
Kurukshetra,Pipli,28,Khairi,Woman,NONE,1,Neetu Saini,Kuldeep Singh,0,0,Women,latin,1,7752,Kurukshetra__Pipli.pdf
Kurukshetra,Pipli,29,Khanpur Kolian,Other than Woman,NONE,0,Ram Kumar,Singh Ram,0,0,Other than Women,latin,1,7752,Kurukshetra__Pipli.pdf
Kurukshetra,Pipli,30,Kheri Gadian,SC Other than Woman,SC,0,Manjit Singh,Om Parkash,0,0,Scheduled Caste Other than Women,latin,1,7752,Kurukshetra__Pipli.pdf
Kurukshetra,Pipli,31,Kheri Markanda,SC Woman,SC,1,Komal,Neeraj,0,0,Scheduled Caste Women,latin,1,7752,Kurukshetra__Pipli.pdf
Kurukshetra,Pipli,32,Kishangarh,Woman,NONE,1,Baljinder Kaur,Baldev Singh,1,0,Women,latin,1,7752,Kurukshetra__Pipli.pdf
Kurukshetra,Pipli,33,Masana,BC-A Other than Woman,BC_A,0,Surmukh Singh,Kartar Singh,0,0,Backward Class ‘A’ Other than Women,latin,1,7752,Kurukshetra__Pipli.pdf
Kurukshetra,Pipli,34,Mathana,Woman,NONE,1,Anjana Devi,Ravi Kumar,0,0,Women,latin,1,7752,Kurukshetra__Pipli.pdf
Kurukshetra,Pipli,35,Morthala,Other than Woman,NONE,0,Prem Singh,Ajit Singh,0,0,Other than Women,latin,1,7752,Kurukshetra__Pipli.pdf
Kurukshetra,Pipli,36,Mukarpur,Woman,NONE,1,Satbir Kaur,Virender Singh,0,0,Women,latin,1,7752,Kurukshetra__Pipli.pdf
Kurukshetra,Pipli,37,Muniarpur,BC-A Other than Woman,BC_A,0,Tej Pal,Ram Kishan,0,0,Backward Class ‘A’ Other than Women,latin,1,7752,Kurukshetra__Pipli.pdf
Kurukshetra,Pipli,38,Palwal,Woman,NONE,1,Mafi Devi,Ravi Sadyan,0,0,Women,latin,1,7752,Kurukshetra__Pipli.pdf
Kurukshetra,Pipli,39,Patti Kaserla,Woman,NONE,1,Rekha Rani,Rajbeer,0,0,Women,latin,1,7752,Kurukshetra__Pipli.pdf
Kurukshetra,Pipli,40,Patti Kishanpura,Other than Woman,NONE,0,Sanjeev Kumar,Sher Singh,0,0,Other than Women,latin,1,7752,Kurukshetra__Pipli.pdf
Kurukshetra,Pipli,41,Partapgarh,Other than Woman,NONE,0,Pardeep Kumar,Om Parkash,0,0,Other than Women,latin,1,7752,Kurukshetra__Pipli.pdf
Kurukshetra,Pipli,42,Ramgarh,Woman,NONE,1,Anu Bala,Bal Kishan,0,0,Women,latin,1,7752,Kurukshetra__Pipli.pdf
Kurukshetra,Pipli,43,Rattandera,BC-A Other than Woman,BC_A,0,Kuldeep Singh,Mahinder,0,0,Backward Class ‘A’ Other than Women,latin,1,7752,Kurukshetra__Pipli.pdf
Kurukshetra,Pipli,44,Samani,Woman,NONE,1,Shivani,Pankaj,0,0,Women,latin,1,7752,Kurukshetra__Pipli.pdf
Kurukshetra,Pipli,45,Sanwla,Other than Woman,NONE,0,Kamal,Shanti,0,0,Other than Women,latin,1,7752,Kurukshetra__Pipli.pdf
Kurukshetra,Pipli,46,Sarai Sukhi,Woman,NONE,1,Kavita Rani,Maan Singh,0,0,Women,latin,1,7752,Kurukshetra__Pipli.pdf
Kurukshetra,Pipli,47,Shadipur Ladwa,Other than Woman,NONE,0,Chetan Kumar,Parbhat Kumar,0,0,Other than Women,latin,1,7752,Kurukshetra__Pipli.pdf
Kurukshetra,Pipli,48,Shadipur Shahidan,SC Other than Woman,SC,0,Ramandeep,Ashok Kumar,0,0,Scheduled Caste Other than Women,latin,1,7752,Kurukshetra__Pipli.pdf
Kurukshetra,Pipli,49,Shankar Colony,SC Woman,SC,1,Inderjeet Kaur,Pardeep Kumar,0,0,Scheduled Caste Women,latin,1,7752,Kurukshetra__Pipli.pdf
Kurukshetra,Pipli,50,Sirsala,SC Other than Woman,SC,0,Balwinder,Jarnail Singh,0,0,Scheduled Caste Other than Women,latin,1,7752,Kurukshetra__Pipli.pdf
Kurukshetra,Pipli,51,Sirsama,Woman,NONE,1,Sunita,Narender,0,0,Women,latin,1,7752,Kurukshetra__Pipli.pdf
Kurukshetra,Pipli,52,Sodhi,Other than Woman,NONE,0,Sohan Singh,Surat Singh,1,0,Other than Women,latin,1,7752,Kurukshetra__Pipli.pdf
Kurukshetra,Pipli,53,Umri,Woman,NONE,1,Meena Devi,Basant Lal,0,0,Women,latin,1,7752,Kurukshetra__Pipli.pdf
Kurukshetra,Pipli,54,Untsal,Other than Woman,NONE,0,Sukhvinder,Kamal Kant,0,0,Other than Women,latin,1,7752,Kurukshetra__Pipli.pdf
Kurukshetra,Shahbad,1,Ahmed Pur,SC Other than Woman,SC,0,Krishan Lal,Dareb Singh,0,0,Scheduled Caste Other than Women,latin,1,7743,Kurukshetra__Shahbad.pdf
Kurukshetra,Shahbad,2,Atwan,Other than Woman,NONE,0,Vikram Singh,Des Raj,0,0,Other than Women,latin,1,7743,Kurukshetra__Shahbad.pdf
Kurukshetra,Shahbad,3,Bakana,BC-A Woman,BC_A,1,Radha Rani,Kaka Singh,0,0,Backward Class 'A' Women,latin,1,7743,Kurukshetra__Shahbad.pdf
Kurukshetra,Shahbad,4,Barham,Other than Woman,NONE,0,Narender Kumar,Raj Kumar,0,0,Other than Women,latin,1,7743,Kurukshetra__Shahbad.pdf
Kurukshetra,Shahbad,5,Bhokar Majra,SC Woman,SC,1,Jaswant Kaur,Avtar Singh,0,0,Scheduled Caste Women,latin,1,7743,Kurukshetra__Shahbad.pdf
Kurukshetra,Shahbad,6,Bibi Pur,Woman,NONE,1,Pinki Devi,Rinku,0,0,Women,latin,1,7743,Kurukshetra__Shahbad.pdf
Kurukshetra,Shahbad,7,Bijar Pur,Other than Woman,NONE,0,Janti Kumar,Sant Ram,0,0,Other than Women,latin,1,7743,Kurukshetra__Shahbad.pdf
Kurukshetra,Shahbad,8,Chanarthal,Woman,NONE,1,Jasvinder Kaur,Jasbir Singh,0,0,Women,latin,1,7743,Kurukshetra__Shahbad.pdf
Kurukshetra,Shahbad,9,Charuni Jattan,SC Other than Woman,SC,0,Shish Pal,Sher Singh,0,0,Scheduled Caste Other than Women,latin,1,7743,Kurukshetra__Shahbad.pdf
Kurukshetra,Shahbad,10,Chhapra,SC Woman,SC,1,Karamjeet Kaur,Ravi,0,0,Scheduled Caste Women,latin,1,7743,Kurukshetra__Shahbad.pdf
Kurukshetra,Shahbad,11,Chhapri,Other than Woman,NONE,0,Aman Kumar,Kehar Singh,0,0,Other than Women,latin,1,7743,Kurukshetra__Shahbad.pdf
Kurukshetra,Shahbad,12,Chhorpur,SC Other than Woman,SC,0,Jasvinder Singh,Ram Karan,0,0,Scheduled Caste Other than Women,latin,1,7743,Kurukshetra__Shahbad.pdf
Kurukshetra,Shahbad,13,Dadlu,SC Woman,SC,1,Manjeet Kaur,Narinder Singh,0,0,Scheduled Caste Women,latin,1,7743,Kurukshetra__Shahbad.pdf
Kurukshetra,Shahbad,14,Damli,SC Other than Woman,SC,0,Bikram Singh,Jarnail Singh,0,0,Scheduled Caste Other than Women,latin,1,7743,Kurukshetra__Shahbad.pdf
Kurukshetra,Shahbad,15,Daumajra,Woman,NONE,1,Baljeet Kaur,Rajesh Kumar,0,0,Women,latin,1,7743,Kurukshetra__Shahbad.pdf
Kurukshetra,Shahbad,16,Dayal Nagar,Other than Woman,NONE,0,Om Parkash,Thakur Dass,0,0,Other than Women,latin,1,7743,Kurukshetra__Shahbad.pdf
Kurukshetra,Shahbad,17,Dhakala,Woman,NONE,1,Saroj,Kulvinder Singh,0,0,Women,latin,1,7743,Kurukshetra__Shahbad.pdf
Kurukshetra,Shahbad,18,Dhangali,Other than Woman,NONE,0,Satnam Singh,Jasmer Singh,0,0,Other than Women,latin,1,7743,Kurukshetra__Shahbad.pdf
Kurukshetra,Shahbad,19,Dhantauri,Woman,NONE,1,Sushma Rani,Gurpal,0,0,Women,latin,1,7743,Kurukshetra__Shahbad.pdf
Kurukshetra,Shahbad,20,Dhola Majra,Other than Woman,NONE,0,Kuldeep Singh,Dharam Singh,1,0,Other than Women,latin,1,7743,Kurukshetra__Shahbad.pdf
Kurukshetra,Shahbad,21,Dig,SC Woman,SC,1,Neha,Sumit Kumar,0,0,Scheduled Caste Women,latin,1,7743,Kurukshetra__Shahbad.pdf
Kurukshetra,Shahbad,22,Fatehgarh Jharauli,SC Other than Woman,SC,0,Rakesh Kumar,Raj Kumar,0,0,Scheduled Caste Other than Women,latin,1,7743,Kurukshetra__Shahbad.pdf
Kurukshetra,Shahbad,23,Gol Pura,Woman,NONE,1,Kavita Rawat,Ram Pal,0,0,Women,latin,1,7743,Kurukshetra__Shahbad.pdf
Kurukshetra,Shahbad,24,Gori Pur,BC-A Other than Woman,BC_A,0,Sukhwant Singh,Pyara Singh,1,0,Backward Class 'A' Other than Women,latin,1,7743,Kurukshetra__Shahbad.pdf
Kurukshetra,Shahbad,25,Gumti,Woman,NONE,1,Jasvinder Kaur,Ramesh Kumar,0,0,Women,latin,1,7743,Kurukshetra__Shahbad.pdf
Kurukshetra,Shahbad,26,Habana,Other than Woman,NONE,0,Rajat Kunner,Subhash Chander,0,0,Other than Women,latin,1,7743,Kurukshetra__Shahbad.pdf
Kurukshetra,Shahbad,27,Haldaheri,Woman,NONE,1,Ravaljeet Kaur,Yadwinder Singh,0,0,Women,latin,1,7743,Kurukshetra__Shahbad.pdf
Kurukshetra,Shahbad,28,Hari Pur,Other than Woman,NONE,0,Mohan Lal,Angrej Singh,0,0,Other than Women,latin,1,7743,Kurukshetra__Shahbad.pdf
Kurukshetra,Shahbad,29,Jain Pur,Woman,NONE,1,Charan Kaur,Darshan Singh,0,0,Women,latin,1,7743,Kurukshetra__Shahbad.pdf
Kurukshetra,Shahbad,30,Jandheri,Other than Woman,NONE,0,Rajbir,Gurcharan Singh,0,0,Other than Women,latin,1,7743,Kurukshetra__Shahbad.pdf
Kurukshetra,Shahbad,31,Jharouli Khurd,SC Woman,SC,1,Komal Devi,Moti Lal,0,0,Scheduled Caste Women,latin,1,7743,Kurukshetra__Shahbad.pdf
Kurukshetra,Shahbad,32,Jogi Majra,Woman,NONE,1,Poonam Rani,Ravinder Kumar,0,0,Women,latin,1,7743,Kurukshetra__Shahbad.pdf
Kurukshetra,Shahbad,33,Kahangarh,SC Other than Woman,SC,0,Amarjeet Singh,Soran Singh,0,0,Scheduled Caste Other than Women,latin,1,7743,Kurukshetra__Shahbad.pdf
Kurukshetra,Shahbad,34,Kalsana,SC Woman,SC,1,Sushma,Bahadur Singh,0,0,Scheduled Caste Women,latin,1,7743,Kurukshetra__Shahbad.pdf
Kurukshetra,Shahbad,35,Kalsani,SC Other than Woman,SC,0,Sukhbir Singh,Faqir Chand,0,0,Scheduled Caste Other than Women,latin,1,7743,Kurukshetra__Shahbad.pdf
Kurukshetra,Shahbad,36,Kalyana,Other than Woman,NONE,0,Parvesh Kumar,Kirpal Chand,0,0,Other than Women,latin,1,7743,Kurukshetra__Shahbad.pdf
Kurukshetra,Shahbad,37,Kathwa,SC Woman,SC,1,Sukhwinder Kaur,Ankit Kumar,0,0,Scheduled Caste Women,latin,1,7743,Kurukshetra__Shahbad.pdf
Kurukshetra,Shahbad,38,Katlaheri,SC Other than Woman,SC,0,Rinku Kumar,Ranjit Singh,0,0,Scheduled Caste Other than Women,latin,1,7743,Kurukshetra__Shahbad.pdf
Kurukshetra,Shahbad,39,Khanpur Jatan,Woman,NONE,1,Harvinder Kaur,Vijesh Kumar,1,0,Women,latin,1,7743,Kurukshetra__Shahbad.pdf
Kurukshetra,Shahbad,40,Kharindwa,Other than Woman,NONE,0,Pawan Kumar,Maya Ram,0,0,Other than Women,latin,1,7743,Kurukshetra__Shahbad.pdf
Kurukshetra,Shahbad,41,Khera,BC-A Woman,BC_A,1,Suman Devi,Sandeep Kumar,0,0,Backward Class 'A' Women,latin,1,7743,Kurukshetra__Shahbad.pdf
Kurukshetra,Shahbad,42,Kishen Garh,SC Woman,SC,1,Komal,Gagandeep Singh,0,0,Scheduled Caste Women,latin,1,7743,Kurukshetra__Shahbad.pdf
Kurukshetra,Shahbad,43,Landi,Other than Woman,NONE,0,Kulbir Singh,Baldev Singh,0,0,Other than Women,latin,1,7743,Kurukshetra__Shahbad.pdf
Kurukshetra,Shahbad,44,Machhrauli,SC Other than Woman,SC,0,Joravar Singh,Gurmukh Singh,0,0,Scheduled Caste Other than Women,latin,1,7743,Kurukshetra__Shahbad.pdf
Kurukshetra,Shahbad,45,Madan Pur,BC-A Woman,BC_A,1,Rajwant Kaur,Satnam Singh,0,0,Backward Class 'A' Women,latin,1,7743,Kurukshetra__Shahbad.pdf
Kurukshetra,Shahbad,46,Madudan,Other than Woman,NONE,0,Ramesh Chand,Chhaju Ram,0,0,Other than Women,latin,1,7743,Kurukshetra__Shahbad.pdf
Kurukshetra,Shahbad,47,Malik Pur,Woman,NONE,1,Sunaina,Sunil Kumar,0,0,Women,latin,1,7743,Kurukshetra__Shahbad.pdf
Kurukshetra,Shahbad,48,Mamu Majra,BC-A Other than Woman,BC_A,0,Amarjeet Singh,Gurbachan Singh,0,0,Backward Class 'A' Other than Women,latin,1,7743,Kurukshetra__Shahbad.pdf
Kurukshetra,Shahbad,49,Mohan Pur,Woman,NONE,1,Daljinder Kaur,Harmeet Singh,0,0,Women,latin,1,7743,Kurukshetra__Shahbad.pdf
Kurukshetra,Shahbad,50,Mohri,Other than Woman,NONE,0,Sukhdeep Singh,Sher Jung,0,0,Other than Women,latin,1,7743,Kurukshetra__Shahbad.pdf
Kurukshetra,Shahbad,51,Mugal Mazra,Woman,NONE,1,Hema Rani,Vinod Kumar,0,0,Women,latin,1,7743,Kurukshetra__Shahbad.pdf
Kurukshetra,Shahbad,52,Muhayuddinpur,Other than Woman,NONE,0,Dulara Singh,Banta Singh,1,0,Other than Women,latin,1,7743,Kurukshetra__Shahbad.pdf
Kurukshetra,Shahbad,53,Nagla,SC Woman,SC,1,Sunita Devi,Amrik Singh,0,0,Scheduled Caste Women,latin,1,7743,Kurukshetra__Shahbad.pdf
Kurukshetra,Shahbad,54,Nai Basti Nalvi,Woman,NONE,1,Renu Saini,Ajay Kumar,0,0,Women,latin,1,7743,Kurukshetra__Shahbad.pdf
Kurukshetra,Shahbad,55,Nalvi,Other than Woman,NONE,0,Amarbir Singh,Pritam Singh,0,0,Other than Women,latin,1,7743,Kurukshetra__Shahbad.pdf
Kurukshetra,Shahbad,56,Naraingarh,Woman,NONE,1,Nisha Rani,Satish,0,0,Women,latin,1,7743,Kurukshetra__Shahbad.pdf
Kurukshetra,Shahbad,57,Padlu,SC Other than Woman,SC,0,Ranjit Singh,Shiv Singh,0,0,Scheduled Caste Other than Women,latin,1,7743,Kurukshetra__Shahbad.pdf
Kurukshetra,Shahbad,58,Rai Pur,Other than Woman,NONE,0,Harpreet Singh,Balihar Singh,0,0,Other than Women,latin,1,7743,Kurukshetra__Shahbad.pdf
Kurukshetra,Shahbad,59,Ram Nagar (M),SC Other than Woman,SC,0,Mintu,Baljeet,0,0,Scheduled Caste Other than Women,latin,1,7743,Kurukshetra__Shahbad.pdf
Kurukshetra,Shahbad,60,Ram Nagar (O),Woman,NONE,1,Suman Devi,Rakesh Kumar,0,0,Women,latin,1,7743,Kurukshetra__Shahbad.pdf
Kurukshetra,Shahbad,61,Rattan Garh,Other than Woman,NONE,0,Sham Singh,Satpal Singh,0,0,Other than Women,latin,1,7743,Kurukshetra__Shahbad.pdf
Kurukshetra,Shahbad,62,Rawa,Woman,NONE,1,Ravinder Kaur,Rakesh Kumar,0,0,Women,latin,1,7743,Kurukshetra__Shahbad.pdf
Kurukshetra,Shahbad,63,Said Pur Barwalian,Other than Woman,NONE,0,Arvinder Singh,Gurbaksh Singh,1,0,Other than Women,latin,1,7743,Kurukshetra__Shahbad.pdf
Kurukshetra,Shahbad,64,Sambhalkhi,SC Woman,SC,1,Anita Devi,Satish Kumar,0,0,Scheduled Caste Women,latin,1,7743,Kurukshetra__Shahbad.pdf
Kurukshetra,Shahbad,65,Shahjadpur Patti,SC Woman,SC,1,Kailasho Devi,Kashmir Singh,0,0,Scheduled Caste Women,latin,1,7743,Kurukshetra__Shahbad.pdf
Kurukshetra,Shahbad,66,Sharifgarh,SC Other than Woman,SC,0,Sukhvinder Singh,Vakeel Singh,0,0,Scheduled Caste Other than Women,latin,1,7743,Kurukshetra__Shahbad.pdf
Kurukshetra,Shahbad,67,Sudh Pur,Woman,NONE,1,Seema Devi,Narinder Kumar,0,0,Women,latin,1,7743,Kurukshetra__Shahbad.pdf
Kurukshetra,Shahbad,68,Sulkhani,BC-A Other than Woman,BC_A,0,Gurbakash Singh,Mohinder Singh,0,0,Backward Class 'A' Other than Women,latin,1,7743,Kurukshetra__Shahbad.pdf
Kurukshetra,Shahbad,69,Surakh Pur,Woman,NONE,1,Meena Kumari,Sandip Kumar,0,0,Women,latin,1,7743,Kurukshetra__Shahbad.pdf
Kurukshetra,Shahbad,70,Tangaur,Other than Woman,NONE,0,Sachin Kumar,Jasbir Singh,0,0,Other than Women,latin,1,7743,Kurukshetra__Shahbad.pdf
Kurukshetra,Shahbad,71,Tangauri,Woman,NONE,1,Suman,Manoj Kumar,0,0,Women,latin,1,7743,Kurukshetra__Shahbad.pdf
Kurukshetra,Shahbad,72,Teora,Other than Woman,NONE,0,Rahul,Suresh Kumar,0,0,Other than Women,latin,1,7743,Kurukshetra__Shahbad.pdf
Kurukshetra,Shahbad,73,Teori,Woman,NONE,1,Manjeet Kaur,Ranjit Singh,0,0,Women,latin,1,7743,Kurukshetra__Shahbad.pdf
Kurukshetra,Shahbad,74,Tigri,Other than Woman,NONE,0,Ashok Kumar,Ram Chander,0,0,Other than Women,latin,1,7743,Kurukshetra__Shahbad.pdf
Kurukshetra,Shahbad,75,Yara,Woman,NONE,1,Shobha,Prem Chand,0,0,Women,latin,1,7743,Kurukshetra__Shahbad.pdf
Kurukshetra,Shahbad,76,Yari,Other than Woman,NONE,0,Gurdeep Singh,Karnail Singh,0,0,Other than Women,latin,1,7743,Kurukshetra__Shahbad.pdf
Kurukshetra,Thanesar,1,Mandeep Singh,BC-A Other than Woman,BC_A,0,Joginder Singh,,0,0,Backward Class 'A' Other than Women,latin,0,7734,Kurukshetra__Thanesar.pdf
Kurukshetra,Thanesar,24,Dera Ram Nagar,SC Woman,SC,1,Anju Devi,Subhash Chand,1,0,Scheduled Caste Women,latin,1,7734,Kurukshetra__Thanesar.pdf
Kurukshetra,Thanesar,25,Dera Sant Singh,Other than Woman,NONE,0,Arshdeep Singh,Hardev Singh,0,0,Other than Women,latin,1,7734,Kurukshetra__Thanesar.pdf
Kurukshetra,Thanesar,26,Dhurala,SC Other than Woman,SC,0,Satpal,Phoola Ram,0,0,Scheduled Caste Other than Women,latin,1,7734,Kurukshetra__Thanesar.pdf
Kurukshetra,Thanesar,27,Dhurali,SC Woman,SC,1,Poonam Rani,Pawan Kumar,0,0,Scheduled Caste Women,latin,1,7734,Kurukshetra__Thanesar.pdf
Kurukshetra,Thanesar,28,Dodakheri,SC Other than Woman,SC,0,Anil Kumar,Babu Ram,0,0,Scheduled Caste Other than Women,latin,1,7734,Kurukshetra__Thanesar.pdf
Kurukshetra,Thanesar,29,Fathu Pur,Woman,NONE,1,Priyanka Devi,Mandeep Singh,0,0,Women,latin,1,7734,Kurukshetra__Thanesar.pdf
Kurukshetra,Thanesar,30,Gamari Jattan,Other than Woman,NONE,0,Surjeet Singh,Tej Pal Singh,0,0,Other than Women,latin,1,7734,Kurukshetra__Thanesar.pdf
Kurukshetra,Thanesar,31,Gamurkheri,Woman,NONE,1,Parvinder Kaur,Kewal Singh,0,0,Women,latin,1,7734,Kurukshetra__Thanesar.pdf
Kurukshetra,Thanesar,32,Ghararsi,Other than Woman,NONE,0,Pardeep Kumar,Jasmer Singh,0,0,Other than Women,latin,1,7734,Kurukshetra__Thanesar.pdf
Kurukshetra,Thanesar,33,Hansala,Woman,NONE,1,Daljit Kaur,Gian Singh,1,0,Women,latin,1,7734,Kurukshetra__Thanesar.pdf
Kurukshetra,Thanesar,34,Hassanpur,BC-A Other than Woman,BC_A,0,Dilbag Singh,Gian Singh,0,0,Backward Class 'A' Other than Women,latin,1,7734,Kurukshetra__Thanesar.pdf
Kurukshetra,Thanesar,35,Hathira,Woman,NONE,1,Neelam Devi,Salinder Kumar,0,0,Women,latin,1,7734,Kurukshetra__Thanesar.pdf
Kurukshetra,Thanesar,36,Hinga Kheri,Other than Woman,NONE,0,Ranjeet Singh,Balwant Singh,0,0,Other than Women,latin,1,7734,Kurukshetra__Thanesar.pdf
Kurukshetra,Thanesar,37,Ishaqpur,SC Woman,SC,1,Pooja Rani,Navish Kumar,0,0,Scheduled Caste Women,latin,1,7734,Kurukshetra__Thanesar.pdf
Kurukshetra,Thanesar,38,Jhinjar Pur,SC Other than Woman,SC,0,Gurdas Singh,Des Raj,0,0,Scheduled Caste Other than Women,latin,1,7734,Kurukshetra__Thanesar.pdf
Kurukshetra,Thanesar,39,Jogna Khera,SC Woman,SC,1,Suman Devi,Ramphal,0,0,Scheduled Caste Women,latin,1,7734,Kurukshetra__Thanesar.pdf
Kurukshetra,Thanesar,40,Jyotisar,Woman,NONE,1,Neha,Parveen Kumar,0,0,Women,latin,1,7734,Kurukshetra__Thanesar.pdf
Kurukshetra,Thanesar,41,Kainthala Khurd,Other than Woman,NONE,0,Baldev Singh,Beryam Singh,0,0,Other than Women,latin,1,7734,Kurukshetra__Thanesar.pdf
Kurukshetra,Thanesar,42,Kamoda,SC Other than Woman,SC,0,Sucha Singh,Pritam Singh,0,0,Scheduled Caste Other than Women,latin,1,7734,Kurukshetra__Thanesar.pdf
Kurukshetra,Thanesar,43,Khanpur Rodan,Woman,NONE,1,Kamla Devi,Labh Singh,0,0,Women,latin,1,7734,Kurukshetra__Thanesar.pdf
Kurukshetra,Thanesar,44,Khaspur,SC Woman,SC,1,Meenakshi Devi,Vinod Kumar,0,0,Scheduled Caste Women,latin,1,7734,Kurukshetra__Thanesar.pdf
Kurukshetra,Thanesar,45,Kheri Brahamnan,Other than Woman,NONE,0,Gurpal Singh,Nirmal Singh,0,0,Other than Women,latin,1,7734,Kurukshetra__Thanesar.pdf
Kurukshetra,Thanesar,46,Kheri Ram Nagar,Woman,NONE,1,Sunita Devi,Sushil Kumar,0,0,Women,latin,1,7734,Kurukshetra__Thanesar.pdf
Kurukshetra,Thanesar,47,Khijar Pura,SC Other than Woman,SC,0,Anil Kumar,Chander Bhan,0,0,Scheduled Caste Other than Women,latin,1,7734,Kurukshetra__Thanesar.pdf
Kurukshetra,Thanesar,48,Kirmach,Other than Woman,NONE,0,Ranbir Singh,Arjun Singh,0,0,Other than Women,latin,1,7734,Kurukshetra__Thanesar.pdf
Kurukshetra,Thanesar,49,Kunwar Kheri,SC Woman,SC,1,Neha Devi,Karam Singh,0,0,Scheduled Caste Women,latin,1,7734,Kurukshetra__Thanesar.pdf
Kurukshetra,Thanesar,50,Loharmajra,Woman,NONE,1,Partima,Ramesh Kumar,1,0,Women,latin,1,7734,Kurukshetra__Thanesar.pdf
Kurukshetra,Thanesar,51,Lukhi,Other than Woman,NONE,0,Rajat Tanwar,Balbir Singh,0,0,Other than Women,latin,1,7734,Kurukshetra__Thanesar.pdf
Kurukshetra,Thanesar,52,Malik Pur,Woman,NONE,1,Sudesh Kumari,Maham Singh,0,0,Women,latin,1,7734,Kurukshetra__Thanesar.pdf
Kurukshetra,Thanesar,53,Mirzapur,Other than Woman,NONE,0,Sushil Kumar,Ved Parkash,0,0,Other than Women,latin,1,7734,Kurukshetra__Thanesar.pdf
Kurukshetra,Thanesar,54,Munda Khera,Woman,NONE,1,Sonia Rani,Lachman Dass,0,0,Women,latin,1,7734,Kurukshetra__Thanesar.pdf
Kurukshetra,Thanesar,55,Narkatari,Other than Woman,NONE,0,Kehar Singh,Singh Ram,0,0,Other than Women,latin,1,7734,Kurukshetra__Thanesar.pdf
Kurukshetra,Thanesar,56,Pindarsi,SC Other than Woman,SC,0,Anil Kumar,Gulab Singh,0,0,Scheduled Caste Other than Women,latin,1,7734,Kurukshetra__Thanesar.pdf
Kurukshetra,Thanesar,57,Raogarh,Woman,NONE,1,Rekha Rani,Naurang,0,0,Women,latin,1,7734,Kurukshetra__Thanesar.pdf
Kurukshetra,Thanesar,58,Samaspur,Other than Woman,NONE,0,Manoj Kumar,Raj Pal,0,0,Other than Women,latin,1,7734,Kurukshetra__Thanesar.pdf
Kurukshetra,Thanesar,59,Santokh Pura,Woman,NONE,1,Satwinder Kaur,Gurmeet Singh,0,0,Women,latin,1,7734,Kurukshetra__Thanesar.pdf
Kurukshetra,Thanesar,60,Shamsipur,Other than Woman,NONE,0,Harjinder Singh,Mohan Singh,0,0,Other than Women,latin,1,7734,Kurukshetra__Thanesar.pdf
Kurukshetra,Thanesar,61,Sunheri Khalsa,Woman,NONE,1,Sonia Devi,Anil Kumar,0,0,Women,latin,1,7734,Kurukshetra__Thanesar.pdf
Kurukshetra,Thanesar,62,Tigri Khalsa,Other than Woman,NONE,0,Paramjeet,Ram Kala,0,0,Other than Women,latin,1,7734,Kurukshetra__Thanesar.pdf
Kurukshetra,Thanesar,63,Udarsi,Woman,NONE,1,Seema Devi,Ranbir Singh,0,0,Women,latin,1,7734,Kurukshetra__Thanesar.pdf
M/garh,Ateli Nangal,1,Ateli,Other than Woman,NONE,0,Devender,Lal Chand,0,0,Other than Women,latin,1,7349,M-garh__Ateli-Nangal.pdf
M/garh,Ateli Nangal,2,Bachhod,SC Other than Woman,SC,0,Sanjay Kumar,Hari Ram,0,0,Scheduled Caste other than Women,latin,1,7349,M-garh__Ateli-Nangal.pdf
M/garh,Ateli Nangal,3,Bazar,Woman,NONE,1,Suman,Jogender Singh,0,0,Women,latin,1,7349,M-garh__Ateli-Nangal.pdf
M/garh,Ateli Nangal,4,Begpur,Other than Woman,NONE,0,Ranbir Singh,Umrao Singh,0,0,Other than Women,latin,1,7349,M-garh__Ateli-Nangal.pdf
M/garh,Ateli Nangal,5,Bhilwara,Woman,NONE,1,Suman Devi,Rajender Parsad,0,0,Women,latin,1,7349,M-garh__Ateli-Nangal.pdf
M/garh,Ateli Nangal,6,Bhori,Other than Woman,NONE,0,Pardeep Kumar,Kirori Singh,0,0,Other than Women,latin,1,7349,M-garh__Ateli-Nangal.pdf
M/garh,Ateli Nangal,7,Bihali,Woman,NONE,1,Beena Devi,Sita Ram,0,0,Women,latin,1,7349,M-garh__Ateli-Nangal.pdf
M/garh,Ateli Nangal,8,Bocharia,Other than Woman,NONE,0,Sher Singh,Parbhatilal,0,0,Other than Women,latin,1,7349,M-garh__Ateli-Nangal.pdf
M/garh,Ateli Nangal,9,Chandpura,Woman,NONE,1,Sarla Devi,Dharmender,0,0,Women,latin,1,7349,M-garh__Ateli-Nangal.pdf
M/garh,Ateli Nangal,10,Dhanonda,Other than Woman,NONE,0,Rinku Yadav,Naveen Kumar,0,0,Other than Women,latin,1,7349,M-garh__Ateli-Nangal.pdf
M/garh,Ateli Nangal,11,Fatehpur,Woman,NONE,1,Monika Kumari,Deepak Kumar,0,0,Women,latin,1,7349,M-garh__Ateli-Nangal.pdf
M/garh,Ateli Nangal,12,Ganiyar,SC Woman,SC,1,Sanita,Om Prakash,0,0,Scheduled Caste Women,latin,1,7349,M-garh__Ateli-Nangal.pdf
M/garh,Ateli Nangal,13,Garhi Ruthal,Other than Woman,NONE,0,Rahul Lamba,Omprakash Lamba,0,0,Other than Women,latin,1,7349,M-garh__Ateli-Nangal.pdf
M/garh,Ateli Nangal,14,Gujarwas,BC-A Woman,BC_A,1,Varsha Rani,Sudhir Kumar,0,0,Backward Class `A` Women,latin,1,7349,M-garh__Ateli-Nangal.pdf
M/garh,Ateli Nangal,15,Hasanpur,Other than Woman,NONE,0,Balram,Tara Chand,0,0,Other than Women,latin,1,7349,M-garh__Ateli-Nangal.pdf
M/garh,Ateli Nangal,16,Kanti,Woman,NONE,1,Kavita,Devi Singh,0,0,Women,latin,1,7349,M-garh__Ateli-Nangal.pdf
M/garh,Ateli Nangal,17,Karia,Other than Woman,NONE,0,Rajpal,Umrao Singh,0,0,Other than Women,latin,1,7349,M-garh__Ateli-Nangal.pdf
M/garh,Ateli Nangal,18,Katkai,Woman,NONE,1,Krishana Devi,Ajay Kumar,0,0,Women,latin,1,7349,M-garh__Ateli-Nangal.pdf
M/garh,Ateli Nangal,19,Khairani,Other than Woman,NONE,0,Bajrang Singh,Yadram Singh,0,0,Other than Women,latin,1,7349,M-garh__Ateli-Nangal.pdf
M/garh,Ateli Nangal,20,Khariwara,BC-A Woman,BC_A,1,Madhu Devi,Naresh Kumar,0,0,Backward Class `A` Women,latin,1,7349,M-garh__Ateli-Nangal.pdf
M/garh,Ateli Nangal,21,Kheri,Other than Woman,NONE,0,Satya Narain,Ram Chander,0,0,Other than Women,latin,1,7349,M-garh__Ateli-Nangal.pdf
M/garh,Ateli Nangal,22,Khor,Woman,NONE,1,Nupoor,Rocky Singh,0,0,Women,latin,1,7349,M-garh__Ateli-Nangal.pdf
M/garh,Ateli Nangal,23,Kunjpura,Other than Woman,NONE,0,Narender Singh,Chaman Lal,0,0,Other than Women,latin,1,7349,M-garh__Ateli-Nangal.pdf
M/garh,Ateli Nangal,24,Mahasar,BC-A Woman,BC_A,1,Manju,Naresh Kumar,0,0,Backward Class `A` Women,latin,1,7349,M-garh__Ateli-Nangal.pdf
M/garh,Ateli Nangal,25,Mirjapur,SC Other than Woman,SC,0,Dilbag,Bholu Ram,0,0,Scheduled Caste other than Women,latin,1,7349,M-garh__Ateli-Nangal.pdf
M/garh,Ateli Nangal,26,Mohamadpur,SC Other than Woman,SC,0,Hari Singh,Ramswroop,0,0,Scheduled Caste other than Women,latin,1,7349,M-garh__Ateli-Nangal.pdf
M/garh,Ateli Nangal,27,Mohalra,SC Woman,SC,1,Neetu,Kuldeep,0,0,Scheduled Caste Women,latin,1,7349,M-garh__Ateli-Nangal.pdf
M/garh,Ateli Nangal,28,Nangal,Other than Woman,NONE,0,Bhoopender Singh,Balwant Singh,0,0,Other than Women,latin,1,7349,M-garh__Ateli-Nangal.pdf
M/garh,Ateli Nangal,29,Nawdi,Woman,NONE,1,Madhu Bala,Mukesh,0,0,Women,latin,1,7349,M-garh__Ateli-Nangal.pdf
M/garh,Ateli Nangal,30,Neerpur R,Other than Woman,NONE,0,Ratanpal Singh,Jagdish Singh,0,0,Other than Women,latin,1,7349,M-garh__Ateli-Nangal.pdf
M/garh,Ateli Nangal,31,Privithipura,Woman,NONE,1,Anita,Ashok Kumar,0,0,Women,latin,1,7349,M-garh__Ateli-Nangal.pdf
M/garh,Ateli Nangal,32,Rajpura,SC Woman,SC,1,Urmila Devi,Vikram Singh,0,0,Scheduled Caste Women,latin,1,7349,M-garh__Ateli-Nangal.pdf
M/garh,Ateli Nangal,33,Rampura,Other than Woman,NONE,0,Sandeep Kumar,Jogender Singh,0,0,Other than Women,latin,1,7349,M-garh__Ateli-Nangal.pdf
M/garh,Ateli Nangal,34,Rata kalan,Woman,NONE,1,Rajni Devi,Hitender Kumar,0,0,Women,latin,1,7349,M-garh__Ateli-Nangal.pdf
M/garh,Ateli Nangal,35,Rata khurd,SC Other than Woman,SC,0,Parveen Kumar,Prahlad,0,0,Scheduled Caste other than Women,latin,1,7349,M-garh__Ateli-Nangal.pdf
M/garh,Ateli Nangal,36,Saidpur,Other than Woman,NONE,0,Vikas Yadav,Madha Ram,0,0,Other than Women,latin,1,7349,M-garh__Ateli-Nangal.pdf
M/garh,Ateli Nangal,37,Salimpur,Woman,NONE,1,Rajesh Devi,Dharambir,0,0,Women,latin,1,7349,M-garh__Ateli-Nangal.pdf
M/garh,Ateli Nangal,38,Sarai Bahadur Nangar,Other than Woman,NONE,0,Narender Kumar,Shish Ram,0,0,Other than Women,latin,1,7349,M-garh__Ateli-Nangal.pdf
M/garh,Ateli Nangal,39,Sujapur,Woman,NONE,1,Pooja,Ramesh Chand,0,0,Women,latin,1,7349,M-garh__Ateli-Nangal.pdf
M/garh,Ateli Nangal,40,Tajpur,Other than Woman,NONE,0,Rajkumar,Jagmohan Sharma,0,0,Other than Women,latin,1,7349,M-garh__Ateli-Nangal.pdf
M/garh,Ateli Nangal,41,Tigra,SC Woman,SC,1,Hansha,Rajesh Kumar,0,0,Scheduled Caste Women,latin,1,7349,M-garh__Ateli-Nangal.pdf
M/garh,Ateli Nangal,42,Tobra,Woman,NONE,1,Asha Kumari,Dhirender Kaushik,0,0,Women,latin,1,7349,M-garh__Ateli-Nangal.pdf
M/garh,Ateli Nangal,43,Uninda,Other than Woman,NONE,0,Shishpal,Prabhudayal,0,0,Other than Women,latin,1,7349,M-garh__Ateli-Nangal.pdf
M/garh,Kanina,1,Aghiyar,Other than Woman,NONE,0,Dalbir Singh,Maha Ram,0,0,Other than Women,latin,1,7358,M-garh__Kanina.pdf
M/garh,Kanina,2,Akbarpur Nangal,Woman,NONE,1,Angrej,Ajender Singh,0,0,Women,latin,1,7358,M-garh__Kanina.pdf
M/garh,Kanina,3,Anawas,BC-A Other than Woman,BC_A,0,Rajesh Kumar,Dolat Ram,0,0,Backward Class ‘A’ Other than Women,latin,1,7358,M-garh__Kanina.pdf
M/garh,Kanina,4,Bachini,Woman,NONE,1,Sanjeeta,Manish,0,0,Women,latin,1,7358,M-garh__Kanina.pdf
M/garh,Kanina,5,Baghot,Other than Woman,NONE,0,Rajender,Puran Mal,0,0,Other than Women,latin,1,7358,M-garh__Kanina.pdf
M/garh,Kanina,6,Bawania,Woman,NONE,1,Pooja Yadav,Sanjeev Kumar,0,0,Women,latin,1,7358,M-garh__Kanina.pdf
M/garh,Kanina,7,Bewal,SC Other than Woman,SC,0,Yogender Singh,Yadram,0,0,Scheduled Caste Other than Women,latin,1,7358,M-garh__Kanina.pdf
M/garh,Kanina,8,Bhalkhi,Other than Woman,NONE,0,Yogesh,Dayaram,0,0,Other than Women,latin,1,7358,M-garh__Kanina.pdf
M/garh,Kanina,9,Bharaf,SC Woman,SC,1,Poonam Kumar,Amarjeet,0,0,Scheduled Caste Women,latin,1,7358,M-garh__Kanina.pdf
M/garh,Kanina,10,Bhojawas,Woman,NONE,1,Om Lata,Pawan Kumar,0,0,Women,latin,1,7358,M-garh__Kanina.pdf
M/garh,Kanina,11,Buchawas,BC-A Other than Woman,BC_A,0,Pravin,Lila Ram,0,0,Backward Class ‘A’ Other than Women,latin,1,7358,M-garh__Kanina.pdf
M/garh,Kanina,12,Chelawas,SC Other than Woman,SC,0,Vikash Kumar,Ramkishan,0,0,Scheduled Caste Other than Women,latin,1,7358,M-garh__Kanina.pdf
M/garh,Kanina,13,Chhithroli,Woman,NONE,1,Mukesh Devi,Balwan Singh,0,0,Women,latin,1,7358,M-garh__Kanina.pdf
M/garh,Kanina,14,Dhana,Other than Woman,NONE,0,Radhe Shyam,Ramjiwan,0,0,Other than Women,latin,1,7358,M-garh__Kanina.pdf
M/garh,Kanina,15,Dhanaunda,Woman,NONE,1,Binu Kumari,Sandeep Panwar,0,0,Women,latin,1,7358,M-garh__Kanina.pdf
M/garh,Kanina,16,Gagarwas,Other than Woman,NONE,0,Ajay Kumar,Rajender Parshad,0,0,Other than Women,latin,1,7358,M-garh__Kanina.pdf
M/garh,Kanina,17,Gahara,Woman,NONE,1,Usha,Shree Pal,0,0,Women,latin,1,7358,M-garh__Kanina.pdf
M/garh,Kanina,18,Gomla,Other than Woman,NONE,0,Ved Parkash,Dhani Ram,0,0,Other than Women,latin,1,7358,M-garh__Kanina.pdf
M/garh,Kanina,19,Gomli,Woman,NONE,1,Urmila,Suresh Kumar,0,0,Women,latin,1,7358,M-garh__Kanina.pdf
M/garh,Kanina,20,Gudha,Other than Woman,NONE,0,Virender Kumar,Pirthvi Chand,0,0,Other than Women,latin,1,7358,M-garh__Kanina.pdf
M/garh,Kanina,21,Ishrana,Woman,NONE,1,Yashwanti,Radhey Shyam,0,0,Women,latin,1,7358,M-garh__Kanina.pdf
M/garh,Kanina,22,Jhagroli,BC-A Other than Woman,BC_A,0,Mukesh Soni,Balmakund,0,0,Backward Class ‘A’ Other than Women,latin,1,7358,M-garh__Kanina.pdf
M/garh,Kanina,23,Jharli,SC Woman,SC,1,Sushila,Sarjeet,0,0,Scheduled Caste Women,latin,1,7358,M-garh__Kanina.pdf
M/garh,Kanina,24,Jhigawan,SC Other than Woman,SC,0,Ramchander Diwan,Hoshiyar Singh,0,0,Scheduled Caste Other than Women,latin,1,7358,M-garh__Kanina.pdf
M/garh,Kanina,25,Kaimla,Woman,NONE,1,Dimpal Devi,Rampal,0,0,Women,latin,1,7358,M-garh__Kanina.pdf
M/garh,Kanina,26,Kakrala,SC Woman,SC,1,Neelam Devi,Sunder Lal,0,0,Scheduled Caste Women,latin,1,7358,M-garh__Kanina.pdf
M/garh,Kanina,27,Kapoori,Other than Woman,NONE,0,Himmat Singh,Nihal Singh,0,0,Other than Women,latin,1,7358,M-garh__Kanina.pdf
M/garh,Kanina,28,Karira,Woman,NONE,1,Sapna,Ajay Kumar,0,0,Women,latin,1,7358,M-garh__Kanina.pdf
M/garh,Kanina,29,Khairana,Other than Woman,NONE,0,Rahul Yadav,Sheo Chand,0,0,Other than Women,latin,1,7358,M-garh__Kanina.pdf
M/garh,Kanina,30,Kharkara Bass,Woman,NONE,1,Manisha,Rahul,0,0,Women,latin,1,7358,M-garh__Kanina.pdf
M/garh,Kanina,31,Kheri,Other than Woman,NONE,0,Pankaj Kumar,Shiv Singh,0,0,Other than Women,latin,1,7358,M-garh__Kanina.pdf
M/garh,Kanina,32,Koka,Woman,NONE,1,Mithlesh,Virender Singh,0,0,Women,latin,1,7358,M-garh__Kanina.pdf
M/garh,Kanina,33,Kotia,Other than Woman,NONE,0,Dhrambir,Bhgwan Singh,0,0,Other than Women,latin,1,7358,M-garh__Kanina.pdf
M/garh,Kanina,34,Manpura,Woman,NONE,1,Seema,Karmvir Singh,0,0,Women,latin,1,7358,M-garh__Kanina.pdf
M/garh,Kanina,35,Mohanpur,Other than Woman,NONE,0,Jeetram,Balwant Singh,0,0,Other than Women,latin,1,7358,M-garh__Kanina.pdf
M/garh,Kanina,36,Mori,Woman,NONE,1,Anita Devi,Ramniwas,0,0,Women,latin,1,7358,M-garh__Kanina.pdf
M/garh,Kanina,37,Mundayan,Other than Woman,NONE,0,Pardeep Kumar,Rajpal,0,0,Other than Women,latin,1,7358,M-garh__Kanina.pdf
M/garh,Kanina,38,Nangal,Woman,NONE,1,Parita Devi,Sunder Lal,0,0,Women,latin,1,7358,M-garh__Kanina.pdf
M/garh,Kanina,39,Nautana,SC Other than Woman,SC,0,Vikash,Sadhu Ram,0,0,Scheduled Caste Other than Women,latin,1,7358,M-garh__Kanina.pdf
M/garh,Kanina,40,Partal,Other than Woman,NONE,0,Roshan Lal Indora,Babulal Indora,0,0,Other than Women,latin,1,7358,M-garh__Kanina.pdf
M/garh,Kanina,41,Pathera,Woman,NONE,1,Meenu Devi,Jarman,0,0,Women,latin,1,7358,M-garh__Kanina.pdf
M/garh,Kanina,42,Pota,BC-A Other than Woman,BC_A,0,Hari Om,Hukum Chand,0,0,Backward Class ‘A’ Other than Women,latin,1,7358,M-garh__Kanina.pdf
M/garh,Kanina,43,Rambas,Woman,NONE,1,Saroj Devi,Kuldeep Kumar,0,0,Women,latin,1,7358,M-garh__Kanina.pdf
M/garh,Kanina,44,Rasulpur,SC Woman,SC,1,Surekha Bai,Sanjeet Singh,0,0,Scheduled Caste Women,latin,1,7358,M-garh__Kanina.pdf
M/garh,Kanina,45,Sehlang,Other than Woman,NONE,0,Vineet,Rajender Parshad,0,0,Other than Women,latin,1,7358,M-garh__Kanina.pdf
M/garh,Kanina,46,Sigra,SC Other than Woman,SC,0,Rajender Kumar,Matu Ram,0,0,Scheduled Caste Other than Women,latin,1,7358,M-garh__Kanina.pdf
M/garh,Kanina,47,Sigri,Woman,NONE,1,Poonam,Mahender,0,0,Women,latin,1,7358,M-garh__Kanina.pdf
M/garh,Kanina,48,Sihor,Other than Woman,NONE,0,Harish Kumar,Suraj Bhan,0,0,Other than Women,latin,1,7358,M-garh__Kanina.pdf
M/garh,Kanina,49,Sundarh,Woman,NONE,1,Kabul Bai,Satyavir,0,0,Women,latin,1,7358,M-garh__Kanina.pdf
M/garh,Kanina,50,Syana,Other than Woman,NONE,0,Veer Pal,Mahender Singh,0,0,Other than Women,latin,1,7358,M-garh__Kanina.pdf
M/garh,Kanina,51,Talwana,Woman,NONE,1,Monika,Vinay Kumar,0,0,Women,latin,1,7358,M-garh__Kanina.pdf
M/garh,Kanina,52,Uchhat,Other than Woman,NONE,0,Kuldeep,Sher Singh,0,0,Other than Women,latin,,7358,M-garh__Kanina.pdf
M/garh,Kanina,53,Unhani,Woman,NONE,1,Pooja,Satish,0,0,Women,latin,1,7358,M-garh__Kanina.pdf
M/garh,Mahendragarh,1,Adalpur,Other than Woman,NONE,0,Manoj Kumar Yadav,Vikram Singh,0,0,Other than Women,latin,1,7367,M-garh__Mahendragarh.pdf
M/garh,Mahendragarh,2,Bairawas,Woman,NONE,1,Mamta,Parmod Kumar,0,0,Women,latin,1,7367,M-garh__Mahendragarh.pdf
M/garh,Mahendragarh,3,Balaicha,SC Other than Woman,SC,0,Kanwar Singh,Gugan Ram,0,0,Scheduled Caste other than Women,latin,1,7367,M-garh__Mahendragarh.pdf
M/garh,Mahendragarh,4,Bass Khudana,Other than Woman,NONE,0,Rattan,Chhaju,0,0,Other than Women,latin,1,7367,M-garh__Mahendragarh.pdf
M/garh,Mahendragarh,5,Bassai,BC-A Woman,BC_A,1,Pooja Kumari,Bhagat Singh,0,0,Backward Class 'A' Women,latin,1,7367,M-garh__Mahendragarh.pdf
M/garh,Mahendragarh,6,Bawana,Other than Woman,NONE,0,Praveen Kumar,Dalip Singh,0,0,Other than Women,latin,1,7367,M-garh__Mahendragarh.pdf
M/garh,Mahendragarh,7,Beri,Woman,NONE,1,Hansa Devi,Rajpal,0,0,Women,latin,1,7367,M-garh__Mahendragarh.pdf
M/garh,Mahendragarh,8,Bhagdana,SC Woman,SC,1,Maya Devi,Dinesh Kumar,0,0,Scheduled Caste Women,latin,1,7367,M-garh__Mahendragarh.pdf
M/garh,Mahendragarh,9,Bhandor Nichi,Other than Woman,NONE,0,Ram Singh,Sunder Singh,0,0,Other than Women,latin,1,7367,M-garh__Mahendragarh.pdf
M/garh,Mahendragarh,10,Bhandor Unchi,Woman,NONE,1,Sharda,Virender Kumar,0,0,Women,latin,1,7367,M-garh__Mahendragarh.pdf
M/garh,Mahendragarh,11,Bhurjat,Other than Woman,NONE,0,Mainpal Singh,Narayan Singh,0,0,Other than Women,latin,1,7367,M-garh__Mahendragarh.pdf
M/garh,Mahendragarh,12,Bucholi,Woman,NONE,1,Alka Yadav,Arvind Mohan,0,0,Women,latin,1,7367,M-garh__Mahendragarh.pdf
M/garh,Mahendragarh,13,Budeen,Other than Woman,NONE,0,Dharamveer,Kanwar Singh,0,0,Other than Women,latin,1,7367,M-garh__Mahendragarh.pdf
M/garh,Mahendragarh,14,Chhajiawas,Woman,NONE,1,Kum Kirpa Bai,Narender Singh,0,0,Women,latin,1,7367,M-garh__Mahendragarh.pdf
M/garh,Mahendragarh,15,Chitlang,Other than Woman,NONE,0,Hariom,Rajender Singh,0,0,Other than Women,latin,1,7367,M-garh__Mahendragarh.pdf
M/garh,Mahendragarh,16,Daroli Jat,Woman,NONE,1,Mamta,Ranvir Singh,0,0,Women,latin,1,7367,M-garh__Mahendragarh.pdf
M/garh,Mahendragarh,17,Devnagar,Other than Woman,NONE,0,Krishan Kumar,Arjun Singh,0,0,Other than Women,latin,1,7367,M-garh__Mahendragarh.pdf
M/garh,Mahendragarh,18,Dewas,Woman,NONE,1,Manjita,Manoj Kumar,0,0,Women,latin,1,7367,M-garh__Mahendragarh.pdf
M/garh,Mahendragarh,19,Dholi,Other than Woman,NONE,0,Amit Kumar,Makkhan Lal,0,0,Other than Women,latin,1,7367,M-garh__Mahendragarh.pdf
M/garh,Mahendragarh,20,Dulana,Woman,NONE,1,Mukesh Devi,Dharmender Singh,0,0,Women,latin,1,7367,M-garh__Mahendragarh.pdf
M/garh,Mahendragarh,21,Duloth Ahir,Other than Woman,NONE,0,Devender Kumar,Dharmpal,0,0,Other than Women,latin,1,7367,M-garh__Mahendragarh.pdf
M/garh,Mahendragarh,22,Gadania,Woman,NONE,1,Priyanka,Krishan Dev,0,0,Women,latin,1,7367,M-garh__Mahendragarh.pdf
M/garh,Mahendragarh,23,Garhi,Other than Woman,NONE,0,Karamvir,Hari Singh,0,0,Other than Women,latin,1,7367,M-garh__Mahendragarh.pdf
M/garh,Mahendragarh,24,Gulawala,Woman,NONE,1,Mukesh Bai,Mahipal,0,0,Women,latin,1,7367,M-garh__Mahendragarh.pdf
M/garh,Mahendragarh,25,Janjariawas,SC Other than Woman,SC,0,Ajay,Hazari Lal,0,0,Scheduled Caste other than Women,latin,1,7367,M-garh__Mahendragarh.pdf
M/garh,Mahendragarh,26,Jant,SC Woman,SC,1,Kirti,Satyaveer Singh,0,0,Scheduled Caste Women,latin,1,7367,M-garh__Mahendragarh.pdf
M/garh,Mahendragarh,27,Jasawas,SC Other than Woman,SC,0,Kamal Kishor,Ram Kumar,0,0,Scheduled Caste other than Women,latin,1,7367,M-garh__Mahendragarh.pdf
M/garh,Mahendragarh,28,Jatwas,Other than Woman,NONE,0,Raj Kumar,Karan Singh,0,0,Other than Women,latin,1,7367,M-garh__Mahendragarh.pdf
M/garh,Mahendragarh,29,Jhook,Woman,NONE,1,Phalta,Anil Kumar,0,0,Women,latin,1,7367,M-garh__Mahendragarh.pdf
M/garh,Mahendragarh,30,Jonawas,Other than Woman,NONE,0,Jogender Kumar,Hoshiyar Singh,0,0,Other than Women,latin,1,7367,M-garh__Mahendragarh.pdf
M/garh,Mahendragarh,31,Khaira,Woman,NONE,1,Poonam,Rajbir,0,0,Women,latin,1,7367,M-garh__Mahendragarh.pdf
M/garh,Mahendragarh,32,Khairoli,Other than Woman,NONE,0,Neeraj Sokal,Satveer,0,0,Other than Women,latin,1,7367,M-garh__Mahendragarh.pdf
M/garh,Mahendragarh,33,Kharkara Akoda,Woman,NONE,1,Sharmila Devi,Naresh Kumar,0,0,Women,latin,1,7367,M-garh__Mahendragarh.pdf
M/garh,Mahendragarh,34,Khatiwas,Other than Woman,NONE,0,Mukesh Kumar,Shri Chand,0,0,Other than Women,latin,1,7367,M-garh__Mahendragarh.pdf
M/garh,Mahendragarh,35,Khatod,Woman,NONE,1,Umesh Devi,Satish Yadav,0,0,Women,latin,1,7367,M-garh__Mahendragarh.pdf
M/garh,Mahendragarh,36,Khatodra,Other than Woman,NONE,0,Vacant,,0,1,Other than Women,latin,1,7367,M-garh__Mahendragarh.pdf
M/garh,Mahendragarh,37,Khera,Woman,NONE,1,Bhawana,Babu Lal,0,0,Women,latin,1,7367,M-garh__Mahendragarh.pdf
M/garh,Mahendragarh,38,Kherki,BC-A Other than Woman,BC_A,0,Hardwari Lal,Banwari Lal,0,0,Backward Class 'A' other than Women,latin,1,7367,M-garh__Mahendragarh.pdf
M/garh,Mahendragarh,39,Khudana,Woman,NONE,1,Anju,Naresh Singh,0,0,Women,latin,1,7367,M-garh__Mahendragarh.pdf
M/garh,Mahendragarh,40,Kothal Kalan,SC Woman,SC,1,Lalita,Sanjay Kumar,0,0,Scheduled Caste Women,latin,1,7367,M-garh__Mahendragarh.pdf
M/garh,Mahendragarh,41,Kothal Khurd,BC-A Other than Woman,BC_A,0,Dhirender Kumar Dhiraj,Sita Ram,0,0,Backward Class 'A' other than Women,latin,1,7367,M-garh__Mahendragarh.pdf
M/garh,Mahendragarh,42,Kuksi,SC Other than Woman,SC,0,Anil Kumar,Madan Lal,0,0,Scheduled Caste other than Women,latin,1,7367,M-garh__Mahendragarh.pdf
M/garh,Mahendragarh,43,Kurahwata,Woman,NONE,1,Anju,Rahul Yadav,0,0,Women,latin,1,7367,M-garh__Mahendragarh.pdf
M/garh,Mahendragarh,44,Lawan,Other than Woman,NONE,0,Kuldeep,Natha Ram,0,0,Other than Women,latin,1,7367,M-garh__Mahendragarh.pdf
M/garh,Mahendragarh,45,Majra Kalan,Woman,NONE,1,Manju Yadav,Kuldeep Yadav,0,0,Women,latin,1,7367,M-garh__Mahendragarh.pdf
M/garh,Mahendragarh,46,Majra Khurd,SC Woman,SC,1,Deepika,Praveen Kumar,0,0,Scheduled Caste Women,latin,1,7367,M-garh__Mahendragarh.pdf
M/garh,Mahendragarh,47,Malra Bass,SC Other than Woman,SC,0,Vijay Singh,Mohan Lal,0,0,Scheduled Caste other than Women,latin,1,7367,M-garh__Mahendragarh.pdf
M/garh,Mahendragarh,48,Malra Sarai,Other than Woman,NONE,0,Pawan Kumar,Jaswant,0,0,Other than Women,latin,1,7367,M-garh__Mahendragarh.pdf
M/garh,Mahendragarh,49,Mandola,Woman,NONE,1,Pooja Yadav,Ajay Yadav,0,0,Women,latin,1,7367,M-garh__Mahendragarh.pdf
M/garh,Mahendragarh,50,Meghanwas,Other than Woman,NONE,0,Jaipal,Rajender Singh,0,0,Other than Women,latin,1,7367,M-garh__Mahendragarh.pdf
M/garh,Mahendragarh,51,Nanagwas,Woman,NONE,1,Laxmi,Rinku,0,0,Women,latin,1,7367,M-garh__Mahendragarh.pdf
M/garh,Mahendragarh,52,Nangal Sirohi,BC-A Other than Woman,BC_A,0,Gokal Chand,Jai Narain,0,0,Backward Class 'A' other than Women,latin,1,7367,M-garh__Mahendragarh.pdf
M/garh,Mahendragarh,53,Nihalawas,SC Woman,SC,1,Nisha,Amit Kumar,0,0,Scheduled Caste Women,latin,1,7367,M-garh__Mahendragarh.pdf
M/garh,Mahendragarh,54,Nimbhera,Woman,NONE,1,Kumari Suman Yadav,Naresh Kumar,0,0,Women,latin,1,7367,M-garh__Mahendragarh.pdf
M/garh,Mahendragarh,55,Nimbi,Other than Woman,NONE,0,Vikram Singh Tanwar,Samunder Singh,0,0,Other than Women,latin,1,7367,M-garh__Mahendragarh.pdf
M/garh,Mahendragarh,56,Paiga,Woman,NONE,1,Sunita,Hemant Kumar,0,0,Women,latin,1,7367,M-garh__Mahendragarh.pdf
M/garh,Mahendragarh,57,Pall,Other than Woman,NONE,0,Duhar Singh,Harphool,0,0,Other than Women,latin,1,7367,M-garh__Mahendragarh.pdf
M/garh,Mahendragarh,58,Palh,Woman,NONE,1,Manti Devi,Omprakash,1,0,Women,latin,1,7367,M-garh__Mahendragarh.pdf
M/garh,Mahendragarh,59,Pali,Other than Woman,NONE,0,Desh Raj Singh,Partap Singh,0,0,Other than Women,latin,1,7367,M-garh__Mahendragarh.pdf
M/garh,Mahendragarh,60,Palri Panihar,Woman,NONE,1,Maya Devi,Vijay Pal,0,0,Women,latin,1,7367,M-garh__Mahendragarh.pdf
M/garh,Mahendragarh,61,Riwasa,SC Other than Woman,SC,0,Mahesh Kumar,Jageram,0,0,Scheduled Caste other than Women,latin,1,7367,M-garh__Mahendragarh.pdf
M/garh,Mahendragarh,62,Sisoth,Other than Woman,NONE,0,Virender Kumar,Raj Kumar,0,0,Other than Women,latin,1,7367,M-garh__Mahendragarh.pdf
M/garh,Mahendragarh,63,Surjanwas,Woman,NONE,1,Sugandha,Sanjay Yadav,0,0,Women,latin,1,7367,M-garh__Mahendragarh.pdf
M/garh,Mahendragarh,64,Ushmapur,Other than Woman,NONE,0,Ravinder,Sumer Singh,0,0,Other than Women,latin,1,7367,M-garh__Mahendragarh.pdf
M/garh,Mahendragarh,65,Zerpur,BC-A Woman,BC_A,1,Lilawati,Krishan Kumar,0,0,Backward Class 'A' Women,latin,1,7367,M-garh__Mahendragarh.pdf
M/garh,Nangal Chaudhary,1,Akbarpur Sirohi,Other than Woman,NONE,0,Shamsher Singh,Prabhu Ram,0,0,Other than Women,latin,1,7412,M-garh__Nangal-Chaudhary.pdf
M/garh,Nangal Chaudhary,2,Akoli,Woman,NONE,1,Neeraj Yadav,Hari Singh,0,0,Women,latin,1,7412,M-garh__Nangal-Chaudhary.pdf
M/garh,Nangal Chaudhary,3,Amarpura,Other than Woman,NONE,0,Kuldeep Singh,Sadhu Ram,0,0,Other than Women,latin,1,7412,M-garh__Nangal-Chaudhary.pdf
M/garh,Nangal Chaudhary,4,Antri,Woman,NONE,1,Munesh Kumari,Balwant,0,0,Women,latin,1,7412,M-garh__Nangal-Chaudhary.pdf
M/garh,Nangal Chaudhary,5,Asrawas,Other than Woman,NONE,0,Karmpal,Heeralal,0,0,Other than Women,latin,1,7412,M-garh__Nangal-Chaudhary.pdf
M/garh,Nangal Chaudhary,6,Bahmanwas Kheta,Other than Woman,NONE,0,Mohit,Sube Singh,0,0,Other than Women,latin,0,7412,M-garh__Nangal-Chaudhary.pdf
M/garh,Nangal Chaudhary,7,Banihari,SC Woman,SC,1,Monika Dumoliya,Naresh Kumar,0,0,Schedule Cast Women,latin,1,7412,M-garh__Nangal-Chaudhary.pdf
M/garh,Nangal Chaudhary,8,Bhedanti,Woman,NONE,1,Mamta,Satish,0,0,Woman,latin,1,7412,M-garh__Nangal-Chaudhary.pdf
M/garh,Nangal Chaudhary,9,Bhojawas,BC-A Other than Woman,BC_A,0,Gagandeep,Ravinder,0,0,Backward Class ‘A’ other than Women,latin,0,7412,M-garh__Nangal-Chaudhary.pdf
M/garh,Nangal Chaudhary,10,Biharipur,Woman,NONE,1,Suragyana,Gandhi,0,0,Women,latin,1,7412,M-garh__Nangal-Chaudhary.pdf
M/garh,Nangal Chaudhary,11,Budhwal,Other than Woman,NONE,0,Dharamveer,Shri Chand,0,0,Other than Women,latin,1,7412,M-garh__Nangal-Chaudhary.pdf
M/garh,Nangal Chaudhary,12,Chhapra Bibipur,Woman,NONE,1,Manju Devi,Punit Kumar,0,0,Women,latin,1,7412,M-garh__Nangal-Chaudhary.pdf
M/garh,Nangal Chaudhary,13,Datal,SC Other than Woman,SC,0,Zile Singh,Ganpat Ram,0,0,Scheduled Caste other than Women,latin,1,7412,M-garh__Nangal-Chaudhary.pdf
M/garh,Nangal Chaudhary,14,Dholera,BC-A Other than Woman,BC_A,0,Devender Kumar,Rang Lal,0,0,Backward Class ‘A’ other than Women,latin,1,7412,M-garh__Nangal-Chaudhary.pdf
M/garh,Nangal Chaudhary,15,Dokhera,Woman,NONE,1,Sushila,Pradeep,0,0,Women,latin,1,7412,M-garh__Nangal-Chaudhary.pdf
M/garh,Nangal Chaudhary,16,Dongli,Other than Woman,NONE,0,Ramphal,Lakhmi Chand,0,0,Other than Women,latin,1,7412,M-garh__Nangal-Chaudhary.pdf
M/garh,Nangal Chaudhary,17,Dostpur,Woman,NONE,1,Mamta Devi,Babhrubhan,0,0,Women,latin,1,7412,M-garh__Nangal-Chaudhary.pdf
M/garh,Nangal Chaudhary,18,Gadwa,Other than Woman,NONE,0,Sunil Kumar,Lala Ram,0,0,Other than Women,latin,1,7412,M-garh__Nangal-Chaudhary.pdf
M/garh,Nangal Chaudhary,19,Gotheri,Woman,NONE,1,Manesha Devi Gurjar,Anil Kumar,0,0,Women,latin,1,7412,M-garh__Nangal-Chaudhary.pdf
M/garh,Nangal Chaudhary,20,Iqbalpur Nangli,SC Woman,SC,1,Anju,Rajkumar,0,0,Schedule Cast Women,latin,1,7412,M-garh__Nangal-Chaudhary.pdf
M/garh,Nangal Chaudhary,21,Jainpur,Other than Woman,NONE,0,Desh Raj,Jagmal,0,0,Other than Women,latin,1,7412,M-garh__Nangal-Chaudhary.pdf
M/garh,Nangal Chaudhary,22,Kalba,Woman,NONE,1,Santosh Devi,Ashok Kumar,0,0,Woman,latin,1,7412,M-garh__Nangal-Chaudhary.pdf
M/garh,Nangal Chaudhary,23,Kamaniya,BC-A Other than Woman,BC_A,0,Makhan Lal,Murari Lal,0,0,Backward Class ‘A’ other than Women,latin,1,7412,M-garh__Nangal-Chaudhary.pdf
M/garh,Nangal Chaudhary,24,Khatoli Ahir,Woman,NONE,1,Manoj Devi,Bikram Singh,1,0,Women,latin,1,7412,M-garh__Nangal-Chaudhary.pdf
M/garh,Nangal Chaudhary,25,Khatoli Jat,Other than Woman,NONE,0,Vikash Kumar,Virender Singh,0,0,Other than Women,latin,1,7412,M-garh__Nangal-Chaudhary.pdf
M/garh,Nangal Chaudhary,26,Lujota,Woman,NONE,1,Hemlata,Satyavir,0,0,Women,latin,1,7412,M-garh__Nangal-Chaudhary.pdf
M/garh,Nangal Chaudhary,27,Mausampur,SC Other than Woman,SC,0,Bal Kishan,Durga Prasad,0,0,Scheduled Caste other than Women,latin,1,7412,M-garh__Nangal-Chaudhary.pdf
M/garh,Nangal Chaudhary,28,Meghot Binja,Other than Woman,NONE,0,Manoj Kumar,Beer Singh,0,0,Other than Women,latin,1,7412,M-garh__Nangal-Chaudhary.pdf
M/garh,Nangal Chaudhary,29,Meghot Hala,Woman,NONE,1,Pavitra,Vijender Kumar,0,0,Women,latin,1,7412,M-garh__Nangal-Chaudhary.pdf
M/garh,Nangal Chaudhary,30,Mohabatpur Bhungarka,Other than Woman,NONE,0,Rajender Prasad,Gopi Ram,0,0,Other than Women,latin,1,7412,M-garh__Nangal-Chaudhary.pdf
M/garh,Nangal Chaudhary,31,Morund,Woman,NONE,1,Nisha,Desh Raj,0,0,Women,latin,1,7412,M-garh__Nangal-Chaudhary.pdf
M/garh,Nangal Chaudhary,32,Mulodi,Other than Woman,NONE,0,Parveen,Rohitash,0,0,Other than Women,latin,1,7412,M-garh__Nangal-Chaudhary.pdf
M/garh,Nangal Chaudhary,33,Nangal Kalia,Woman,NONE,1,Suman Devi,Dharmender,0,0,Women,latin,1,7412,M-garh__Nangal-Chaudhary.pdf
M/garh,Nangal Chaudhary,34,Nangal Nunia,SC Woman,SC,1,Parkash Devi,Jaisingh,0,0,Schedule Cast Women,latin,1,7412,M-garh__Nangal-Chaudhary.pdf
M/garh,Nangal Chaudhary,35,Nangal Pipa,Other than Woman,NONE,0,Ram Naresh,Prabhati Lal,0,0,Other than Women,latin,1,7412,M-garh__Nangal-Chaudhary.pdf
M/garh,Nangal Chaudhary,36,Nangal Soda,Woman,NONE,1,Kumari Savita,Mahesh Kumar,0,0,Woman,latin,1,7412,M-garh__Nangal-Chaudhary.pdf
M/garh,Nangal Chaudhary,37,Nayan,Other than Woman,NONE,0,Satish,Devkaran,0,0,Other than Women,latin,1,7412,M-garh__Nangal-Chaudhary.pdf
M/garh,Nangal Chaudhary,38,Niyamatpur,Other than Woman,NONE,0,Neetu Singh Kanwar,Vikram Rawat,0,0,Other than Women,latin,0,7412,M-garh__Nangal-Chaudhary.pdf
M/garh,Nangal Chaudhary,39,Rai Malikpur,Other than Woman,NONE,0,Dharmpal,Babu Lal,0,0,Other than Women,latin,1,7412,M-garh__Nangal-Chaudhary.pdf
M/garh,Nangal Chaudhary,40,Saidlipur,Woman,NONE,1,Sugna Devi,Tara Chand,0,0,Women,latin,1,7412,M-garh__Nangal-Chaudhary.pdf
M/garh,Nangal Chaudhary,41,Shehbajpur,Other than Woman,NONE,0,Vikram Singh,Biraj Lal,0,0,Other than Women,latin,1,7412,M-garh__Nangal-Chaudhary.pdf
M/garh,Nangal Chaudhary,42,Sheoramnathpur a,Woman,NONE,1,Sona Kumari,Harish Kumar,0,0,Women,latin,1,7412,M-garh__Nangal-Chaudhary.pdf
M/garh,Nangal Chaudhary,43,Sirohi Bahali,SC Other than Woman,SC,0,Lekhraj,Ram Kumar,0,0,Scheduled Caste other than Women,latin,1,7412,M-garh__Nangal-Chaudhary.pdf
M/garh,Nangal Chaudhary,44,Thanwas,Other than Woman,NONE,0,Pawan Kumar,Shri Chand,0,0,Other than Women,latin,1,7412,M-garh__Nangal-Chaudhary.pdf
M/garh,Nangal Chaudhary,45,Totaheri,Woman,NONE,1,Ritu Badesra,Prem Singh,0,0,Women,latin,1,7412,M-garh__Nangal-Chaudhary.pdf
M/garh,Narnaul,1,Amarpur Jorasi,Other than Woman,NONE,0,Hariram,Somdutt,0,0,Other than Women,latin,1,7385,M-garh__Narnaul.pdf
M/garh,Narnaul,2,Badopur,SC Other than Woman,SC,0,Mahesh Kumar,Babulal,0,0,Scheduled Caste other than Women,latin,1,7385,M-garh__Narnaul.pdf
M/garh,Narnaul,3,Balaha Kalan,Woman,NONE,1,Sushila Devi,Mahabir Singh,0,0,Women,latin,1,7385,M-garh__Narnaul.pdf
M/garh,Narnaul,4,Balaha Khurd,SC Woman,SC,1,Asha,Naveen Kumar,0,0,Scheduled Caste Women,latin,1,7385,M-garh__Narnaul.pdf
M/garh,Narnaul,5,Baproli,SC Other than Woman,SC,0,Rakesh,Ghisa Ram,0,0,Scheduled Caste other than Women,latin,1,7385,M-garh__Narnaul.pdf
M/garh,Narnaul,6,Bargaon,Other than Woman,NONE,0,Vikash,Omparkash,0,0,Other than Women,latin,1,7385,M-garh__Narnaul.pdf
M/garh,Narnaul,7,Barkoda,Woman,NONE,1,Poonam Yadav,Sahender Kumar,0,0,Women,latin,1,7385,M-garh__Narnaul.pdf
M/garh,Narnaul,8,Bass Kirarodh Umrabad,Other than Woman,NONE,0,Sunil,Munshi Ram,0,0,Other than Women,latin,1,7385,M-garh__Narnaul.pdf
M/garh,Narnaul,9,Bhankhari,SC Woman,SC,1,Sharda,Sumer Singh,0,0,Scheduled Caste Women,latin,1,7385,M-garh__Narnaul.pdf
M/garh,Narnaul,10,Bhushan Kalan,Woman,NONE,1,Savita,Rakesh Kumar,0,0,Women,latin,1,7385,M-garh__Narnaul.pdf
M/garh,Narnaul,11,Bhushan Khurd,Other than Woman,NONE,0,Rinku,Ramniwas,0,0,Other than Women,latin,1,7385,M-garh__Narnaul.pdf
M/garh,Narnaul,12,Chindaliya,Woman,NONE,1,Suman,Mukesh Kumar,0,0,Women,latin,1,7385,M-garh__Narnaul.pdf
M/garh,Narnaul,13,Dhani Bathotha,Other than Woman,NONE,0,Naresh Kumar,Amar Singh,0,0,Other than Women,latin,1,7385,M-garh__Narnaul.pdf
M/garh,Narnaul,14,Dharsoon,BC-A Woman,BC_A,1,Raveeta,Bablu,0,0,Backward Class 'A' Women,latin,1,7385,M-garh__Narnaul.pdf
M/garh,Narnaul,15,Dochana,BC-A Other than Woman,BC_A,0,Moolchand,Sohan Lal,0,0,Backward Class ‘A’ other than Women,latin,1,7385,M-garh__Narnaul.pdf
M/garh,Narnaul,16,Dohar Kalan,SC Other than Woman,SC,0,Shyam Sunder,Sheochand,0,0,Scheduled Caste other than Women,latin,1,7385,M-garh__Narnaul.pdf
M/garh,Narnaul,17,Dohar Khurd,Woman,NONE,1,Indu Kumari,Amit Kumar,0,0,Women,latin,1,7385,M-garh__Narnaul.pdf
M/garh,Narnaul,18,Faizlipur,Other than Woman,NONE,0,Atinder,Jhaburam,0,0,Other than Women,latin,1,7385,M-garh__Narnaul.pdf
M/garh,Narnaul,19,Gehli,SC Woman,SC,1,Manjeet Kumari,Kuldeep Singh,0,0,Scheduled Caste Women,latin,1,7385,M-garh__Narnaul.pdf
M/garh,Narnaul,20,Goad,Woman,NONE,1,Renu Kumari,Upender Singh,0,0,Women,latin,1,7385,M-garh__Narnaul.pdf
M/garh,Narnaul,21,Hamindpur,SC Other than Woman,SC,0,Hoshiyar,Tarachand,0,0,Scheduled Caste other than Women,latin,1,7385,M-garh__Narnaul.pdf
M/garh,Narnaul,22,Hajipur,Other than Woman,NONE,0,Jogender Singh,Ram Prasad,0,0,Other than Women,latin,1,7385,M-garh__Narnaul.pdf
M/garh,Narnaul,23,Jadupur,Woman,NONE,1,Sushma,Pradeep Kumar,0,0,Women,latin,1,7385,M-garh__Narnaul.pdf
M/garh,Narnaul,24,Jailaf,Other than Woman,NONE,0,Amar Singh,Ramchander,0,0,Other than Women,latin,1,7385,M-garh__Narnaul.pdf
M/garh,Narnaul,25,Jakhani,SC Woman,SC,1,Sunita Devi,Sunder Singh,0,0,Scheduled Caste Women,latin,1,7385,M-garh__Narnaul.pdf
M/garh,Narnaul,26,Kanwi,Woman,NONE,1,Urmila,Nityanand,0,0,Women,latin,1,7385,M-garh__Narnaul.pdf
M/garh,Narnaul,27,Karota,Other than Woman,NONE,0,Lal Chand,Sunda Ram,0,0,Other than Women,latin,1,7385,M-garh__Narnaul.pdf
M/garh,Narnaul,28,Khanpur,Woman,NONE,1,Mamta,Ravinder Yadav,0,0,Women,latin,1,7385,M-garh__Narnaul.pdf
M/garh,Narnaul,29,Khatoti Khurd,Woman,NONE,1,Jyoti,Rajender Singh,0,0,Women,latin,1,7385,M-garh__Narnaul.pdf
M/garh,Narnaul,30,Khatoti Kalan,Other than Woman,NONE,0,Satyabir,Jagmal Singh,0,0,Other than Women,latin,1,7385,M-garh__Narnaul.pdf
M/garh,Narnaul,31,@Khodma,Other than Woman,NONE,0,Vacant,,0,1,Other than Women,latin,,7385,M-garh__Narnaul.pdf
M/garh,Narnaul,32,Koriawas,Woman,NONE,1,Monika,Pardeep Yadav,0,0,Women,latin,1,7385,M-garh__Narnaul.pdf
M/garh,Narnaul,33,Kultajpur,Other than Woman,NONE,0,Vikram Yadav,Harnam Singh,0,0,Other than Women,latin,1,7385,M-garh__Narnaul.pdf
M/garh,Narnaul,34,Kutbapur,Woman,NONE,1,Manoj Kumari,Balraj Singh,0,0,Women,latin,1,7385,M-garh__Narnaul.pdf
M/garh,Narnaul,35,Lehroda,Other than Woman,NONE,0,Shree Bhagwan,Ghisha Ram,0,0,Other than Women,latin,1,7385,M-garh__Narnaul.pdf
M/garh,Narnaul,36,Mehrampur,Woman,NONE,1,Manisha,Balwan Singh,0,0,Women,latin,1,7385,M-garh__Narnaul.pdf
M/garh,Narnaul,37,Maksuspur,SC Other than Woman,SC,0,Achal Singh,Kaluram,0,0,Scheduled Caste other than Women,latin,1,7385,M-garh__Narnaul.pdf
M/garh,Narnaul,38,Mandhana,Other than Woman,NONE,0,Mukesh Kumar,Lal Singh,0,0,Other than Women,latin,1,7385,M-garh__Narnaul.pdf
M/garh,Narnaul,39,Mandlana,Woman,NONE,1,Mamta,Mukesh Kumar,0,0,Women,latin,1,7385,M-garh__Narnaul.pdf
M/garh,Narnaul,40,Mohamadpur Hamindkhan,SC Woman,SC,1,Beena Kumari,Kewal Kumar,0,0,Scheduled Caste Women,latin,1,7385,M-garh__Narnaul.pdf
M/garh,Narnaul,41,Mukandpura,Other than Woman,NONE,0,Mahesh Kumar,Hansraj,0,0,Other than Women,latin,1,7385,M-garh__Narnaul.pdf
M/garh,Narnaul,42,Nangal Katha,Woman,NONE,1,Renu Bala,Baljeet,0,0,Women,latin,1,7385,M-garh__Narnaul.pdf
M/garh,Narnaul,43,Nangal Sayalu,BC-A Other than Woman,BC_A,0,Ashwani Sharma,Ramanand,0,0,Backward Class ‘A’ other than Women,latin,1,7385,M-garh__Narnaul.pdf
M/garh,Narnaul,44,Nangtihari,Woman,NONE,1,Manju Devi,Satyavir Singh,0,0,Women,latin,1,7385,M-garh__Narnaul.pdf
M/garh,Narnaul,45,Niwaj Nagar,Other than Woman,NONE,0,Ramesh Kumar,Madan Lal,0,0,Other than Women,latin,1,7385,M-garh__Narnaul.pdf
M/garh,Narnaul,46,Raghunathpura,Woman,NONE,1,Pinki Kumari,Ankit Yadav,0,0,Women,latin,1,7385,M-garh__Narnaul.pdf
M/garh,Narnaul,47,Seka,Other than Woman,NONE,0,Vijaypal,Mahipal,0,0,Other than Women,latin,1,7385,M-garh__Narnaul.pdf
M/garh,Narnaul,48,Silarpur Mehta,Woman,NONE,1,Sunita,Surender Kumar,1,0,Women,latin,1,7385,M-garh__Narnaul.pdf
M/garh,Narnaul,49,Shobhapur,BC-A Other than Woman,BC_A,0,Jitender,Mool Chand,0,0,Backward Class ‘A’ other than Women,latin,1,7385,M-garh__Narnaul.pdf
M/garh,Narnaul,50,Tajipur,Woman,NONE,1,Rajbala,Aman Kumar,0,0,Women,latin,1,7385,M-garh__Narnaul.pdf
M/garh,Narnaul,51,Tehla,Other than Woman,NONE,0,Vikram Singh,Durga Parsad,0,0,Other than Women,latin,1,7385,M-garh__Narnaul.pdf
M/garh,Narnaul,52,Thana,Woman,NONE,1,Saroj,Sumit,0,0,Women,latin,1,7385,M-garh__Narnaul.pdf
M/garh,Nizampur,1,Ajmabad Mukhota,Other than Woman,NONE,0,....,Nihal Singh,0,0,Other than Women,latin,1,7376,M-garh__Nizampur.pdf
M/garh,Nizampur,2,Islampura,Other than Woman,NONE,0,....,Rambilash,0,0,Other than Women,latin,1,7376,M-garh__Nizampur.pdf
M/garh,Nizampur,3,Karoli,SC Woman,SC,1,....,Madhu,0,0,Scheduled Caste Women,latin,1,7376,M-garh__Nizampur.pdf
M/garh,Nizampur,4,Ganwari Jat,Other than Woman,NONE,0,....,Surender Singh,0,0,Other than Women,latin,1,7376,M-garh__Nizampur.pdf
M/garh,Nizampur,5,Golwa,SC Other than Woman,SC,0,....,Prakash Singh,0,0,Scheduled Caste other than Women,latin,1,7376,M-garh__Nizampur.pdf
M/garh,Nizampur,6,Ghatasher,SC Woman,SC,1,....,Umrila Kumari,0,0,Scheduled Caste Women,latin,1,7376,M-garh__Nizampur.pdf
M/garh,Nizampur,7,Chhilro,Other than Woman,NONE,0,....,Vikram Singh,0,0,Other than Women,latin,1,7376,M-garh__Nizampur.pdf
M/garh,Nizampur,8,Talot,Woman,NONE,1,....,Sunita Devi,0,0,Women,latin,1,7376,M-garh__Nizampur.pdf
M/garh,Nizampur,9,Dancholi,Woman,NONE,1,....,Babita,0,0,Women,latin,1,7376,M-garh__Nizampur.pdf
M/garh,Nizampur,10,Dhanota,Other than Woman,NONE,0,....,Akash Sharma,0,0,Other than Women,latin,1,7376,M-garh__Nizampur.pdf
M/garh,Nizampur,11,Nangal Dargu,SC Other than Woman,SC,0,....,Puranmal,0,0,Scheduled Caste other than Women,latin,1,7376,M-garh__Nizampur.pdf
M/garh,Nizampur,12,Napla,Woman,NONE,1,....,Leelawati,0,0,Women,latin,1,7376,M-garh__Nizampur.pdf
M/garh,Nizampur,13,Narehri,Other than Woman,NONE,0,....,Vijay Singh,0,0,Other than Women,latin,1,7376,M-garh__Nizampur.pdf
M/garh,Nizampur,14,Nizampur,Other than Woman,NONE,0,....,Surender Singh,0,0,Other than Women,latin,1,7376,M-garh__Nizampur.pdf
M/garh,Nizampur,15,Niyajlipur,Woman,NONE,1,....,Manju Kumari,0,0,Women,latin,1,7376,M-garh__Nizampur.pdf
M/garh,Nizampur,16,Pawera,Other than Woman,NONE,0,....,Dharmender,0,0,Other than Women,latin,1,7376,M-garh__Nizampur.pdf
M/garh,Nizampur,17,Panchnota,Woman,NONE,1,....,Mamta,0,0,Women,latin,1,7376,M-garh__Nizampur.pdf
M/garh,Nizampur,18,Basirpur,Woman,NONE,1,....,Mamta,0,0,Women,latin,1,7376,M-garh__Nizampur.pdf
M/garh,Nizampur,19,Bamanwas Nuh,BC-A Other than Woman,BC_A,0,....,Girdhari Lal,0,0,Backward Class ‘A’ other than Women,latin,1,7376,M-garh__Nizampur.pdf
M/garh,Nizampur,20,Bayal,BC-A Other than Woman,BC_A,0,....,Dashrath Yogi,0,0,Backward Class ‘A’ other than Women,latin,1,7376,M-garh__Nizampur.pdf
M/garh,Nizampur,21,Bigopur,Woman,NONE,1,....,Pooja Kumari,0,0,Women,latin,1,7376,M-garh__Nizampur.pdf
M/garh,Nizampur,22,Berundla,SC Other than Woman,SC,0,....,Neeraj,0,0,Scheduled Caste other than Women,latin,1,7376,M-garh__Nizampur.pdf
M/garh,Nizampur,23,Maroli,Woman,NONE,1,....,Kela Devi,0,0,Women,latin,1,7376,M-garh__Nizampur.pdf
M/garh,Nizampur,24,Musnota,Other than Woman,NONE,0,....,Krishan Kumar,0,0,Other than Women,latin,1,7376,M-garh__Nizampur.pdf
M/garh,Nizampur,25,Rambas,Woman,NONE,1,....,Prakash Devi,0,0,Women,latin,1,7376,M-garh__Nizampur.pdf
M/garh,Nizampur,26,Ropar Sarai,Woman,NONE,1,....,Suman Gurjar,0,0,Women,latin,1,7376,M-garh__Nizampur.pdf
M/garh,Nizampur,27,Sareli,Other than Woman,NONE,0,....,Dataram,0,0,Other than Women,latin,1,7376,M-garh__Nizampur.pdf
M/garh,Nizampur,28,Hasanpur,Woman,NONE,1,....,Anita,0,0,Women,latin,1,7376,M-garh__Nizampur.pdf
M/garh,Nizampur,29,Gangutana,Woman,NONE,1,....,Kavita,0,0,Women,latin,1,7376,M-garh__Nizampur.pdf
M/garh,Nizampur,30,Bakhrija,Woman,NONE,1,....,Kela Bai,0,0,Women,latin,1,7376,M-garh__Nizampur.pdf
M/garh,Nizampur,31,Rawta Ki Dhani,Other than Woman,NONE,0,....,Ran Singh,0,0,Other than Women,latin,1,7376,M-garh__Nizampur.pdf
M/garh,Satnali,1,Balana,Other than Woman,NONE,0,Binder,Prabhatilal,0,0,Other than Women,latin,1,7394,M-garh__Satnali.pdf
M/garh,Satnali,2,Barda,Woman,NONE,1,Kailash,Krishan Kumar,0,0,Women,latin,1,7394,M-garh__Satnali.pdf
M/garh,Satnali,3,Basri,Other than Woman,NONE,0,Parmod Kumar,Mahipal,0,0,Other than Women,latin,1,7394,M-garh__Satnali.pdf
M/garh,Satnali,4,Bass,SC Other than Woman,SC,0,Karanpal,Ravat Singh,0,0,Scheduled Caste other than Women,latin,1,7394,M-garh__Satnali.pdf
M/garh,Satnali,5,Dalanwas,Woman,NONE,1,Sunita,Ombir,0,0,Women,latin,1,7394,M-garh__Satnali.pdf
M/garh,Satnali,6,Dhadhot,Other than Woman,NONE,0,Bijender Kumar,Amilal,0,0,Other than Women,latin,1,7394,M-garh__Satnali.pdf
M/garh,Satnali,7,Dhana,Woman,NONE,1,Kumkum,Prashant Singh,0,0,Women,latin,1,7394,M-garh__Satnali.pdf
M/garh,Satnali,8,Dhani Kumharan,Other than Woman,NONE,0,Dinesh Kumar,Madan Lal,0,0,Other than Women,latin,1,7394,M-garh__Satnali.pdf
M/garh,Satnali,9,Digrota,Woman,NONE,1,Poonam Sharma,Abhishek Sharma,0,0,Women,latin,1,7394,M-garh__Satnali.pdf
M/garh,Satnali,10,Gadarwas,Other than Woman,NONE,0,Sanjeet Kumar,Chanderbhan,0,0,Other than Women,latin,1,7394,M-garh__Satnali.pdf
M/garh,Satnali,11,Jarwa,SC Woman,SC,1,Tinu Devi,Vijay Kumar,0,0,Scheduled Caste Women,latin,1,7394,M-garh__Satnali.pdf
M/garh,Satnali,12,Jawahar Nagar,Woman,NONE,1,Laxmi,Anil Kumar,0,0,Women,latin,1,7394,M-garh__Satnali.pdf
M/garh,Satnali,13,Madhogarh,Other than Woman,NONE,0,Rampal,Balbir,0,0,Other than Women,latin,1,7394,M-garh__Satnali.pdf
M/garh,Satnali,14,Nangal Mala,SC Other than Woman,SC,0,Krishan,Sukhdev,0,0,Scheduled Caste other than Women,latin,1,7394,M-garh__Satnali.pdf
M/garh,Satnali,15,Nangla,Woman,NONE,1,Sonu Devi,Bir Singh,0,0,Women,latin,1,7394,M-garh__Satnali.pdf
M/garh,Satnali,16,Nanwan,Other than Woman,NONE,0,Rajender Prasad,Hardwari Lal,0,0,Other than Women,latin,1,7394,M-garh__Satnali.pdf
M/garh,Satnali,17,Patharwa,Woman,NONE,1,Arun Devi,Priya Mohan,0,0,Women,latin,1,7394,M-garh__Satnali.pdf
M/garh,Satnali,18,Rajawas,Other than Woman,NONE,0,Mohit,Rajbir Singh,0,0,Other than Women,latin,1,7394,M-garh__Satnali.pdf
M/garh,Satnali,19,Satnali,SC Woman,SC,1,Manisha,Dharamvir,0,0,Scheduled Caste WOMAN,latin,1,7394,M-garh__Satnali.pdf
M/garh,Satnali,20,Shyampura,Woman,NONE,1,Kavita Rani,Vinod Kumar,0,0,Women,latin,1,7394,M-garh__Satnali.pdf
M/garh,Satnali,21,Sohla,BC-A Other than Woman,BC_A,0,Karmpal,Lekhram,0,0,Backward Class ‘A’ other than Women,latin,1,7394,M-garh__Satnali.pdf
M/garh,Satnali,22,Sohri,Woman,NONE,1,Mithlesh,Ranbir Singh,0,0,Women,latin,1,7394,M-garh__Satnali.pdf
M/garh,Satnali,23,Surehti Jakhal,Other than Woman,NONE,0,Chander Parkash,Sheo Datt Ram,0,0,Other than Women,latin,1,7394,M-garh__Satnali.pdf
M/garh,Satnali,24,Surehti Modian,BC-A Woman,BC_A,1,Anita Kumari,Vikram Singh,0,0,Backward Class 'A' Women,latin,1,7394,M-garh__Satnali.pdf
M/garh,Satnali,25,Surehti Pilania,SC Other than Woman,SC,0,Rajender Singh,Daya Nand,0,0,Scheduled Caste other than Women,latin,1,7394,M-garh__Satnali.pdf
M/garh,Sihma,1,Azam Nagar,Other than Woman,NONE,0,Sandeep,Jhamman Yadav,0,0,Other than Women,latin,1,7403,M-garh__Sihma.pdf
M/garh,Sihma,2,Atali,Other than Woman,NONE,0,Jeet Pal,Shanker Lal,0,0,Other than Women,latin,1,7403,M-garh__Sihma.pdf
M/garh,Sihma,3,Akbarpur Ramu,Woman,NONE,1,Sunita Kumari,Sundar Lal,0,0,Women,latin,1,7403,M-garh__Sihma.pdf
M/garh,Sihma,4,Chhapra Salimpur,Woman,NONE,1,Ekta Kumari,Mahesh Kumar,0,0,Women,latin,1,7403,M-garh__Sihma.pdf
M/garh,Sihma,5,Deroli Ahir,Other than Woman,NONE,0,Lakhi Ram,Nandram,0,0,Other than Women,latin,1,7403,M-garh__Sihma.pdf
M/garh,Sihma,6,Dongra Ahir,Woman,NONE,1,Sunita Devi,Babru Bhan,0,0,Women,latin,1,7403,M-garh__Sihma.pdf
M/garh,Sihma,7,Dongra Jat,BC-A Other than Woman,BC_A,0,Mukesh Kumar,Ganga Bishan,0,0,Backward Class 'A' other than Women,latin,1,7403,M-garh__Sihma.pdf
M/garh,Sihma,8,Dublana,Woman,NONE,1,Asha Rani,Manoj Kumar,0,0,Women,latin,1,7403,M-garh__Sihma.pdf
M/garh,Sihma,9,Duloth Jat,SC Other than Woman,SC,0,Preetam,Ved Prakash,0,0,Scheduled Caste other than Women,latin,1,7403,M-garh__Sihma.pdf
M/garh,Sihma,10,Faizabad,Other than Woman,NONE,0,Pardeep Yadav,Rajesh Yadav,0,0,Other than Women,latin,1,7403,M-garh__Sihma.pdf
M/garh,Sihma,11,Guwani,Woman,NONE,1,Reena Yadav,Dinesh,0,0,Women,latin,1,7403,M-garh__Sihma.pdf
M/garh,Sihma,12,Hudina,Other than Woman,NONE,0,Jaswant Singh,Krishan Kumar,0,0,Other than Women,latin,1,7403,M-garh__Sihma.pdf
M/garh,Sihma,13,Jat Guwana,Woman,NONE,1,Neetu,Vikram Singh,1,0,Women,latin,1,7403,M-garh__Sihma.pdf
M/garh,Sihma,14,Kalwari,Other than Woman,NONE,0,Babu Lal,Kalu Ram,0,0,Other than Women,latin,1,7403,M-garh__Sihma.pdf
M/garh,Sihma,15,Khampura,Woman,NONE,1,Priyanka,Vikas,0,0,Women,latin,1,7403,M-garh__Sihma.pdf
M/garh,Sihma,16,Khaspur,SC Woman,SC,1,Reena,Dara Singh,0,0,Scheduled Caste Women,latin,1,7403,M-garh__Sihma.pdf
M/garh,Sihma,17,Khatripur,Other than Woman,NONE,0,Dharmender,Ram Niwas,0,0,Other than Women,latin,1,7403,M-garh__Sihma.pdf
M/garh,Sihma,18,Mayee,SC Other than Woman,SC,0,Ratiram,Totaram,0,0,Scheduled Caste other than Women,latin,1,7403,M-garh__Sihma.pdf
M/garh,Sihma,19,Mittarpura,Woman,NONE,1,Monika,Rajiv,0,0,Women,latin,1,7403,M-garh__Sihma.pdf
M/garh,Sihma,20,Mundia Khera,Other than Woman,NONE,0,Mahender Singh,Sube Singh,0,0,Other than Women,latin,1,7403,M-garh__Sihma.pdf
M/garh,Sihma,21,Nuni Kalan,Woman,NONE,1,Roobi Rani,Balwan Singh,0,0,Women,latin,1,7403,M-garh__Sihma.pdf
M/garh,Sihma,22,Rampura,SC Woman,SC,1,Poonam,Satish Kumar,0,0,Scheduled Caste Women,latin,1,7403,M-garh__Sihma.pdf
M/garh,Sihma,23,Sagarpur,BC-A Other than Woman,BC_A,0,Sube Singh,Chander Bhan,0,0,Backward Class 'A' other than Women,latin,1,7403,M-garh__Sihma.pdf
M/garh,Sihma,24,Saharpur,Woman,NONE,1,Anita,Rajbir,0,0,Women,latin,1,7403,M-garh__Sihma.pdf
M/garh,Sihma,25,Saluni,Other than Woman,NONE,0,Rajkumar,Jagrup Singh,0,0,Other than Women,latin,1,7403,M-garh__Sihma.pdf
M/garh,Sihma,26,Sihma,Woman,NONE,1,Suman Devi,Parmod Kumar,0,0,Women,latin,1,7403,M-garh__Sihma.pdf
M/garh,Sihma,27,Silarpur,SC Other than Woman,SC,0,Rattan Singh,Pala Ram,0,0,Scheduled Caste other than Women,latin,1,7403,M-garh__Sihma.pdf
M/garh,Sihma,28,Surana,Other than Woman,NONE,0,Vishwas Yadav,Rajender,0,0,Other than Women,latin,1,7403,M-garh__Sihma.pdf
M/garh,Sihma,29,Surani,Woman,NONE,1,Puja Devi,Pradeep Kumar,0,0,Women,latin,1,7403,M-garh__Sihma.pdf
Nuh,Firozepur Jhirka,1,Agon,Other than Woman,NONE,0,Nasir,Usman,0,0,Other than Women,latin,1,7671,Nuh__Firozepur-Jhirka.pdf
Nuh,Firozepur Jhirka,2,Ahmedbass,BC-A Woman,BC_A,1,Jenab,Mohd Israil,0,0,Backward Class 'A' Women,latin,1,7671,Nuh__Firozepur-Jhirka.pdf
Nuh,Firozepur Jhirka,3,Akhnaka,BC-A Other than Woman,BC_A,0,Mohd Saleem,Noor Shah,1,0,Backward Class 'A' Other than Women,latin,1,7671,Nuh__Firozepur-Jhirka.pdf
Nuh,Firozepur Jhirka,4,Alipur Tigra,Woman,NONE,1,Sanjida,Asruddin,0,0,Women,latin,1,7671,Nuh__Firozepur-Jhirka.pdf
Nuh,Firozepur Jhirka,5,Baghola,Other than Woman,NONE,0,Ishak,Navi Khan,0,0,Other than Women,latin,1,7671,Nuh__Firozepur-Jhirka.pdf
Nuh,Firozepur Jhirka,6,Baikhera,Woman,NONE,1,Jeenat Bano,Rashid Khan,0,0,Women,latin,1,7671,Nuh__Firozepur-Jhirka.pdf
Nuh,Firozepur Jhirka,7,Basai Meo,Other than Woman,NONE,0,Mohd Hanif,Rustam,0,0,Other than Women,latin,1,7671,Nuh__Firozepur-Jhirka.pdf
Nuh,Firozepur Jhirka,8,Bhakroji,Woman,NONE,1,Aisa,Aarif Khan,0,0,Women,latin,1,7671,Nuh__Firozepur-Jhirka.pdf
Nuh,Firozepur Jhirka,9,Bhond,Other than Woman,NONE,0,Sarfraj Ahmed,Baseer Ahmed,0,0,Other than Women,latin,1,7671,Nuh__Firozepur-Jhirka.pdf
Nuh,Firozepur Jhirka,10,Biwan,Woman,NONE,1,Barfina,Mumtaj Ali,0,0,Women,latin,1,7671,Nuh__Firozepur-Jhirka.pdf
Nuh,Firozepur Jhirka,11,Chitora,Other than Woman,NONE,0,Ishak,Jaure Khan,0,0,Other than Women,latin,1,7671,Nuh__Firozepur-Jhirka.pdf
Nuh,Firozepur Jhirka,12,Dhamala,SC Other than Woman,SC,0,Rakesh kumar,Dharamveer,0,0,Scheduled Caste Other than Women,latin,1,7671,Nuh__Firozepur-Jhirka.pdf
Nuh,Firozepur Jhirka,13,Doha,Woman,NONE,1,Farjana,Mohd Shahid,0,0,Women,latin,1,7671,Nuh__Firozepur-Jhirka.pdf
Nuh,Firozepur Jhirka,14,Ferozepur Jhirka Rural,Other than Woman,NONE,0,Sohrab,Haroon,0,0,Other than Women,latin,1,7671,Nuh__Firozepur-Jhirka.pdf
Nuh,Firozepur Jhirka,15,Ghata Samshabad,Woman,NONE,1,Sahjeeda,Rashid,0,0,Women,latin,1,7671,Nuh__Firozepur-Jhirka.pdf
Nuh,Firozepur Jhirka,16,Gujar Nangla,Other than Woman,NONE,0,Aajam Khan,Majeed,0,0,Other than Women,latin,1,7671,Nuh__Firozepur-Jhirka.pdf
Nuh,Firozepur Jhirka,17,Hamjapur,Woman,NONE,1,Prachi,Narender,0,0,Women,latin,1,7671,Nuh__Firozepur-Jhirka.pdf
Nuh,Firozepur Jhirka,18,Hasanpur Bilonda,Other than Woman,NONE,0,Safeek Ahmed,Juhurudeen,0,0,Other than Women,latin,1,7671,Nuh__Firozepur-Jhirka.pdf
Nuh,Firozepur Jhirka,19,Hirwari Bawanteri,Woman,NONE,1,Afsana,Ikbal,0,0,Women,latin,1,7671,Nuh__Firozepur-Jhirka.pdf
Nuh,Firozepur Jhirka,20,Ibrahimbass,Other than Woman,NONE,0,Sabir Khan,Daud,0,0,Other than Women,latin,1,7671,Nuh__Firozepur-Jhirka.pdf
Nuh,Firozepur Jhirka,21,Kameda,Woman,NONE,1,Baskari,Suhaib,0,0,Women,latin,1,7671,Nuh__Firozepur-Jhirka.pdf
Nuh,Firozepur Jhirka,22,Kherla Khurd,Other than Woman,NONE,0,Mohd Saved Hussain,Raseed Ahmed,0,0,Other than Women,latin,1,7671,Nuh__Firozepur-Jhirka.pdf
Nuh,Firozepur Jhirka,23,Kolgaon,SC Woman,SC,1,Divya Bharti,Anil Kumar,0,0,Scheduled Caste Women,latin,1,7671,Nuh__Firozepur-Jhirka.pdf
Nuh,Firozepur Jhirka,24,Luhinga Khurd,Woman,NONE,1,Talima,Abdul Gaffar,0,0,Women,latin,1,7671,Nuh__Firozepur-Jhirka.pdf
Nuh,Firozepur Jhirka,25,Madapur,Other than Woman,NONE,0,Aluddin,Kamruddin,0,0,Other than Women,latin,1,7671,Nuh__Firozepur-Jhirka.pdf
Nuh,Firozepur Jhirka,26,Maholi,Woman,NONE,1,Sanjida,Mohd Aarif,0,0,Women,latin,1,7671,Nuh__Firozepur-Jhirka.pdf
Nuh,Firozepur Jhirka,27,Mahun,Other than Woman,NONE,0,Juber Ahmed,Abdul Rashid,0,0,Other than Women,latin,1,7671,Nuh__Firozepur-Jhirka.pdf
Nuh,Firozepur Jhirka,28,Mohd.Bass(Buch aka),Other than Woman,NONE,0,Robin Khan,Abdul Gaffar,0,0,Other than Women,latin,1,7671,Nuh__Firozepur-Jhirka.pdf
Nuh,Firozepur Jhirka,29,Mohd.Bass(Pol),Woman,NONE,1,Ruksina,Inamul Hasan,0,0,Women,latin,1,7671,Nuh__Firozepur-Jhirka.pdf
Nuh,Firozepur Jhirka,30,Nasirbass,Woman,NONE,1,Anjum,Shahid Khan,0,0,Women,latin,1,7671,Nuh__Firozepur-Jhirka.pdf
Nuh,Firozepur Jhirka,31,Nawli,Other than Woman,NONE,0,Jafroodeen,Umar Mohd,0,0,Other than Women,latin,1,7671,Nuh__Firozepur-Jhirka.pdf
Nuh,Firozepur Jhirka,32,Padla Shahpuri,BC-A Woman,BC_A,1,Rukhsar,Aabid,0,0,Backward Class 'A' Women,latin,1,7671,Nuh__Firozepur-Jhirka.pdf
Nuh,Firozepur Jhirka,33,Patan Udaypuri,SC Other than Woman,SC,0,Ashok Kumar,Pyare Lal,0,0,Scheduled Caste Other than Women,latin,1,7671,Nuh__Firozepur-Jhirka.pdf
Nuh,Firozepur Jhirka,34,Pathrali,Other than Woman,NONE,0,Mohd Ashfaque Ali,Faruk,0,0,Other than Women,latin,1,7671,Nuh__Firozepur-Jhirka.pdf
Nuh,Firozepur Jhirka,35,Patkhori,Woman,NONE,1,Shahila,Mustak Khan,0,0,Women,latin,1,7671,Nuh__Firozepur-Jhirka.pdf
Nuh,Firozepur Jhirka,36,Ranyala Ferozpur,Other than Woman,NONE,0,Mohd Sabir Ali,Mohd Khan,0,0,Other than Women,latin,1,7671,Nuh__Firozepur-Jhirka.pdf
Nuh,Firozepur Jhirka,37,Ranyali,Woman,NONE,1,Swaliya,Aasif,0,0,Women,latin,1,7671,Nuh__Firozepur-Jhirka.pdf
Nuh,Firozepur Jhirka,38,Rawa,Other than Woman,NONE,0,Hamedeen,Mangal,0,0,Other than Women,latin,1,7671,Nuh__Firozepur-Jhirka.pdf
Nuh,Firozepur Jhirka,39,Rawli,Woman,NONE,1,Sanjida,Samim Khan,0,0,Women,latin,1,7671,Nuh__Firozepur-Jhirka.pdf
Nuh,Firozepur Jhirka,40,Reegarh,Other than Woman,NONE,0,Jahan Khan,Ashraf,0,0,Other than Women,latin,1,7671,Nuh__Firozepur-Jhirka.pdf
Nuh,Firozepur Jhirka,41,Sahapur,Woman,NONE,1,Rahila,Khalid Hussain,1,0,Women,latin,1,7671,Nuh__Firozepur-Jhirka.pdf
Nuh,Firozepur Jhirka,42,Saimeerbass,Other than Woman,NONE,0,Mohd Iqbal,Mohd Idrish,0,0,Other than Women,latin,1,7671,Nuh__Firozepur-Jhirka.pdf
Nuh,Firozepur Jhirka,43,Sakarpuri,Woman,NONE,1,Urmila,Nandkishor,0,0,Women,latin,1,7671,Nuh__Firozepur-Jhirka.pdf
Nuh,Firozepur Jhirka,44,Sakras,Other than Woman,NONE,0,Akbar Khan,Safi Mohd,0,0,Other than Women,latin,1,7671,Nuh__Firozepur-Jhirka.pdf
Nuh,Firozepur Jhirka,45,Shekhpur,BC-A Woman,BC_A,1,Sanjida,Aneesh,0,0,Backward Class 'A' Women,latin,1,7671,Nuh__Firozepur-Jhirka.pdf
Nuh,Firozepur Jhirka,46,Sidhrawat,Other than Woman,NONE,0,Javed,Ismail Khan,0,0,Other than Women,latin,1,7671,Nuh__Firozepur-Jhirka.pdf
Nuh,Firozepur Jhirka,47,Sulela,Woman,NONE,1,Najrana,Saleem Ahmed,0,0,Women,latin,1,7671,Nuh__Firozepur-Jhirka.pdf
Nuh,Firozepur Jhirka,48,Tigaon,Other than Woman,NONE,0,Abid Hussain,Abdul Rahim,0,0,other than Women,latin,1,7671,Nuh__Firozepur-Jhirka.pdf
Nuh,Indri,1,Alduka,Other than Woman,NONE,0,Bahadur Singh,Khachera,0,0,Other than Women,latin,1,7680,Nuh__Indri.pdf
Nuh,Indri,2,Atta,SC Other than Woman,SC,0,Kartar Singh,Nathu Ram,0,0,Scheduled Caste other than Women,latin,0,7680,Nuh__Indri.pdf
Nuh,Indri,3,Bainsi,Woman,NONE,1,Afsana,Sanjay Khan,0,0,Women,latin,,7680,Nuh__Indri.pdf
Nuh,Indri,4,Bajarka,Other than Woman,NONE,0,Faisal Khan,Munshi Khan,0,0,Other than Women,latin,,7680,Nuh__Indri.pdf
Nuh,Indri,5,Barota,Woman,NONE,1,Rajwati,Mahabir Singh,0,0,Women,latin,,7680,Nuh__Indri.pdf
Nuh,Indri,6,Basai,BC-A Woman,BC_A,1,Akbar,Rahmat,0,0,Backward Class ‘A’ Women,latin,,7680,Nuh__Indri.pdf
Nuh,Indri,7,Bhirawati,Woman,NONE,1,Km Krishna Kumari,Manish Tanwar,0,0,Women,latin,,7680,Nuh__Indri.pdf
Nuh,Indri,8,Chhachera,BC-A Other than Woman,BC_A,0,Ram Kishan,Lakhmi Chand,0,0,Backward Class ‘A’ other than Women,latin,,7680,Nuh__Indri.pdf
Nuh,Indri,9,Chhapera,Woman,NONE,1,Suman Devi,Ravinder,0,0,Women,latin,,7680,Nuh__Indri.pdf
Nuh,Indri,10,Dhenkli,Other than Woman,NONE,0,Mohd Jahool,Noor Mohd,0,0,Other than Women,latin,,7680,Nuh__Indri.pdf
Nuh,Indri,11,Dubalu,Woman,NONE,1,Neelam,Hemraj,0,0,Women,latin,,7680,Nuh__Indri.pdf
Nuh,Indri,12,Gajarpur,BC-A Other than Woman,BC_A,0,Noman,Ishak,0,0,Backward Class ‘A’ other than Women,latin,,7680,Nuh__Indri.pdf
Nuh,Indri,13,Gangoli,SC Woman,SC,1,Nisha,Mahavir,0,0,Scheduled Caste Women,latin,,7680,Nuh__Indri.pdf
Nuh,Indri,14,Golpuri,Woman,NONE,1,Shahnaz,Saddam Hussain,0,0,Women,latin,,7680,Nuh__Indri.pdf
Nuh,Indri,15,Hassanpur Sohna,Other than Woman,NONE,0,Girraj Singh,Badle Ram,0,0,Other than Women,latin,,7680,Nuh__Indri.pdf
Nuh,Indri,16,Hilalpur,SC Other than Woman,SC,0,Balram,Charni,0,0,Scheduled Caste other than Women,latin,,7680,Nuh__Indri.pdf
Nuh,Indri,17,Hirmathla,Woman,NONE,1,Shavnam,Aakip,0,0,Women,latin,,7680,Nuh__Indri.pdf
Nuh,Indri,18,Indri,Other than Woman,NONE,0,Parveen,Brahamanand,0,0,Other than Women,latin,1,7680,Nuh__Indri.pdf
Nuh,Indri,19,Jai Singh Pur,Woman,NONE,1,Samreen,Momin Khan,0,0,Women,latin,1,7680,Nuh__Indri.pdf
Nuh,Indri,20,Kairaka,Other than Woman,NONE,0,Javed Hussain,Ikbal Khan,0,0,Other than Women,latin,1,7680,Nuh__Indri.pdf
Nuh,Indri,21,Kaliyaka,Woman,NONE,1,Pooja Rani,Hariom Sharma,0,0,Women,latin,1,7680,Nuh__Indri.pdf
Nuh,Indri,22,Kanwarsika,Other than Woman,NONE,0,Pahlu Khan,Hasan Mohamamad,0,0,Other than Women,latin,0,7680,Nuh__Indri.pdf
Nuh,Indri,23,Khanpur,Woman,NONE,1,Zarina Khatoon,Imran,1,0,Women,latin,,7680,Nuh__Indri.pdf
Nuh,Indri,24,Khera Khalilpur,Other than Woman,NONE,0,Tanvir Singh,Balbir Singh,0,0,Other than Women,latin,1,7680,Nuh__Indri.pdf
Nuh,Indri,25,Kheri Kankar,Woman,NONE,1,Afsana,Mohd Wasim Akram,0,0,Women,latin,,7680,Nuh__Indri.pdf
Nuh,Indri,26,Kherli Dosa,Other than Woman,NONE,0,Ant Ram,Ved Ram,0,0,Other than Women,latin,,7680,Nuh__Indri.pdf
Nuh,Indri,27,Khod,Woman,NONE,1,Sahnaz,Farmuddin,0,0,Women,latin,1,7680,Nuh__Indri.pdf
Nuh,Indri,28,Kira,Other than Woman,NONE,0,Samay Singh,Vijay Singh,0,0,Other than Women,latin,1,7680,Nuh__Indri.pdf
Nuh,Indri,29,Kiranj,Woman,NONE,1,Busra Khan,Liyakat,0,0,Women,latin,1,7680,Nuh__Indri.pdf
Nuh,Indri,30,Kiranj Patti Jattan,SC Woman,SC,1,Mamta,Sunil Kumar,0,0,Scheduled Caste Women,latin,1,7680,Nuh__Indri.pdf
Nuh,Indri,31,Kontlaka,Other than Woman,NONE,0,Nasir Hussain,Jaikam,0,0,Other than Women,latin,1,7680,Nuh__Indri.pdf
Nuh,Indri,32,Kurthala,Woman,NONE,1,Radha Tomer,Inder Singh,0,0,Women,latin,1,7680,Nuh__Indri.pdf
Nuh,Indri,33,Kutubgarh,Other than Woman,NONE,0,Om Prakash,Khem Chand,0,0,Other than Women,latin,1,7680,Nuh__Indri.pdf
Nuh,Indri,34,Machhroli,Woman,NONE,1,Shahzadi,Umar Deen,0,0,Women,latin,1,7680,Nuh__Indri.pdf
Nuh,Indri,35,Mahrola,Other than Woman,NONE,0,Aarif Hussain,Akbar,0,0,Other than Women,latin,1,7680,Nuh__Indri.pdf
Nuh,Indri,36,Manuwas,Woman,NONE,1,Meena Kumari,Jai Singh,0,0,Women,latin,1,7680,Nuh__Indri.pdf
Nuh,Indri,37,Naushera,Other than Woman,NONE,0,Mukim,Rukmuddin,0,0,Other than Women,latin,1,7680,Nuh__Indri.pdf
Nuh,Indri,38,Nawabgarh,Woman,NONE,1,Varsina,Fajal Khan,0,0,Women,latin,1,7680,Nuh__Indri.pdf
Nuh,Indri,39,Rahuka,Other than Woman,NONE,0,Sattar Khan,Rahmat Khan,0,0,Other than Women,latin,,7680,Nuh__Indri.pdf
Nuh,Indri,40,Rewasan,Woman,NONE,1,Rukhsar,Saddam,0,0,Women,latin,,7680,Nuh__Indri.pdf
Nuh,Indri,41,Rozkameo,Other than Woman,NONE,0,Deen Mohammad,Rozdaar,0,0,Other than Women,latin,1,7680,Nuh__Indri.pdf
Nuh,Indri,42,Sudaka,Woman,NONE,1,Aayesha,Liyakat,0,0,Women,latin,1,7680,Nuh__Indri.pdf
Nuh,Indri,43,Udaka,Other than Woman,NONE,0,Aas Mohd,Subhan Khan,0,0,Other than Women,latin,1,7680,Nuh__Indri.pdf
Nuh,Indri,44,Uleta,BC-A Woman,BC_A,1,Sangeeta,Deviram,0,0,Women (BC-A),latin,1,7680,Nuh__Indri.pdf
Nuh,Nagina,1,Aklimpur Firozepur,Other than Woman,NONE,0,Mohd Samun,Yaseen,0,0,Other than Women,latin,1,7636,Nuh__Nagina.pdf
Nuh,Nagina,2,Aklimupur Nuh,Woman,NONE,1,Rashida,Shakeel Ahmed,0,0,Women,latin,1,7636,Nuh__Nagina.pdf
Nuh,Nagina,3,Aterna Samsabad,Other than Woman,NONE,0,Nijam,Israil,0,0,Other than Women,latin,1,7636,Nuh__Nagina.pdf
Nuh,Nagina,4,Badarpur,Woman,NONE,1,Farzana,Mohd Saleem,0,0,Women,latin,1,7636,Nuh__Nagina.pdf
Nuh,Nagina,5,Balai,BC-A Other than Woman,BC_A,0,Irfan Khan,Waheed Abdul,0,0,Backward Class ‘A’ other than Women,latin,1,7636,Nuh__Nagina.pdf
Nuh,Nagina,6,Banarsi,BC-A Woman,BC_A,1,Shaina,Sohil Khan,0,0,Backward Class ‘A’ Women,latin,1,7636,Nuh__Nagina.pdf
Nuh,Nagina,7,Bhadas,Other than Woman,NONE,0,Shokat,Khajid Khan,0,0,Other than Women,latin,1,7636,Nuh__Nagina.pdf
Nuh,Nagina,8,Bukharaka,BC-A Woman,BC_A,1,Najrana Bano,Nadeem,0,0,Backward Class ‘A’ Women,latin,1,7636,Nuh__Nagina.pdf
Nuh,Nagina,9,Ganduri,Other than Woman,NONE,0,Abbash,Sapat,0,0,Other than Women,latin,1,7636,Nuh__Nagina.pdf
Nuh,Nagina,10,Ghagas,Woman,NONE,1,Shabnam,Sakir Hussain,0,0,Women,latin,1,7636,Nuh__Nagina.pdf
Nuh,Nagina,11,Gohana,Other than Woman,NONE,0,Mohd Mustaq,Hussiana,0,0,Other than Women,latin,0,7636,Nuh__Nagina.pdf
Nuh,Nagina,12,Gumat Bihari,Woman,NONE,1,Afseena,Shaukin,0,0,Women,latin,0,7636,Nuh__Nagina.pdf
Nuh,Nagina,13,Hasanpur Nuh,Other than Woman,NONE,0,Lateef,Ibrahim,0,0,Other than Women,latin,1,7636,Nuh__Nagina.pdf
Nuh,Nagina,14,Imamnagar,Woman,NONE,1,Shabana Bano,Abdul Mannan,0,0,Women,latin,1,7636,Nuh__Nagina.pdf
Nuh,Nagina,15,Jaitaka,Other than Woman,NONE,0,Mohd Nishar Ahmad,Kallu Khan,0,0,Other than Women,latin,1,7636,Nuh__Nagina.pdf
Nuh,Nagina,16,Jalalpur Firozepur,Woman,NONE,1,Rafika,Ajij Hussain,0,0,Women,latin,1,7636,Nuh__Nagina.pdf
Nuh,Nagina,17,Jalalpur Nuh,Other than Woman,NONE,0,Shahjad,Mubeen,0,0,Other than Women,latin,1,7636,Nuh__Nagina.pdf
Nuh,Nagina,18,Kansali,Woman,NONE,1,Tasleema,Altaf Hussain,0,0,Women,latin,1,7636,Nuh__Nagina.pdf
Nuh,Nagina,19,Karheda,SC Other than Woman,SC,0,Rampal,Mahabir,0,0,Scheduled Caste Other than Women,latin,1,7636,Nuh__Nagina.pdf
Nuh,Nagina,20,Karhedi,Other than Woman,NONE,0,Fakrudeen,Aas Mohd,0,0,Other than Women,latin,1,7636,Nuh__Nagina.pdf
Nuh,Nagina,21,Khan Mohmmadpur,Woman,NONE,1,Vareesa,Wasim Akram,0,0,Women,latin,1,7636,Nuh__Nagina.pdf
Nuh,Nagina,22,Khedli Khurd,Other than Woman,NONE,0,Usman Khan,Jaber Khan,0,0,Other than Women,latin,0,7636,Nuh__Nagina.pdf
Nuh,Nagina,23,Khedli Nuh,Woman,NONE,1,Rijwana,Noor Alam,0,0,Women,latin,0,7636,Nuh__Nagina.pdf
Nuh,Nagina,24,Khushpuri,Other than Woman,NONE,0,Muddsar Nazar,Tahir Hussain,0,0,Other than Women,latin,0,7636,Nuh__Nagina.pdf
Nuh,Nagina,25,Kultajpur Kalan,Woman,NONE,1,Sajida Bano,Warish Khan,1,0,Women,latin,0,7636,Nuh__Nagina.pdf
Nuh,Nagina,26,Madhi,Other than Woman,NONE,0,Aabid Khan,Hidayat Khan,0,0,Other than Women,latin,1,7636,Nuh__Nagina.pdf
Nuh,Nagina,27,Mandikheda,Woman,NONE,1,Jinat,Arbaj,0,0,Women,latin,1,7636,Nuh__Nagina.pdf
Nuh,Nagina,28,Maroda,Other than Woman,NONE,0,Mustak,Ishak,0,0,Other than Women,latin,1,7636,Nuh__Nagina.pdf
Nuh,Nagina,29,Mohmmad Nagar,SC Woman,SC,1,Rajni Urf Rajwanti,Rajesh,0,0,Scheduled Caste Women,latin,1,7636,Nuh__Nagina.pdf
Nuh,Nagina,30,Moolthan,BC-A Woman,BC_A,1,Kamlesh,Anil Kumar,0,0,Backward Class ‘A’ Women,latin,1,7636,Nuh__Nagina.pdf
Nuh,Nagina,31,Nagina,Other than Woman,NONE,0,Naseem Khan,Israil Khan,0,0,Other than Women,latin,1,7636,Nuh__Nagina.pdf
Nuh,Nagina,32,Nai Nangla,Woman,NONE,1,Arisha,Taffazzul Hussain,0,0,Women,latin,1,7636,Nuh__Nagina.pdf
Nuh,Nagina,33,Nangal Mubarikpur,Other than Woman,NONE,0,Azhrudeen,Fazrudeen,0,0,Other than Women,latin,1,7636,Nuh__Nagina.pdf
Nuh,Nagina,34,Notki,Woman,NONE,1,Akhtari,Tohid,0,0,Women,latin,1,7636,Nuh__Nagina.pdf
Nuh,Nagina,35,Rajaka,Other than Woman,NONE,0,Shahrukh Khan,Hafeej Khan,0,0,Other than Women,latin,1,7636,Nuh__Nagina.pdf
Nuh,Nagina,36,Ranika,Woman,NONE,1,Rukhsana,Habib Ahmed,0,0,Women,latin,1,7636,Nuh__Nagina.pdf
Nuh,Nagina,37,Sadipur,BC-A Other than Woman,BC_A,0,Salim,Yakub Khan,0,0,Backward Class Other than Women,latin,0,7636,Nuh__Nagina.pdf
Nuh,Nagina,38,Santhawari,BC-A Woman,BC_A,1,Vakeela Bano,Naseem,0,0,Backward Class Women,latin,0,7636,Nuh__Nagina.pdf
Nuh,Nagina,39,Shishwana Jatka,Other than Woman,NONE,0,Vaseem Ahmed,Khurshid Ahmed,0,0,Other than Women,latin,1,7636,Nuh__Nagina.pdf
Nuh,Nagina,40,Sukhpuri,Woman,NONE,1,Sanobar,Aasaf,0,0,Women,latin,1,7636,Nuh__Nagina.pdf
Nuh,Nagina,41,Sultanpur Nuh,Other than Woman,NONE,0,Aquib Javed,Bhure Khan,0,0,Other than Women,latin,1,7636,Nuh__Nagina.pdf
Nuh,Nagina,42,Uleta,Woman,NONE,1,Jeenat Bano,Ashique Elahi,0,0,Women,latin,1,7636,Nuh__Nagina.pdf
Nuh,Nagina,43,Umra,Other than Woman,NONE,0,Aakib Khan,Rujdar,0,0,Other than Women,latin,1,7636,Nuh__Nagina.pdf
Nuh,Nagina,44,Umri,Woman,NONE,1,Nazma,Liyakat Ali,0,0,Women,latin,1,7636,Nuh__Nagina.pdf
Nuh,Nuh,1,Adbar,Other than Woman,NONE,0,_,Imran,0,0,Other than Women,latin,1,7716,Nuh__Nuh.pdf
Nuh,Nuh,2,Akera,Woman,NONE,1,_,Anjum,0,0,Women,latin,1,7716,Nuh__Nuh.pdf
Nuh,Nuh,3,Alawal Pur,Other than Woman,NONE,0,_,Jafardin,0,0,Other than Women,latin,1,7716,Nuh__Nuh.pdf
Nuh,Nuh,4,Babupur,Woman,NONE,1,_,Nafisa,0,0,Women,latin,1,7716,Nuh__Nuh.pdf
Nuh,Nuh,5,Badwa,Other than Woman,NONE,0,_,Tarif,0,0,Other than women,latin,1,7716,Nuh__Nuh.pdf
Nuh,Nuh,6,Bai,Woman,NONE,1,_,Anjum,0,0,Women,latin,1,7716,Nuh__Nuh.pdf
Nuh,Nuh,7,Bajhera,SC Other than Woman,SC,0,_,Rahul Kumar,0,0,Schedule Caste Other than Women,latin,1,7716,Nuh__Nuh.pdf
Nuh,Nuh,8,Barka Alimudian,Other than Woman,NONE,0,_,Irshad,0,0,Other than women,latin,1,7716,Nuh__Nuh.pdf
Nuh,Nuh,9,Baroji,Woman,NONE,1,_,Renu Saini,0,0,Women,latin,1,7716,Nuh__Nuh.pdf
Nuh,Nuh,10,Beer Shika,BC-A Other than Woman,BC_A,0,_,Yadil,0,0,Backward Class 'A' Other than Women,latin,1,7716,Nuh__Nuh.pdf
Nuh,Nuh,11,Bhapawali,Woman,NONE,1,_,Taranjum,0,0,Women,latin,1,7716,Nuh__Nuh.pdf
Nuh,Nuh,12,Bibipur,Other than Woman,NONE,0,_,Juned,0,0,Other than Women,latin,1,7716,Nuh__Nuh.pdf
Nuh,Nuh,13,Binwa,Woman,NONE,1,_,Sarika Begam,0,0,Women,latin,1,7716,Nuh__Nuh.pdf
Nuh,Nuh,14,Chandeni,Other than Woman,NONE,0,_,Waseem Akram,0,0,Other than Women,latin,1,7716,Nuh__Nuh.pdf
Nuh,Nuh,15,Devla Nangli,Woman,NONE,1,_,Naeeban,0,0,Women,latin,1,7716,Nuh__Nuh.pdf
Nuh,Nuh,16,Dhanduka,SC Woman,SC,1,_,Sapna Devi,0,0,Schedule Caste Women,latin,1,7716,Nuh__Nuh.pdf
Nuh,Nuh,17,Dihana,Other than Woman,NONE,0,_,Shamim Ahmed,0,0,Other than Women,latin,1,7716,Nuh__Nuh.pdf
Nuh,Nuh,18,Firojpur Namak,Woman,NONE,1,_,Jannati,0,0,Women,latin,1,7716,Nuh__Nuh.pdf
Nuh,Nuh,19,Ghasera,Other than Woman,NONE,0,_,Imran,0,0,Other than Women,latin,1,7716,Nuh__Nuh.pdf
Nuh,Nuh,20,Gundbas,BC-A Woman,BC_A,1,_,Samina,0,0,Backward Class 'A' Women,latin,1,7716,Nuh__Nuh.pdf
Nuh,Nuh,21,Husainpur,Other than Woman,NONE,0,_,Fareed Ahmed,0,0,Other than Women,latin,1,7716,Nuh__Nuh.pdf
Nuh,Nuh,22,Kalinger,Woman,NONE,1,_,Samay Noor,0,0,Women,latin,1,7716,Nuh__Nuh.pdf
Nuh,Nuh,23,Kherala,Other than Woman,NONE,0,_,Aarif Ali,0,0,Other than Women,latin,1,7716,Nuh__Nuh.pdf
Nuh,Nuh,24,Kotla,Woman,NONE,1,_,Sarjeena,0,0,Women,latin,1,7716,Nuh__Nuh.pdf
Nuh,Nuh,25,Malab,Other than Woman,NONE,0,_,Altaf,0,0,Other than Women,latin,1,7716,Nuh__Nuh.pdf
Nuh,Nuh,26,Marora,BC-A Woman,BC_A,1,_,Madeena,0,0,Backward Class 'A' Women,latin,1,7716,Nuh__Nuh.pdf
Nuh,Nuh,27,Meoli,Other than Woman,NONE,0,_,Wahid Khan,0,0,Other than Women,latin,1,7716,Nuh__Nuh.pdf
Nuh,Nuh,28,Muradbas,Woman,NONE,1,_,Arsina,0,0,Women,latin,1,7716,Nuh__Nuh.pdf
Nuh,Nuh,29,Nalhar,Other than Woman,NONE,0,_,Aazad,0,0,Other than Women,latin,1,7716,Nuh__Nuh.pdf
Nuh,Nuh,30,Palla,Woman,NONE,1,_,Muskan,0,0,Women,latin,1,7716,Nuh__Nuh.pdf
Nuh,Nuh,31,Rai Puri,Other than Woman,NONE,0,_,Tarif,0,0,Other than Women,latin,1,7716,Nuh__Nuh.pdf
Nuh,Nuh,32,Ranika,Woman,NONE,1,_,Parveen Bano,0,0,Women,latin,1,7716,Nuh__Nuh.pdf
Nuh,Nuh,33,Rehna,Other than Woman,NONE,0,_,Najakat,0,0,Other than Women,latin,1,7716,Nuh__Nuh.pdf
Nuh,Nuh,34,Rithora,Woman,NONE,1,_,Tahira Begum,0,0,Women,latin,1,7716,Nuh__Nuh.pdf
Nuh,Nuh,35,Sadai,Other than Woman,NONE,0,_,Arshad,0,0,Other than Women,latin,1,7716,Nuh__Nuh.pdf
Nuh,Nuh,36,Sahpur Nangli,Woman,NONE,1,_,Farjana,0,0,Women,latin,1,7716,Nuh__Nuh.pdf
Nuh,Nuh,37,Salaheri,Other than Woman,NONE,0,_,Waseem Ahmed,0,0,Other than Women,latin,1,7716,Nuh__Nuh.pdf
Nuh,Nuh,38,Salamba,Woman,NONE,1,_,Rukseena,0,0,Women,latin,1,7716,Nuh__Nuh.pdf
Nuh,Nuh,39,Sangail,BC-A Other than Woman,BC_A,0,_,Naresh Kumar,0,0,Backward Class 'A' Other than women,latin,1,7716,Nuh__Nuh.pdf
Nuh,Nuh,40,Sonkh,Woman,NONE,1,_,Mumtaj,0,0,Women,latin,1,7716,Nuh__Nuh.pdf
Nuh,Nuh,41,Tain,Other than Woman,NONE,0,_,Mohd Sadik,0,0,Other than Women,latin,1,7716,Nuh__Nuh.pdf
Nuh,Nuh,42,Tapkan,Woman,NONE,1,_,Gausiya Khatun,0,0,Women,latin,1,7716,Nuh__Nuh.pdf
Nuh,Nuh,43,Tarakpur,Other than Woman,NONE,0,_,Vakeel,0,0,Other than Women,latin,1,7716,Nuh__Nuh.pdf
Nuh,Nuh,44,Ujina,Woman,NONE,1,_,Mamta Bai,0,0,Women,latin,1,7716,Nuh__Nuh.pdf
Nuh,Nuh,45,Untka,Other than Woman,NONE,0,_,Mohd Sajid,0,0,Other than Women,latin,1,7716,Nuh__Nuh.pdf
Nuh,Pingwan,1,Akbarpar,Other than Woman,NONE,0,Moin Khan,Umar Mohd,0,0,Other than Women,latin,1,7653,Nuh__Pingwan.pdf
Nuh,Pingwan,2,Anchwari,Woman,NONE,1,Mumtaj Begam,Wazid Khan,0,0,Women,latin,1,7653,Nuh__Pingwan.pdf
Nuh,Pingwan,3,Baded,Woman,NONE,1,Sarmina,Mohd Aakil,0,0,Women,latin,1,7653,Nuh__Pingwan.pdf
Nuh,Pingwan,4,Basai Khanjada,SC Other than Woman,SC,0,Khem Chand,Sohan,0,0,Scheduled Caste other than Women,latin,1,7653,Nuh__Pingwan.pdf
Nuh,Pingwan,5,Bazidpur,Other than Woman,NONE,0,Yusuf Khan,Abdul Gaffar,0,0,Other than Women,latin,1,7653,Nuh__Pingwan.pdf
Nuh,Pingwan,6,Bubalheri,Woman,NONE,1,Khushvan,Abdul Gaffar,0,0,Women,latin,1,7653,Nuh__Pingwan.pdf
Nuh,Pingwan,7,Chandaka,Other than Woman,NONE,0,Ali Mohd,Rajmal,0,0,Other than Women,latin,1,7653,Nuh__Pingwan.pdf
Nuh,Pingwan,8,Dhadoli Kalan,Woman,NONE,1,Arseeda Khan,Shaad Mohd,1,0,Women,latin,1,7653,Nuh__Pingwan.pdf
Nuh,Pingwan,9,Dhana,Other than Woman,NONE,0,Naseem Khan,Tahir,0,0,Other than Women,latin,1,7653,Nuh__Pingwan.pdf
Nuh,Pingwan,10,Dondal,Woman,NONE,1,Matina Bano,Juber,0,0,Women,latin,1,7653,Nuh__Pingwan.pdf
Nuh,Pingwan,11,Dungran Sehjadpur,Other than Woman,NONE,0,Aash Mohd,Suleman,0,0,Other than Women,latin,,7653,Nuh__Pingwan.pdf
Nuh,Pingwan,12,Dungeja,Woman,NONE,1,Sanjida,Ikbal Khan,0,0,Women,latin,,7653,Nuh__Pingwan.pdf
Nuh,Pingwan,13,Firozpur Meo,BC-A Other than Woman,BC_A,0,Fakhruddin,Abdul Kareem,0,0,Backward Class ‘Á’ other than Women,latin,,7653,Nuh__Pingwan.pdf
Nuh,Pingwan,14,Flendi,Woman,NONE,1,Rohida,Waseem Akram,0,0,Women,latin,,7653,Nuh__Pingwan.pdf
Nuh,Pingwan,15,Gangwani,Other than Woman,NONE,0,Irshad,Hasan Mohd,0,0,Other than Women,latin,,7653,Nuh__Pingwan.pdf
Nuh,Pingwan,16,Gokalpur,Woman,NONE,1,Sayna,Parvej Khan,0,0,Women,latin,,7653,Nuh__Pingwan.pdf
Nuh,Pingwan,17,Hinganpur,Other than Woman,NONE,0,Mohd Sabir,Kamruddin,0,0,Other than Women,latin,,7653,Nuh__Pingwan.pdf
Nuh,Pingwan,18,Jalika,Woman,NONE,1,Firdosh,Farukh,0,0,Women,latin,,7653,Nuh__Pingwan.pdf
Nuh,Pingwan,19,Jharpuri,Other than Woman,NONE,0,Waseem Jafar,Zafruddin,0,0,Other than Women,latin,,7653,Nuh__Pingwan.pdf
Nuh,Pingwan,20,Jhimravat,Woman,NONE,1,Shahida Khan,Asgar Khan,0,0,Women,latin,,7653,Nuh__Pingwan.pdf
Nuh,Pingwan,21,Khanpur Ghati,BC-A Other than Woman,BC_A,0,Wasim Akram,Usman Khan,0,0,Backward Class ‘Á’ other than Women,latin,,7653,Nuh__Pingwan.pdf
Nuh,Pingwan,22,Khawajli Kalan,Woman,NONE,1,Arjeena Pravej,Talim Hussain,0,0,Women,latin,,7653,Nuh__Pingwan.pdf
Nuh,Pingwan,23,Khedi Kalan,BC-A Other than Woman,BC_A,0,Rashid,Noor Deen,0,0,Backward Class ‘Á’ other than Women,latin,,7653,Nuh__Pingwan.pdf
Nuh,Pingwan,24,Khori Shah Chokha,Woman,NONE,1,Sitara Bano,Toufique Pirzada,0,0,Women,latin,,7653,Nuh__Pingwan.pdf
Nuh,Pingwan,25,Lahabas,Other than Woman,NONE,0,Afsar,Abdul Rajjak,0,0,Other than Women,latin,,7653,Nuh__Pingwan.pdf
Nuh,Pingwan,26,Malhaka Khori,Woman,NONE,1,Tasleema,Wasit Ali,0,0,Women,latin,,7653,Nuh__Pingwan.pdf
Nuh,Pingwan,27,Mamlika,Other than Woman,NONE,0,Mohd Hamid,Ali Bahadur,0,0,Other than Women,latin,,7653,Nuh__Pingwan.pdf
Nuh,Pingwan,28,Mohammad Pur Ter,Other than Woman,NONE,0,Mohd Jaid,Ishak,0,0,Other than Women,latin,,7653,Nuh__Pingwan.pdf
Nuh,Pingwan,29,Mohlaka,Woman,NONE,1,Arjeena,Rohil,0,0,Women,latin,,7653,Nuh__Pingwan.pdf
Nuh,Pingwan,30,Mundheta,Other than Woman,NONE,0,Yasar Arafat,Hasan Mohd,0,0,Other than Women,latin,,7653,Nuh__Pingwan.pdf
Nuh,Pingwan,31,Neemkhera,Woman,NONE,1,Shabnam,Haji Ilyas,0,0,Women,latin,,7653,Nuh__Pingwan.pdf
Nuh,Pingwan,32,Papra,Other than Woman,NONE,0,Khalil Ahmed,Sodan Khan,0,0,Other than Women,latin,,7653,Nuh__Pingwan.pdf
Nuh,Pingwan,33,Pinagwan,SC Woman,SC,1,Lalita,Manoj Kumar,0,0,Scheduled Castewomen,latin,,7653,Nuh__Pingwan.pdf
Nuh,Pingwan,34,Raniyala Patakpur,Woman,NONE,1,Sumayya,Abdul Subhan,0,0,Women,latin,,7653,Nuh__Pingwan.pdf
Nuh,Pingwan,35,Rehpua,Other than Woman,NONE,0,Mohd Imran Khan,Asgar Ali,0,0,Other than Women,latin,,7653,Nuh__Pingwan.pdf
Nuh,Pingwan,36,Rithat,Other than Woman,NONE,0,Apsana,Mohd Mustufa,0,0,Other than Women,latin,,7653,Nuh__Pingwan.pdf
Nuh,Pingwan,37,Sikrawa,Other than Woman,NONE,0,Manish Ahmed,Jakir Hussian,0,0,Other than Women,latin,,7653,Nuh__Pingwan.pdf
Nuh,Pingwan,38,Sultanpur Punhana,Woman,NONE,1,Salma,Azahruddin,0,0,Women,latin,,7653,Nuh__Pingwan.pdf
Nuh,Pingwan,39,Ter,Other than Woman,NONE,0,Mohd Aarif,Kallu Khan,0,0,Other than Women,latin,,7653,Nuh__Pingwan.pdf
Nuh,Pingwan,40,Manota,Woman,NONE,1,Rasida,Saleem,0,0,Women,latin,,7653,Nuh__Pingwan.pdf
Nuh,Pingwan,41,Aoutha,Other than Woman,NONE,0,Mohd Aasif,Rajjak,0,0,Other than Women,latin,,7653,Nuh__Pingwan.pdf
Nuh,Punhana,1,Aminabad,Other than Woman,NONE,0,Jahul Khan,Sufat Khan,0,0,Other than Women,latin,1,7644,Nuh__Punhana.pdf
Nuh,Punhana,2,Andhaki,Woman,NONE,1,Faimida,Bassar,0,0,Women,latin,1,7644,Nuh__Punhana.pdf
Nuh,Punhana,3,Badli,Other than Woman,NONE,0,Javed Ali,Abdul Razzak,0,0,Other than Women,latin,1,7644,Nuh__Punhana.pdf
Nuh,Punhana,4,Badhah,BC-A Woman,BC_A,1,Aabida,Harun,0,0,Backward Class 'A' Women,latin,1,7644,Nuh__Punhana.pdf
Nuh,Punhana,5,Bandholi,SC Other than Woman,SC,0,Hukumat,Sohan Lal,0,0,Other than Women SC,latin,1,7644,Nuh__Punhana.pdf
Nuh,Punhana,6,Bhuriyaki,Other than Woman,NONE,0,Mohd Nasir,Noor Mohd,0,0,Other than Women,latin,1,7644,Nuh__Punhana.pdf
Nuh,Punhana,7,Bichhor,Woman,NONE,1,Munfida,Munfed,0,0,Women,latin,1,7644,Nuh__Punhana.pdf
Nuh,Punhana,8,Bisru,Other than Woman,NONE,0,Shahid Khan,Ishak,0,0,Other than Women,latin,1,7644,Nuh__Punhana.pdf
Nuh,Punhana,9,Chandanki,Woman,NONE,1,Shahiba,Javed Khan,0,0,Women,latin,1,7644,Nuh__Punhana.pdf
Nuh,Punhana,10,Dudoli,Other than Woman,NONE,0,Jameel Ahmed,Rahman,0,0,Other Than Women,latin,1,7644,Nuh__Punhana.pdf
Nuh,Punhana,11,Fardari,Woman,NONE,1,Sehnaj,NASHEEM AHMED,0,0,Women,latin,1,7644,Nuh__Punhana.pdf
Nuh,Punhana,12,Gheeda,Other than Woman,NONE,0,Azad Khan,Juhur Khan,0,0,Other Than Women,latin,1,7644,Nuh__Punhana.pdf
Nuh,Punhana,13,Godhola,Woman,NONE,1,Sabruna,Sarif,0,0,Women,latin,1,7644,Nuh__Punhana.pdf
Nuh,Punhana,14,Gubradi,Other than Woman,NONE,0,Mohd Sajid,Najar Hussain,0,0,Other Than Women,latin,1,7644,Nuh__Punhana.pdf
Nuh,Punhana,15,Gulalta,Woman,NONE,1,Sehnaj Bano,Mohd Izhar,0,0,Women,latin,1,7644,Nuh__Punhana.pdf
Nuh,Punhana,16,Hajipur,Woman,NONE,1,Fatma,Mohd Juber,0,0,Women,latin,1,7644,Nuh__Punhana.pdf
Nuh,Punhana,17,Hathangaon,Other than Woman,NONE,0,Majid,Juber,0,0,Other Than Women,latin,1,7644,Nuh__Punhana.pdf
Nuh,Punhana,18,Indana,Other than Woman,NONE,0,Iqbal,Mohd Suleman,0,0,Other Than Women,latin,1,7644,Nuh__Punhana.pdf
Nuh,Punhana,19,Jadoli,BC-A Woman,BC_A,1,Afshana,Akhlak Khan,0,0,Backward Class 'A' Women,latin,1,7644,Nuh__Punhana.pdf
Nuh,Punhana,20,Jehtana,Other than Woman,NONE,0,Sabir Hussain,Jakir Hussain,0,0,Other Than Women,latin,1,7644,Nuh__Punhana.pdf
Nuh,Punhana,21,Jaiwant,Woman,NONE,1,Rubina,Hakam,0,0,Women,latin,1,7644,Nuh__Punhana.pdf
Nuh,Punhana,22,Jakhokar,Other than Woman,NONE,0,Majlish Khan,Jom Khan,0,0,Other Than Women,latin,1,7644,Nuh__Punhana.pdf
Nuh,Punhana,23,Jamalgarh,Woman,NONE,1,Sarmeena Begum,Mohd Sahid,0,0,Women,latin,1,7644,Nuh__Punhana.pdf
Nuh,Punhana,24,Jharokari,Other than Woman,NONE,0,Rasheed Ahmed,Jabbar,0,0,Other Than Women,latin,1,7644,Nuh__Punhana.pdf
Nuh,Punhana,25,Khedla Punhana,Woman,NONE,1,Anjum,Aarif,0,0,Women,latin,1,7644,Nuh__Punhana.pdf
Nuh,Punhana,26,Lafoori,Other than Woman,NONE,0,Mubin,Samdu,0,0,Other Than Women,latin,1,7644,Nuh__Punhana.pdf
Nuh,Punhana,27,Laherwari,Woman,NONE,1,Asmeena,Shokeen,0,0,Women,latin,1,7644,Nuh__Punhana.pdf
Nuh,Punhana,28,Luhingakalan,Other than Woman,NONE,0,Mohd Kasim,Mohd Khan,0,0,Other Than Women,latin,1,7644,Nuh__Punhana.pdf
Nuh,Punhana,29,Madhiyaki,Woman,NONE,1,Janista,Sobin,0,0,Women,latin,1,7644,Nuh__Punhana.pdf
Nuh,Punhana,30,Mubarikpur,Other than Woman,NONE,0,Mohd Waseem,Mohd Harun,0,0,Other Than Women,latin,1,7644,Nuh__Punhana.pdf
Nuh,Punhana,31,Naharpur,Woman,NONE,1,Sabila,Umar Mohd,0,0,Women,latin,1,7644,Nuh__Punhana.pdf
Nuh,Punhana,32,Nai,Woman,NONE,1,Gulista,Saddam Hussain,0,0,Women,latin,1,7644,Nuh__Punhana.pdf
Nuh,Punhana,33,Naheda,BC-A Other than Woman,BC_A,0,Juber Khan,Harun,0,0,Backward Class 'A' Other Than Women,latin,1,7644,Nuh__Punhana.pdf
Nuh,Punhana,34,Nawalgarh,Other than Woman,NONE,0,Vir Singh,Boocha Singh,0,0,Other Than Women,latin,1,7644,Nuh__Punhana.pdf
Nuh,Punhana,35,Newana,SC Woman,SC,1,Gaurav,Sukhbir,0,0,SC Women,latin,1,7644,Nuh__Punhana.pdf
Nuh,Punhana,36,Neemka,Woman,NONE,1,Aabida Urf Aabida Nisha,Sazid Hussain,0,0,Women,latin,1,7644,Nuh__Punhana.pdf
Nuh,Punhana,37,Pema Khera,Other than Woman,NONE,0,Talim,Sakib Khan,0,0,Other than Women,latin,1,7644,Nuh__Punhana.pdf
Nuh,Punhana,38,Piproli,Woman,NONE,1,Sakira,Aasif,0,0,Women,latin,1,7644,Nuh__Punhana.pdf
Nuh,Punhana,39,Raipur,Other than Woman,NONE,0,Mohd Harun,Jaikam,0,0,Other than Women,latin,1,7644,Nuh__Punhana.pdf
Nuh,Punhana,40,Rajpur,Woman,NONE,1,Gulfshan,TAHIR HUSSAIN,0,0,Women,latin,1,7644,Nuh__Punhana.pdf
Nuh,Punhana,41,Samsabad Khurd,Other than Woman,NONE,0,Mubin,Din Mohd,0,0,Other than Women,latin,1,7644,Nuh__Punhana.pdf
Nuh,Punhana,42,Sihri Singalheri,BC-A Woman,BC_A,1,Subina,Ajim,0,0,Backward Class 'A' Women,latin,1,7644,Nuh__Punhana.pdf
Nuh,Punhana,43,Singar,Other than Woman,NONE,0,Mohd Sakit,Sapat Khan,0,0,Other than Women,latin,1,7644,Nuh__Punhana.pdf
Nuh,Punhana,44,Siroli,Woman,NONE,1,Sahana,Akil Ahmed,0,0,Women,latin,1,7644,Nuh__Punhana.pdf
Nuh,Punhana,45,Sunhera,Other than Woman,NONE,0,Mohd Harun,Abdul Rajjak,0,0,Other than Women,latin,1,7644,Nuh__Punhana.pdf
Nuh,Punhana,46,Thek,Woman,NONE,1,Arshida,Salman Khan,0,0,Women,latin,1,7644,Nuh__Punhana.pdf
Nuh,Punhana,47,Tirwara,Other than Woman,NONE,0,Mohd Wadim,Jamshed,0,0,Other than Women,latin,1,7644,Nuh__Punhana.pdf
Nuh,Punhana,48,Tusaini,Other than Woman,NONE,0,Aarif,Arshad Khan,0,0,Other than Women,latin,1,7644,Nuh__Punhana.pdf
Nuh,Punhana,49,Tundlaka,Woman,NONE,1,Taslim Khan,Mubarik Khan,0,0,Women,latin,1,7644,Nuh__Punhana.pdf
Nuh,Taoru,1,Bawla,Other than Woman,NONE,0,Anas,Ikbal,0,0,Other than Women,latin,1,7662,Nuh__Taoru.pdf
Nuh,Taoru,2,Beri Nisfi Taoru,Woman,NONE,1,Suraiya Begam,Abdul Jabbar,0,0,Women,latin,1,7662,Nuh__Taoru.pdf
Nuh,Taoru,3,Bhajlaka,Other than Woman,NONE,0,Rafeek Khan,Khalid,0,0,Other than Women,latin,1,7662,Nuh__Taoru.pdf
Nuh,Taoru,4,Bhangoh,Woman,NONE,1,Shakiba,Musaim,0,0,Women,latin,1,7662,Nuh__Taoru.pdf
Nuh,Taoru,5,Bissarakbarpur,Other than Woman,NONE,0,Rajbir,Bhim Singh,0,0,Other than Women,latin,1,7662,Nuh__Taoru.pdf
Nuh,Taoru,6,Buraka Taoru,Woman,NONE,1,Mustufsira,Salaudeen,0,0,Women,latin,1,7662,Nuh__Taoru.pdf
Nuh,Taoru,7,Chahalka,Other than Woman,NONE,0,Shameem Ahmed,Hasan Mohd,0,0,Other than Women,latin,1,7662,Nuh__Taoru.pdf
Nuh,Taoru,8,Cheela,Woman,NONE,1,Nishva,Mohd Altmas,0,0,Women,latin,1,7662,Nuh__Taoru.pdf
Nuh,Taoru,9,Chharora,Other than Woman,NONE,0,Tarif Anwar,Noorddin,0,0,Other than Women,latin,1,7662,Nuh__Taoru.pdf
Nuh,Taoru,10,Chilawali,Woman,NONE,1,Afsana,Jakariya,0,0,Women,latin,1,7662,Nuh__Taoru.pdf
Nuh,Taoru,11,Dadu,Other than Woman,NONE,0,Satpal,Sukh Lal,0,0,Other than Women,latin,1,7662,Nuh__Taoru.pdf
Nuh,Taoru,12,Dalawas,Woman,NONE,1,Ajida,Layakat Ali,0,0,Women,latin,1,7662,Nuh__Taoru.pdf
Nuh,Taoru,13,Dhulawat,BC-A Other than Woman,BC_A,0,Dilsad,Aziz,0,0,Backward Class 'A' Other than Women,latin,1,7662,Nuh__Taoru.pdf
Nuh,Taoru,14,Didhara,Woman,NONE,1,Zeenat,Sahib,0,0,Women,latin,1,7662,Nuh__Taoru.pdf
Nuh,Taoru,15,Dingerheri,SC Other than Woman,SC,0,Sunil Kumar,Tara Chand,0,0,Schedule Caste other than Women,latin,1,7662,Nuh__Taoru.pdf
Nuh,Taoru,16,Fatehpur,Other than Woman,NONE,0,Ashok Kumar,Ginori,0,0,Other than Women,latin,1,7662,Nuh__Taoru.pdf
Nuh,Taoru,17,Gogjaka,Woman,NONE,1,Safina Begum,Sabir Alam,0,0,Women,latin,1,7662,Nuh__Taoru.pdf
Nuh,Taoru,18,Goyla,SC Woman,SC,1,Kajal,Sandeep,0,0,Schedule Caste Women,latin,1,7662,Nuh__Taoru.pdf
Nuh,Taoru,19,Gudhi,Other than Woman,NONE,0,Jahir Abbas,Ayub,0,0,Other than Women,latin,1,7662,Nuh__Taoru.pdf
Nuh,Taoru,20,Gwarka,Woman,NONE,1,Manisha,Vaheed Khan,0,0,Women,latin,1,7662,Nuh__Taoru.pdf
Nuh,Taoru,21,Hasanpur,Other than Woman,NONE,0,Pardeep Kumar,Leela Ram,0,0,Other than Women,latin,1,7662,Nuh__Taoru.pdf
Nuh,Taoru,22,Jaffarabad,BC-A Woman,BC_A,1,Fatima Khan,Farukh Ali,0,0,Backward Class 'A' Women,latin,1,7662,Nuh__Taoru.pdf
Nuh,Taoru,23,Jalalpur Sohna,Other than Woman,NONE,0,Sarup,Tahir,0,0,Other than Women,latin,1,7662,Nuh__Taoru.pdf
Nuh,Taoru,24,Jaurasi,Woman,NONE,1,Anju Choudhary,Anil Kumar,0,0,Women,latin,1,7662,Nuh__Taoru.pdf
Nuh,Taoru,25,Jhamuwas,Other than Woman,NONE,0,Ramavtar,Dhanpat Ram,0,0,Other than Women,latin,1,7662,Nuh__Taoru.pdf
Nuh,Taoru,26,Kalarpuri,Woman,NONE,1,Ekta Malik,Sachin Malik,0,0,Women,latin,1,7662,Nuh__Taoru.pdf
Nuh,Taoru,27,Kaliyaka,Other than Woman,NONE,0,Zakir,Jumma,0,0,Other than Women,latin,1,7662,Nuh__Taoru.pdf
Nuh,Taoru,28,Kalwari,Woman,NONE,1,Rekha Devi,Rajender Kumar,0,0,Women,latin,1,7662,Nuh__Taoru.pdf
Nuh,Taoru,29,Kharkhari,Other than Woman,NONE,0,Aspak,Hasan Mohmmad,0,0,Other than Women,latin,1,7662,Nuh__Taoru.pdf
Nuh,Taoru,30,Khori Kalan,BC-A Woman,BC_A,1,Shalini Singh Arya,Suresh Kumar,0,0,Backward Class 'A' Women,latin,1,7662,Nuh__Taoru.pdf
Nuh,Taoru,31,Khori Khurd,SC Other than Woman,SC,0,Sonu,Chhajjuram,0,0,Schedule Caste other than Women,latin,1,7662,Nuh__Taoru.pdf
Nuh,Taoru,32,Kota Khandewla,Other than Woman,NONE,0,Parambir,Om Parkash,1,0,Other than Women,latin,1,7662,Nuh__Taoru.pdf
Nuh,Taoru,33,M.P.Aheer,Woman,NONE,1,Sushma,Mukesh,0,0,Women,latin,1,7662,Nuh__Taoru.pdf
Nuh,Taoru,34,Malhaka,Other than Woman,NONE,0,Sakib,Samsu Urf Samsuden,0,0,Other than Women,latin,1,7662,Nuh__Taoru.pdf
Nuh,Taoru,35,Mandaraka,Woman,NONE,1,Sabila,Aarif,0,0,Women,latin,1,7662,Nuh__Taoru.pdf
Nuh,Taoru,36,Nizampur,Other than Woman,NONE,0,Arshad Khan,Jameel Ahmad,0,0,Other than Women,latin,1,7662,Nuh__Taoru.pdf
Nuh,Taoru,37,Pachgaon,Woman,NONE,1,Reena,Ratthi Khan,0,0,Women,latin,1,7662,Nuh__Taoru.pdf
Nuh,Taoru,38,Padhani,Other than Woman,NONE,0,Arsad Hussain,Gulam Rasul,0,0,Other than Women,latin,1,7662,Nuh__Taoru.pdf
Nuh,Taoru,39,Para,SC Woman,SC,1,Sapna,Rahul,0,0,Schedule Caste Women,latin,1,7662,Nuh__Taoru.pdf
Nuh,Taoru,40,Raheri,BC-A Woman,BC_A,1,Meena,Rukmuddin,0,0,Backward Class 'A' Women,latin,1,7662,Nuh__Taoru.pdf
Nuh,Taoru,41,Rangala,SC Other than Woman,SC,0,Mukesh,Lalaram,0,0,Schedule Caste other than Women,latin,1,7662,Nuh__Taoru.pdf
Nuh,Taoru,42,Raniyaki,SC Woman,SC,1,Aarti,Sikander,0,0,Schedule Caste Women,latin,1,7662,Nuh__Taoru.pdf
Nuh,Taoru,43,Rathiwas,Other than Woman,NONE,0,Vinaypal Singh,Hardayal,0,0,Other than Women,latin,1,7662,Nuh__Taoru.pdf
Nuh,Taoru,44,Sabras,Woman,NONE,1,Tarjuma,Tarif,1,0,Women,latin,1,7662,Nuh__Taoru.pdf
Nuh,Taoru,45,Sahsola Patuka,Other than Woman,NONE,0,Shehjad,Abdul Hamid,0,0,Other than Women,latin,1,7662,Nuh__Taoru.pdf
Nuh,Taoru,46,Salhaka,Woman,NONE,1,Ruksar,Sumer,0,0,Women,latin,1,7662,Nuh__Taoru.pdf
Nuh,Taoru,47,Sarai,Other than Woman,NONE,0,Ravinder Bhadana,Kawar Pal,0,0,Other than Women,latin,1,7662,Nuh__Taoru.pdf
Nuh,Taoru,48,Sewaka,Woman,NONE,1,Nisu,Irshad,0,0,Women,latin,1,7662,Nuh__Taoru.pdf
Nuh,Taoru,49,Sheelkho,Other than Woman,NONE,0,Abdul Raoof,Abdul Subhan,0,0,Other than Women,latin,1,7662,Nuh__Taoru.pdf
Nuh,Taoru,50,Shikarpur,Woman,NONE,1,Ruksina,Jonish Khan,0,0,Women,latin,1,7662,Nuh__Taoru.pdf
Nuh,Taoru,51,Subaseri,SC Other than Woman,SC,0,Kuldeep,Thakur Dass,0,0,Schedule Caste other than Women,latin,1,7662,Nuh__Taoru.pdf
Nuh,Taoru,52,Sunari,Other than Woman,NONE,0,Rahamdim,Ramjan,0,0,Other than Women,latin,1,7662,Nuh__Taoru.pdf
Nuh,Taoru,53,Sundh,Woman,NONE,1,Poonam,Bir Singh,0,0,Women,latin,1,7662,Nuh__Taoru.pdf
Nuh,Taoru,54,Unton,Other than Woman,NONE,0,Hidayat,Rustam,0,0,Other than Women,latin,1,7662,Nuh__Taoru.pdf
Palwal,Badoli,1,Achheja,Other than Woman,NONE,0,Pawan,Hari Parkash,0,0,Other than Women,latin,1,7957,Palwal__Badoli.pdf
Palwal,Badoli,2,Akbarpur Dakora,SC Other than Woman,SC,0,Sunder Singh,Channi Ram,0,0,Scheduled Caste other than Women,latin,1,7957,Palwal__Badoli.pdf
Palwal,Badoli,3,Ayanagar,Woman,NONE,1,Savita Devi,Vinod,0,0,Women,latin,1,7957,Palwal__Badoli.pdf
Palwal,Badoli,4,Badoli,Other than Woman,NONE,0,Gajraj Singh,Shyambir,0,0,Other than Women,latin,1,7957,Palwal__Badoli.pdf
Palwal,Badoli,5,Baghpur Khurd,Woman,NONE,1,Neetu Devi,Krishanpal,0,0,Women,latin,1,7957,Palwal__Badoli.pdf
Palwal,Badoli,6,Balai,BC-A Other than Woman,BC_A,0,Naresh Kumar,Ramesh,0,0,Backward Class 'A' other than Women,latin,1,7957,Palwal__Badoli.pdf
Palwal,Badoli,7,Bharka,Woman,NONE,1,Suman,Sachin,0,0,Women,latin,1,7957,Palwal__Badoli.pdf
Palwal,Badoli,8,Bholra,SC Woman,SC,1,Aarti,Gyanchand,0,0,Scheduled Caste Women,latin,1,7957,Palwal__Badoli.pdf
Palwal,Badoli,9,Bhood,SC Other than Woman,SC,0,Anil,Meharchand,0,0,Scheduled Caste other than Women,latin,1,7957,Palwal__Badoli.pdf
Palwal,Badoli,10,Chandhat,SC Woman,SC,1,Sapna,Rohtash,0,0,Scheduled Caste Women,latin,1,7957,Palwal__Badoli.pdf
Palwal,Badoli,11,Farijrabad Missa,Other than Woman,NONE,0,Rohtash,Chhotan,0,0,Other than Women,latin,1,7957,Palwal__Badoli.pdf
Palwal,Badoli,12,Ghori,Woman,NONE,1,Memwati,Jaipal,0,0,Women,latin,1,7957,Palwal__Badoli.pdf
Palwal,Badoli,13,Gurwari,Other than Woman,NONE,0,Harender,Bijender Singh,0,0,Other than Women,latin,1,7957,Palwal__Badoli.pdf
Palwal,Badoli,14,Hassapur,SC Other than Woman,SC,0,Kharag Singh,Shree Premchand,0,0,Scheduled Caste other than Women,latin,1,7957,Palwal__Badoli.pdf
Palwal,Badoli,15,Hosangabad,Woman,NONE,1,Madhu Bala,Sonu,0,0,Women,latin,1,7957,Palwal__Badoli.pdf
Palwal,Badoli,16,Jaiwabad Kherli,Other than Woman,NONE,0,Dharmender,Murli,0,0,Other than Women,latin,1,7957,Palwal__Badoli.pdf
Palwal,Badoli,17,Kamrawali,Woman,NONE,1,Santosh Kumari,Manoj Kumar,0,0,Women,latin,1,7957,Palwal__Badoli.pdf
Palwal,Badoli,18,Kherla Farijanpur,Other than Woman,NONE,0,Puran Singh,Ranvir Singh,0,0,Other than Women,latin,1,7957,Palwal__Badoli.pdf
Palwal,Badoli,19,Kulena,BC-A Woman,BC_A,1,Sangeeta,Pardeep,0,0,Backward Class 'A' Women,latin,1,7957,Palwal__Badoli.pdf
Palwal,Badoli,20,Kushak,SC Woman,SC,1,Priyanka,Gyalal,0,0,Scheduled Caste Women,latin,1,7957,Palwal__Badoli.pdf
Palwal,Badoli,21,Lalgarh,Other than Woman,NONE,0,Shiv Narayan,Shri Ram,0,0,Other than Women,latin,1,7957,Palwal__Badoli.pdf
Palwal,Badoli,22,Malasingh Farm,Woman,NONE,1,Gurmeet Kaur,Raghuvinder Singh,0,0,Women,latin,1,7957,Palwal__Badoli.pdf
Palwal,Badoli,23,Mustafabad,SC Other than Woman,SC,0,Mukesh Kumar,Shamsher Singh,0,0,Scheduled Caste other than Women,latin,1,7957,Palwal__Badoli.pdf
Palwal,Badoli,24,Nandawala,Other than Woman,NONE,0,Sanjeev Bainsla,Virender Singh,0,0,Other than Women,latin,1,7957,Palwal__Badoli.pdf
Palwal,Badoli,25,Nanglia,Woman,NONE,1,Reena Rani,Anup Singh,0,0,Women,latin,1,7957,Palwal__Badoli.pdf
Palwal,Badoli,26,Pahladpur,Other than Woman,NONE,0,Padam Singh,Devi Sahay,0,0,Other than Women,latin,1,7957,Palwal__Badoli.pdf
Palwal,Badoli,27,Pehruka Nangla,BC-A Woman,BC_A,1,Hemlata,Jitender,0,0,Backward Class 'A' Women,latin,1,7957,Palwal__Badoli.pdf
Palwal,Badoli,28,Rahimpur,Other than Woman,NONE,0,Ravinder,Mavasi Ram,0,0,Other than Women,latin,1,7957,Palwal__Badoli.pdf
Palwal,Badoli,29,Rajupur Khaddar,Woman,NONE,1,Brijesh,Shiv Kumar,0,0,Women,latin,1,7957,Palwal__Badoli.pdf
Palwal,Badoli,30,Rampur Khor,Other than Woman,NONE,0,Chattar Pal,Pyarelal,0,0,Other than Women,latin,1,7957,Palwal__Badoli.pdf
Palwal,Badoli,31,Rasulpur,Woman,NONE,1,Preeti,Rajkumar,0,0,Women,latin,1,7957,Palwal__Badoli.pdf
Palwal,Badoli,32,Sheikhpur,SC Woman,SC,1,Meenakshi,Ajay Singh,0,0,Scheduled Caste Women,latin,1,7957,Palwal__Badoli.pdf
Palwal,Badoli,33,Solra,Other than Woman,NONE,0,Rajesh,Narsingh,0,0,Other than Women,latin,1,7957,Palwal__Badoli.pdf
Palwal,Badoli,34,Sultanpur,Woman,NONE,1,Monika,Sanjay,0,0,Women,latin,1,7957,Palwal__Badoli.pdf
Palwal,Badoli,35,Sunehri Ka Nangla,Other than Woman,NONE,0,Jaipal Singh,Birbal,0,0,Other than Women,latin,1,7957,Palwal__Badoli.pdf
Palwal,Badoli,36,Thantri,Woman,NONE,1,Arti,Harender Singh,0,0,Women,latin,1,7957,Palwal__Badoli.pdf
Palwal,Badoli,37,Tikri Gujar,Other than Woman,NONE,0,Jugender,Ram Prashad,0,0,Other than Women,latin,1,7957,Palwal__Badoli.pdf
Palwal,Hassanpur,1,Ajijabad,Other than Woman,NONE,0,Aasif,Salim,0,0,Other than woman,latin,1,7975,Palwal__Hassanpur.pdf
Palwal,Hassanpur,2,Amroli,SC Other than Woman,SC,0,Sanjay Kumar Chadha,Ashok Kumar Chadha,0,0,Schedule caste other than woman,latin,1,7975,Palwal__Hassanpur.pdf
Palwal,Hassanpur,3,Atwa,Woman,NONE,1,Rajwala Sharma,Pravesh Kumar,0,0,Women,latin,1,7975,Palwal__Hassanpur.pdf
Palwal,Hassanpur,4,Bamariyaka,Other than Woman,NONE,0,Rishiraj,Balvir Singh,0,0,Other than woman,latin,1,7975,Palwal__Hassanpur.pdf
Palwal,Hassanpur,5,Bata,Woman,NONE,1,Chandni Sharma,Devichara n,0,0,Women,latin,1,7975,Palwal__Hassanpur.pdf
Palwal,Hassanpur,6,Bela,BC-A Other than Woman,BC_A,0,Mahipal,Mahabir,0,0,"Backward Class A"" other than Women",latin,1,7975,Palwal__Hassanpur.pdf
Palwal,Hassanpur,7,Bhandoli,Woman,NONE,1,Kavita,Ravi Kumar,0,0,Women,latin,1,7975,Palwal__Hassanpur.pdf
Palwal,Hassanpur,8,Bharatgarh Urf Sehdev Ka Nangla,Other than Woman,NONE,0,Dharmender Kumar,Hargopal Singh,0,0,Other than woman,latin,1,7975,Palwal__Hassanpur.pdf
Palwal,Hassanpur,9,Bhavana,Woman,NONE,1,Kamlesh,Ragvir Singh,0,0,Women,latin,1,7975,Palwal__Hassanpur.pdf
Palwal,Hassanpur,10,Bilochpur,Other than Woman,NONE,0,Anil Kumar,Shiv Ram,0,0,Other than woman,latin,1,7975,Palwal__Hassanpur.pdf
Palwal,Hassanpur,11,Chovan Ka Nangla,Woman,NONE,1,Unjeela,Iliyash,0,0,Women,latin,1,7975,Palwal__Hassanpur.pdf
Palwal,Hassanpur,12,Darana,Other than Woman,NONE,0,Rocky,Dasrath,0,0,Other than woman,latin,1,7975,Palwal__Hassanpur.pdf
Palwal,Hassanpur,13,Fataskonagar,SC Woman,SC,1,Geeta,Satvir,0,0,Schedule caste woman,latin,1,7975,Palwal__Hassanpur.pdf
Palwal,Hassanpur,14,Ghasera,SC Other than Woman,SC,0,Kirpal Singh,Roshan Lal,0,0,Schedule caste other than woman,latin,0,7975,Palwal__Hassanpur.pdf
Palwal,Hassanpur,15,Gulawad,Woman,NONE,1,Arphina,Sahun Khan,0,0,Women,latin,1,7975,Palwal__Hassanpur.pdf
Palwal,Hassanpur,16,Gundvas,SC Woman,SC,1,Suman,Manender,0,0,Schedule caste woman,latin,0,7975,Palwal__Hassanpur.pdf
Palwal,Hassanpur,17,Hafzabad,SC Other than Woman,SC,0,Devender,Prahalad,0,0,Schedule caste other than woman,latin,1,7975,Palwal__Hassanpur.pdf
Palwal,Hassanpur,18,Hassanpur,BC-A Other than Woman,BC_A,0,Hetram,Khemcha nd,0,0,"Backward Class A"" other than Women",latin,1,7975,Palwal__Hassanpur.pdf
Palwal,Hassanpur,19,Jatoli,Woman,NONE,1,Lalita,Davender,0,0,Women,latin,1,7975,Palwal__Hassanpur.pdf
Palwal,Hassanpur,20,Kanwarka,Other than Woman,NONE,0,Mohit,Bir Singh,0,0,Other than woman,latin,1,7975,Palwal__Hassanpur.pdf
Palwal,Hassanpur,21,Karimpur,Woman,NONE,1,Geetu Devi,Pawan Kumar,0,0,Women,latin,1,7975,Palwal__Hassanpur.pdf
Palwal,Hassanpur,22,Kashipur,SC Woman,SC,1,Shashi,Manoj Kumar,0,0,Schedule caste woman,latin,1,7975,Palwal__Hassanpur.pdf
Palwal,Hassanpur,23,Khambi,Other than Woman,NONE,0,Rajvir,Mani Ram,0,0,Other than woman,latin,1,7975,Palwal__Hassanpur.pdf
Palwal,Hassanpur,24,Likhi,Woman,NONE,1,Manisha,Satish Kumar,0,0,Women,latin,1,7975,Palwal__Hassanpur.pdf
Palwal,Hassanpur,25,Lulwari,Other than Woman,NONE,0,Rakesh,Girraj,0,0,Other than woman,latin,1,7975,Palwal__Hassanpur.pdf
Palwal,Hassanpur,26,Machipura,Woman,NONE,1,Lucky,Neeraj Kumar,0,0,Woman,latin,1,7975,Palwal__Hassanpur.pdf
Palwal,Hassanpur,27,Maholi,Other than Woman,NONE,0,Sanjay Singh,Pratap Singh,0,0,Other than woman,latin,1,7975,Palwal__Hassanpur.pdf
Palwal,Hassanpur,28,Mirpur Kurali,Woman,NONE,1,Nirmala,Deepak,0,0,Women,latin,1,7975,Palwal__Hassanpur.pdf
Palwal,Hassanpur,29,Mohammadpur,Other than Woman,NONE,0,Kumar Yug Purush,Bhoop Ram,0,0,Other than Women,latin,1,7975,Palwal__Hassanpur.pdf
Palwal,Hassanpur,30,Murtajabad,SC Other than Woman,SC,0,Jitender,Roopi,0,0,Schedule caste other than woman,latin,1,7975,Palwal__Hassanpur.pdf
Palwal,Hassanpur,31,Nai Nangla,Woman,NONE,1,Mamta,Anuj,0,0,Women,latin,1,7975,Palwal__Hassanpur.pdf
Palwal,Hassanpur,32,Peergarhi,Other than Woman,NONE,0,Shokeen,Batul,0,0,Other than woman,latin,1,7975,Palwal__Hassanpur.pdf
Palwal,Hassanpur,33,Pingor,Woman,NONE,1,Babita,Sunder Singh Karahana,0,0,Women,latin,1,7975,Palwal__Hassanpur.pdf
Palwal,Hassanpur,34,Raidaska,Other than Woman,NONE,0,Bheem Singh,Chandi,0,0,Other than woman,latin,1,7975,Palwal__Hassanpur.pdf
Palwal,Hassanpur,35,Ramgarh,Woman,NONE,1,Poonam,Nakul Choudhar y,0,0,Women,latin,1,7975,Palwal__Hassanpur.pdf
Palwal,Hassanpur,36,Sehnoli,Other than Woman,NONE,0,Kuldeep Singh,Dulichand,0,0,Other than Women,latin,1,7975,Palwal__Hassanpur.pdf
Palwal,Hassanpur,37,Shoru Ka Nangla,SC Woman,SC,1,Rajwati,Chander Pal,0,0,Schedule caste woman,latin,1,7975,Palwal__Hassanpur.pdf
Palwal,Hassanpur,38,Tappa,SC Other than Woman,SC,0,Satpal,Leelaram,0,0,Schedule caste other than woman,latin,1,7975,Palwal__Hassanpur.pdf
Palwal,Hassanpur,39,Wali Mohmadpur,BC-A Woman,BC_A,1,Km Nirdesh,Khemcha nd,0,0,"Backward Class A"" Women",latin,0,7975,Palwal__Hassanpur.pdf
Palwal,Hathin,1,Ali Bhraman,Other than Woman,NONE,0,Ganga Ram,Chokh Ram,0,0,Other than Women,latin,1,7922,Palwal__Hathin.pdf
Palwal,Hathin,2,Ali Meo,Woman,NONE,1,Ruksar,Yasid Khan,0,0,Women,latin,1,7922,Palwal__Hathin.pdf
Palwal,Hathin,3,Andhop,Other than Woman,NONE,0,Netram Rawat,Amilal,0,0,Other than Women,latin,1,7922,Palwal__Hathin.pdf
Palwal,Hathin,4,Andhrola,Woman,NONE,1,Sakunat,Salim,0,0,Women,latin,1,7922,Palwal__Hathin.pdf
Palwal,Hathin,5,Babupur Hathin,Other than Woman,NONE,0,Tareef,Islam,0,0,Other than Women,latin,1,7922,Palwal__Hathin.pdf
Palwal,Hathin,6,Bahin,SC Other than Woman,SC,0,Vikram Singh,Badan Singh,0,0,Scheduled Caste Other than Women,latin,1,7922,Palwal__Hathin.pdf
Palwal,Hathin,7,Bajada Pahari,SC Woman,SC,1,Kumari Rekha Rani,Parveen Kumar,0,0,Scheduled Caste Women,latin,1,7922,Palwal__Hathin.pdf
Palwal,Hathin,8,Bhamrola Jogi,Woman,NONE,1,Sapna Devi,Ravinder Kumar,0,0,Women,latin,1,7922,Palwal__Hathin.pdf
Palwal,Hathin,9,Bhanguri Palwal,Other than Woman,NONE,0,Parveen,Naresh Chand,0,0,Other than Women,latin,1,7922,Palwal__Hathin.pdf
Palwal,Hathin,10,Bhimsika,Woman,NONE,1,Safina,Munfed Ali,0,0,Women,latin,1,7922,Palwal__Hathin.pdf
Palwal,Hathin,11,Bhudpur,Other than Woman,NONE,0,Mukhtayar Khan,Khursheed,0,0,Other than Women,latin,1,7922,Palwal__Hathin.pdf
Palwal,Hathin,12,Bichh Puri,Woman,NONE,1,Geeta,Udham Singh,0,0,Women,latin,1,7922,Palwal__Hathin.pdf
Palwal,Hathin,13,Bighawali,Other than Woman,NONE,0,Ramesh,Ram Kumar,0,0,Other than Women,latin,1,7922,Palwal__Hathin.pdf
Palwal,Hathin,14,Buraka Hathin,Woman,NONE,1,Taslima,Moin,0,0,Women,latin,1,7922,Palwal__Hathin.pdf
Palwal,Hathin,15,Chainsa,Other than Woman,NONE,0,Mohd Islam,Akhey Singh,0,0,Other than Women,latin,1,7922,Palwal__Hathin.pdf
Palwal,Hathin,16,Chilli,Woman,NONE,1,Aasma,Mohd Akil,0,0,Women,latin,1,7922,Palwal__Hathin.pdf
Palwal,Hathin,17,Dhakal Pur,Other than Woman,NONE,0,Mohd Shahil,Jakir Hussain,0,0,Other than Women,latin,1,7922,Palwal__Hathin.pdf
Palwal,Hathin,18,Dhiranki,Woman,NONE,1,Anjum Khatoon,Mukeem Khan,0,0,Women,latin,1,7922,Palwal__Hathin.pdf
Palwal,Hathin,19,Durenchi,Other than Woman,NONE,0,Parwej,Hakmdeen,0,0,Other than Women,latin,1,7922,Palwal__Hathin.pdf
Palwal,Hathin,20,Firozpur Rajput,Woman,NONE,1,Bhagawati,Praveen Kumar,0,0,Women,latin,1,7922,Palwal__Hathin.pdf
Palwal,Hathin,21,Gadhi Vinoda,Other than Woman,NONE,0,Shyam Singh,Hajari Lal,0,0,Other than Women,latin,1,7922,Palwal__Hathin.pdf
Palwal,Hathin,22,Gehlab,Woman,NONE,1,Nisha,Sandeep Kumar,0,0,Women,latin,1,7922,Palwal__Hathin.pdf
Palwal,Hathin,23,Gharrot,Other than Woman,NONE,0,Balbir Singh,Tejram,0,0,Other than Women,latin,1,7922,Palwal__Hathin.pdf
Palwal,Hathin,24,Ghigdaka,Woman,NONE,1,Rashida,Mohd Talim,0,0,Women,latin,1,7922,Palwal__Hathin.pdf
Palwal,Hathin,25,Ghudawali,Other than Woman,NONE,0,Sharafat,Jafruddin,0,0,Other than Women,latin,1,7922,Palwal__Hathin.pdf
Palwal,Hathin,26,Gohpur,Woman,NONE,1,Tashreen,Shajid,0,0,Women,latin,1,7922,Palwal__Hathin.pdf
Palwal,Hathin,27,Guraksar,Other than Woman,NONE,0,Mohd Haneef Khan,Mormal Khan,0,0,Other than Women,latin,1,7922,Palwal__Hathin.pdf
Palwal,Hathin,28,Hunchpuri Kalan,Woman,NONE,1,Arsida,Idrish,0,0,Women,latin,1,7922,Palwal__Hathin.pdf
Palwal,Hathin,29,Hurithal,Other than Woman,NONE,0,Om Parkash,Phool Singh,0,0,Other than Women,latin,1,7922,Palwal__Hathin.pdf
Palwal,Hathin,30,Jainpur,Woman,NONE,1,Sangeeta,Sarjeet,0,0,Women,latin,1,7922,Palwal__Hathin.pdf
Palwal,Hathin,31,Jalal Pur Hathin,Other than Woman,NONE,0,Amin Khan,Noor Mohd,0,0,Other than Women,latin,1,7922,Palwal__Hathin.pdf
Palwal,Hathin,32,Janacholi,Woman,NONE,1,Shree Devi,Jitender Kumar,0,0,Women,latin,1,7922,Palwal__Hathin.pdf
Palwal,Hathin,33,Jarari,Other than Woman,NONE,0,Mohd Akhlaque,Kamruddin,0,0,Other than Women,latin,1,7922,Palwal__Hathin.pdf
Palwal,Hathin,34,Kalsada,Woman,NONE,1,Geeta,Surender,0,0,Women,latin,1,7922,Palwal__Hathin.pdf
Palwal,Hathin,35,Kanoli,Other than Woman,NONE,0,Sube Singh,Sher Singh,0,0,Other than Women,latin,1,7922,Palwal__Hathin.pdf
Palwal,Hathin,36,Khaika,Woman,NONE,1,Anjeena Begum,Mohd Shahid Shameem,0,0,Women,latin,1,7922,Palwal__Hathin.pdf
Palwal,Hathin,37,Khedli Jeeta,Other than Woman,NONE,0,Ajay Singh,Bir Singh,0,0,Other than Women,latin,1,7922,Palwal__Hathin.pdf
Palwal,Hathin,38,Khilluka,Woman,NONE,1,Varisha,Yahya Khan,0,0,Women,latin,1,7922,Palwal__Hathin.pdf
Palwal,Hathin,39,Khokiyaka,SC Other than Woman,SC,0,Ram Avtar,Samay Ram,0,0,Scheduled Caste Other than Women,latin,1,7922,Palwal__Hathin.pdf
Palwal,Hathin,40,Kondal,Other than Woman,NONE,0,Suresh Chand,Kishan Singh,0,0,Other than Women,latin,1,7922,Palwal__Hathin.pdf
Palwal,Hathin,41,Kot Mithaka,Woman,NONE,1,Ruksar,Bilal Ahmad,0,0,Women,latin,1,7922,Palwal__Hathin.pdf
Palwal,Hathin,42,Kukarchati,Other than Woman,NONE,0,Mannan,Aas Mohd,0,0,Other than Women,latin,1,7922,Palwal__Hathin.pdf
Palwal,Hathin,43,Kumrehda,Woman,NONE,1,Farmeena,Mahzar,0,0,Women,latin,1,7922,Palwal__Hathin.pdf
Palwal,Hathin,44,Ladmaki,Other than Woman,NONE,0,Abid Khan,Salauddin,0,0,Other than Women,latin,1,7922,Palwal__Hathin.pdf
Palwal,Hathin,45,Lakhnaka,Woman,NONE,1,Ramnna,Aamir Khan,0,0,Women,latin,1,7922,Palwal__Hathin.pdf
Palwal,Hathin,46,Mahluka,Other than Woman,NONE,0,Taarif Husain,Liyakat,0,0,Other than Women,latin,1,7922,Palwal__Hathin.pdf
Palwal,Hathin,47,Malai,Woman,NONE,1,Sazia,Sazid Hussain,0,0,Women,latin,1,7922,Palwal__Hathin.pdf
Palwal,Hathin,48,Malokhera,Other than Woman,NONE,0,Hamid,Khurshid,0,0,Other than Women,latin,1,7922,Palwal__Hathin.pdf
Palwal,Hathin,49,Maluka,Woman,NONE,1,Nasima,Muhammad Sabir Khan,0,0,Women,latin,1,7922,Palwal__Hathin.pdf
Palwal,Hathin,50,Manpur,Other than Woman,NONE,0,Devi Singh,Govind,0,0,Other than Women,latin,1,7922,Palwal__Hathin.pdf
Palwal,Hathin,51,Mandkola,SC Woman,SC,1,Savita,Ganga Ram,0,0,Scheduled Caste Women,latin,1,7922,Palwal__Hathin.pdf
Palwal,Hathin,52,Mandnaka,Woman,NONE,1,Bhawna,Deepak,0,0,Women,latin,1,7922,Palwal__Hathin.pdf
Palwal,Hathin,54,Mangorka,Woman,NONE,1,Ishrat,Juned,0,0,Women,latin,1,7922,Palwal__Hathin.pdf
Palwal,Hathin,55,Mathepur,Other than Woman,NONE,0,Altaf Hussain,Deen Mohd,0,0,Other than Women,latin,1,7922,Palwal__Hathin.pdf
Palwal,Hathin,56,Meerka,Woman,NONE,1,Jafran Parveen,Jakir Hussain,0,0,Women,latin,1,7922,Palwal__Hathin.pdf
Palwal,Hathin,57,Mohdamka,Other than Woman,NONE,0,Muktyar Khan,Sarfuddin,0,0,Other than Women,latin,1,7922,Palwal__Hathin.pdf
Palwal,Hathin,58,Nangal Jat,SC Other than Woman,SC,0,Tekchand,Bali Ram,0,0,Scheduled Caste Other than Women,latin,1,7922,Palwal__Hathin.pdf
Palwal,Hathin,59,Nangal Sabha,Woman,NONE,1,Samshad,Muse Khan,0,0,Women,latin,1,7922,Palwal__Hathin.pdf
Palwal,Hathin,60,Pachanka,Other than Woman,NONE,0,Shahrukh Khan,Sagir,0,0,Other than Women,latin,1,7922,Palwal__Hathin.pdf
Palwal,Hathin,62,Pahadpur,Other than Woman,NONE,0,Iqbal Khan,Shequal Khan,0,0,Other than Women,latin,1,7922,Palwal__Hathin.pdf
Palwal,Hathin,63,Pawsar,Woman,NONE,1,Sahana,Nayeem,0,0,Women,latin,1,7922,Palwal__Hathin.pdf
Palwal,Hathin,64,Pondri,Other than Woman,NONE,0,Kunwar Pal,Mangal Singh,0,0,Other than Women,latin,1,7922,Palwal__Hathin.pdf
Palwal,Hathin,65,Puthli,Woman,NONE,1,Preeti,Krishan Kumar,0,0,Women,latin,1,7922,Palwal__Hathin.pdf
Palwal,Hathin,66,Raniyala Khurd,Other than Woman,NONE,0,Anish,Kamruddin,0,0,Other than Women,latin,1,7922,Palwal__Hathin.pdf
Palwal,Hathin,67,Ransika,Woman,NONE,1,Usha Rani,Rajbir,0,0,Women,latin,1,7922,Palwal__Hathin.pdf
Palwal,Hathin,68,Reebad,Other than Woman,NONE,0,Virender Singh Khari,Karan Singh Khari,0,0,Other than Women,latin,1,7922,Palwal__Hathin.pdf
Palwal,Hathin,69,Rindka,SC Woman,SC,1,Gainda Vati,Ram Chand,0,0,Scheduled Caste Women,latin,1,7922,Palwal__Hathin.pdf
Palwal,Hathin,70,Roop Nagar Natoli,Woman,NONE,1,Lihasha,Talim Khan,0,0,Women,latin,1,7922,Palwal__Hathin.pdf
Palwal,Hathin,71,Roopraka,Other than Woman,NONE,0,Janu,Abdul Karim,0,0,Other than Women,latin,1,7922,Palwal__Hathin.pdf
Palwal,Hathin,72,Sapanki,Woman,NONE,1,Jaibun,Abdul Shahid,0,0,Women,latin,1,7922,Palwal__Hathin.pdf
Palwal,Hathin,73,Saroli,SC Other than Woman,SC,0,Charan Singh,Fateh Singh,0,0,Scheduled Caste Other than Women,latin,1,7922,Palwal__Hathin.pdf
Palwal,Hathin,74,Swamika,Other than Woman,NONE,0,Narender Singh,Kinderpal,0,0,Other than Women,latin,1,7922,Palwal__Hathin.pdf
Palwal,Hathin,75,Tonka,Woman,NONE,1,Afroz,Sazid,0,0,Women,latin,1,7922,Palwal__Hathin.pdf
Palwal,Hathin,76,Uttawar,Other than Woman,NONE,0,Tarif Hussain,Hafiz Khan,0,0,Other than Women,latin,1,7922,Palwal__Hathin.pdf
Palwal,Hodal,1,Achheja,Other than Woman,NONE,0,Pawan,Hari Parkash,0,0,Other than Women,latin,1,7948,Palwal__Hodal.pdf
Palwal,Hodal,2,Akbarpur Dakora,SC Other than Woman,SC,0,Sunder Singh,Channi Ram,0,0,Scheduled Caste other than Women,latin,0,7948,Palwal__Hodal.pdf
Palwal,Hodal,3,Ayanagar,Woman,NONE,1,Savita Devi,Vinod,0,0,Women,latin,0,7948,Palwal__Hodal.pdf
Palwal,Hodal,4,Badoli,Other than Woman,NONE,0,Gajraj Singh,Shyambir,0,0,Other than Women,latin,1,7948,Palwal__Hodal.pdf
Palwal,Hodal,5,Baghpur Khurd,Woman,NONE,1,Neetu Devi,Krishanpal,0,0,Women,latin,0,7948,Palwal__Hodal.pdf
Palwal,Hodal,6,Balai,BC-A Other than Woman,BC_A,0,Naresh Kumar,Ramesh,0,0,Backward Class 'A' other than Women,latin,0,7948,Palwal__Hodal.pdf
Palwal,Hodal,7,Bharka,Woman,NONE,1,Suman,Sachin,0,0,Women,latin,1,7948,Palwal__Hodal.pdf
Palwal,Hodal,8,Bholra,SC Woman,SC,1,Aarti,Gyanchand,0,0,Scheduled Caste Women,latin,0,7948,Palwal__Hodal.pdf
Palwal,Hodal,9,Bhood,SC Other than Woman,SC,0,Anil,Meharchand,0,0,Scheduled Caste other than Women,latin,0,7948,Palwal__Hodal.pdf
Palwal,Hodal,10,Chandhat,SC Woman,SC,1,Sapna,Rohtash,0,0,Scheduled Caste Women,latin,0,7948,Palwal__Hodal.pdf
Palwal,Hodal,11,Farijrabad Missa,Other than Woman,NONE,0,Rohtash,Chhotan,0,0,Other than Women,latin,0,7948,Palwal__Hodal.pdf
Palwal,Hodal,12,Ghori,Woman,NONE,1,Memwati,Jaipal,0,0,Women,latin,0,7948,Palwal__Hodal.pdf
Palwal,Hodal,13,Gurwari,Other than Woman,NONE,0,Harender,Bijender Singh,0,0,Other than Women,latin,0,7948,Palwal__Hodal.pdf
Palwal,Hodal,14,Hassapur,SC Other than Woman,SC,0,Kharag Singh,Shree Premchand,0,0,Scheduled Caste other than Women,latin,0,7948,Palwal__Hodal.pdf
Palwal,Hodal,15,Hosangabad,Woman,NONE,1,Madhu Bala,Sonu,0,0,Women,latin,0,7948,Palwal__Hodal.pdf
Palwal,Hodal,16,Jaiwabad Kherli,Other than Woman,NONE,0,Dharmender,Murli,0,0,Other than Women,latin,1,7948,Palwal__Hodal.pdf
Palwal,Hodal,17,Kamrawali,Woman,NONE,1,Santosh Kumari,Manoj Kumar,0,0,Women,latin,1,7948,Palwal__Hodal.pdf
Palwal,Hodal,18,Kherla Farijanpur,Other than Woman,NONE,0,Puran Singh,Ranvir Singh,0,0,Other than Women,latin,1,7948,Palwal__Hodal.pdf
Palwal,Hodal,19,Kulena,BC-A Woman,BC_A,1,Sangeeta,Pardeep,0,0,Backward Class 'A' Women,latin,0,7948,Palwal__Hodal.pdf
Palwal,Hodal,20,Kushak,SC Woman,SC,1,Priyanka,Gyalal,0,0,Scheduled Caste Women,latin,0,7948,Palwal__Hodal.pdf
Palwal,Hodal,21,Lalgarh,Other than Woman,NONE,0,Shiv Narayan,Shri Ram,0,0,Other than Women,latin,0,7948,Palwal__Hodal.pdf
Palwal,Hodal,22,Malasingh Farm,Woman,NONE,1,Gurmeet Kaur,Raghuvinder Singh,0,0,Women,latin,0,7948,Palwal__Hodal.pdf
Palwal,Hodal,23,Mustafabad,SC Other than Woman,SC,0,Mukesh Kumar,Shamsher Singh,0,0,Scheduled Caste other than Women,latin,0,7948,Palwal__Hodal.pdf
Palwal,Hodal,24,Nandawala,Other than Woman,NONE,0,Sanjeev Bainsla,Virender Singh,0,0,Other than Women,latin,0,7948,Palwal__Hodal.pdf
Palwal,Hodal,25,Nanglia,Woman,NONE,1,Reena Rani,Anup Singh,0,0,Women,latin,0,7948,Palwal__Hodal.pdf
Palwal,Hodal,26,Pahladpur,Other than Woman,NONE,0,Padam Singh,Devi Sahay,0,0,Other than Women,latin,0,7948,Palwal__Hodal.pdf
Palwal,Hodal,27,Pehruka Nangla,BC-A Woman,BC_A,1,Hemlata,Jitender,0,0,Backward Class 'A' Women,latin,0,7948,Palwal__Hodal.pdf
Palwal,Hodal,28,Rahimpur,Other than Woman,NONE,0,Ravinder,Mavasi Ram,0,0,Other than Women,latin,0,7948,Palwal__Hodal.pdf
Palwal,Hodal,29,Rajupur Khaddar,Woman,NONE,1,Brijesh,Shiv Kumar,0,0,Women,latin,0,7948,Palwal__Hodal.pdf
Palwal,Hodal,30,Rampur Khor,Other than Woman,NONE,0,Chattar Pal,Pyarelal,0,0,Other than Women,latin,1,7948,Palwal__Hodal.pdf
Palwal,Hodal,31,Rasulpur,Woman,NONE,1,Preeti,Rajkumar,0,0,Women,latin,1,7948,Palwal__Hodal.pdf
Palwal,Hodal,32,Sheikhpur,SC Woman,SC,1,Meenakshi,Ajay Singh,0,0,Scheduled Caste Women,latin,1,7948,Palwal__Hodal.pdf
Palwal,Hodal,33,Solra,Other than Woman,NONE,0,Rajesh,Narsingh,0,0,Other than Women,latin,1,7948,Palwal__Hodal.pdf
Palwal,Hodal,34,Sultanpur,Woman,NONE,1,Monika,Sanjay,0,0,Women,latin,1,7948,Palwal__Hodal.pdf
Palwal,Hodal,35,Sunehri Ka Nangla,Other than Woman,NONE,0,Jaipal Singh,Birbal,0,0,Other than Women,latin,,7948,Palwal__Hodal.pdf
Palwal,Hodal,36,Thantri,Woman,NONE,1,Arti,Harender Singh,0,0,Women,latin,,7948,Palwal__Hodal.pdf
Palwal,Hodal,37,Tikri Gujar,Other than Woman,NONE,0,Jugender,Ram Prashad,0,0,Other than Women,latin,,7948,Palwal__Hodal.pdf
Palwal,Palwal,1,ADUPUR,SC Other than Woman,SC,0,Lal Singh,Prakash,0,0,Scheduled Caste other than Women,latin,1,7930,Palwal__Palwal.pdf
Palwal,Palwal,2,AHERWAN,Other than Woman,NONE,0,Premraj,Toti Ram,0,0,Other than women,latin,1,7930,Palwal__Palwal.pdf
Palwal,Palwal,3,Allika,Woman,NONE,1,Nisha,Hemraj,0,0,Women,latin,1,7930,Palwal__Palwal.pdf
Palwal,Palwal,4,ASAWATA,Other than Woman,NONE,0,Satvir,Tekchand,0,0,Other than women,latin,1,7930,Palwal__Palwal.pdf
Palwal,Palwal,5,Attarchata,SC Other than Woman,SC,0,Snehlata,Veer Kumar,0,0,Scheduled Caste other than Women,latin,1,7930,Palwal__Palwal.pdf
Palwal,Palwal,6,Badha,Woman,NONE,1,Komal,Ved Pal,0,0,Women,latin,1,7930,Palwal__Palwal.pdf
Palwal,Palwal,7,Chandpur,Other than Woman,NONE,0,Rupesh Yadav,Tejpal Yadav,0,0,Other than women,latin,1,7930,Palwal__Palwal.pdf
Palwal,Palwal,8,Chajjunagar,Woman,NONE,1,Jagbiri Devi,Dharamvir,0,0,Women,latin,1,7930,Palwal__Palwal.pdf
Palwal,Palwal,9,Chirawata,BC-A Other than Woman,BC_A,0,Manoj Kumar,Gyan Chand,0,0,Backward Class 'A' other than Women,latin,1,7930,Palwal__Palwal.pdf
Palwal,Palwal,10,Chirwari,Woman,NONE,1,Kavita,Ramesh,0,0,Women,latin,1,7930,Palwal__Palwal.pdf
Palwal,Palwal,11,Dehlaka,Other than Woman,NONE,0,Ranjeet Singh,Saroopa,0,0,Other than women,latin,1,7930,Palwal__Palwal.pdf
Palwal,Palwal,12,Dhamaka,Woman,NONE,1,Bharti,Praveen,0,0,Women,latin,1,7930,Palwal__Palwal.pdf
Palwal,Palwal,13,Dhatir,SC Other than Woman,SC,0,Dushyant,Budhram,0,0,Scheduled Caste other than Women,latin,1,7930,Palwal__Palwal.pdf
Palwal,Palwal,14,Dungarpur,Other than Woman,NONE,0,Saddam Hussain,Talib Hussain,0,0,Other than women,latin,1,7930,Palwal__Palwal.pdf
Palwal,Palwal,15,Durgapur,Woman,NONE,1,Savita Kumari,Manjit Singh,0,0,Women,latin,1,7930,Palwal__Palwal.pdf
Palwal,Palwal,16,GAILPUR,SC Woman,SC,1,Anita,Ashok Kumar,0,0,Scheduled Caste Women,latin,1,7930,Palwal__Palwal.pdf
Palwal,Palwal,17,Ghughera,SC Other than Woman,SC,0,Sarjeet Singh,Ramji Lal,0,0,Scheduled Caste other than Women,latin,1,7930,Palwal__Palwal.pdf
Palwal,Palwal,18,Jaindapur,Other than Woman,NONE,0,Padam Singh,Sher Singh,0,0,Other than women,latin,1,7930,Palwal__Palwal.pdf
Palwal,Palwal,19,Jalalpur Khalsa,Woman,NONE,1,Firdosh,Zahid Khan,0,0,Women,latin,1,7930,Palwal__Palwal.pdf
Palwal,Palwal,20,Jodhpur,SC Woman,SC,1,Rani,Hem Raj,0,0,Scheduled Caste Women,latin,1,7930,Palwal__Palwal.pdf
Palwal,Palwal,21,Joharkhera,Other than Woman,NONE,0,Manoj,Samay Singh,0,0,Other than women,latin,1,7930,Palwal__Palwal.pdf
Palwal,Palwal,22,Kairaka,SC Other than Woman,SC,0,Tek Chand,Bishamber,1,0,Scheduled Caste other than Women,latin,1,7930,Palwal__Palwal.pdf
Palwal,Palwal,23,Kakrali,Woman,NONE,1,Safed,Amit Kumar,0,0,Women,latin,1,7930,Palwal__Palwal.pdf
Palwal,Palwal,24,Karna,Other than Woman,NONE,0,Manoj Kumar,Deshraj,0,0,Other than women,latin,1,7930,Palwal__Palwal.pdf
Palwal,Palwal,25,Kishorpur,Woman,NONE,1,Meena,Karam Chand,0,0,Women,latin,1,7930,Palwal__Palwal.pdf
Palwal,Palwal,26,Lalpur Kadim,Other than Woman,NONE,0,Ram Chand,Ganga Ram,0,0,Other than women,latin,1,7930,Palwal__Palwal.pdf
Palwal,Palwal,27,Lalwa,Woman,NONE,1,Poonam,Ravi,0,0,Women,latin,1,7930,Palwal__Palwal.pdf
Palwal,Palwal,28,Maheshpur,Other than Woman,NONE,0,Surender Singh,Jas Ram,0,0,Other than women,latin,1,7930,Palwal__Palwal.pdf
Palwal,Palwal,29,Milkgani,Woman,NONE,1,Manjeet,Navrattan,0,0,Women,latin,1,7930,Palwal__Palwal.pdf
Palwal,Palwal,30,Paroli,SC Woman,SC,1,Nisha,Sunder,0,0,Scheduled Caste Women,latin,1,7930,Palwal__Palwal.pdf
Palwal,Palwal,31,Pelak,Other than Woman,NONE,0,Jagdish Parshad,Kharkiya,0,0,Other than women,latin,1,7930,Palwal__Palwal.pdf
Palwal,Palwal,32,Rajolaka,Woman,NONE,1,Sonia Kundu,Sanjay,0,0,Women,latin,1,7930,Palwal__Palwal.pdf
Palwal,Palwal,33,Rajpura,Other than Woman,NONE,0,Sahib Khan,Ibrahim,0,0,Other than women,latin,1,7930,Palwal__Palwal.pdf
Palwal,Palwal,34,Rakhota,Woman,NONE,1,Anita,Gajender,0,0,Women,latin,1,7930,Palwal__Palwal.pdf
Palwal,Palwal,35,Ratipur,SC Other than Woman,SC,0,Mahesh Kumar,Mahipal,0,0,Scheduled Caste other than Women,latin,1,7930,Palwal__Palwal.pdf
Palwal,Palwal,36,Rehrana,Other than Woman,NONE,0,Jagdish Chand,Khushyali,0,0,Other than women,latin,1,7930,Palwal__Palwal.pdf
Palwal,Palwal,37,Sihol,Woman,NONE,1,Ved Vati,Virender Kuamr,0,0,Women,latin,1,7930,Palwal__Palwal.pdf
Palwal,Palwal,38,Sujwari,BC-A Other than Woman,BC_A,0,Sanjay Kumar,Hari Singh,0,0,Backward Class 'A' other than Women,latin,1,7930,Palwal__Palwal.pdf
Palwal,Palwal,39,Taraka,Woman,NONE,1,Pooja,Krishan,0,0,Women,latin,1,7930,Palwal__Palwal.pdf
Palwal,Palwal,40,Teharaki,BC-A Other than Woman,BC_A,0,Anand Kumar Dagar,Patram Dagar,0,0,Backward Class 'A' other than Women,latin,1,7930,Palwal__Palwal.pdf
Palwal,Palwal,41,Tikri Brahman,Woman,NONE,1,Taslima,Talim Hussain,0,0,Women,latin,1,7930,Palwal__Palwal.pdf
Palwal,Prithla,,csniky flag,Other than Woman,NONE,0,,,0,1,efgyk ds flok;,krutidev,,7966,Palwal__Prithla.pdf
Palwal,Prithla,,gksrh yky,BC-A Other than Woman,BC_A,0,,,0,1,fiNM+k oxZ d efgyk ds flok;,krutidev,,7966,Palwal__Prithla.pdf
Palwal,Prithla,,ykyk jke,Other than Woman,NONE,0,,,0,1,efgyk ds flok;,krutidev,,7966,Palwal__Prithla.pdf
Palwal,Prithla,,/keZ flag,SC Other than Woman,SC,0,,,0,1,vuqlwfpr tkfr efgyk ds flok;,krutidev,,7966,Palwal__Prithla.pdf
Palwal,Prithla,,dfiy,Woman,NONE,1,,,0,1,efgyk,krutidev,,7966,Palwal__Prithla.pdf
Palwal,Prithla,,galjkt,SC Woman,SC,1,,,0,1,vuqlwfpr tkfr efgyk,krutidev,,7966,Palwal__Prithla.pdf
Palwal,Prithla,,jkepUn,Other than Woman,NONE,0,,,0,1,efgyk ds flok;,krutidev,,7966,Palwal__Prithla.pdf
Palwal,Prithla,,jktiky,SC Other than Woman,SC,0,,,0,1,vuqlwfpr tkfr efgyk ds flok;,krutidev,,7966,Palwal__Prithla.pdf
Palwal,Prithla,,cyjkt,Woman,NONE,1,,,0,1,efgyk,krutidev,,7966,Palwal__Prithla.pdf
Palwal,Prithla,,jktiky,BC-A Other than Woman,BC_A,0,,,0,1,fiNMk oxZ d efgyk ds flok;,krutidev,,7966,Palwal__Prithla.pdf
Palwal,Prithla,,fot; jke,Woman,NONE,1,,,0,1,efgyk,krutidev,,7966,Palwal__Prithla.pdf
Palwal,Prithla,,xaxk jke,Other than Woman,NONE,0,,,0,1,efgyk ds flok;,krutidev,,7966,Palwal__Prithla.pdf
Palwal,Prithla,,i`Foh flag,Woman,NONE,1,,,0,1,efgyk,krutidev,,7966,Palwal__Prithla.pdf
Palwal,Prithla,,fo'ku flag,Other than Woman,NONE,0,,,0,1,efgyk ds flok;,krutidev,,7966,Palwal__Prithla.pdf
Palwal,Prithla,,lkfcj [kku,Woman,NONE,1,,,0,1,efgyk,krutidev,,7966,Palwal__Prithla.pdf
Palwal,Prithla,,gjh flag,Other than Woman,NONE,0,,,0,1,efgyk ds flok;,krutidev,,7966,Palwal__Prithla.pdf
Palwal,Prithla,,tud,Woman,NONE,1,,,0,1,efgyk,krutidev,,7966,Palwal__Prithla.pdf
Palwal,Prithla,,jktsUnz flag,SC Woman,SC,1,,,0,1,vuqlwfpr tkfr efgyk,krutidev,,7966,Palwal__Prithla.pdf
Palwal,Prithla,,jktiky,Other than Woman,NONE,0,,,0,1,efgyk ds flok;,krutidev,,7966,Palwal__Prithla.pdf
Palwal,Prithla,,fxfjjkt,Woman,NONE,1,,,0,1,efgyk,krutidev,,7966,Palwal__Prithla.pdf
Palwal,Prithla,,Qwy flag,Other than Woman,NONE,0,,,0,1,efgyk ds flok;,krutidev,,7966,Palwal__Prithla.pdf
Palwal,Prithla,,cq/kjke,SC Other than Woman,SC,0,,,0,1,vuqlwfpr tkfr efgyk ds flok;,krutidev,,7966,Palwal__Prithla.pdf
Palwal,Prithla,,xtjkt flag,SC Woman,SC,1,,,0,1,vuqlwfpr tkfr efgyk,krutidev,,7966,Palwal__Prithla.pdf
Palwal,Prithla,,"lqHkk""k",SC Woman,SC,1,,,0,1,vuqlwfpr tkfr efgyk,krutidev,,7966,Palwal__Prithla.pdf
Palwal,Prithla,,txnh'k,BC-A Other than Woman,BC_A,0,,,0,1,fiNMk oxZ d efgyk ds flok;,krutidev,,7966,Palwal__Prithla.pdf
Palwal,Prithla,,yfyr dqekj,Woman,NONE,1,,,0,1,efgyk,krutidev,,7966,Palwal__Prithla.pdf
Palwal,Prithla,,ulhc [kku,Other than Woman,NONE,0,,,0,1,efgyk ds flok;,krutidev,,7966,Palwal__Prithla.pdf
Palwal,Prithla,,fnus'k rsofr;k,Woman,NONE,1,,,0,1,efgyk,krutidev,,7966,Palwal__Prithla.pdf
Palwal,Prithla,,eksgu flag,Other than Woman,NONE,0,,,0,1,efgyk ds flok;,krutidev,,7966,Palwal__Prithla.pdf
Palwal,Prithla,,y[ku iky,Woman,NONE,1,,,0,1,efgyk,krutidev,,7966,Palwal__Prithla.pdf
Palwal,Prithla,,ekaxs jke,SC Other than Woman,SC,0,,,0,1,vuqlwfpr tkfr efgyk ds flok;,krutidev,,7966,Palwal__Prithla.pdf
Palwal,Prithla,,gsejkt,SC Woman,SC,1,,,0,1,vuqlwfpr tkfr efgyk,krutidev,,7966,Palwal__Prithla.pdf
Palwal,Prithla,,ckcw jke,Other than Woman,NONE,0,,,0,1,efgyk ds flok;,krutidev,,7966,Palwal__Prithla.pdf
Palwal,Prithla,,txeky,Other than Woman,NONE,0,,,0,1,efgyk ds flok;,krutidev,,7966,Palwal__Prithla.pdf
Palwal,Prithla,,xksiky,SC Other than Woman,SC,0,,,0,1,vuqlwfpr tkfr efgyk ds flok;,krutidev,,7966,Palwal__Prithla.pdf
Palwal,Prithla,,nsoh pju 'kekZ,Other than Woman,NONE,0,,,0,1,efgyk ds flok;,krutidev,,7966,Palwal__Prithla.pdf
Palwal,Prithla,1,Alawalpur,Other than Woman,NONE,0,Pratham Singh,Vedpal Singh,0,0,Other than Women,latin,,7966,Palwal__Prithla.pdf
Palwal,Prithla,2,Amarpur,BC-A Woman,BC_A,1,Sushila Pali,Hoti Lal,0,0,Backward Class ‘A’ Women,latin,,7966,Palwal__Prithla.pdf
Palwal,Prithla,3,Amru,Other than Woman,NONE,0,Jile Singh,Lala Ram,0,0,Other than Women,latin,,7966,Palwal__Prithla.pdf
Palwal,Prithla,4,Asaoti,SC Other than Woman,SC,0,Ravi Kumar,Dharam Singh,0,0,Scheduled Caste Other Than Women,latin,,7966,Palwal__Prithla.pdf
Palwal,Prithla,5,Aazad Nagar,Woman,NONE,1,Kajal,Kapil,0,0,Women,latin,,7966,Palwal__Prithla.pdf
Palwal,Prithla,6,Badrawn,SC Woman,SC,1,Kamlesh,Hanshraj,0,0,Scheduled Caste Women,latin,,7966,Palwal__Prithla.pdf
Palwal,Prithla,7,Baghola,Other than Woman,NONE,0,Tula Ram,Ram Chand,0,0,Other than Women,latin,,7966,Palwal__Prithla.pdf
Palwal,Prithla,8,Bhurja,SC Other than Woman,SC,0,Chanderpal,Rajpal,0,0,Scheduled Caste Other Than Women,latin,,7966,Palwal__Prithla.pdf
Palwal,Prithla,9,Chhaprola,Woman,NONE,1,Pratibha,Balraj,1,0,Women,latin,,7966,Palwal__Prithla.pdf
Palwal,Prithla,10,Dadhota,SC Other than Woman,SC,0,Ramkishan,Rajpal,0,0,Backward Caste A Other than Women,latin,,7966,Palwal__Prithla.pdf
Palwal,Prithla,11,Dewli,Woman,NONE,1,Neetu,Vijay Ram,0,0,Women,latin,,7966,Palwal__Prithla.pdf
Palwal,Prithla,12,Dudhola,Other than Woman,NONE,0,Sunil Kumar,Ganga Ram,0,0,Other than Women,latin,,7966,Palwal__Prithla.pdf
Palwal,Prithla,13,Dundsa,Woman,NONE,1,Kavita Rani,Prithvi Singh,0,0,Women,latin,,7966,Palwal__Prithla.pdf
Palwal,Prithla,14,Gadpuri,Other than Woman,NONE,0,Neeraj,Vishan Singh,0,0,Other than Women,latin,,7966,Palwal__Prithla.pdf
Palwal,Prithla,15,Ghaghot,Woman,NONE,1,Sahida,Sabir Khan,0,0,Women,latin,,7966,Palwal__Prithla.pdf
Palwal,Prithla,16,Gopikhera,Other than Woman,NONE,0,Beer Singh,Hari Singh,0,0,Other than Women,latin,,7966,Palwal__Prithla.pdf
Palwal,Prithla,17,Harfali,Woman,NONE,1,Neeraj Rani,Janak,0,0,Women,latin,,7966,Palwal__Prithla.pdf
Palwal,Prithla,19,Janoli,Other than Woman,NONE,0,Harender,Rajpal,0,0,Other than Women,latin,,7966,Palwal__Prithla.pdf
Palwal,Prithla,20,Jatola,Woman,NONE,1,Gyanwati,Giriraj,0,0,Women,latin,,7966,Palwal__Prithla.pdf
Palwal,Prithla,21,Kakripur,Other than Woman,NONE,0,Kavinder Kumar,Phool Singh,0,0,Other than Women,latin,,7966,Palwal__Prithla.pdf
Palwal,Prithla,22,Kalwaka,SC Other than Woman,SC,0,Vikram Singh,Budhram,0,0,Scheduled Caste Other Than Women,latin,,7966,Palwal__Prithla.pdf
Palwal,Prithla,23,Katesra,SC Woman,SC,1,Kumari Sonam,Gajraj Singh,0,0,Scheduled Caste Women,latin,,7966,Palwal__Prithla.pdf
Palwal,Prithla,24,Khajurka,Woman,NONE,1,Sarwesh Kumari,Subhash,0,0,Women,latin,,7966,Palwal__Prithla.pdf
Palwal,Prithla,25,KURARA SHAHPUR,BC-A Other than Woman,BC_A,0,Sonu,Jagdish,0,0,Backward Cllass 'A' Other Than Women,latin,,7966,Palwal__Prithla.pdf
Palwal,Prithla,26,Mandkol,Woman,NONE,1,Pinki,Lalit Kumar,0,0,Women,latin,,7966,Palwal__Prithla.pdf
Palwal,Prithla,27,Mandpuri,Other than Woman,NONE,0,Azad,Nasib Khan,0,0,Other than Women,latin,,7966,Palwal__Prithla.pdf
Palwal,Prithla,28,Meerapur,Woman,NONE,1,Anshul Dagar,Dinesh Tewatia,0,0,Women,latin,,7966,Palwal__Prithla.pdf
Palwal,Prithla,29,Nangla Bhiku,Other than Woman,NONE,0,Kehar Singh,Mohan Singh,0,0,Other than Women,latin,,7966,Palwal__Prithla.pdf
Palwal,Prithla,30,Patli Khurd,Woman,NONE,1,Rekha,Lakhan Pal,0,0,Women,latin,,7966,Palwal__Prithla.pdf
Palwal,Prithla,32,Sadarpur,SC Woman,SC,1,Asha,Hemraj,0,0,Scheduled Caste Women,latin,,7966,Palwal__Prithla.pdf
Palwal,Prithla,33,Sehrala,Other than Woman,NONE,0,Sanjay Kumar,Babu Ram,0,0,Other than Women,latin,,7966,Palwal__Prithla.pdf
Palwal,Prithla,34,Sikanderpur,Woman,NONE,1,Poonam,Jagmal,0,0,Women,latin,,7966,Palwal__Prithla.pdf
Palwal,Prithla,35,Softa,SC Other than Woman,SC,0,Sunder Lal,Gopal,0,0,Scheduled Caste Other Than Women,latin,,7966,Palwal__Prithla.pdf
Palwal,Prithla,36,Tatarpur,Other than Woman,NONE,0,Surender Kumar Sharma,Devi Charan Sharma,0,0,Other than Women,latin,,7966,Palwal__Prithla.pdf
Panchkula,Barwala,1,Barwala,Other than Woman,NONE,0,Om Singh,Ranbir Singh,0,0,Other than Women,latin,1,7196,Panchkula__Barwala.pdf
Panchkula,Barwala,2,Bataur,Woman,NONE,1,Prem Lata,Mohinder Singh,0,0,Women,latin,1,7196,Panchkula__Barwala.pdf
Panchkula,Barwala,3,Batwal,Other than Woman,NONE,0,Vidhi Chand Sharma,Hari Prasad Sharma,0,0,Other than Women,latin,1,7196,Panchkula__Barwala.pdf
Panchkula,Barwala,4,Berwala Nandla,Woman,NONE,1,Akbari,Salim,0,0,Women,latin,1,7196,Panchkula__Barwala.pdf
Panchkula,Barwala,5,Bhagwanpur,Other than Woman,NONE,0,Harcharan Singh,Taloka Ram,0,0,Other than Women,latin,1,7196,Panchkula__Barwala.pdf
Panchkula,Barwala,6,Bharauli,Woman,NONE,1,Suman Lata,Rajender Pal,0,0,Women,latin,1,7196,Panchkula__Barwala.pdf
Panchkula,Barwala,7,Bhareli,Other than Woman,NONE,0,Aman Kumar,Tarsem Singh,0,0,Other than Women,latin,1,7196,Panchkula__Barwala.pdf
Panchkula,Barwala,8,Bunga,Woman,NONE,1,Kavita,Jaswinder Singh,0,0,Women,latin,1,7196,Panchkula__Barwala.pdf
Panchkula,Barwala,9,Dhandardu,Other than Woman,NONE,0,Ravi Sharma,Susheel Kumar,0,0,Other than Women,latin,1,7196,Panchkula__Barwala.pdf
Panchkula,Barwala,10,Kami,SC Other than Woman,SC,0,Charanjeet,Suresh Kumar,0,0,Scheduled Caste other than Women,latin,1,7196,Panchkula__Barwala.pdf
Panchkula,Barwala,11,Kanoli,Woman,NONE,1,Sonam Devi,Satbir Singh,0,0,Women,latin,1,7196,Panchkula__Barwala.pdf
Panchkula,Barwala,12,Khairwali Parwala,Other than Woman,NONE,0,Mahavir Singh,Satpal Singh,0,0,Other than Women,latin,1,7196,Panchkula__Barwala.pdf
Panchkula,Barwala,13,Khetpurali,Woman,NONE,1,Sarita Sharma,Devinder Kumar,0,0,Women,latin,1,7196,Panchkula__Barwala.pdf
Panchkula,Barwala,14,Manaktabra,Other than Woman,NONE,0,Devinder Singh Walia,Pritam Singh,0,0,Other than Women,latin,1,7196,Panchkula__Barwala.pdf
Panchkula,Barwala,15,Naya Goan,Woman,NONE,1,Balwinder Kaur,Mandeep Singh,0,0,Women,latin,1,7196,Panchkula__Barwala.pdf
Panchkula,Barwala,16,Rattewali,Other than Woman,NONE,0,Vishal Sharma,Bansi Lal,0,0,Other than Women,latin,1,7196,Panchkula__Barwala.pdf
Panchkula,Barwala,17,Rehore,SC Woman,SC,1,Neha,Naresh Kumar,0,0,Scheduled Caste Women,latin,1,7196,Panchkula__Barwala.pdf
Panchkula,Barwala,18,Shahpur,BC-A Woman,BC_A,1,Sunita Rani,Ajaib Singh,0,0,Backward Class ‘A’ Women,latin,1,7196,Panchkula__Barwala.pdf
Panchkula,Barwala,19,Shyamtoo,SC Other than Woman,SC,0,Balram Singh,Pawan Kumar,1,0,Scheduled Caste other than Women,latin,1,7196,Panchkula__Barwala.pdf
Panchkula,Barwala,20,Sultanpur,Other than Woman,NONE,0,Paramjit Singh Rana,Ratan Singh,0,0,Other than Women,latin,1,7196,Panchkula__Barwala.pdf
Panchkula,Barwala,21,Sunderpur,Woman,NONE,1,Preeti,Subhash Dhiman,0,0,Women,latin,1,7196,Panchkula__Barwala.pdf
Panchkula,Barwala,22,Taprian,Other than Woman,NONE,0,Anil Kumar,Avtar Singh,0,0,Other than Women,latin,1,7196,Panchkula__Barwala.pdf
Panchkula,Barwala,23,Tibbi,Woman,NONE,1,Usha Rani,Charanjeet,0,0,Women,latin,1,7196,Panchkula__Barwala.pdf
Panchkula,Barwala,24,Trilokpur,BC-A Other than Woman,BC_A,0,Vinod Kumar,Mangat Ram,0,0,Backward Class ‘A’ other than Women,latin,1,7196,Panchkula__Barwala.pdf
Panchkula,Morni,1,Baladwala,Other than Woman,NONE,0,Vinod Kumar,Jangsher,0,0,Other than Women,latin,1,7079,Panchkula__Morni.pdf
Panchkula,Morni,2,Balauti,Woman,NONE,1,Nisha Rani,Ravi Singh,0,0,Women,latin,1,7079,Panchkula__Morni.pdf
Panchkula,Morni,3,Bhoj Balag,Other than Woman,NONE,0,Krishan Sharma,Dhani Ram,1,0,Other than Women,latin,1,7079,Panchkula__Morni.pdf
Panchkula,Morni,4,Bhoj Dharda,Woman,NONE,1,Raksha Devi,Kesar Singh,0,0,Women,latin,1,7079,Panchkula__Morni.pdf
Panchkula,Morni,5,Bhoj Dharthi,Other than Woman,NONE,0,Parmal Singh,Kalyan Singh,0,0,Other than Women,latin,1,7079,Panchkula__Morni.pdf
Panchkula,Morni,6,Bhoj Jabyal,BC-A Woman,BC_A,1,Kajal,Devender Kumar,0,0,Backward Class 'A' Women,latin,1,7079,Panchkula__Morni.pdf
Panchkula,Morni,7,Bhoj Kothi,Other than Woman,NONE,0,Jaipal,Jeet Singh,0,0,Other than Women,latin,,7079,Panchkula__Morni.pdf
Panchkula,Morni,8,Bhoj Koti,SC Other than Woman,SC,0,Uday Singh,Kaka Ram,0,0,Scheduled Caste Other than Women,latin,1,7079,Panchkula__Morni.pdf
Panchkula,Morni,9,Bhoj Kudana,Woman,NONE,1,Reena Sharma,Dinesh Kumar,0,0,Women,latin,1,7079,Panchkula__Morni.pdf
Panchkula,Morni,10,Bhoj Mator,Other than Woman,NONE,0,Panch Paul,Prem Chand,0,0,Other than Women,latin,1,7079,Panchkula__Morni.pdf
Panchkula,Morni,11,Bhoj Naita,Woman,NONE,1,Nisha Devi,Mahender Singh,0,0,Women,latin,1,7079,Panchkula__Morni.pdf
Panchkula,Morni,12,Bhoj Plasra,Other than Woman,NONE,0,Paramjeet,Tej Ram,0,0,Other than Women,latin,1,7079,Panchkula__Morni.pdf
Panchkula,Morni,13,Bhoj Ponta,Woman,NONE,1,Ram Pyari,Tek Chand,0,0,Women,latin,1,7079,Panchkula__Morni.pdf
Panchkula,Morni,14,Bhoj Rajpura,SC Woman,SC,1,Komal Devi,Anil Kumar,0,0,Scheduled Caste Women,latin,1,7079,Panchkula__Morni.pdf
Panchkula,Morni,15,Bhoj Tipra,Other than Woman,NONE,0,Khem Raj Sharma,Ramji Dass,0,0,Other than Women,latin,1,7079,Panchkula__Morni.pdf
Panchkula,Morni,16,Bhudi,Woman,NONE,1,Kamla Devi,Jawala Singh,1,0,Women,latin,1,7079,Panchkula__Morni.pdf
Panchkula,Morni,17,Dabsu,Other than Woman,NONE,0,Rajender Singh,Jeet Singh,0,0,Other than Women,latin,1,7079,Panchkula__Morni.pdf
Panchkula,Morni,18,Dharla,SC Other than Woman,SC,0,Manoj Kumar,Rajender Singh,0,0,Scheduled Caste Other than Women,latin,1,7079,Panchkula__Morni.pdf
Panchkula,Morni,19,Dudhgarh,Woman,NONE,1,Krishana Devi,Satbir Singh,0,0,Women,latin,1,7079,Panchkula__Morni.pdf
Panchkula,Morni,20,Mashyun,Other than Woman,NONE,0,Ravinder Kumar,Basanta Ram,1,0,Other than Women,latin,1,7079,Panchkula__Morni.pdf
Panchkula,Morni,21,Raji Tikri,Woman,NONE,1,Poonam Lata,Palvinder Singh,1,0,Women,latin,1,7079,Panchkula__Morni.pdf
Panchkula,Morni,22,Sabilpur,BC-A Other than Woman,BC_A,0,Vacant,,1,1,Backward Class 'A' Other than Women,latin,1,7079,Panchkula__Morni.pdf
Panchkula,Morni,23,Thandog,Woman,NONE,1,Indra Devi,Parveen Singh,0,0,Women,latin,1,7079,Panchkula__Morni.pdf
Panchkula,Morni,24,Thapli,Other than Woman,NONE,0,Sunil Kumar,Moti Ram,0,0,Other than Women,latin,1,7079,Panchkula__Morni.pdf
Panchkula,Morni,25,Tikkar,Woman,NONE,1,Sushma Devi,Puran Chand,1,0,Women,latin,1,7079,Panchkula__Morni.pdf
Panchkula,Morni,26,Uttron,Other than Woman,NONE,0,Pritam Singh,Dharam Singh,1,0,Other than Women,latin,1,7079,Panchkula__Morni.pdf
Panchkula,Pinjore,1,Banoi Khuda Baksh,Woman,NONE,1,Neelakshi,Mahesh Kumar,0,0,Women,latin,1,7070,Panchkula__Pinjore.pdf
Panchkula,Pinjore,2,Bar,SC Other than Woman,SC,0,Muni Lal,Labu Ram,0,0,Scheduled Caste other than Women,latin,1,7070,Panchkula__Pinjore.pdf
Panchkula,Pinjore,3,Bhuwana,SC Woman,SC,1,Urmila Devi,Fateh Singh,0,0,Scheduled Caste Women,latin,1,7070,Panchkula__Pinjore.pdf
Panchkula,Pinjore,4,Burj Kotian,Other than Woman,NONE,0,Kabal Singh,Pirthi Singh,0,0,Other than Women,latin,1,7070,Panchkula__Pinjore.pdf
Panchkula,Pinjore,5,Charnia,Woman,NONE,1,Savita,Rakesh Kumar,0,0,Women,latin,1,7070,Panchkula__Pinjore.pdf
Panchkula,Pinjore,6,Chikan,Other than Woman,NONE,0,Gurdev Singh,Jeet Ram,0,0,Other than Women,latin,1,7070,Panchkula__Pinjore.pdf
Panchkula,Pinjore,7,Dakhrog,Woman,NONE,1,Santosh,Baldev Singh,0,0,Women,latin,1,7070,Panchkula__Pinjore.pdf
Panchkula,Pinjore,8,Dhaluwal,SC Other than Woman,SC,0,Bhim Sen,Heera Lal,0,0,Scheduled Caste other than Women,latin,1,7070,Panchkula__Pinjore.pdf
Panchkula,Pinjore,9,Fatehpur Diwanwala,Other than Woman,NONE,0,Rajesh,Mohinder Singh,0,0,Other than Women,latin,1,7070,Panchkula__Pinjore.pdf
Panchkula,Pinjore,10,Ganeshpur Bhoria,Woman,NONE,1,Champa Devi,Lekh Raj,0,0,Women,latin,1,7070,Panchkula__Pinjore.pdf
Panchkula,Pinjore,11,Gariran,Other than Woman,NONE,0,Jasbir Singh,Gurubaskh,0,0,Other than Women,latin,1,7070,Panchkula__Pinjore.pdf
Panchkula,Pinjore,12,Gorakh Nath,Woman,NONE,1,Bimla Devi,Gurdyal Chand,1,0,Women,latin,1,7070,Panchkula__Pinjore.pdf
Panchkula,Pinjore,13,Jabrot,Other than Woman,NONE,0,Preetam,Khiyali Ram,0,0,Other than Women,latin,1,7070,Panchkula__Pinjore.pdf
Panchkula,Pinjore,14,Janouli,Woman,NONE,1,Nisha Rani,Nardev Kumar,0,0,Women,latin,1,7070,Panchkula__Pinjore.pdf
Panchkula,Pinjore,15,Johluwal,SC Woman,SC,1,Renu Bala,Vijay Kumar,0,0,Scheduled Caste Women,latin,1,7070,Panchkula__Pinjore.pdf
Panchkula,Pinjore,16,Kandiala,Other than Woman,NONE,0,Karan Singh,Diwan Chand,0,0,Other than Women,latin,1,7070,Panchkula__Pinjore.pdf
Panchkula,Pinjore,17,Karanpur,SC Other than Woman,SC,0,Jai Ram,Dila Ram,1,0,Scjeduled Caste Other than Women,latin,1,7070,Panchkula__Pinjore.pdf
Panchkula,Pinjore,18,Karanpur Tanda,BC-A Woman,BC_A,1,Paramjeet,Mandeep Singh,0,0,Backward Class 'A' Women,latin,1,7070,Panchkula__Pinjore.pdf
Panchkula,Pinjore,19,Kedarpur,Other than Woman,NONE,0,Krishan Lal,Sapura Ram,0,0,Other than Women,latin,1,7070,Panchkula__Pinjore.pdf
Panchkula,Pinjore,20,Kharkua,BC-A Woman,BC_A,1,Reeta Devi,Raman Kumar,0,0,Backward Class 'A' Women,latin,1,7070,Panchkula__Pinjore.pdf
Panchkula,Pinjore,21,Kheranwali,Other than Woman,NONE,0,Labh Singh,Dyal Chand,0,0,Other than Women,latin,1,7070,Panchkula__Pinjore.pdf
Panchkula,Pinjore,22,Khoi,SC Woman,SC,1,Kamla Devi,Labh Singh,0,0,Scheduled Caste Women,latin,1,7070,Panchkula__Pinjore.pdf
Panchkula,Pinjore,23,Khokhra,Woman,NONE,1,Urmila,Gurnam Singh,1,0,Women,latin,1,7070,Panchkula__Pinjore.pdf
Panchkula,Pinjore,24,Khol Mola,Other than Woman,NONE,0,Jagtar Singh,Balwant Singh,0,0,Other than Women,latin,1,7070,Panchkula__Pinjore.pdf
Panchkula,Pinjore,25,Kholfateh Singh *,Woman,NONE,1,Mamta Devi,Naib Singh,1,0,Women,latin,1,7070,Panchkula__Pinjore.pdf
Panchkula,Pinjore,26,Kiratpur,Other than Woman,NONE,0,Tarsem Singh,Jagdish Singh,0,0,Other than Women,latin,1,7070,Panchkula__Pinjore.pdf
Panchkula,Pinjore,27,Kona,SC Other than Woman,SC,0,Sanjeev,Surjit,0,0,Scheduled Caste other than Women,latin,1,7070,Panchkula__Pinjore.pdf
Panchkula,Pinjore,28,Magniwala,Woman,NONE,1,Suman,Kuldeep,0,0,Women,latin,1,7070,Panchkula__Pinjore.pdf
Panchkula,Pinjore,29,Malla,Other than Woman,NONE,0,Devender,Manohar Singh,0,0,Other than Women,latin,1,7070,Panchkula__Pinjore.pdf
Panchkula,Pinjore,30,Maranwala,SC Woman,SC,1,Sarla Devi,Harbans Lal,0,0,Scheduled Caste Women,latin,1,7070,Panchkula__Pinjore.pdf
Panchkula,Pinjore,31,Miranpur Bakshiwala,Other than Woman,NONE,0,Sukhdev,Hardyal Singh,0,0,Other than Women,latin,1,7070,Panchkula__Pinjore.pdf
Panchkula,Pinjore,32,Nagal Routal,Woman,NONE,1,Jaiwanti,Gurdass Ram,0,0,Women,latin,1,7070,Panchkula__Pinjore.pdf
Panchkula,Pinjore,33,Nanakpur,Other than Woman,NONE,0,Bhupinder,Chura Ram,0,0,Other than Women,latin,1,7070,Panchkula__Pinjore.pdf
Panchkula,Pinjore,34,Nawan Nagar,BC-A Woman,BC_A,1,Pooja,Satbir Singh,0,0,Backward Class 'A' Women,latin,1,7070,Panchkula__Pinjore.pdf
Panchkula,Pinjore,35,Paploha,SC Other than Woman,SC,0,Jagtar,Gurdayal,0,0,Sc Other than Women,latin,1,7070,Panchkula__Pinjore.pdf
Panchkula,Pinjore,36,Prempura,Other than Woman,NONE,0,Pawan Singh,Kishan Singh,1,0,Other than Women,latin,1,7070,Panchkula__Pinjore.pdf
Panchkula,Pinjore,37,Ram Nagar,Woman,NONE,1,Sukhjinder,Gurbachan,0,0,Women,latin,1,7070,Panchkula__Pinjore.pdf
Panchkula,Pinjore,38,Rampur Jangi,Other than Woman,NONE,0,Maan Singh,Shiv Sharan,0,0,Other than Women,latin,1,7070,Panchkula__Pinjore.pdf
Panchkula,Pinjore,39,Shahpur,SC Woman,SC,1,Saroj,Baldev Singh,0,0,Scheduled Caste Women,latin,1,7070,Panchkula__Pinjore.pdf
Panchkula,Pinjore,40,Tanda Johluwal,Woman,NONE,1,Karmo,Manjeet Singh,0,0,Women,latin,1,7070,Panchkula__Pinjore.pdf
Panchkula,Pinjore,41,Thane Ki Sair,Other than Woman,NONE,0,Sunil Kumar,Ramesh Chand,0,0,Other than Women,latin,1,7070,Panchkula__Pinjore.pdf
Panchkula,Pinjore,42,Toran,Woman,NONE,1,Gurmeet Kaur,Ashok Kumar,0,0,Women,latin,1,7070,Panchkula__Pinjore.pdf
Panchkula,Raipur Rani,1,Badhour,SC Other than Woman,SC,0,...,Sukhchain,0,0,Scheduled Caste other than Women,latin,1,7088,Panchkula__Raipur-Rani.pdf
Panchkula,Raipur Rani,2,Bagwala,Woman,NONE,1,...,Rita Devi,0,0,Women,latin,1,7088,Panchkula__Raipur-Rani.pdf
Panchkula,Raipur Rani,3,Bagwali,BC-A Other than Woman,BC_A,0,...,Bharat,0,0,Backward Class ‘A’ other than Women,latin,1,7088,Panchkula__Raipur-Rani.pdf
Panchkula,Raipur Rani,4,Badona Kalan,Other than Woman,NONE,0,...,Rohit Kumar,0,0,Other than Women,latin,1,7088,Panchkula__Raipur-Rani.pdf
Panchkula,Raipur Rani,5,Behbalpur,Woman,NONE,1,...,Priyanka,0,0,Women,latin,1,7088,Panchkula__Raipur-Rani.pdf
Panchkula,Raipur Rani,6,Bhanwli,Other than Woman,NONE,0,...,Jai Singh,0,0,Other than Women,latin,1,7088,Panchkula__Raipur-Rani.pdf
Panchkula,Raipur Rani,7,Bhood,SC Woman,SC,1,...,Hem Lata,0,0,Scheduled Caste Women,latin,1,7088,Panchkula__Raipur-Rani.pdf
Panchkula,Raipur Rani,8,Dandlawar,Woman,NONE,1,...,Ritu Rani,0,0,Women,latin,1,7088,Panchkula__Raipur-Rani.pdf
Panchkula,Raipur Rani,9,Debar,Other than Woman,NONE,0,...,Tarsem Lal,0,0,Other than Women,latin,1,7088,Panchkula__Raipur-Rani.pdf
Panchkula,Raipur Rani,10,Firojpur,Woman,NONE,1,...,Neeta Rani,0,0,Women,latin,1,7088,Panchkula__Raipur-Rani.pdf
Panchkula,Raipur Rani,11,Ganauli,SC Other than Woman,SC,0,...,Sanjeev,0,0,Scheduled Caste other than Women,latin,1,7088,Panchkula__Raipur-Rani.pdf
Panchkula,Raipur Rani,12,Garhi Kotaha,SC Woman,SC,1,...,Sangeeta,0,0,Scheduled Caste Women,latin,1,7088,Panchkula__Raipur-Rani.pdf
Panchkula,Raipur Rani,13,Gobindpur,Other than Woman,NONE,0,...,Mukh Raj,0,0,Other than Women,latin,1,7088,Panchkula__Raipur-Rani.pdf
Panchkula,Raipur Rani,14,Golpura,Woman,NONE,1,...,Geeta Devi,0,0,Women,latin,1,7088,Panchkula__Raipur-Rani.pdf
Panchkula,Raipur Rani,15,Hangola,Other than Woman,NONE,0,...,Hukam,0,0,Other than Women,latin,1,7088,Panchkula__Raipur-Rani.pdf
Panchkula,Raipur Rani,16,Hangoli,Woman,NONE,1,...,Geeta Devi,0,0,Women,latin,1,7088,Panchkula__Raipur-Rani.pdf
Panchkula,Raipur Rani,17,Haripur,Other than Woman,NONE,0,...,Sunil Kumar,0,0,Other than Women,latin,1,7088,Panchkula__Raipur-Rani.pdf
Panchkula,Raipur Rani,18,Haryoli,BC-A Woman,BC_A,1,...,Kanija,0,0,Backward Class ‘A’ Women,latin,1,7088,Panchkula__Raipur-Rani.pdf
Panchkula,Raipur Rani,19,Jaspur,Other than Woman,NONE,0,...,Mandeep,0,0,Other than Women,latin,1,7088,Panchkula__Raipur-Rani.pdf
Panchkula,Raipur Rani,20,Kakrali,Woman,NONE,1,...,Nisha,0,0,Women,latin,1,7088,Panchkula__Raipur-Rani.pdf
Panchkula,Raipur Rani,21,Kazampur,Other than Woman,NONE,0,...,Tara Chand,0,0,Other than Women,latin,1,7088,Panchkula__Raipur-Rani.pdf
Panchkula,Raipur Rani,22,Kheri,Woman,NONE,1,...,Vandna,0,0,Women,latin,1,7088,Panchkula__Raipur-Rani.pdf
Panchkula,Raipur Rani,23,Mandlai,Other than Woman,NONE,0,...,Raj Kumar,0,0,Other than Women,latin,1,7088,Panchkula__Raipur-Rani.pdf
Panchkula,Raipur Rani,24,Mandpa,Woman,NONE,1,...,Meena Devi,0,0,Women,latin,1,7088,Panchkula__Raipur-Rani.pdf
Panchkula,Raipur Rani,25,Masumpur,SC Other than Woman,SC,0,...,Subhash,0,0,Scheduled Caste other than Women,latin,1,7088,Panchkula__Raipur-Rani.pdf
Panchkula,Raipur Rani,26,Mirpur,BC-A Other than Woman,BC_A,0,...,Vacant,0,0,Backward Class ‘A’ other than Women,latin,1,7088,Panchkula__Raipur-Rani.pdf
Panchkula,Raipur Rani,27,Mouli,SC Woman,SC,1,...,Anita Rani,0,0,Scheduled Caste Women,latin,1,7088,Panchkula__Raipur-Rani.pdf
Panchkula,Raipur Rani,28,Narainpur,SC Other than Woman,SC,0,...,Karamjeet,0,0,Scheduled Caste other than Women,latin,1,7088,Panchkula__Raipur-Rani.pdf
Panchkula,Raipur Rani,29,Natwal,Woman,NONE,1,...,Renu Bala,0,0,Women,latin,1,7088,Panchkula__Raipur-Rani.pdf
Panchkula,Raipur Rani,30,Piarewala,Other than Woman,NONE,0,...,Ravinder,0,0,Other than Women,latin,1,7088,Panchkula__Raipur-Rani.pdf
Panchkula,Raipur Rani,31,Raipur Rani,SC Woman,SC,1,...,Paramjeet,0,0,Scheduled Caste Women,latin,1,7088,Panchkula__Raipur-Rani.pdf
Panchkula,Raipur Rani,32,Rampur Thadyon,Woman,NONE,1,...,Sanjay Rani,0,0,Women,latin,1,7088,Panchkula__Raipur-Rani.pdf
Panchkula,Raipur Rani,33,Ratta Tibbi,Other than Woman,NONE,0,...,Manish,0,0,Other than Women,latin,1,7088,Panchkula__Raipur-Rani.pdf
Panchkula,Raipur Rani,34,Rehna,Woman,NONE,1,...,Saharina,0,0,Women,latin,1,7088,Panchkula__Raipur-Rani.pdf
Panchkula,Raipur Rani,35,Samanwa,Other than Woman,NONE,0,...,Ram Kumar,0,0,Other than Women,latin,1,7088,Panchkula__Raipur-Rani.pdf
Panchkula,Raipur Rani,36,Samlehri,Woman,NONE,1,...,Seema,0,0,Women,latin,1,7088,Panchkula__Raipur-Rani.pdf
Panchkula,Raipur Rani,37,Sarakpur,Other than Woman,NONE,0,...,Amandeep,0,0,Other than Women,latin,1,7088,Panchkula__Raipur-Rani.pdf
Panchkula,Raipur Rani,38,Shahjanpur,Woman,NONE,1,...,Sonia,0,0,Women,latin,1,7088,Panchkula__Raipur-Rani.pdf
Panchkula,Raipur Rani,39,Sultanpur,Other than Woman,NONE,0,...,Naseem,0,0,Other than Women,latin,1,7088,Panchkula__Raipur-Rani.pdf
Panchkula,Raipur Rani,40,Tabar,Woman,NONE,1,...,Balvinder,0,0,Women,latin,1,7088,Panchkula__Raipur-Rani.pdf
Panchkula,Raipur Rani,41,Tharwa,SC Other than Woman,SC,0,...,Ajay Kumar,0,0,Scheduled Caste other than Women,latin,1,7088,Panchkula__Raipur-Rani.pdf
Panchkula,Raipur Rani,42,Tibbi Majra,Other than Woman,NONE,0,...,Baljeet Singh,0,0,Other than Women,latin,1,7088,Panchkula__Raipur-Rani.pdf
Panchkula,Raipur Rani,43,Toda,Woman,NONE,1,...,Jasmeet,0,0,Women,latin,1,7088,Panchkula__Raipur-Rani.pdf
Panipat,Bapouli,1,Atola Pur,Other than Woman,NONE,0,Rajkumar,Suresh Kumar,0,0,Other than Women,latin,1,7313,Panipat__Bapouli.pdf
Panipat,Bapouli,2,Bapoli,Woman,NONE,1,Dimpal,Shiv Kumar,0,0,Women,latin,1,7313,Panipat__Bapouli.pdf
Panipat,Bapouli,3,Begampur Taharpur,Other than Woman,NONE,0,Wazir Singh,Jagram,0,0,Other than Women,latin,1,7313,Panipat__Bapouli.pdf
Panipat,Bapouli,4,Behrampur,SC Other than Woman,SC,0,Sunil,Om Parkash,0,0,Scheduled Caste Other than Women,latin,1,7313,Panipat__Bapouli.pdf
Panipat,Bapouli,5,Bhalor,Woman,NONE,1,Saweta,Bhupender,0,0,Women,latin,1,7313,Panipat__Bapouli.pdf
Panipat,Bapouli,6,Dadola,Other than Woman,NONE,0,Rishi Paul,Ilam Singh,0,0,Other than Women,latin,1,7313,Panipat__Bapouli.pdf
Panipat,Bapouli,7,Garhi Bhalor,Woman,NONE,1,Shalu,Sachin Rawal,0,0,Women,latin,1,7313,Panipat__Bapouli.pdf
Panipat,Bapouli,8,Goela Kalan,Other than Woman,NONE,0,Anil Kumar,Lakhi Ram,0,0,Other than Women,latin,1,7313,Panipat__Bapouli.pdf
Panipat,Bapouli,9,Goela Khera,Woman,NONE,1,Kajal,Sagar,0,0,Women,latin,1,7313,Panipat__Bapouli.pdf
Panipat,Bapouli,10,Goela Khurd,Other than Woman,NONE,0,Isham Singh,Hari Ram,0,0,Other than Women,latin,1,7313,Panipat__Bapouli.pdf
Panipat,Bapouli,11,Jalmana,SC Woman,SC,1,Poonam Devi,Sunil,0,0,Scheduled caste Women,latin,1,7313,Panipat__Bapouli.pdf
Panipat,Bapouli,12,Jalpar,BC-A Woman,BC_A,1,Meena Verma,Mithan,0,0,Backward class 'A' Women,latin,1,7313,Panipat__Bapouli.pdf
Panipat,Bapouli,13,Khojkipur,BC-A Other than Woman,BC_A,0,Balbir Singh,Prithvi Singh,0,0,Backward Class ‘A’ Other than Women,latin,1,7313,Panipat__Bapouli.pdf
Panipat,Bapouli,14,Khojkipur Khurd,Woman,NONE,1,Rachana Devi,Sumit,0,0,Women,latin,1,7313,Panipat__Bapouli.pdf
Panipat,Bapouli,15,Matnoli,Other than Woman,NONE,0,Sanjay Kumar,Ram Kishan,0,0,Other than Women,latin,1,7313,Panipat__Bapouli.pdf
Panipat,Bapouli,16,Nurpur Muglan,Woman,NONE,1,Ravita,Jasbir,0,0,Women,latin,1,7313,Panipat__Bapouli.pdf
Panipat,Bapouli,17,Pasina Kalan,Other than Woman,NONE,0,Pankaj Rawal,Kharak Singh,0,0,Other than Women,latin,1,7313,Panipat__Bapouli.pdf
Panipat,Bapouli,18,Pasina Khurd,SC Other than Woman,SC,0,Ranbir Kumar,Raj Singh,0,0,Scheduled Caste Other than Women,latin,1,7313,Panipat__Bapouli.pdf
Panipat,Bapouli,19,Raimal,Woman,NONE,1,Sarita,Pinku Ram,0,0,Women,latin,1,7313,Panipat__Bapouli.pdf
Panipat,Bapouli,20,Raslapur,Other than Woman,NONE,0,Sandeep,Rajbir Singh,0,0,Other than Women,latin,1,7313,Panipat__Bapouli.pdf
Panipat,Bapouli,21,Sanjoli,SC Woman,SC,1,Sheetal,Mital,0,0,Scheduled caste Women,latin,1,7313,Panipat__Bapouli.pdf
Panipat,Bapouli,22,Shimla Gujran,Woman,NONE,1,Matlesh,Kuldeep,0,0,Women,latin,1,7313,Panipat__Bapouli.pdf
Panipat,Bapouli,23,Tajpur,Other than Woman,NONE,0,Dalip Kumar,Ramdass,0,0,Other than Women,latin,1,7313,Panipat__Bapouli.pdf
Panipat,Bapouli,24,Ujha,Woman,NONE,1,Renu Kumari,Naresh Rawal,0,0,Women,latin,1,7313,Panipat__Bapouli.pdf
Panipat,Israna,1,Ahar,SC Other than Woman,SC,0,Mohinder Singh,Harphool Singh,0,0,Scheduled Caste Other than Women,latin,1,7295,Panipat__Israna.pdf
Panipat,Israna,2,Balana,Other than Woman,NONE,0,Om Parkash,Ram Kumar,0,0,Other than Women,latin,1,7295,Panipat__Israna.pdf
Panipat,Israna,3,Bandh,Woman,NONE,1,Pooja Rani,Sachin Kumar,0,0,Women,latin,1,7295,Panipat__Israna.pdf
Panipat,Israna,4,Bhaupur,Other than Woman,NONE,0,Surender,Dharam Singh,0,0,Other than Women,latin,1,7295,Panipat__Israna.pdf
Panipat,Israna,5,Bijawa,SC Woman,SC,1,Manisha,Sandeep Kumar,0,0,Scheduled Caste Women,latin,1,7295,Panipat__Israna.pdf
Panipat,Israna,6,Brahaman Majra,Woman,NONE,1,Manju Narwal,Rammehar Jaglan,0,0,Women,latin,1,7295,Panipat__Israna.pdf
Panipat,Israna,8,Bursham,Woman,NONE,1,Annu,Rahul Gulia,0,0,Women,latin,1,7295,Panipat__Israna.pdf
Panipat,Israna,9,Chamrara,Other than Woman,NONE,0,Deepak Bhuker,Rajinder Singh,0,0,Other than Women,latin,1,7295,Panipat__Israna.pdf
Panipat,Israna,10,Chhichhra na,Woman,NONE,1,Pinki Devi,Anil Kumar,0,0,Women,latin,1,7295,Panipat__Israna.pdf
Panipat,Israna,11,Dahar,Other than Woman,NONE,0,Monu,Jaipal,0,0,Other than Women,latin,1,7295,Panipat__Israna.pdf
Panipat,Israna,12,Didwari,BC-A Woman,BC_A,1,Seema,Jagbir Singh,0,0,Backward Class 'A' Women,latin,1,7295,Panipat__Israna.pdf
Panipat,Israna,13,Gawalra,Other than Woman,NONE,0,Deepak Sharma,Ranbir Singh,0,0,Other than Women,latin,1,7295,Panipat__Israna.pdf
Panipat,Israna,14,Hartari,Woman,NONE,1,Meena,Vakil,0,0,Women,latin,1,7295,Panipat__Israna.pdf
Panipat,Israna,15,Israna,Other than Woman,NONE,0,Rajesh,Dayanand,0,0,Other than Women,latin,1,7295,Panipat__Israna.pdf
Panipat,Israna,16,Jondhan Kalan,SC Other than Woman,SC,0,Surender Singh,Deep Chand,0,0,Scheduled Caste Other than Women,latin,1,7295,Panipat__Israna.pdf
Panipat,Israna,17,Jondhan Khurd,Woman,NONE,1,Sheela Devi,Dalbir Singh,0,0,Women,latin,1,7295,Panipat__Israna.pdf
Panipat,Israna,18,Kaith,SC Woman,SC,1,Shashi Bala,Neeraj Kumar,0,0,Scheduled Caste Women,latin,1,7295,Panipat__Israna.pdf
Panipat,Israna,19,Kakoda,BC-A Other than Woman,BC_A,0,Ashok Kumar,Mahender,0,0,Backward Class ‘A’ Other than Women,latin,1,7295,Panipat__Israna.pdf
Panipat,Israna,20,Karad,Woman,NONE,1,Poonam,Surender,0,0,Women,latin,1,7295,Panipat__Israna.pdf
Panipat,Israna,21,Khalila Majra,Other than Woman,NONE,0,Amit,Hari Krishan,0,0,Other than Women,latin,1,7295,Panipat__Israna.pdf
Panipat,Israna,22,Kurana,Woman,NONE,1,Sudesh Kumari,Suresh Kumar,0,0,Women,latin,1,7295,Panipat__Israna.pdf
Panipat,Israna,23,Mahrana,Other than Woman,NONE,0,Parveen Kumar,Lehna Singh,0,0,Other than Women,latin,1,7295,Panipat__Israna.pdf
Panipat,Israna,24,Mandi,Woman,NONE,1,Poonam,Devender Singh,0,0,Women,latin,1,7295,Panipat__Israna.pdf
Panipat,Israna,25,Naultha,Other than Woman,NONE,0,Balraj Singh,Ram Kishan,0,0,Other than Women,latin,1,7295,Panipat__Israna.pdf
Panipat,Israna,26,Naultha Dungran,Woman,NONE,1,Sweety,Neeraj,0,0,Women,latin,1,7295,Panipat__Israna.pdf
Panipat,Israna,27,Palri,SC Other than Woman,SC,0,Ashok,Mahabir,0,0,Scheduled Caste Other than Women,latin,1,7295,Panipat__Israna.pdf
Panipat,Israna,28,Pardhana,BC-A Other than Woman,BC_A,0,Sanjeet Singh,Mehar Singh,0,0,Backward Class ‘A’ Other than Women,latin,1,7295,Panipat__Israna.pdf
Panipat,Israna,29,Pathri,Woman,NONE,1,Niroj Rani,Jagbir,0,0,Women,latin,1,7295,Panipat__Israna.pdf
Panipat,Israna,30,Puthar,Other than Woman,NONE,0,Sumer Singh,Dharam Singh,0,0,Other than Women,latin,1,7295,Panipat__Israna.pdf
Panipat,Israna,31,Seenk,SC Woman,SC,1,Neelam,Subash,0,0,Scheduled Caste Women,latin,1,7295,Panipat__Israna.pdf
Panipat,Israna,32,Shahpur,Woman,NONE,1,Kavita Rani,Ajay,0,0,Women,latin,1,7295,Panipat__Israna.pdf
Panipat,Madlauda,1,Adiyana,SC Other than Woman,SC,0,Parveen,Rambhaj,0,0,Schedulded Caste Other than Women,latin,1,7304,Panipat__Madlauda.pdf
Panipat,Madlauda,2,Ahmedpur Majra,Other than Woman,NONE,0,Ramesh,Uday Singh,1,0,Other than Women,latin,1,7304,Panipat__Madlauda.pdf
Panipat,Madlauda,3,Alupur,Woman,NONE,1,Seema,Satbir,0,0,Women,latin,1,7304,Panipat__Madlauda.pdf
Panipat,Madlauda,4,Assan Khurd,Other than Woman,NONE,0,Mahipal,Mange Ram,0,0,Other than Women,latin,1,7304,Panipat__Madlauda.pdf
Panipat,Madlauda,5,Atawala,Woman,NONE,1,Sunita,Mahabir,0,0,Women,latin,1,7304,Panipat__Madlauda.pdf
Panipat,Madlauda,6,Baljattan,Other than Woman,NONE,0,Surender,Zile Singh,0,0,Other than Women,latin,1,7304,Panipat__Madlauda.pdf
Panipat,Madlauda,7,Bhadar,SC Woman,SC,1,Suman,Ompal,0,0,Schedulded Caste Women,latin,1,7304,Panipat__Madlauda.pdf
Panipat,Madlauda,8,Bhalsi,BC-A Woman,BC_A,1,Suman Devi,Vinod Kumar,0,0,Backward Class 'A' Women,latin,1,7304,Panipat__Madlauda.pdf
Panipat,Madlauda,9,Bhandari,Other than Woman,NONE,0,Surender,Surajbhan,0,0,Other than Women,latin,1,7304,Panipat__Madlauda.pdf
Panipat,Madlauda,10,Bohli,Woman,NONE,1,Manju Devi,Pardeep Kumar,0,0,Women,latin,1,7304,Panipat__Madlauda.pdf
Panipat,Madlauda,11,Daryapur,Other than Woman,NONE,0,Abjit Singh,Mangat Ram,0,0,Other than Women,latin,1,7304,Panipat__Madlauda.pdf
Panipat,Madlauda,12,Dharamgar h,Woman,NONE,1,Nirmala,Ravinder Kumar,0,0,Women,latin,1,7304,Panipat__Madlauda.pdf
Panipat,Madlauda,13,Dumiana,Other than Woman,NONE,0,Rampal,Chanderbh an,0,0,Other than Women,latin,1,7304,Panipat__Madlauda.pdf
Panipat,Madlauda,14,Joshi,BC-A Woman,BC_A,1,Geeta,Ravinder,0,0,Backward Class 'A' Women,latin,1,7304,Panipat__Madlauda.pdf
Panipat,Madlauda,15,Kalkha,Other than Woman,NONE,0,Kuldeep,Krishan Kumar,0,0,Other than Women,latin,1,7304,Panipat__Madlauda.pdf
Panipat,Madlauda,16,Kawi,SC Other than Woman,SC,0,Brijpal,Sumer Singh,0,0,Schedulded Caste Other than Women,latin,1,7304,Panipat__Madlauda.pdf
Panipat,Madlauda,17,Khandra,Woman,NONE,1,Sonia,Ankit,0,0,Women,latin,1,7304,Panipat__Madlauda.pdf
Panipat,Madlauda,18,Khukrana,SC Woman,SC,1,Seema Devi,Naresh,0,0,Schedulded Caste Women,latin,1,7304,Panipat__Madlauda.pdf
Panipat,Madlauda,19,Lohari,Other than Woman,NONE,0,Pawan Kumar,Nafe Singh,0,0,Other than Women,latin,1,7304,Panipat__Madlauda.pdf
Panipat,Madlauda,20,Jasmer Singh,Woman,NONE,1,,,0,1,Women,latin,1,7304,Panipat__Madlauda.pdf
Panipat,Madlauda,21,Mohidinpur Thirana,Other than Woman,NONE,0,Kuldeep,Prem Singh,0,0,Other than Women,latin,1,7304,Panipat__Madlauda.pdf
Panipat,Madlauda,22,Nain,Woman,NONE,1,Rajrani,Mukesh Kumar,0,0,Women,latin,1,7304,Panipat__Madlauda.pdf
Panipat,Madlauda,23,Nara,Other than Woman,NONE,0,Ranbir,Lakhmi Chand,0,0,Other than Women,latin,1,7304,Panipat__Madlauda.pdf
Panipat,Madlauda,24,Nohra,BC-A Woman,BC_A,1,Kiran,Kamal,0,0,Backward Class 'A' Women,latin,1,7304,Panipat__Madlauda.pdf
Panipat,Madlauda,25,Rair Kalan,Other than Woman,NONE,0,Hardeep,Harnaam Singh,0,0,Other than Women,latin,1,7304,Panipat__Madlauda.pdf
Panipat,Madlauda,26,Shera,Woman,NONE,1,Suman Devi,Surender Singh,0,0,Women,latin,1,7304,Panipat__Madlauda.pdf
Panipat,Madlauda,27,Shodapur,SC Other than Woman,SC,0,Ajay Kumar,Dilbag Singh,0,0,Schedulded Caste Other than Women,latin,,7304,Panipat__Madlauda.pdf
Panipat,Madlauda,28,Sithana,Other than Woman,NONE,0,Satnam Singh,Gurbachan Singh,0,0,Other than Women,latin,1,7304,Panipat__Madlauda.pdf
Panipat,Madlauda,29,Sutana,Woman,NONE,1,Reetu,Amit Kumar,0,0,Women,latin,1,7304,Panipat__Madlauda.pdf
Panipat,Madlauda,30,Untla,Other than Woman,NONE,0,Mahabir Singh,Amar Singh,0,0,Other than Women,latin,1,7304,Panipat__Madlauda.pdf
Panipat,Madlauda,31,Urlana Kalan,SC Woman,SC,1,Kamlesh,Mukesh Kumar,0,0,Schedulded Caste Women,latin,1,7304,Panipat__Madlauda.pdf
Panipat,Madlauda,32,Urlana Khurd,SC Other than Woman,SC,0,Naurang,Balbir Singh,0,0,Schedulded Caste Other than Women,latin,1,7304,Panipat__Madlauda.pdf
Panipat,Madlauda,33,Waisari,Woman,NONE,1,Promila Rani,Rajkishan,0,0,Women,latin,1,7304,Panipat__Madlauda.pdf
Panipat,Madlauda,34,Waiser,SC Woman,SC,1,Monika,Jaichand,0,0,Schedulded Caste Women,latin,1,7304,Panipat__Madlauda.pdf
Panipat,Panipat,1,Assan Kalan,Other than Woman,NONE,0,Joginder,Ram Kishan,0,0,Other than Women,latin,1,7322,Panipat__Panipat.pdf
Panipat,Panipat,2,Babail,SC Other than Woman,SC,0,Vicky,Aman Kumar,0,0,Scheduled Caste Other than Women,latin,1,7322,Panipat__Panipat.pdf
Panipat,Panipat,3,Babarpur,SC Woman,SC,1,Komal,Rahul Kumar,0,0,Scheduled Caste Women,latin,1,7322,Panipat__Panipat.pdf
Panipat,Panipat,4,Barana,Woman,NONE,1,Sony Markuna,Suresh,0,0,Women,latin,1,7322,Panipat__Panipat.pdf
Panipat,Panipat,5,Barauli,Other than Woman,NONE,0,Sonu,Dharmpal,0,0,Other than Women,latin,1,7322,Panipat__Panipat.pdf
Panipat,Panipat,6,Bhainswal,BC-A Woman,BC_A,1,Rasida,Sabir,0,0,Backward Class 'A' Women,latin,0,7322,Panipat__Panipat.pdf
Panipat,Panipat,7,Binjhol,SC Other than Woman,SC,0,Pardeep,Tara Chand,0,0,Scheduled Caste Other than Women,latin,1,7322,Panipat__Panipat.pdf
Panipat,Panipat,8,Chandoli,SC Woman,SC,1,Kavita Devi,Sunil Kumar,0,0,Scheduled Caste Women,latin,1,7322,Panipat__Panipat.pdf
Panipat,Panipat,9,Chhoti Rajapur,Other than Woman,NONE,0,Amarjeet,Rajpal,0,0,Other than Women,latin,1,7322,Panipat__Panipat.pdf
Panipat,Panipat,10,Dadlana,Woman,NONE,1,Neeru,Charanjit Singh,0,0,Women,latin,1,7322,Panipat__Panipat.pdf
Panipat,Panipat,11,Dera Sikligar,SC Other than Woman,SC,0,Vikash,Harbansh Singh,0,0,Scheduled Caste Other than Women,latin,1,7322,Panipat__Panipat.pdf
Panipat,Panipat,12,Diwana,Other than Woman,NONE,0,Surender,Sultan Singh,0,0,Other than Women,latin,1,7322,Panipat__Panipat.pdf
Panipat,Panipat,13,Faridpur,Woman,NONE,1,Anupreet,Navjot Singh,0,0,Women,latin,1,7322,Panipat__Panipat.pdf
Panipat,Panipat,14,Ganjbar,Other than Woman,NONE,0,Narender,Chatter Singh,0,0,Other than Women,latin,1,7322,Panipat__Panipat.pdf
Panipat,Panipat,15,Garh Sarnai,Woman,NONE,1,Uma,Vedpal,0,0,Women,latin,1,7322,Panipat__Panipat.pdf
Panipat,Panipat,16,Garhi Sikenderpur,SC Woman,SC,1,Kiran Devi,Satpal Singh,0,0,Scheduled Caste Women,latin,1,7322,Panipat__Panipat.pdf
Panipat,Panipat,17,Jattal,Other than Woman,NONE,0,Harpal Singh,Ishwar Singh,0,0,Other than Women,latin,1,7322,Panipat__Panipat.pdf
Panipat,Panipat,18,Jhattipur,Woman,NONE,1,Promila,Amarjeet,0,0,Women,latin,1,7322,Panipat__Panipat.pdf
Panipat,Panipat,19,Kabri,BC-A Other than Woman,BC_A,0,Sonu,Anta Ram,0,0,Backward Class ‘A’ Other than Women,latin,0,7322,Panipat__Panipat.pdf
Panipat,Panipat,20,Kachroli,SC Other than Woman,SC,0,Satish Kumar,Surender Kumar,0,0,Scheduled Caste Other than Women,latin,1,7322,Panipat__Panipat.pdf
Panipat,Panipat,21,Khotpura,BC-A Woman,BC_A,1,Pai Devi,Krishan Kumar,0,0,Backward Class 'A' Women,latin,0,7322,Panipat__Panipat.pdf
Panipat,Panipat,22,Kutani,Other than Woman,NONE,0,Vinod Kumar,Bhim Singh,0,0,Other than Women,latin,1,7322,Panipat__Panipat.pdf
Panipat,Panipat,23,Mahmadpur,Woman,NONE,1,Kirandeep,Narvair Singh,0,0,Women,latin,1,7322,Panipat__Panipat.pdf
Panipat,Panipat,24,Nangal Kheri,Other than Woman,NONE,0,Sandeep,Rammehar,0,0,Other than Women,latin,1,7322,Panipat__Panipat.pdf
Panipat,Panipat,25,Nimbri,Woman,NONE,1,Suman Devi,Manoj Kumar,0,0,Women,latin,1,7322,Panipat__Panipat.pdf
Panipat,Panipat,26,Nizampur,Other than Woman,NONE,0,Satyawan,Ram Kumar,0,0,Other than Women,latin,1,7322,Panipat__Panipat.pdf
Panipat,Panipat,27,Palheri,Woman,NONE,1,Rakhi,Jasbir,0,0,Women,latin,1,7322,Panipat__Panipat.pdf
Panipat,Panipat,28,Pehladpur Khalila,Other than Woman,NONE,0,Jagbir Singh,Jai Singh,0,0,Other than Women,latin,1,7322,Panipat__Panipat.pdf
Panipat,Panipat,29,Raja Kheri,SC Woman,SC,1,Ritu Rani,Parveen,0,0,Scheduled Caste Women,latin,1,7322,Panipat__Panipat.pdf
Panipat,Panipat,30,Rajapur,Woman,NONE,1,Kaljinder Kour,Diler Singh,0,0,Women,latin,1,7322,Panipat__Panipat.pdf
Panipat,Panipat,31,Ramnagar,Other than Woman,NONE,0,Sushil,Nanha Ram,0,0,Other than Women,latin,1,7322,Panipat__Panipat.pdf
Panipat,Panipat,32,Risalu,SC Other than Woman,SC,0,Rajesh,Ramsingh,0,0,Scheduled Caste Other than Women,latin,1,7322,Panipat__Panipat.pdf
Panipat,Panipat,33,Siwah,Woman,NONE,1,Sunita,Randeep Singh,0,0,Women,latin,1,7322,Panipat__Panipat.pdf
Panipat,Panipat,34,Shimla Molana,Other than Woman,NONE,0,Sohan Singh,Balwan Singh,0,0,Other than Women,latin,1,7322,Panipat__Panipat.pdf
Panipat,Panipat,35,Ugra Kheri,Woman,NONE,1,Seema,Sudhir Malik,0,0,Women,latin,1,7322,Panipat__Panipat.pdf
Panipat,Samalkha,1,Atta,Other than Woman,NONE,0,Dilbag,Bhale Ram,0,0,Other than Women,latin,1,7331,Panipat__Samalkha.pdf
Panipat,Samalkha,2,Basara,Woman,NONE,1,Minakshi,Inderjeet,0,0,Women,latin,1,7331,Panipat__Samalkha.pdf
Panipat,Samalkha,3,Beholi,SC Other than Woman,SC,0,Sandeep Kumar,Sahab Singh,0,0,Scheduled Caste Other than Women,latin,1,7331,Panipat__Samalkha.pdf
Panipat,Samalkha,4,Bhodwal Majri,SC Woman,SC,1,Sanjogata,Kamal,0,0,Scheduled Caste Women,latin,1,7331,Panipat__Samalkha.pdf
Panipat,Samalkha,5,Bilaspur,SC Other than Woman,SC,0,Naveen,Jai Bhagwan,0,0,Scheduled Caste Other than Women,latin,1,7331,Panipat__Samalkha.pdf
Panipat,Samalkha,6,Budhanpur,Other than Woman,NONE,0,Sushil Kumar,Surat Singh,0,0,Other than Women,latin,1,7331,Panipat__Samalkha.pdf
Panipat,Samalkha,7,Chaddia Yusufpur,Woman,NONE,1,Annu,Ramesh Kumar,0,0,Women,latin,1,7331,Panipat__Samalkha.pdf
Panipat,Samalkha,8,Chulkana,Other than Woman,NONE,0,Satish,Manga Ram,0,0,Other than Women,latin,1,7331,Panipat__Samalkha.pdf
Panipat,Samalkha,9,Dehra,Woman,NONE,1,Manisha,Kapil Dev,0,0,Women,latin,1,7331,Panipat__Samalkha.pdf
Panipat,Samalkha,10,Dhindar,Other than Woman,NONE,0,Prem Singh,Brahm Dutt,0,0,Other than Women,latin,1,7331,Panipat__Samalkha.pdf
Panipat,Samalkha,11,Dhodpur,Woman,NONE,1,Sarita,Braham Pal,0,0,Women,latin,1,7331,Panipat__Samalkha.pdf
Panipat,Samalkha,12,Dikadla,BC-A Other than Woman,BC_A,0,Sunil Kumar,Sukhram,0,0,Backward Class ‘A’ Other than Women,latin,1,7331,Panipat__Samalkha.pdf
Panipat,Samalkha,13,Garhi Chhaju,Woman,NONE,1,Vanita,Ravinder,0,0,Women,latin,1,7331,Panipat__Samalkha.pdf
Panipat,Samalkha,14,Garhi Tayagian,Other than Woman,NONE,0,Ajab Singh,Rakam Singh,0,0,Other than Women,latin,1,7331,Panipat__Samalkha.pdf
Panipat,Samalkha,15,Haldana,Woman,NONE,1,Seema Devi,Davender Kumar,0,0,Women,latin,1,7331,Panipat__Samalkha.pdf
Panipat,Samalkha,16,Hathwala,SC Woman,SC,1,Prachi,Krishan Kumar,0,0,Scheduled Caste Women,latin,1,7331,Panipat__Samalkha.pdf
Panipat,Samalkha,17,Jaurasi Khalsa,Other than Woman,NONE,0,Krishan Kumar,Mahabir Singh,0,0,Other than Women,latin,1,7331,Panipat__Samalkha.pdf
Panipat,Samalkha,18,Jaurasi Sarf Khas,SC Other than Woman,SC,0,Dharampal,Munshi Ram,0,0,Scheduled Caste Other than Women,latin,1,7331,Panipat__Samalkha.pdf
Panipat,Samalkha,19,Karhans,SC Woman,SC,1,Sukhbiri,Shyam Lal,0,0,Scheduled Caste Women,latin,1,7331,Panipat__Samalkha.pdf
Panipat,Samalkha,20,Karkoli,Woman,NONE,1,Himani Saini,Jitender Singh Saini,0,0,Women,latin,1,7331,Panipat__Samalkha.pdf
Panipat,Samalkha,21,Kiwana,Other than Woman,NONE,0,Chain Pal,Janeswar,0,0,Other than Women,latin,1,7331,Panipat__Samalkha.pdf
Panipat,Samalkha,22,Machhrouli,Woman,NONE,1,Pooja Rani,Yogesh Kumar,0,0,Women,latin,1,7331,Panipat__Samalkha.pdf
Panipat,Samalkha,23,Mahawati,Other than Woman,NONE,0,Jai Pal,Ishwar Singh,0,0,Other than Women,latin,1,7331,Panipat__Samalkha.pdf
Panipat,Samalkha,24,Manana,Woman,NONE,1,Rekha,Parveen,0,0,Women,latin,1,7331,Panipat__Samalkha.pdf
Panipat,Samalkha,25,Namunda,BC-A Other than Woman,BC_A,0,Nafis,Ali Hassan,0,0,Backward Class ‘A’ Other than Women,latin,1,7331,Panipat__Samalkha.pdf
Panipat,Samalkha,26,Naraina,Woman,NONE,1,Ram Bhateri,Parmod,0,0,Women,latin,1,7331,Panipat__Samalkha.pdf
Panipat,Samalkha,27,Patti Kalyana,Other than Woman,NONE,0,Mukesh Kumar,Bijender Singh,0,0,Other than Women,latin,1,7331,Panipat__Samalkha.pdf
Panipat,Samalkha,28,Pawti,BC-A Woman,BC_A,1,Pooja,Deepak,0,0,Backward Class 'A' Women,latin,1,7331,Panipat__Samalkha.pdf
Panipat,Samalkha,29,Rakesera,Other than Woman,NONE,0,Ramdhan,Beli Ram,0,0,Other than Women,latin,1,7331,Panipat__Samalkha.pdf
Panipat,Samalkha,30,Shahar Malpur,Woman,NONE,1,Saroj,Om Parkash,0,0,Women,latin,1,7331,Panipat__Samalkha.pdf
Panipat,Samalkha,31,Simbalgarh,Other than Woman,NONE,0,Satish Kumar,Amar Singh,0,0,Other than Women,latin,1,7331,Panipat__Samalkha.pdf
Panipat,Samalkha,32,Wazirpur Titana,Woman,NONE,1,Munesh Devi,Ashok Kumar,0,0,Women,latin,1,7331,Panipat__Samalkha.pdf
Panipat,Sanoli Khurd,1,Adhmi,SC Other than Woman,SC,0,Dalbir Singh,Pale Ram,0,0,Scheduled Caste Other than Women,latin,1,7340,Panipat__Sanoli-Khurd.pdf
Panipat,Sanoli Khurd,2,Chajpur Kalan,Other than Woman,NONE,0,Rajinder,Rambaj,0,0,Other than Women,latin,1,7340,Panipat__Sanoli-Khurd.pdf
Panipat,Sanoli Khurd,3,Chajpur Khurd,SC Woman,SC,1,Sakuntla,Manoj,0,0,Scheduled Cast Women,latin,1,7340,Panipat__Sanoli-Khurd.pdf
Panipat,Sanoli Khurd,4,Dhansoli,Woman,NONE,1,Sudesh,Harvinder,0,0,Women,latin,1,7340,Panipat__Sanoli-Khurd.pdf
Panipat,Sanoli Khurd,5,Garhi Besik,Other than Woman,NONE,0,Rafaqat,Noor,0,0,Other than Women,latin,1,7340,Panipat__Sanoli-Khurd.pdf
Panipat,Sanoli Khurd,6,Jalalpur-1,Woman,NONE,1,Puspa,Shiv Kumar,0,0,Women,latin,1,7340,Panipat__Sanoli-Khurd.pdf
Panipat,Sanoli Khurd,7,Jalalpur-2,Other than Woman,NONE,0,Mosim,Akhtar,0,0,Other than Women,latin,1,7340,Panipat__Sanoli-Khurd.pdf
Panipat,Sanoli Khurd,8,Jhamba,Woman,NONE,1,Rashmi,Mahesh Kumar,0,0,Women,latin,1,7340,Panipat__Sanoli-Khurd.pdf
Panipat,Sanoli Khurd,9,Kundla Pathargarh,Other than Woman,NONE,0,Mohammad,Hakam Ali,0,0,Other than Women,latin,1,7340,Panipat__Sanoli-Khurd.pdf
Panipat,Sanoli Khurd,10,Kurar,Woman,NONE,1,Anju,Narender Kumar,0,0,Women,latin,1,7340,Panipat__Sanoli-Khurd.pdf
Panipat,Sanoli Khurd,11,Mohali,Other than Woman,NONE,0,Gulshan,Harichand,0,0,Other than Women,latin,1,7340,Panipat__Sanoli-Khurd.pdf
Panipat,Sanoli Khurd,12,Nagla-R,Woman,NONE,1,Pinki,Balinder,0,0,Women,latin,1,7340,Panipat__Sanoli-Khurd.pdf
Panipat,Sanoli Khurd,13,Nanhera,Other than Woman,NONE,0,Naveen,Balkishan,0,0,Other than Women,latin,1,7340,Panipat__Sanoli-Khurd.pdf
Panipat,Sanoli Khurd,14,Nawada- Aar,SC Other than Woman,SC,0,Joginder,Prem Singh,0,0,Scheduled Cast Other than Women,latin,1,7340,Panipat__Sanoli-Khurd.pdf
Panipat,Sanoli Khurd,15,Nawada- Par,Woman,NONE,1,Samreen,Sattar,0,0,Women,latin,1,7340,Panipat__Sanoli-Khurd.pdf
Panipat,Sanoli Khurd,16,Ramda-R,BC-A Other than Woman,BC_A,0,Pardeep,Jile Singh,0,0,Backward Class ‘A’ Other than Women,latin,0,7340,Panipat__Sanoli-Khurd.pdf
Panipat,Sanoli Khurd,17,Ranamajra,Woman,NONE,1,Nusrat,Aslam,0,0,Women,latin,1,7340,Panipat__Sanoli-Khurd.pdf
Panipat,Sanoli Khurd,18,Rishpur,Other than Woman,NONE,0,Rajdeep,Nar Singh,0,0,Other than Women,latin,1,7340,Panipat__Sanoli-Khurd.pdf
Panipat,Sanoli Khurd,19,Sanoli Kalan,BC-A Woman,BC_A,1,Kajal,Sushil,0,0,Backward Class 'A' Women,latin,0,7340,Panipat__Sanoli-Khurd.pdf
Panipat,Sanoli Khurd,20,Sanoli Khurd,Other than Woman,NONE,0,Sanjay,Kishan Chand,0,0,Other than Women,latin,1,7340,Panipat__Sanoli-Khurd.pdf
Panipat,Sanoli Khurd,21,Tamsabad,Woman,NONE,1,Preeti Sharma,Govind Sharma,0,0,Women,latin,1,7340,Panipat__Sanoli-Khurd.pdf
Rewari,Bawal,1,Alawalpur,Other than Woman,NONE,0,Manoj Kumar,Naval Singh,0,0,Other Than Women,latin,,7420,Rewari__Bawal.pdf
Rewari,Bawal,2,Anandpur,BC-A Woman,BC_A,1,_,Sangeeta,0,0,Backward Class 'A' Women,latin,,7420,Rewari__Bawal.pdf
Rewari,Bawal,3,Aram Nagar,Other than Woman,NONE,0,_,Jaibir Singh,0,0,Other Than Women,latin,1,7420,Rewari__Bawal.pdf
Rewari,Bawal,4,Asalwas,Woman,NONE,1,_,Pooja Kumari,0,0,Women,latin,1,7420,Rewari__Bawal.pdf
Rewari,Bawal,5,Asra Ka Majra,Other than Woman,NONE,0,_,Bir Singh,0,0,Other Than Women,latin,1,7420,Rewari__Bawal.pdf
Rewari,Bawal,6,Badhrana,Woman,NONE,1,_,Koshalya Devi,0,0,Women,latin,1,7420,Rewari__Bawal.pdf
Rewari,Bawal,7,Balawas,SC Other than Woman,SC,0,_,Murari Lal,0,0,Scheduled Caste Other Than Women,latin,1,7420,Rewari__Bawal.pdf
Rewari,Bawal,8,Banipur,Other than Woman,NONE,0,_,Pawan Kumar,0,0,Other Than Women,latin,1,7420,Rewari__Bawal.pdf
Rewari,Bawal,9,Behrampur Bharangi,Woman,NONE,1,_,Poonam Bai,0,0,Women,latin,1,7420,Rewari__Bawal.pdf
Rewari,Bawal,10,Berwal,SC Woman,SC,1,_,Bhavna Kumari,0,0,Scheduled Caste Women,latin,1,7420,Rewari__Bawal.pdf
Rewari,Bawal,11,Bidawas,SC Other than Woman,SC,0,_,Mukesh Kumar,0,0,Scheduled Caste Other Than Women,latin,1,7420,Rewari__Bawal.pdf
Rewari,Bawal,12,Bishanpur,Other than Woman,NONE,0,_,Dharam Chand,0,0,Other Than Women,latin,1,7420,Rewari__Bawal.pdf
Rewari,Bawal,13,Chanduwas,Woman,NONE,1,_,Seema Devi,0,0,Women,latin,1,7420,Rewari__Bawal.pdf
Rewari,Bawal,14,Chirhara,Other than Woman,NONE,0,_,Ajit Singh,0,0,Other Than Women,latin,1,7420,Rewari__Bawal.pdf
Rewari,Bawal,15,Deodhai,Woman,NONE,1,_,Babita Kumari,0,0,Women,latin,1,7420,Rewari__Bawal.pdf
Rewari,Bawal,16,Dharan,Other than Woman,NONE,0,_,Rajesh Kumar,0,0,Other Than Women,latin,1,7420,Rewari__Bawal.pdf
Rewari,Bawal,17,Dharchana,Woman,NONE,1,_,Kirti Bai,0,0,Women,latin,1,7420,Rewari__Bawal.pdf
Rewari,Bawal,18,Dhulhera Kalan,SC Woman,SC,1,_,Reena Dhawan,0,0,Scheduled Caste Women,latin,1,7420,Rewari__Bawal.pdf
Rewari,Bawal,19,Dulhera Khurd,Other than Woman,NONE,0,_,Dharambeer,0,0,Other Than Women,latin,1,7420,Rewari__Bawal.pdf
Rewari,Bawal,20,Gujar Majri,Woman,NONE,1,_,Pooja,0,0,Women,latin,1,7420,Rewari__Bawal.pdf
Rewari,Bawal,21,Gujriwas,SC Other than Woman,SC,0,_,Dalbeer Singh,0,0,Scheduled Caste Other Than Women,latin,1,7420,Rewari__Bawal.pdf
Rewari,Bawal,22,Harchand-pur,Other than Woman,NONE,0,_,Sahil,0,0,Other Than Women,latin,1,7420,Rewari__Bawal.pdf
Rewari,Bawal,23,Ibrahimpur,SC Woman,SC,1,_,Babita,0,0,Scheduled Caste Women,latin,1,7420,Rewari__Bawal.pdf
Rewari,Bawal,24,Jaisinghpur Khera,SC Other than Woman,SC,0,_,Mukesh Kumar,0,0,Scheduled Caste Other Than Women,latin,1,7420,Rewari__Bawal.pdf
Rewari,Bawal,25,Jalalpur,Woman,NONE,1,_,Neha Tomar,0,0,Women,latin,1,7420,Rewari__Bawal.pdf
Rewari,Bawal,26,Jaliawas,SC Woman,SC,1,_,Meena Kumari,0,0,Scheduled Caste Women,latin,1,7420,Rewari__Bawal.pdf
Rewari,Bawal,27,Jhabuwa,SC Other than Woman,SC,0,_,Manoj Kumar,0,0,Scheduled Caste Other Than Women,latin,1,7420,Rewari__Bawal.pdf
Rewari,Bawal,28,Kalrawas,Other than Woman,NONE,0,_,Sandeep,0,0,Other Than Women,latin,1,7420,Rewari__Bawal.pdf
Rewari,Bawal,29,Kamalpur,Woman,NONE,1,_,Suman,0,0,Women,latin,1,7420,Rewari__Bawal.pdf
Rewari,Bawal,30,Keshopur,Other than Woman,NONE,0,_,Parbhudayal,0,0,Other Than Women,latin,1,7420,Rewari__Bawal.pdf
Rewari,Bawal,31,Khandora,SC Woman,SC,1,_,Poonam,0,0,Scheduled Caste Women,latin,1,7420,Rewari__Bawal.pdf
Rewari,Bawal,32,Kharkhari,SC Other than Woman,SC,0,_,Sonu Kumar,0,0,Scheduled Caste Other Than Women,latin,1,7420,Rewari__Bawal.pdf
Rewari,Bawal,33,Khatiwas Dhani Ahiran,BC-A Woman,BC_A,1,_,Priyanka Jangra,0,0,Backward Class 'A' Women,latin,1,7420,Rewari__Bawal.pdf
Rewari,Bawal,34,Khera Murar,Other than Woman,NONE,0,_,Satbir,0,0,Other Than Women,latin,1,7420,Rewari__Bawal.pdf
Rewari,Bawal,35,Kheri Dalusingh,Woman,NONE,1,_,Manisha Rajput,0,0,Women,latin,1,7420,Rewari__Bawal.pdf
Rewari,Bawal,36,Khijuri,Other than Woman,NONE,0,_,Satya Prakash,0,0,Other Than Women,latin,1,7420,Rewari__Bawal.pdf
Rewari,Bawal,37,Khurampur,BC-A Woman,BC_A,1,_,Pinki,0,0,Backward Class 'A' Women,latin,1,7420,Rewari__Bawal.pdf
Rewari,Bawal,38,Kishanpur,Other than Woman,NONE,0,_,Mahesh Kumar,0,0,Other Than Women,latin,1,7420,Rewari__Bawal.pdf
Rewari,Bawal,39,Mangleshwar,BC-A Woman,BC_A,1,_,Karishma,0,0,Backward Class 'A' Women,latin,1,7420,Rewari__Bawal.pdf
Rewari,Bawal,40,Mohamadpur,SC Woman,SC,1,_,Babli Devi,0,0,Scheduled Caste Women,latin,1,7420,Rewari__Bawal.pdf
Rewari,Bawal,41,Mohanpur,Other than Woman,NONE,0,_,Om Parkash,0,0,Other Than Women,latin,1,7420,Rewari__Bawal.pdf
Rewari,Bawal,42,Naichana,Other than Woman,NONE,0,_,Piarelal,0,0,Other Than Women,latin,1,7420,Rewari__Bawal.pdf
Rewari,Bawal,43,Nangal Shahbajpur,Woman,NONE,1,_,Manisha Saini,0,0,Women,latin,1,7420,Rewari__Bawal.pdf
Rewari,Bawal,44,Nangal Teju,Woman,NONE,1,_,Lokesh,0,0,Women,latin,1,7420,Rewari__Bawal.pdf
Rewari,Bawal,45,Nangal Ugra,Other than Woman,NONE,0,_,Sunder Singh,0,0,Other Than Women,latin,1,7420,Rewari__Bawal.pdf
Rewari,Bawal,46,Nangli Parsapur,Woman,NONE,1,_,Vijeta Kumari,0,0,Women,latin,1,7420,Rewari__Bawal.pdf
Rewari,Bawal,47,Narsinghpur Garhi,Other than Woman,NONE,0,_,Dharmender,0,0,Other Than Women,latin,1,7420,Rewari__Bawal.pdf
Rewari,Bawal,48,Odhi,Woman,NONE,1,_,Radha Devi,0,0,Women,latin,1,7420,Rewari__Bawal.pdf
Rewari,Bawal,49,Panwar,BC-A Other than Woman,BC_A,0,_,Jitender,0,0,Backward Class 'A' Other Than Women,latin,1,7420,Rewari__Bawal.pdf
Rewari,Bawal,50,Patuhera,SC Other than Woman,SC,0,_,Hawa Singh,0,0,Scheduled Caste Other Than Women,latin,1,7420,Rewari__Bawal.pdf
Rewari,Bawal,51,Pawti,Woman,NONE,1,_,Sunita,0,0,Women,latin,1,7420,Rewari__Bawal.pdf
Rewari,Bawal,52,Pragpura,Other than Woman,NONE,0,_,Amar Singh,0,0,Other Than Women,latin,1,7420,Rewari__Bawal.pdf
Rewari,Bawal,53,Pranpura,Woman,NONE,1,_,Suman,0,0,Women,latin,1,7420,Rewari__Bawal.pdf
Rewari,Bawal,54,Raghunath- pura,Other than Woman,NONE,0,_,Vijay Kumar,0,0,Other Than Women,latin,1,7420,Rewari__Bawal.pdf
Rewari,Bawal,55,Raipur,Woman,NONE,1,_,Annu,0,0,Women,latin,1,7420,Rewari__Bawal.pdf
Rewari,Bawal,56,Rajgarh,Other than Woman,NONE,0,_,Rakesh Singh Chauhan,0,0,Other Than Women,latin,1,7420,Rewari__Bawal.pdf
Rewari,Bawal,57,Ramsingh- pura,Woman,NONE,1,_,Saroj Devi,0,0,Women,latin,1,7420,Rewari__Bawal.pdf
Rewari,Bawal,58,Ranoli,Other than Woman,NONE,0,_,Naresh Kumar,0,0,Other Than Women,latin,1,7420,Rewari__Bawal.pdf
Rewari,Bawal,59,Ransi Majri,Woman,NONE,1,_,Kiran Devi,0,0,Women,latin,1,7420,Rewari__Bawal.pdf
Rewari,Bawal,60,Rasiawas,Other than Woman,NONE,0,_,Jai Pal Singh,0,0,Other Than Women,latin,1,7420,Rewari__Bawal.pdf
Rewari,Bawal,61,Rudh,Woman,NONE,1,_,Poonam,0,0,Women,latin,1,7420,Rewari__Bawal.pdf
Rewari,Bawal,62,Saban,Other than Woman,NONE,0,_,Sanjay Grewal,0,0,Other Than Women,latin,1,7420,Rewari__Bawal.pdf
Rewari,Bawal,63,Saidpur Urf Jaitpur,SC Woman,SC,1,_,Suman,0,0,Scheduled Caste Women,latin,1,7420,Rewari__Bawal.pdf
Rewari,Bawal,64,Sanjarpur,SC Other than Woman,SC,0,_,Ram Kishore,0,0,Scheduled Caste Other Than Women,latin,1,7420,Rewari__Bawal.pdf
Rewari,Bawal,65,Shahpur,Woman,NONE,1,_,Reena,0,0,Women,latin,1,7420,Rewari__Bawal.pdf
Rewari,Bawal,66,Shekhpur,Other than Woman,NONE,0,_,Amit,0,0,Other Than Women,latin,1,7420,Rewari__Bawal.pdf
Rewari,Bawal,67,Subasari,Woman,NONE,1,_,Sushila,0,0,Women,latin,1,7420,Rewari__Bawal.pdf
Rewari,Bawal,68,Sulkha,BC-A Other than Woman,BC_A,0,_,Sudhir Kumar,0,0,Backward Class 'A' Other Than Women,latin,1,7420,Rewari__Bawal.pdf
Rewari,Bawal,69,Suthana,Woman,NONE,1,_,Rina Kumari,0,0,Women,latin,1,7420,Rewari__Bawal.pdf
Rewari,Bawal,70,Suthani Dhani Suthani,Other than Woman,NONE,0,_,Pardeep Kumar,0,0,Other Than Women,latin,1,7420,Rewari__Bawal.pdf
Rewari,Bawal,71,Tankri,SC Woman,SC,1,_,Manisha Chetiwal,0,0,Scheduled Caste Women,latin,1,7420,Rewari__Bawal.pdf
Rewari,Bawal,72,Teekla,Woman,NONE,1,_,Archana Devi,0,0,Women,latin,1,7420,Rewari__Bawal.pdf
Rewari,Bawal,73,Tihara,Other than Woman,NONE,0,_,Sarjeet,0,0,Other Than Women,latin,1,7420,Rewari__Bawal.pdf
Rewari,Dahina,1,Aaliawas,Other than Woman,NONE,0,Satyapal,Ami Lal,0,0,Other than Women,latin,0,7429,Rewari__Dahina.pdf
Rewari,Dahina,2,Aulant,BC-A Woman,BC_A,1,Pinki,Sanjay Kumar,0,0,Backward Class 'A' Women,latin,1,7429,Rewari__Dahina.pdf
Rewari,Dahina,3,Bass,SC Other than Woman,SC,0,Jitender Kumar,Dharam Chand,0,0,Scheduled Caste other than Women,latin,0,7429,Rewari__Dahina.pdf
Rewari,Dahina,4,Bhathera,Other than Woman,NONE,0,Dharam Vir,Hoshiyar Singh,0,0,Other than Women,latin,0,7429,Rewari__Dahina.pdf
Rewari,Dahina,5,Bithori,Woman,NONE,1,Uganta Kumari,Ajay Singh,0,0,Women,latin,1,7429,Rewari__Dahina.pdf
Rewari,Dahina,6,Bohatwas Ahir,Other than Woman,NONE,0,Mahesh Kumar,Parmal Singh,0,0,Other than Women,latin,0,7429,Rewari__Dahina.pdf
Rewari,Dahina,7,Bohka,Woman,NONE,1,Mahima,Amit,0,0,Women,latin,1,7429,Rewari__Dahina.pdf
Rewari,Dahina,8,Buroli,Other than Woman,NONE,0,Satish Kumar,Meer Singh,0,0,Other than Women,latin,0,7429,Rewari__Dahina.pdf
Rewari,Dahina,9,Dahina,SC Woman,SC,1,Pinki,Mukesh Kumar,0,0,Scheduled Caste Women,latin,1,7429,Rewari__Dahina.pdf
Rewari,Dahina,10,Dakhora,Woman,NONE,1,Ramesh Kumari,Himmat Singh,0,0,Women,latin,1,7429,Rewari__Dahina.pdf
Rewari,Dahina,11,Daroli,Other than Woman,NONE,0,Anup Singh,Puran Singh,0,0,Other than Women,latin,0,7429,Rewari__Dahina.pdf
Rewari,Dahina,12,Dehlawas,Woman,NONE,1,Meena,Rakesh Kumar,0,0,Women,latin,1,7429,Rewari__Dahina.pdf
Rewari,Dahina,13,Dhani Jarawat,Other than Woman,NONE,0,Ajay Singh,Rajender Singh,0,0,Other than Women,latin,0,7429,Rewari__Dahina.pdf
Rewari,Dahina,14,Dhani Thather Bad,Woman,NONE,1,Preeti Bai,Surender Singh,0,0,Women,latin,1,7429,Rewari__Dahina.pdf
Rewari,Dahina,15,Dhawana,Other than Woman,NONE,0,Babu Lal,Sher Singh,0,0,Other than Women,latin,0,7429,Rewari__Dahina.pdf
Rewari,Dahina,16,Didoli,Woman,NONE,1,Neetu Devi,Nihal Singh,0,0,Women,latin,1,7429,Rewari__Dahina.pdf
Rewari,Dahina,17,Fatehpuri Tappa Dahina,SC Other than Woman,SC,0,Amar Singh,Shyonaryan,0,0,Scheduled Caste other than Women,latin,0,7429,Rewari__Dahina.pdf
Rewari,Dahina,18,Gothra Tappa Dahina,Other than Woman,NONE,0,Amrender Pal Singh,Ravinder Pal Singh,0,0,Other than Women,latin,0,7429,Rewari__Dahina.pdf
Rewari,Dahina,19,Gulabpura,SC Woman,SC,1,Sunita Devi,Mahesh Kumar,0,0,Scheduled Caste Women,latin,1,7429,Rewari__Dahina.pdf
Rewari,Dahina,20,Jainabad,Woman,NONE,1,Bhavna,Rahul,0,0,Women,latin,1,7429,Rewari__Dahina.pdf
Rewari,Dahina,21,Kahari,Other than Woman,NONE,0,Pohap Singh,Vidhyanand,0,0,Other than Women,latin,0,7429,Rewari__Dahina.pdf
Rewari,Dahina,22,Kanwali,Woman,NONE,1,Sheelwati,Deshraj,0,0,Women,latin,1,7429,Rewari__Dahina.pdf
Rewari,Dahina,23,Kheri,BC-A Other than Woman,BC_A,0,Abhey Singh,Jagdish,0,0,Backward Class 'A' other than Women,latin,0,7429,Rewari__Dahina.pdf
Rewari,Dahina,24,Kumrodha,Woman,NONE,1,Suresh Devi,Sitar Singh,0,0,Women,latin,1,7429,Rewari__Dahina.pdf
Rewari,Dahina,25,Lisan,Other than Woman,NONE,0,Jai Singh,Daya Nand,0,0,Other than Women,latin,0,7429,Rewari__Dahina.pdf
Rewari,Dahina,26,Lohana,SC Other than Woman,SC,0,Mam Chand,Ram Chander,0,0,Scheduled Caste other than Women,latin,0,7429,Rewari__Dahina.pdf
Rewari,Dahina,27,Mandola,Woman,NONE,1,Anupama Devi,Shalender Kumar,0,0,Women,latin,1,7429,Rewari__Dahina.pdf
Rewari,Dahina,28,Maseet,Other than Woman,NONE,0,Ashok,Ratanlal,0,0,Other than Women,latin,0,7429,Rewari__Dahina.pdf
Rewari,Dahina,29,Motla Kalan,Woman,NONE,1,Sanju Bala,Rahul kumar,0,0,Women,latin,1,7429,Rewari__Dahina.pdf
Rewari,Dahina,30,Motla Khurd,Other than Woman,NONE,0,Jitender Kumar,Bhauru Prasad,0,0,Other than Women,latin,0,7429,Rewari__Dahina.pdf
Rewari,Dahina,31,Mundi,Woman,NONE,1,Babli Yadav,Anil,0,0,Women,latin,1,7429,Rewari__Dahina.pdf
Rewari,Dahina,32,Nangal Bhagwanpur,Other than Woman,NONE,0,Omparkash,Prabhu Dhyal,0,0,Other than Women,latin,0,7429,Rewari__Dahina.pdf
Rewari,Dahina,33,Nangal Mundi,Woman,NONE,1,Sunder Devi,Vijay Singh,0,0,Women,latin,1,7429,Rewari__Dahina.pdf
Rewari,Dahina,34,Nimoth,BC-A Other than Woman,BC_A,0,Ram Sarup,Sohan Lal,0,0,Backward Class 'A' other than Women,latin,0,7429,Rewari__Dahina.pdf
Rewari,Dahina,35,Rampuri,Woman,NONE,1,Kavita Yadav,Sukhbir Singh,0,0,Women,latin,1,7429,Rewari__Dahina.pdf
Rewari,Dahina,36,Roliawas,SC Woman,SC,1,Pooja,Rahul,0,0,Scheduled Caste Women,latin,1,7429,Rewari__Dahina.pdf
Rewari,Dahina,37,Shrinagar,Other than Woman,NONE,0,Charanjit,Shyotaj Singh,0,0,Other than Women,latin,0,7429,Rewari__Dahina.pdf
Rewari,Dahina,38,Siha,Woman,NONE,1,Sarita Yadav,Deepak Kumar,0,0,Women,latin,1,7429,Rewari__Dahina.pdf
Rewari,Dahina,39,Uncha,SC Other than Woman,SC,0,Jaernnel Singh,Chhote Lal,0,0,Scheduled Caste other than Women,latin,0,7429,Rewari__Dahina.pdf
Rewari,Dharuhera,1,Aakera,SC Other than Woman,SC,0,Ashok,Ramesh Chand,0,0,Scheduled Caste Other Than Women,latin,1,7438,Rewari__Dharuhera.pdf
Rewari,Dharuhera,2,Alawalpur,SC Woman,SC,1,Usha Rani,Naveen Kumar,0,0,Scheduled Caste Women,latin,1,7438,Rewari__Dharuhera.pdf
Rewari,Dharuhera,3,Asiyaki Tappa Jarthal,Other than Woman,NONE,0,Tejpal,Sarjeet Singh,0,0,Other Than Women,latin,1,7438,Rewari__Dharuhera.pdf
Rewari,Dharuhera,4,Bhagthala,Woman,NONE,1,Anju,Sanjay,0,0,Women,latin,1,7438,Rewari__Dharuhera.pdf
Rewari,Dharuhera,5,Bakhapur,Other than Woman,NONE,0,Kalu Ram,Karan Phool,0,0,Other Than Women,latin,1,7438,Rewari__Dharuhera.pdf
Rewari,Dharuhera,6,Baliar Kalan,SC Other than Woman,SC,0,Rajender Singh,Parbhati,0,0,Scheduled Caste Other Than Women,latin,1,7438,Rewari__Dharuhera.pdf
Rewari,Dharuhera,7,Baliar Khurd,Woman,NONE,1,Rekha Devi,Vinod Kumar,0,0,Women,latin,1,7438,Rewari__Dharuhera.pdf
Rewari,Dharuhera,8,Bhatsana,Other than Woman,NONE,0,Bhoop Singh,Chandgi Ram,0,0,Other Than Women,latin,1,7438,Rewari__Dharuhera.pdf
Rewari,Dharuhera,9,Bhudla,Woman,NONE,1,Neha,Sarjeet,0,0,Women,latin,1,7438,Rewari__Dharuhera.pdf
Rewari,Dharuhera,10,Bolni,Other than Woman,NONE,0,Yogesh Kumar,Krishan Kumar,0,0,Other Than Women,latin,1,7438,Rewari__Dharuhera.pdf
Rewari,Dharuhera,11,Dhakia,Woman,NONE,1,Meena Kumari,Manoj Kumar,0,0,Women,latin,1,7438,Rewari__Dharuhera.pdf
Rewari,Dharuhera,12,Dungarwas,SC Other than Woman,SC,0,Vipin Kumar,Kundan Lal,0,0,Scheduled Caste Other Than Women,latin,1,7438,Rewari__Dharuhera.pdf
Rewari,Dharuhera,13,Dawana,SC Woman,SC,1,Sushila Devi,Dharmbir,0,0,Scheduled Caste Women,latin,1,7438,Rewari__Dharuhera.pdf
Rewari,Dharuhera,14,Fadni,BC-A Other than Woman,BC_A,0,Narender Kumar,Hukam Chand,0,0,Backward Class 'A' Other Than Women,latin,1,7438,Rewari__Dharuhera.pdf
Rewari,Dharuhera,15,Garhi,Other than Woman,NONE,0,Jaipal Singh,Hanuman Singh,0,0,Other Than Women,latin,1,7438,Rewari__Dharuhera.pdf
Rewari,Dharuhera,16,Garhi Alawalpur,Woman,NONE,1,Usha Devi,Jasvir Singh,0,0,Women,latin,1,7438,Rewari__Dharuhera.pdf
Rewari,Dharuhera,17,Ghatal Mahaniawas,Woman,NONE,1,Savita,Azad Singh,0,0,Women,latin,1,7438,Rewari__Dharuhera.pdf
Rewari,Dharuhera,18,Jarthal,Other than Woman,NONE,0,Rajbahadur,Ragvir Singh,0,0,Other Than Women,latin,1,7438,Rewari__Dharuhera.pdf
Rewari,Dharuhera,19,Jitpur Istmurar,Woman,NONE,1,Beena Devi,Vikram,0,0,Women,latin,1,7438,Rewari__Dharuhera.pdf
Rewari,Dharuhera,20,Jonawas,BC-A Other than Woman,BC_A,0,Pritam Kumar,Vijay Singh,0,0,Backward Class 'A' Other Than Women,latin,1,7438,Rewari__Dharuhera.pdf
Rewari,Dharuhera,21,Joniawas,Woman,NONE,1,Priyanka,Kartik Yadav,0,0,Women,latin,1,7438,Rewari__Dharuhera.pdf
Rewari,Dharuhera,22,Kapriwas,Other than Woman,NONE,0,Khajan Singh,Hoshiyar Singh,0,0,Other Than Women,latin,1,7438,Rewari__Dharuhera.pdf
Rewari,Dharuhera,23,Kasola,Woman,NONE,1,Anita Kasana,Dhara Singh,0,0,Women,latin,1,7438,Rewari__Dharuhera.pdf
Rewari,Dharuhera,24,Kasoli,Other than Woman,NONE,0,Dharam Singh,Ram Singh,0,0,Other Than Women,latin,1,7438,Rewari__Dharuhera.pdf
Rewari,Dharuhera,25,Kathuwas,Woman,NONE,1,Suman Devi,Pawan Yadav,0,0,Women,latin,1,7438,Rewari__Dharuhera.pdf
Rewari,Dharuhera,26,Khaliawas,Other than Woman,NONE,0,Raj Kumar,Vedram,0,0,Other Than Women,latin,1,7438,Rewari__Dharuhera.pdf
Rewari,Dharuhera,27,Kharkhara,Woman,NONE,1,Sushila,Vikas,0,0,Women,latin,1,7438,Rewari__Dharuhera.pdf
Rewari,Dharuhera,28,Khatawali,Other than Woman,NONE,0,Lakhi Ram,Roshan Lal,0,0,Other Than Women,latin,1,7438,Rewari__Dharuhera.pdf
Rewari,Dharuhera,29,Kheri Motla,Woman,NONE,1,Prem Lata,Hemant Kumar,0,0,Women,latin,1,7438,Rewari__Dharuhera.pdf
Rewari,Dharuhera,30,Khijuri,Other than Woman,NONE,0,Rajeev Kumar,Rampal,0,0,Other Than Women,latin,1,7438,Rewari__Dharuhera.pdf
Rewari,Dharuhera,31,Ladhuwas Gujar,Woman,NONE,1,Anita Kumari,Satbir,0,0,Women,latin,1,7438,Rewari__Dharuhera.pdf
Rewari,Dharuhera,32,Lalpur,Other than Woman,NONE,0,Kuldeep Singh,Ram Singh,0,0,Other Than Women,latin,1,7438,Rewari__Dharuhera.pdf
Rewari,Dharuhera,33,Lodhana,Woman,NONE,1,Kamlesh,Dhir Singh,0,0,Women,latin,1,7438,Rewari__Dharuhera.pdf
Rewari,Dharuhera,34,Maheshwari,SC Woman,SC,1,Meenakshi,Umed Singh,0,0,Scheduled Caste Women,latin,1,7438,Rewari__Dharuhera.pdf
Rewari,Dharuhera,35,Malahera,Other than Woman,NONE,0,Mahesh Singh,Mahender Singh,0,0,Other Than Women,latin,1,7438,Rewari__Dharuhera.pdf
Rewari,Dharuhera,36,Malpura,Woman,NONE,1,Usha,Yogesh Kumar,0,0,Women,latin,1,7438,Rewari__Dharuhera.pdf
Rewari,Dharuhera,37,Masani,Other than Woman,NONE,0,Sanjay Kumar,Kuldeep Singh,0,0,Other Than Women,latin,1,7438,Rewari__Dharuhera.pdf
Rewari,Dharuhera,38,Mukandpur Basai,SC Other than Woman,SC,0,Dhanpat Singh,Bhim Singh,0,0,Scheduled Caste Other Than Women,latin,1,7438,Rewari__Dharuhera.pdf
Rewari,Dharuhera,39,Nandrampur Bas,BC-A Woman,BC_A,1,Laxmi Meena,Gorav,0,0,Backward Class 'A' Women,latin,1,7438,Rewari__Dharuhera.pdf
Rewari,Dharuhera,40,Niganiawas,SC Woman,SC,1,Beena Kumari,Devraj,0,0,Scheduled Caste Women,latin,1,7438,Rewari__Dharuhera.pdf
Rewari,Dharuhera,41,Nikhri,Other than Woman,NONE,0,Sunil Kumar,Ramanand Yadav,0,0,Other Than Women,latin,1,7438,Rewari__Dharuhera.pdf
Rewari,Dharuhera,42,Panchgaon,Woman,NONE,1,Anju Yadav,Sandeep Kumar,0,0,Women,latin,1,7438,Rewari__Dharuhera.pdf
Rewari,Dharuhera,43,Panchor,Other than Woman,NONE,0,Ashok Kumar,Budhram,0,0,Other Than Women,latin,1,7438,Rewari__Dharuhera.pdf
Rewari,Dharuhera,44,Pithanwas,SC Other than Woman,SC,0,Pawan Kumar,Vijay Pal,0,0,Scheduled Caste Other Than Women,latin,1,7438,Rewari__Dharuhera.pdf
Rewari,Dharuhera,45,Rajpura Alamgirpur,SC Woman,SC,1,Maina Balmiki,Pardeep Kumar,0,0,Scheduled Caste Women,latin,1,7438,Rewari__Dharuhera.pdf
Rewari,Dharuhera,46,Raliawas,Woman,NONE,1,Sunita,Ashutosh,0,0,Women,latin,1,7438,Rewari__Dharuhera.pdf
Rewari,Dharuhera,47,Rasgan,Other than Woman,NONE,0,Karan Singh,Dharam Pal,1,0,Other Than Women,latin,1,7438,Rewari__Dharuhera.pdf
Rewari,Dharuhera,48,Salhawas,Woman,NONE,1,Diksha,Rakesh Kumar,0,0,Women,latin,1,7438,Rewari__Dharuhera.pdf
Rewari,Dharuhera,49,Sangwari,Other than Woman,NONE,0,Ram Singh,Desh Ram,0,0,Other Than Women,latin,1,7438,Rewari__Dharuhera.pdf
Rewari,Dharuhera,50,Sanpli,Woman,NONE,1,Archana Yadav,Rahul Kumar,0,0,Women,latin,1,7438,Rewari__Dharuhera.pdf
Rewari,Dharuhera,51,Sunaria,Other than Woman,NONE,0,Khushi Ram,Ramphal,0,0,Other Than Women,latin,1,7438,Rewari__Dharuhera.pdf
Rewari,Dharuhera,52,Tatarpur Istmurar,SC Other than Woman,SC,0,Ram Chander,Bhajan Lal,0,0,Scheduled Caste Other Than Women,latin,1,7438,Rewari__Dharuhera.pdf
Rewari,Dharuhera,53,Tatarpur Khalsa,BC-A Woman,BC_A,1,Kavita,Shadi Ram,0,0,Backward Class 'A' Women,latin,1,7438,Rewari__Dharuhera.pdf
Rewari,Jatusana,1,Asiyaki Gorawas,Other than Woman,NONE,0,Ashok Kumar,Prithvi Singh,0,0,Other than Women,latin,,7447,Rewari__Jatusana.pdf
Rewari,Jatusana,2,Babroli,Woman,NONE,1,Asha,Ashok Kumar,1,0,Women,latin,1,7447,Rewari__Jatusana.pdf
Rewari,Jatusana,3,Baldhan Kalan,Other than Woman,NONE,0,Sandeep,Omparkash,0,0,Other than Women,latin,1,7447,Rewari__Jatusana.pdf
Rewari,Jatusana,4,Baldhan Khurd,SC Other than Woman,SC,0,Raj Kumar,Har Lal,0,0,Scheduled Caste Other than Women,latin,1,7447,Rewari__Jatusana.pdf
Rewari,Jatusana,5,Berli Kalan,Woman,NONE,1,Binu yadav,Bharat Singh,0,0,Women,latin,1,7447,Rewari__Jatusana.pdf
Rewari,Jatusana,6,Berli Khurd,Other than Woman,NONE,0,Kishanpal Singh,Jatanpal Singh,0,0,Other than Women,latin,1,7447,Rewari__Jatusana.pdf
Rewari,Jatusana,7,Biharipur,Woman,NONE,1,Poonam,Birender Singh,0,0,Women,latin,1,7447,Rewari__Jatusana.pdf
Rewari,Jatusana,8,Bhotwas Bhondu,Other than Woman,NONE,0,Karmbir,Banwari Lal,0,0,Other than Women,latin,1,7447,Rewari__Jatusana.pdf
Rewari,Jatusana,9,Boria Kamalpur,BC-A Woman,BC_A,1,Neha,Satyajit Kumar,0,0,Backward Class 'A' Women,latin,1,7447,Rewari__Jatusana.pdf
Rewari,Jatusana,10,Chandanwas,Other than Woman,NONE,0,Sunil Kumar,Khushi Ram,0,0,Other than Women,latin,1,7447,Rewari__Jatusana.pdf
Rewari,Jatusana,11,Chowki No.1,Woman,NONE,1,Samoti Devi,Rajender Singh,0,0,Women,latin,1,7447,Rewari__Jatusana.pdf
Rewari,Jatusana,12,Chowki No.2,Other than Woman,NONE,0,Sandeep,Roshan Lal,0,0,Other than Women,latin,1,7447,Rewari__Jatusana.pdf
Rewari,Jatusana,13,Dhokia,Woman,NONE,1,Manisha Kumari,Gyani Ram,0,0,Women,latin,1,7447,Rewari__Jatusana.pdf
Rewari,Jatusana,14,Gadhla,Other than Woman,NONE,0,Jaibir Singh,Meershal,0,0,Other than Women,latin,1,7447,Rewari__Jatusana.pdf
Rewari,Jatusana,15,Gopalpur Gaji,Woman,NONE,1,Poonam,Sonu Ranga,0,0,Women,latin,1,7447,Rewari__Jatusana.pdf
Rewari,Jatusana,16,Gurawara,Other than Woman,NONE,0,Parveen Kumar,Om Parkash,0,0,Other than Women,latin,1,7447,Rewari__Jatusana.pdf
Rewari,Jatusana,17,Haluhera,Woman,NONE,1,Sharmila Devi,Jitender Kumar,0,0,Women,latin,1,7447,Rewari__Jatusana.pdf
Rewari,Jatusana,18,Hansawas,Other than Woman,NONE,0,Dharmender Singh,Hanuman Singh,0,0,Other than Women,latin,1,7447,Rewari__Jatusana.pdf
Rewari,Jatusana,19,Jatusana,Woman,NONE,1,Sanjogita,Manoj Kumar,0,0,Women,latin,1,7447,Rewari__Jatusana.pdf
Rewari,Jatusana,20,Jeewra,Other than Woman,NONE,0,Jaswant Singh,Umed Singh,0,0,Other than Women,latin,1,7447,Rewari__Jatusana.pdf
Rewari,Jatusana,21,Kanhora,Woman,NONE,1,Anita,Ashish Kumar,0,0,Women,latin,1,7447,Rewari__Jatusana.pdf
Rewari,Jatusana,22,Kanhori,SC Woman,SC,1,Saroj Devi,Ramkala,0,0,Scheduled Caste Women,latin,1,7447,Rewari__Jatusana.pdf
Rewari,Jatusana,23,Karawara Manakpur,SC Other than Woman,SC,0,Satish Kumar,Jagmal Singh,0,0,Scheduled Caste Other than Women,latin,1,7447,Rewari__Jatusana.pdf
Rewari,Jatusana,24,Kutubpuri Bujarg,SC Woman,SC,1,Sunita Devi,Ishwar Singh,0,0,Scheduled Caste Women,latin,1,7447,Rewari__Jatusana.pdf
Rewari,Jatusana,25,Khera Alampur,SC Other than Woman,SC,0,Narender Kumar,Nathu Ram,0,0,Scheduled Caste Other than Women,latin,1,7447,Rewari__Jatusana.pdf
Rewari,Jatusana,26,Khushpura,Other than Woman,NONE,0,Surender Singh,Ami Lal,0,0,Other than Women,latin,1,7447,Rewari__Jatusana.pdf
Rewari,Jatusana,27,Lala,BC-A Woman,BC_A,1,Pooja Devi,Jaswant Singh,0,0,Backward Class 'A' Women,latin,1,7447,Rewari__Jatusana.pdf
Rewari,Jatusana,28,Maliyaki,SC Woman,SC,1,Manisha Kumari,Rahul Kumar,0,0,Scheduled Caste Women,latin,1,7447,Rewari__Jatusana.pdf
Rewari,Jatusana,29,Mandhiya Khurd,SC Other than Woman,SC,0,Hariram,Ramjilal,0,0,Scheduled Caste Other than Women,latin,1,7447,Rewari__Jatusana.pdf
Rewari,Jatusana,30,Mastapur,SC Woman,SC,1,Diksha,Sunil Kumar,0,0,Scheduled Caste Women,latin,1,7447,Rewari__Jatusana.pdf
Rewari,Jatusana,31,Mohdinpur,Other than Woman,NONE,0,Vijay Pal,Mahender Singh,0,0,Other than Women,latin,1,7447,Rewari__Jatusana.pdf
Rewari,Jatusana,32,Murlipur,Woman,NONE,1,Manju Yadav,Yogesh Kumar,0,0,Women,latin,1,7447,Rewari__Jatusana.pdf
Rewari,Jatusana,33,Musepur,BC-A Other than Woman,BC_A,0,Ramesh Kumar,Phool Singh,0,0,Backward Class 'A' other than Women,latin,1,7447,Rewari__Jatusana.pdf
Rewari,Jatusana,34,Nainsukhpura,SC Other than Woman,SC,0,Hari Singh,Phool Singh,0,0,Scheduled Caste Other than Women,latin,1,7447,Rewari__Jatusana.pdf
Rewari,Jatusana,35,Nangal Pathani,Woman,NONE,1,Rajni Yadav,Arun Kumar,0,0,Women,latin,1,7447,Rewari__Jatusana.pdf
Rewari,Jatusana,36,Nangaliya Ranmokh,Other than Woman,NONE,0,Sudhir Kumar,Sheokar Pal Yadav,0,0,Other than Women,latin,1,7447,Rewari__Jatusana.pdf
Rewari,Jatusana,37,Pahrajwas,Woman,NONE,1,Anita,Parveen Kumar,0,0,Women,latin,1,7447,Rewari__Jatusana.pdf
Rewari,Jatusana,38,Palhawas,SC Woman,SC,1,Savita,Mahesh Kumar,0,0,Scheduled Caste Women,latin,1,7447,Rewari__Jatusana.pdf
Rewari,Jatusana,39,Parkhotampur,Other than Woman,NONE,0,Rajesh Kumar,Lakhmi Chand,1,0,Other than Women,latin,1,7447,Rewari__Jatusana.pdf
Rewari,Jatusana,40,Rajawas,Woman,NONE,1,Sangeeta,Amit,0,0,Women,latin,1,7447,Rewari__Jatusana.pdf
Rewari,Jatusana,41,Rasooli,Other than Woman,NONE,0,Harbhagat,Nand Kishor,0,0,Other than Women,latin,1,7447,Rewari__Jatusana.pdf
Rewari,Jatusana,42,Rohrai,Woman,NONE,1,Mamta,Sukhbir Singh,0,0,Women,latin,1,7447,Rewari__Jatusana.pdf
Rewari,Jatusana,43,Rojhuwas,Other than Woman,NONE,0,Dheerpal,Khemchand,0,0,Other than Women,latin,1,7447,Rewari__Jatusana.pdf
Rewari,Jatusana,44,Shadipur,Woman,NONE,1,Sudesh,Sunder,0,0,Women,latin,1,7447,Rewari__Jatusana.pdf
Rewari,Jatusana,45,Sihas,Other than Woman,NONE,0,Narender Kumar,Ishwar Singh,0,0,Other than Women,latin,1,7447,Rewari__Jatusana.pdf
Rewari,Jatusana,46,Suma Khera,SC Other than Woman,SC,0,Rohtash,Gayani Ram,0,0,Scheduled Caste Other than Women,latin,1,7447,Rewari__Jatusana.pdf
Rewari,Jatusana,47,Tehna Dipalpur,BC-A Woman,BC_A,1,Saroj,Jai Bhagwan,0,0,Backword Class 'A' Women,latin,1,7447,Rewari__Jatusana.pdf
Rewari,Khol,1,Ahrod,SC Other than Woman,SC,0,Chetan,Roshan Lal,0,0,Scheduled Caste Other Than Women,latin,1,7456,Rewari__Khol.pdf
Rewari,Khol,2,Balwari,Other than Woman,NONE,0,Rahul Kumar Tiwari,Ramkishan Tiwari,0,0,Other Than Women,latin,1,7456,Rewari__Khol.pdf
Rewari,Khol,3,Bass Dudha,Woman,NONE,1,Ram Kala,Dharambir Yadav,0,0,Women,latin,1,7456,Rewari__Khol.pdf
Rewari,Khol,4,Bawana Gujar,Other than Woman,NONE,0,Ramkaran,Vijay Singh,0,0,Other Than Women,latin,1,7456,Rewari__Khol.pdf
Rewari,Khol,5,Bhalkhi,Woman,NONE,1,Hansa Bai,Parkash Chand,0,0,Women,latin,1,7456,Rewari__Khol.pdf
Rewari,Khol,6,Bhandor,Other than Woman,NONE,0,Naresh Kumar,Nawal Kishor,0,0,Other Than Women,latin,1,7456,Rewari__Khol.pdf
Rewari,Khol,7,Cheeta Dungra,Woman,NONE,1,Usha Yadav,Raj Kumar,0,0,Women,latin,1,7456,Rewari__Khol.pdf
Rewari,Khol,8,Chimnawas,Other than Woman,NONE,0,Narender Yadav,Mohan Lal,0,0,Other Than Women,latin,1,7456,Rewari__Khol.pdf
Rewari,Khol,9,Dhamlawas,Woman,NONE,1,Manju Devi,Subhash Chand,0,0,Women,latin,1,7456,Rewari__Khol.pdf
Rewari,Khol,10,Dhani Radha,Other than Woman,NONE,0,Sanjay,Rajender Singh,0,0,Other Than Women,latin,1,7456,Rewari__Khol.pdf
Rewari,Khol,11,Dhani Sobha,Woman,NONE,1,Kamla Devi,Raj Singh,0,0,Women,latin,1,7456,Rewari__Khol.pdf
Rewari,Khol,12,Dhani Sundroj,SC Woman,SC,1,Suman,Pardeep Kumar,0,0,Scheduled Caste Women,latin,1,7456,Rewari__Khol.pdf
Rewari,Khol,13,Dhani Santo,Other than Woman,NONE,0,Raj Singh,Sultan Singh,0,0,Other Than Women,latin,1,7456,Rewari__Khol.pdf
Rewari,Khol,14,Goliaka,Woman,NONE,1,Manju,Manish Kumar,0,0,Women,latin,1,7456,Rewari__Khol.pdf
Rewari,Khol,15,Gopalpur Urf Pranpura,SC Woman,SC,1,Renu Bala,Sumit Kumar,0,0,Scheduled Caste Women,latin,1,7456,Rewari__Khol.pdf
Rewari,Khol,16,Gothra Tappa Khori,Other than Woman,NONE,0,Surender Singh,Mahender Pal Singh,0,0,Other Than Women,latin,1,7456,Rewari__Khol.pdf
Rewari,Khol,17,Gumina,Woman,NONE,1,Renu Rani,Shiv Kumar,0,0,Women,latin,1,7456,Rewari__Khol.pdf
Rewari,Khol,18,Harjipur,Other than Woman,NONE,0,Surender Singh,Gisa Ram,0,0,Other Than Women,latin,1,7456,Rewari__Khol.pdf
Rewari,Khol,19,Khaleta,Woman,NONE,1,Sunita Devi,Satyaroop,0,0,Women,latin,1,7456,Rewari__Khol.pdf
Rewari,Khol,20,Khol,Other than Woman,NONE,0,Bir Singh,Ratan Singh,0,0,Other Than Women,latin,1,7456,Rewari__Khol.pdf
Rewari,Khol,21,Khori,Woman,NONE,1,Rekha,Vikas Kumar,0,0,Women,latin,1,7456,Rewari__Khol.pdf
Rewari,Khol,22,Kolana,Other than Woman,NONE,0,Rajiv Kumar,Mahabir,0,0,Other Than Women,latin,1,7456,Rewari__Khol.pdf
Rewari,Khol,23,Kund,Woman,NONE,1,Manju Devi,Mahesh Kumar Sharma,0,0,Women,latin,1,7456,Rewari__Khol.pdf
Rewari,Khol,24,Kundal,Other than Woman,NONE,0,Ramphal,Ganga Sahay,0,0,Other Than Women,latin,1,7456,Rewari__Khol.pdf
Rewari,Khol,25,Mailawas,Woman,NONE,1,Kanchan Yadav,Manoj Kumar,0,0,Women,latin,1,7456,Rewari__Khol.pdf
Rewari,Khol,26,Majra Mustal Bhalkhi,Other than Woman,NONE,0,Ravinder Kumar,Mahipal Singh,0,0,Other Than Women,latin,1,7456,Rewari__Khol.pdf
Rewari,Khol,27,Mamaria Ahir,Woman,NONE,1,Pramila Yadav,Sanjay,0,0,Women,latin,1,7456,Rewari__Khol.pdf
Rewari,Khol,28,Mamaria Asampur,Other than Woman,NONE,0,Ashok Kumar,Kanwar Singh,0,0,Other Than Women,latin,1,7456,Rewari__Khol.pdf
Rewari,Khol,29,Mamaria Thethar,Woman,NONE,1,Anita Kumari,Bhim Sharma,0,0,Women,latin,1,7456,Rewari__Khol.pdf
Rewari,Khol,30,Manethi,SC Other than Woman,SC,0,Deshraj,Sukhdev,0,0,Scheduled Caste Other Than Women,latin,1,7456,Rewari__Khol.pdf
Rewari,Khol,31,Mayan,BC-A Other than Woman,BC_A,0,Bhupender Singh,Jagdish Prasad,0,0,Backward Class 'A' Other Than Women,latin,1,7456,Rewari__Khol.pdf
Rewari,Khol,32,Nandha,SC Woman,SC,1,Rina,Pardeep Kumar,0,0,Scheduled Caste Women,latin,1,7456,Rewari__Khol.pdf
Rewari,Khol,33,Nangal Jamalpur,BC-A Woman,BC_A,1,Poonam Devi,Balbir,0,0,Backward Class 'A' Women,latin,1,7456,Rewari__Khol.pdf
Rewari,Khol,34,Padla,SC Other than Woman,SC,0,Sheonarain,Shankar Lal,0,0,Scheduled Caste Other Than Women,latin,1,7456,Rewari__Khol.pdf
Rewari,Khol,35,Pali,Other than Woman,NONE,0,Jitender Kumar,Rajender Singh,0,0,Other Than Women,latin,1,7456,Rewari__Khol.pdf
Rewari,Khol,36,Pithrawas,BC-A Woman,BC_A,1,Anita Sharma,Mohit Kumar,0,0,Backward Class 'A' Women,latin,1,7456,Rewari__Khol.pdf
Rewari,Khol,37,Punsika,Other than Woman,NONE,0,Satyapal Yadav,Manhorlal,0,0,Other Than Women,latin,1,7456,Rewari__Khol.pdf
Rewari,Khol,38,Rajiaka,SC Other than Woman,SC,0,Phool Chand,Jagdish,0,0,Scheduled Caste Other Than Women,latin,1,7456,Rewari__Khol.pdf
Rewari,Khol,39,Rajpura Istmurar,Woman,NONE,1,Soma,Ramakant,0,0,Women,latin,1,7456,Rewari__Khol.pdf
Rewari,Khol,40,Shahbajpur Istmurar,Other than Woman,NONE,0,Rao Siddharth Yadav,Kundan Singh,0,0,Other Than Women,latin,1,7456,Rewari__Khol.pdf
Rewari,Khol,41,Sundroj,SC Woman,SC,1,Parveen,Sunny Kumar,0,0,Scheduled Caste Women,latin,1,7456,Rewari__Khol.pdf
Rewari,Khol,42,Tint,Woman,NONE,1,Gazal,Naresh Kumar,0,0,Women,latin,1,7456,Rewari__Khol.pdf
Rewari,Nahar,1,Ahamdpur Parthal,Other than Woman,NONE,0,Sonu Yadav,Manphool Singh,0,0,Other Than Women,latin,,7465,Rewari__Nahar.pdf
Rewari,Nahar,2,Bahala,Woman,NONE,1,Neha Yadav,Satyapal,0,0,Women,latin,,7465,Rewari__Nahar.pdf
Rewari,Nahar,3,Bahrampur,SC Other than Woman,SC,0,Mohit Kumar,Ramkishan,0,0,Sc Other Than Women,latin,1,7465,Rewari__Nahar.pdf
Rewari,Nahar,4,Bass,Other than Woman,NONE,0,Govind Singh,Munilal,0,0,Other Than Women,latin,1,7465,Rewari__Nahar.pdf
Rewari,Nahar,5,Bawwa,Woman,NONE,1,Sunita Devi,Naresh Kumar,0,0,Women,latin,1,7465,Rewari__Nahar.pdf
Rewari,Nahar,6,Bhakali -II,SC Woman,SC,1,Balintra,Deepak Kumar,0,0,Sc Women,latin,1,7465,Rewari__Nahar.pdf
Rewari,Nahar,7,Bhakli,Other than Woman,NONE,0,Shyam Singh,Jai Singh,0,0,Other Than Women,latin,1,7465,Rewari__Nahar.pdf
Rewari,Nahar,8,Bharangi,Woman,NONE,1,Sanyogita,Satnarayan,0,0,Women,latin,1,7465,Rewari__Nahar.pdf
Rewari,Nahar,9,Bhuriawas,Other than Woman,NONE,0,Ajender Yadav,Mahender Singh,0,0,Other Than Women,latin,1,7465,Rewari__Nahar.pdf
Rewari,Nahar,10,Bhurthala,Woman,NONE,1,Ramkala,Shradanand,0,0,Women,latin,1,7465,Rewari__Nahar.pdf
Rewari,Nahar,11,Bishoa,BC-A Other than Woman,BC_A,0,Radheyshyam,Ramniwas,0,0,BackClass (A) Other Than Women,latin,1,7465,Rewari__Nahar.pdf
Rewari,Nahar,12,Chhawa,Woman,NONE,1,Rajbala,Shamsher,0,0,Women,latin,1,7465,Rewari__Nahar.pdf
Rewari,Nahar,13,Garhi,BC-A Other than Woman,BC_A,0,Rakesh,Ramniwas,0,0,BackClass (A) Other Than Women,latin,1,7465,Rewari__Nahar.pdf
Rewari,Nahar,14,Gudiani,SC Other than Woman,SC,0,Narender Kumar,Rohtas Singh,0,0,Sc Other Than Women,latin,1,7465,Rewari__Nahar.pdf
Rewari,Nahar,15,Gugodh,Woman,NONE,1,Pooja Devi,Dharmender,0,0,Women,latin,1,7465,Rewari__Nahar.pdf
Rewari,Nahar,16,Gujarwas,Other than Woman,NONE,0,Krishan,Bhagmal,0,0,Other Than Women,latin,1,7465,Rewari__Nahar.pdf
Rewari,Nahar,17,Jahidpur Tappa Kosli,Woman,NONE,1,Meenakshi Devi,Preet Jeet Yadav,0,0,Women,latin,1,7465,Rewari__Nahar.pdf
Rewari,Nahar,18,Jakhala,BC-A Other than Woman,BC_A,0,Ran Singh,Bahadur Singh,0,0,BackClass (A) Other Than Women,latin,1,7465,Rewari__Nahar.pdf
Rewari,Nahar,19,Jhal,Woman,NONE,1,Jyoti,Vikram,0,0,Women,latin,1,7465,Rewari__Nahar.pdf
Rewari,Nahar,20,Jharoda,Other than Woman,NONE,0,Inderjeet,Ved Parkash,0,0,Other Than Women,latin,1,7465,Rewari__Nahar.pdf
Rewari,Nahar,21,Jholri,Woman,NONE,1,Rajesh Devi,Sunil Kumar,0,0,Women,latin,1,7465,Rewari__Nahar.pdf
Rewari,Nahar,22,Juddi,Other than Woman,NONE,0,Ajit Kumar,Ram Sharan Singh,0,0,Other Than Women,latin,1,7465,Rewari__Nahar.pdf
Rewari,Nahar,23,Kanharwas,SC Woman,SC,1,Seema Bai,Mahesh Kumar,0,0,Sc Women,latin,1,7465,Rewari__Nahar.pdf
Rewari,Nahar,24,Karoli,Woman,NONE,1,Sharmila,Ramesh Kumar,0,0,Women,latin,1,7465,Rewari__Nahar.pdf
Rewari,Nahar,25,Khurshid Nagar,Other than Woman,NONE,0,Mahabir Singh,Ganpat Singh,0,0,Other Than Women,latin,1,7465,Rewari__Nahar.pdf
Rewari,Nahar,26,Koharar,Woman,NONE,1,Kiran,Ranbir,0,0,Women,latin,1,7465,Rewari__Nahar.pdf
Rewari,Nahar,27,Kosli,BC-A Other than Woman,BC_A,0,Ram Kishan,Jag Ram,0,0,BackClass (A) Other Than Women,latin,1,7465,Rewari__Nahar.pdf
Rewari,Nahar,28,Lilodh,Woman,NONE,1,Laxmi Bai,Bhagwan Dev,0,0,Women,latin,1,7465,Rewari__Nahar.pdf
Rewari,Nahar,29,Lukhi,SC Other than Woman,SC,0,Omparkash,Maruram,0,0,Sc Other Than Women,latin,1,7465,Rewari__Nahar.pdf
Rewari,Nahar,30,Lulaahir,SC Woman,SC,1,Suman Bai,Ramesh Kumar,0,0,Sc Women,latin,1,7465,Rewari__Nahar.pdf
Rewari,Nahar,31,Mumtajpur,Other than Woman,NONE,0,Sajjan Singh,Sher Singh,0,0,Other Than Women,latin,1,7465,Rewari__Nahar.pdf
Rewari,Nahar,32,Mundra,Woman,NONE,1,Umesh,Om Parkash,0,0,Women,latin,1,7465,Rewari__Nahar.pdf
Rewari,Nahar,33,Nahar,Other than Woman,NONE,0,Mahender Singh,Raghuvir Singh,0,0,Other Than Women,latin,1,7465,Rewari__Nahar.pdf
Rewari,Nahar,34,Nathera,SC Other than Woman,SC,0,Manoj Kumar,Mangtu Ram,0,0,Sc Other Than Women,latin,1,7465,Rewari__Nahar.pdf
Rewari,Nahar,35,Naya Gaon,Woman,NONE,1,Anjali,Ashok Kumar,0,0,Women,latin,1,7465,Rewari__Nahar.pdf
Rewari,Nahar,36,Nehrugarh,Other than Woman,NONE,0,Ashish,Rajpal,0,0,Other Than Women,latin,1,7465,Rewari__Nahar.pdf
Rewari,Nahar,37,Rattanthal,Woman,NONE,1,Sunita Devi,Ranjit Singh,0,0,Women,latin,1,7465,Rewari__Nahar.pdf
Rewari,Nahar,38,Shadat Nagar,Other than Woman,NONE,0,Pahlad Singh,Roopram,0,0,Other Than Women,latin,1,7465,Rewari__Nahar.pdf
Rewari,Nahar,39,Shadipur,Woman,NONE,1,Anju Devi,Rajesh Kumar,0,0,Women,latin,1,7465,Rewari__Nahar.pdf
Rewari,Nahar,40,Sham Nagar,Other than Woman,NONE,0,Surender Kumar,Ami Lal,0,0,Other Than Women,latin,1,7465,Rewari__Nahar.pdf
Rewari,Nahar,41,Sudhrana,Woman,NONE,1,Sanju Yadav,Satbir,0,0,Women,latin,1,7465,Rewari__Nahar.pdf
Rewari,Nahar,42,Surakhpur Tappa Kosli,Other than Woman,NONE,0,Ramesh,Daryav Singh,0,0,Other Than Women,latin,1,7465,Rewari__Nahar.pdf
Rewari,Nahar,43,Surheli,SC Woman,SC,1,Suman Bai,Harikesh,0,0,Sc Women,latin,1,7465,Rewari__Nahar.pdf
Rewari,Nahar,44,Tumna,SC Other than Woman,SC,0,Naval Singh,Ram Singh,0,0,Sc Other Than Women,latin,1,7465,Rewari__Nahar.pdf
Rewari,Nahar,45,Ushmapur,Woman,NONE,1,Sneh Lata,Rambir Singh,0,0,Women,latin,1,7465,Rewari__Nahar.pdf
Rewari,Rewari,1,Akbarpur,Other than Woman,NONE,0,Neki Ram,Rampat,0,0,Other than Woman,latin,,7474,Rewari__Rewari.pdf
Rewari,Rewari,2,Balawas Ahir,Woman,NONE,1,Kavita Yadav,Harinder Yadav,0,0,Woman,latin,,7474,Rewari__Rewari.pdf
Rewari,Rewari,3,Balawas Jamapur,Other than Woman,NONE,0,Anil Kumar,Mahavir,0,0,Other than Woman,latin,1,7474,Rewari__Rewari.pdf
Rewari,Rewari,4,Bamber,Woman,NONE,1,Manisha,Rahul Yadav,0,0,Woman,latin,1,7474,Rewari__Rewari.pdf
Rewari,Rewari,5,Bariawas,BC-A Other than Woman,BC_A,0,Chanderkant,Kanhaiyalal,0,0,BackClass (A) Other than Woman,latin,1,7474,Rewari__Rewari.pdf
Rewari,Rewari,6,Bhagwanpur,Woman,NONE,1,Krishana Devi,Dharmpal,0,0,Woman,latin,1,7474,Rewari__Rewari.pdf
Rewari,Rewari,7,Bharawas,BC-A Other than Woman,BC_A,0,Sunil Kumar,Shish Ram,0,0,BackClass (A) Other than Woman,latin,1,7474,Rewari__Rewari.pdf
Rewari,Rewari,8,Bhudpur,Woman,NONE,1,Monika Yadav,Surender Singh Yadav,0,0,Woman,latin,1,7474,Rewari__Rewari.pdf
Rewari,Rewari,9,Bhurthal Jat,Other than Woman,NONE,0,Ishwar Singh,Phoosal Singh,0,0,Other than Woman,latin,1,7474,Rewari__Rewari.pdf
Rewari,Rewari,10,Bikaner,Woman,NONE,1,Manju,Ashish Kumar,0,0,Woman,latin,1,7474,Rewari__Rewari.pdf
Rewari,Rewari,11,Bithwana,Other than Woman,NONE,0,Sanjay Kumar,Azad Singh,0,0,Other than Woman,latin,1,7474,Rewari__Rewari.pdf
Rewari,Rewari,12,Budana,SC Other than Woman,SC,0,Rajkumar,Desh Raj,0,0,Schedule Caste Other than Woman,latin,1,7474,Rewari__Rewari.pdf
Rewari,Rewari,13,Budani,Woman,NONE,1,Usha,Satbir,0,0,Woman,latin,1,7474,Rewari__Rewari.pdf
Rewari,Rewari,14,Chandawas,Other than Woman,NONE,0,Sunil Kumar,Satya Narain,0,0,Other than Woman,latin,1,7474,Rewari__Rewari.pdf
Rewari,Rewari,15,Chhuriawas,Woman,NONE,1,Neelam Devi,Mukesh Kumar,0,0,Woman,latin,1,7474,Rewari__Rewari.pdf
Rewari,Rewari,16,Chillar,SC Woman,SC,1,Priyanka,Ravi Kumar,0,0,Schedule Caste Woman,latin,1,7474,Rewari__Rewari.pdf
Rewari,Rewari,17,Dabri,Other than Woman,NONE,0,Mehar Chand,Ganga Singh,0,0,Other than Woman,latin,1,7474,Rewari__Rewari.pdf
Rewari,Rewari,18,Daliaki,Woman,NONE,1,Sushila Devi,Surender Kumar,0,0,Woman,latin,1,7474,Rewari__Rewari.pdf
Rewari,Rewari,19,Devlawas,Other than Woman,NONE,0,Dharmender,Rajender Singh,0,0,Other than Woman,latin,1,7474,Rewari__Rewari.pdf
Rewari,Rewari,20,Dhaliawas,Woman,NONE,1,Sushila Devi,Balraj Yadav,0,0,Woman,latin,1,7474,Rewari__Rewari.pdf
Rewari,Rewari,21,Dohki,Other than Woman,NONE,0,Tejpal,Prithvi Singh,0,0,Other than Woman,latin,1,7474,Rewari__Rewari.pdf
Rewari,Rewari,22,Fideri,SC Other than Woman,SC,0,Lal Singh,Kanhiya Lal,0,0,Schedule Caste Other than Woman,latin,1,7474,Rewari__Rewari.pdf
Rewari,Rewari,23,Gangaycha Ahir,Woman,NONE,1,Pooja Yaday,Parveen,0,0,Woman,latin,1,7474,Rewari__Rewari.pdf
Rewari,Rewari,24,Gangaycha Jat,SC Woman,SC,1,Manisha Kumari,Bapinder,0,0,Schedule Caste Woman,latin,1,7474,Rewari__Rewari.pdf
Rewari,Rewari,25,Ghurkawas,SC Other than Woman,SC,0,Shish Ram,Harphool,0,0,Schedule Caste Other than Woman,latin,1,7474,Rewari__Rewari.pdf
Rewari,Rewari,26,Gindokhar,SC Woman,SC,1,Kanta,Ramesh Kumar,0,0,Schedule Caste Woman,latin,1,7474,Rewari__Rewari.pdf
Rewari,Rewari,27,Gokal Garh,Other than Woman,NONE,0,Rajbir Singh,Sher Singh,0,0,Other than Woman,latin,1,7474,Rewari__Rewari.pdf
Rewari,Rewari,28,Gokalpur,Woman,NONE,1,Sumitra,Anil,0,0,Woman,latin,1,7474,Rewari__Rewari.pdf
Rewari,Rewari,29,Hansaka,BC-A Other than Woman,BC_A,0,Sataypal Singh,Hira Lal,0,0,BackClass (A) Other than Woman,latin,1,7474,Rewari__Rewari.pdf
Rewari,Rewari,30,Husainpur,Woman,NONE,1,Sunita Kumari,Deepak Kumar,0,0,Woman,latin,1,7474,Rewari__Rewari.pdf
Rewari,Rewari,31,Jadra,SC Other than Woman,SC,0,Ishwar Singh,Indraj,0,0,Schedule Caste Other than Woman,latin,1,7474,Rewari__Rewari.pdf
Rewari,Rewari,32,Jaitpur Shekhpur,Other than Woman,NONE,0,Lokesh Kumar,Netrapal,0,0,other than Woman,latin,1,7474,Rewari__Rewari.pdf
Rewari,Rewari,33,Jaitrawas,SC Woman,SC,1,Hemlata,Ramphal,0,0,Schedule Caste Woman,latin,1,7474,Rewari__Rewari.pdf
Rewari,Rewari,34,Jant Sairwas,SC Other than Woman,SC,0,Azad Singh,Tara Chand,0,0,Schedule Caste Other than Woman,latin,1,7474,Rewari__Rewari.pdf
Rewari,Rewari,35,Janti,Woman,NONE,1,Snehlata,Kaluram,0,0,Woman,latin,1,7474,Rewari__Rewari.pdf
Rewari,Rewari,36,Jatuwas,Other than Woman,NONE,0,Ramesh Kumar,Manphool Singh,0,0,Other than Woman,latin,1,7474,Rewari__Rewari.pdf
Rewari,Rewari,37,Kakoria,SC Woman,SC,1,Tamanna Kumari,Aman,0,0,Schedule Caste Woman,latin,1,7474,Rewari__Rewari.pdf
Rewari,Rewari,38,Kalaka,Woman,NONE,1,Geeta,Devender,0,0,Woman,latin,1,7474,Rewari__Rewari.pdf
Rewari,Rewari,39,Kaluwas,Other than Woman,NONE,0,Sonu Kumar,Vinod Yadav,0,0,Other than Woman,latin,1,7474,Rewari__Rewari.pdf
Rewari,Rewari,40,Kamalpur,Woman,NONE,1,Neelam Kumari,Vishal,0,0,Woman,latin,1,7474,Rewari__Rewari.pdf
Rewari,Rewari,41,Karnawas,SC Other than Woman,SC,0,Ashok Kumar,Shri Ram,0,0,Schedule Caste Other than Woman,latin,1,7474,Rewari__Rewari.pdf
Rewari,Rewari,42,Kaunsiwas,Other than Woman,NONE,0,Sunil Kumar,Dev Karan,0,0,Other than Woman,latin,1,7474,Rewari__Rewari.pdf
Rewari,Rewari,43,Khalilpuri,Woman,NONE,1,Meeki Kumari,Vivek Kumar,0,0,Woman,latin,1,7474,Rewari__Rewari.pdf
Rewari,Rewari,44,Kharagwas,Other than Woman,NONE,0,Balram,Mool Chand,0,0,Other than Woman,latin,1,7474,Rewari__Rewari.pdf
Rewari,Rewari,45,Kharsanki,Woman,NONE,1,Sharda Devi,Arun Yadav,0,0,Woman,latin,1,7474,Rewari__Rewari.pdf
Rewari,Rewari,46,Kishangarh,SC Woman,SC,1,Kusum Lata,Sanjay Kumar,0,0,Schedule Caste Woman,latin,1,7474,Rewari__Rewari.pdf
Rewari,Rewari,47,Kumbhawas,SC Other than Woman,SC,0,Ravi Kumar,Rohtash Singh,0,0,Schedule Caste Other than Woman,latin,1,7474,Rewari__Rewari.pdf
Rewari,Rewari,48,Ladhuwas Ahir,Other than Woman,NONE,0,Sumit Kumar,Rajpal Yadav,0,0,other than Woman,latin,1,7474,Rewari__Rewari.pdf
Rewari,Rewari,49,Lakhnor,Woman,NONE,1,Rachna Yadav,Rishiraj,0,0,Woman,latin,1,7474,Rewari__Rewari.pdf
Rewari,Rewari,50,Lisana,BC-A Other than Woman,BC_A,0,Shri Bhagwan,Raghunath,0,0,BackClass (A) Other than Woman,latin,1,7474,Rewari__Rewari.pdf
Rewari,Rewari,51,Majra Gurdas,Woman,NONE,1,Veena Urf Parveen Kumari,Vikram Singh,0,0,Woman,latin,1,7474,Rewari__Rewari.pdf
Rewari,Rewari,52,Majra Sheoraj,Other than Woman,NONE,0,Jayco,Subhash Chand,0,0,Other than Woman,latin,1,7474,Rewari__Rewari.pdf
Rewari,Rewari,53,Mandhia Kalan,SC Woman,SC,1,Indra Devi,Baljeet Singh,0,0,Schedule Caste Woman,latin,1,7474,Rewari__Rewari.pdf
Rewari,Rewari,54,Meerpur,Woman,NONE,1,Sanju,Jai Parkash,0,0,Woman,latin,1,7474,Rewari__Rewari.pdf
Rewari,Rewari,55,Mundhalia,SC Other than Woman,SC,0,Deendayal,Harphool,1,0,Schedule Caste Other than Woman,latin,1,7474,Rewari__Rewari.pdf
Rewari,Rewari,56,Nangli Godha,Other than Woman,NONE,0,Hemant Kumar,Guru Datt,0,0,Other than Woman,latin,1,7474,Rewari__Rewari.pdf
Rewari,Rewari,57,Narayanpur,Woman,NONE,1,Munesh Devi,Jai Singh,0,0,Woman,latin,1,7474,Rewari__Rewari.pdf
Rewari,Rewari,58,Naya Gaon,Other than Woman,NONE,0,Vishwapal,Dharampal,0,0,Other than Woman,latin,1,7474,Rewari__Rewari.pdf
Rewari,Rewari,59,Padhiawas,Woman,NONE,1,Poonam Bai,Bijender,0,0,Woman,latin,1,7474,Rewari__Rewari.pdf
Rewari,Rewari,60,Rajpura Khalsa,Other than Woman,NONE,0,Dharambir Singh,Johri Lal,0,0,Other than Woman,latin,1,7474,Rewari__Rewari.pdf
Rewari,Rewari,61,Ramgarh,BC-A Woman,BC_A,1,Sunita Kumari,Sonu Kumar,0,0,BackClass (A) Woman,latin,1,7474,Rewari__Rewari.pdf
Rewari,Rewari,62,Rampura,Other than Woman,NONE,0,Naresh Kumar,Umrao Singh,0,0,Other than Woman,latin,1,7474,Rewari__Rewari.pdf
Rewari,Rewari,63,Saharanwas,Woman,NONE,1,Krishna,Vijay Singh,0,0,Woman,latin,1,7474,Rewari__Rewari.pdf
Rewari,Rewari,64,Shahbajpur Khalsa,Other than Woman,NONE,0,Manoj Kumar,Ramotar Yadav,0,0,Other than Woman,latin,1,7474,Rewari__Rewari.pdf
Rewari,Rewari,65,Shekhpur Shikarpur,Woman,NONE,1,Madhubala,Parveen,0,0,Woman,latin,1,7474,Rewari__Rewari.pdf
Rewari,Rewari,66,Thothwal,SC Woman,SC,1,Poonam,Pramesh Kumar,0,0,Schedule Caste Woman,latin,1,7474,Rewari__Rewari.pdf
Rohtak,Kalanaur,1,Anwal,Other than Woman,NONE,0,Sunder Lal,Sh. Laxman Singh,0,0,Other than Women,latin,1,7025,Rohtak__Kalanaur.pdf
Rohtak,Kalanaur,2,Ballab,BC-A Woman,BC_A,1,Sunita,Sh.Sombir,0,0,Backward Class ‘A’ Women,latin,1,7025,Rohtak__Kalanaur.pdf
Rohtak,Kalanaur,3,Baniyani,SC Other than Woman,SC,0,Om Parkash,Sh. Kheema Ram,0,0,Scheduled Caste other than Women,latin,1,7025,Rohtak__Kalanaur.pdf
Rohtak,Kalanaur,4,Basana,BC-A Woman,BC_A,1,Pinki Devi,Sh.Pankaj,0,0,Backward Class ‘A’ Women,latin,1,7025,Rohtak__Kalanaur.pdf
Rohtak,Kalanaur,5,Bhali Anandpur,Other than Woman,NONE,0,Joginder Kumar,Sh. Azad Singh,0,0,Other than Women,latin,1,7025,Rohtak__Kalanaur.pdf
Rohtak,Kalanaur,6,Garhi Ballab,Woman,NONE,1,SNEHLATA,Sh. Dalbir Singh,0,0,Women,latin,1,7025,Rohtak__Kalanaur.pdf
Rohtak,Kalanaur,7,Garnawathi,Other than Woman,NONE,0,Sh. Satyavir Singh,Sh. Rai Singh,0,0,Other than Women,latin,1,7025,Rohtak__Kalanaur.pdf
Rohtak,Kalanaur,8,Gudhan,Woman,NONE,1,Renu Rani,Sh. Sombir,0,0,Women,latin,1,7025,Rohtak__Kalanaur.pdf
Rohtak,Kalanaur,9,Jindran,SC Other than Woman,SC,0,Dharamvir Chauhan,Sh. Lekh Ram,0,0,Scheduled Caste other than Women,latin,1,7025,Rohtak__Kalanaur.pdf
Rohtak,Kalanaur,10,Kahnaur,SC Woman,SC,1,Nisha,Sh. Naveen Kumar,0,0,Scheduled Caste Women,latin,1,7025,Rohtak__Kalanaur.pdf
Rohtak,Kalanaur,11,Kakrana,SC Other than Woman,SC,0,Rakesh Kumar,Sh. Raj Kumar,0,0,Scheduled Caste other than Women,latin,1,7025,Rohtak__Kalanaur.pdf
Rohtak,Kalanaur,12,Katesra,Other than Woman,NONE,0,Dharm Singh,Sh. Lakhi ram,0,0,Other than Women,latin,1,7025,Rohtak__Kalanaur.pdf
Rohtak,Kalanaur,13,Kherari,Woman,NONE,1,Nirmala Devi,Sh. Krishan,0,0,Women,latin,1,7025,Rohtak__Kalanaur.pdf
Rohtak,Kalanaur,14,Lahli,SC Woman,SC,1,Kashmiri,Sh. Krishan Kumar,0,0,Scheduled Caste Women,latin,1,7025,Rohtak__Kalanaur.pdf
Rohtak,Kalanaur,15,Marodhi Jattan,SC Other than Woman,SC,0,Anoop Singh,Sh. Maha Singh,0,0,Scheduled Caste other than Women,latin,1,7025,Rohtak__Kalanaur.pdf
Rohtak,Kalanaur,16,Marodhi Rangran,SC Woman,SC,1,Mausam,Sh. Bijender Kumar,0,0,Scheduled Caste Women,latin,1,7025,Rohtak__Kalanaur.pdf
Rohtak,Kalanaur,17,Masoodpur,Other than Woman,NONE,0,Bhagwat Dayal,Sh. Rishi Ram,0,0,Other than Women,latin,1,7025,Rohtak__Kalanaur.pdf
Rohtak,Kalanaur,18,Nigana,SC Other than Woman,SC,0,Bhagat Singh,Kirori Mal,0,0,Scheduled Caste other than Women,latin,1,7025,Rohtak__Kalanaur.pdf
Rohtak,Kalanaur,19,Patwapur,Woman,NONE,1,Jyoti,Sh. Sunil Dhull,0,0,Women,latin,1,7025,Rohtak__Kalanaur.pdf
Rohtak,Kalanaur,20,Pilana,Other than Woman,NONE,0,Jitender,Sh. Suraj Bhan,0,0,Other than Women,latin,1,7025,Rohtak__Kalanaur.pdf
Rohtak,Kalanaur,21,Saimpal,Woman,NONE,1,Kavita,Sh. Ravinder Kumar,0,0,Women,latin,1,7025,Rohtak__Kalanaur.pdf
Rohtak,Kalanaur,22,Sangahera,Other than Woman,NONE,0,Chuni Lal,Sh. Jai Kishan,0,0,Other than Women,latin,1,7025,Rohtak__Kalanaur.pdf
Rohtak,Kalanaur,23,Sundana,Woman,NONE,1,Anju Bala,Sh. Dalel Singh,0,0,Women,latin,1,7025,Rohtak__Kalanaur.pdf
Rohtak,Kalanaur,24,Taimurpur,SC Woman,SC,1,Mamta,Sh. Naresh,0,0,Scheduled Caste Women,latin,1,7025,Rohtak__Kalanaur.pdf
Rohtak,Lakhan Majra,1,Bainsi,BC-A Other than Woman,BC_A,0,Aman,Sh.Birsingh,0,0,"Backward Class ""A"" other than Women",latin,1,7124,Rohtak__Lakhan-Majra.pdf
Rohtak,Lakhan Majra,2,Chandi,Woman,NONE,1,Santosh Devi,Sh.Bijender,0,0,Women,latin,1,7124,Rohtak__Lakhan-Majra.pdf
Rohtak,Lakhan Majra,3,Chiri,Other than Woman,NONE,0,Naveen Kumar,Sh.Subash Chander,0,0,Other than Women,latin,1,7124,Rohtak__Lakhan-Majra.pdf
Rohtak,Lakhan Majra,4,Gharauthi,Woman,NONE,1,Ritu,Sh.Ravi,0,0,Women,latin,1,7124,Rohtak__Lakhan-Majra.pdf
Rohtak,Lakhan Majra,5,Gugaheri,Other than Woman,NONE,0,Jitender Singh,Sh.Jaipal,0,0,Other than Women,latin,1,7124,Rohtak__Lakhan-Majra.pdf
Rohtak,Lakhan Majra,6,Indergarh,SC Other than Woman,SC,0,Vinod Kumar,Sh.Dharam Singh,0,0,Scheduled Caste other than Women,latin,1,7124,Rohtak__Lakhan-Majra.pdf
Rohtak,Lakhan Majra,7,Kharainti,Woman,NONE,1,Manisha,Sh.Neeraj,0,0,Women,latin,1,7124,Rohtak__Lakhan-Majra.pdf
Rohtak,Lakhan Majra,8,Kharak Jattan,Other than Woman,NONE,0,Ajmer Singh,Sh.Raj Roop,0,0,Other than Women,latin,1,7124,Rohtak__Lakhan-Majra.pdf
Rohtak,Lakhan Majra,9,Lakhan Majra,Woman,NONE,1,Usha Devi,Sh.Sandeep,0,0,Women,latin,1,7124,Rohtak__Lakhan-Majra.pdf
Rohtak,Lakhan Majra,10,Nandal,Other than Woman,NONE,0,Jai Parkash,Sh.Bhim Singh,0,0,Other than Women,latin,1,7124,Rohtak__Lakhan-Majra.pdf
Rohtak,Lakhan Majra,11,Sasrauli,SC Woman,SC,1,Pooja,Sh.Sunny,0,0,Scheduled Caste Women,latin,1,7124,Rohtak__Lakhan-Majra.pdf
Rohtak,Lakhan Majra,12,Sunderpur,Woman,NONE,1,Suresh Kumari,Sh.Sant Ram,0,0,Women,latin,1,7124,Rohtak__Lakhan-Majra.pdf
Rohtak,Lakhan Majra,13,Titoli,SC Other than Woman,SC,0,Rohtash,Sh. Chanderbhan,0,0,Scheduled Caste other than Women,latin,0,7124,Rohtak__Lakhan-Majra.pdf
Rohtak,Meham,1,Ajaib,Other than Woman,NONE,0,Ranbir Singh,Deep Chand,0,0,Other than Women,latin,1,7015,Rohtak__Meham.pdf
Rohtak,Meham,2,Ajaib Khas,Woman,NONE,1,Sarojani,Anand,0,0,Women,latin,1,7015,Rohtak__Meham.pdf
Rohtak,Meham,3,Bahlba,Other than Woman,NONE,0,Satpal,Mahender,0,0,Other than Women,latin,1,7015,Rohtak__Meham.pdf
Rohtak,Meham,4,Bahlba Bajan,Woman,NONE,1,Jyoti,Bhim Singh,0,0,Sarpanch Women Women,latin,1,7015,Rohtak__Meham.pdf
Rohtak,Meham,5,Bahlba Khas,Other than Woman,NONE,0,Kuldeep Rathi,Rajbir Singh,0,0,Other than Women,latin,1,7015,Rohtak__Meham.pdf
Rohtak,Meham,6,Bahlba Panri,Woman,NONE,1,Sunita Devi,Mohanlal,0,0,Women,latin,1,7015,Rohtak__Meham.pdf
Rohtak,Meham,7,Bedwa,SC Other than Woman,SC,0,Subash,Bhagwan,0,0,Sarpanch Scheduled Caste other than Women,latin,1,7015,Rohtak__Meham.pdf
Rohtak,Meham,8,Bhaini Bhainro,SC Woman,SC,1,Priyanka,Naveen Duggle,0,0,Scheduled Caste Women,latin,1,7015,Rohtak__Meham.pdf
Rohtak,Meham,9,Bhaini Chanderpal,Other than Woman,NONE,0,Shiv Raj,Ratan Singh,0,0,Other than Women Other than Women,latin,1,7015,Rohtak__Meham.pdf
Rohtak,Meham,10,Bhaini Maharajpur,Woman,NONE,1,Darshana Devi,Attar Singh,0,0,Women Women,latin,1,7015,Rohtak__Meham.pdf
Rohtak,Meham,11,Bhaini Mato,Other than Woman,NONE,0,Randhir Singh,Umed Singh,0,0,Other than Women,latin,1,7015,Rohtak__Meham.pdf
Rohtak,Meham,12,Bhaini Surjan,Woman,NONE,1,Kajal,Amit,0,0,Women Women,latin,1,7015,Rohtak__Meham.pdf
Rohtak,Meham,13,Bharan Jindran,Other than Woman,NONE,0,Monu,Rameahar,0,0,Sarpanch Other than Women Other than Women,latin,1,7015,Rohtak__Meham.pdf
Rohtak,Meham,14,Bharan Sekhupur Titri,Woman,NONE,1,Permila Devi,Virender,0,0,Women Women,latin,1,7015,Rohtak__Meham.pdf
Rohtak,Meham,15,Farmana Badshahpur,BC-A Other than Woman,BC_A,0,Sombir Singh,Maman Singh,0,0,Backward Class 'A' Other than Women,latin,1,7015,Rohtak__Meham.pdf
Rohtak,Meham,16,Farmana Khas,Woman,NONE,1,Savita,Jitender Singh,0,0,Women Women,latin,1,7015,Rohtak__Meham.pdf
Rohtak,Meham,17,Gorawar,Other than Woman,NONE,0,Karamjeet,Rajbir,0,0,Other than Women,latin,1,7015,Rohtak__Meham.pdf
Rohtak,Meham,18,Kharkara Bhikhlan,SC Other than Woman,SC,0,Rajiv,Dayanand,0,0,Sarpanch Scheduled Caste other than Women,latin,1,7015,Rohtak__Meham.pdf
Rohtak,Meham,19,Kharkara Chhajan,SC Woman,SC,1,Savita,Vijay Raj,0,0,Sarpanch Scheduled Caste Women,latin,1,7015,Rohtak__Meham.pdf
Rohtak,Meham,20,Kheri Meham,SC Other than Woman,SC,0,Samunder,Manphool,0,0,Scheduled Caste other than Women,latin,1,7015,Rohtak__Meham.pdf
Rohtak,Meham,21,Krishangarh,SC Woman,SC,1,Neel Kamal,Sandeep,0,0,Sarpanch Scheduled Caste Women,latin,1,7015,Rohtak__Meham.pdf
Rohtak,Meham,22,Madina Gindhran Davitia,Woman,NONE,1,Anju Devi,Jagbir,0,0,Women,latin,1,7015,Rohtak__Meham.pdf
Rohtak,Meham,23,Madina Gindhran Pratham,SC Other than Woman,SC,0,Silender Kumar,Silender,0,0,Sarpanch Scheduled Caste other than Women Scheduled Caste other than Women,latin,1,7015,Rohtak__Meham.pdf
Rohtak,Meham,24,Madina Kaursan,SC Woman,SC,1,Anisha Rani,Sandeep,0,0,Scheduled Caste Women,latin,1,7015,Rohtak__Meham.pdf
Rohtak,Meham,25,Mokhra Khandain Chhajan,Other than Woman,NONE,0,Nitu,Ramkishan,0,0,Sarpanch Other than Women Other than Women,latin,1,7015,Rohtak__Meham.pdf
Rohtak,Meham,26,Mokhra Khas,Woman,NONE,1,Manju Bala,Jitender Singh,0,0,Women Women,latin,1,7015,Rohtak__Meham.pdf
Rohtak,Meham,27,Mokhra Kheri,Other than Woman,NONE,0,Chand Singh,Ramniwas,0,0,Sarpanch Other than Women Other than Women,latin,1,7015,Rohtak__Meham.pdf
Rohtak,Meham,28,Mokhra Roj,BC-A Woman,BC_A,1,Anita,Sharwan,0,0,Sarpanch Backward Class 'A' Women,latin,1,7015,Rohtak__Meham.pdf
Rohtak,Meham,29,Muradpur Tekna,Other than Woman,NONE,0,Nirbhay Singh,Jay Narayan,0,0,Other than Women,latin,1,7015,Rohtak__Meham.pdf
Rohtak,Meham,30,Nidana,Woman,NONE,1,Sarita,Arun,0,0,Women,latin,1,7015,Rohtak__Meham.pdf
Rohtak,Meham,31,Nindana Khas,Other than Woman,NONE,0,Anand,Nafe Singh,0,0,Other than Women Other than Women,latin,1,7015,Rohtak__Meham.pdf
Rohtak,Meham,32,Nindana Mohammad- pur,Woman,NONE,1,Neeraj,Jaibhagwan,0,0,Women,latin,1,7015,Rohtak__Meham.pdf
Rohtak,Meham,33,Nindana Tigri,Other than Woman,NONE,0,Vijay Kumar,Ranbir Singh,0,0,Sarpanch Other than Women Other than Women,latin,1,7015,Rohtak__Meham.pdf
Rohtak,Meham,34,Seman,BC-A Woman,BC_A,1,Urmila Devi,Surender,0,0,Sarpanch Backward Class 'A' Women,latin,1,7015,Rohtak__Meham.pdf
Rohtak,Meham,35,Seman Pana Todar,Other than Woman,NONE,0,Jitender Singh,Chttar Singh,0,0,Other than Women,latin,1,7015,Rohtak__Meham.pdf
Rohtak,Meham,36,Sisar Khas,Woman,NONE,1,Anuradha,Dharmender,0,0,Women,latin,1,7015,Rohtak__Meham.pdf
Rohtak,Rohtak,1,Assan,Other than Woman,NONE,0,Satender,Suraj Bhan,0,0,Other than Women,latin,1,7006,Rohtak__Rohtak.pdf
Rohtak,Rohtak,2,Bahu Akbarpur,Woman,NONE,1,Parveen,Satyawan,0,0,Women,latin,1,7006,Rohtak__Rohtak.pdf
Rohtak,Rohtak,3,Bahu Jamalpur,Other than Woman,NONE,0,Sanjay,Ram Kishan,0,0,Other than Women,latin,1,7006,Rohtak__Rohtak.pdf
Rohtak,Rohtak,4,Bakheta,Woman,NONE,1,Anju Balhara,Devender Dhankhar,0,0,Women,latin,1,7006,Rohtak__Rohtak.pdf
Rohtak,Rohtak,5,Baland,SC Other than Woman,SC,0,Nitin Dabla,Ramesh Chander Dabla,0,0,Scheduled Caste other than women,latin,1,7006,Rohtak__Rohtak.pdf
Rohtak,Rohtak,6,Barhamanwas,Other than Woman,NONE,0,Karamvir,Ram Niwas,0,0,Other than Women,latin,0,7006,Rohtak__Rohtak.pdf
Rohtak,Rohtak,7,Basantpur,Woman,NONE,1,Parshani Devi,Surender,0,0,Women,latin,0,7006,Rohtak__Rohtak.pdf
Rohtak,Rohtak,8,Bhagwatipur,Other than Woman,NONE,0,Yashbir,Sube Singh,0,0,Other than Women,latin,0,7006,Rohtak__Rohtak.pdf
Rohtak,Rohtak,9,Bhaiyapur,Woman,NONE,1,Renu,Ajay Kumar,0,0,Women,latin,0,7006,Rohtak__Rohtak.pdf
Rohtak,Rohtak,10,Bhalot,Other than Woman,NONE,0,Kuldeep,Mahavir,0,0,Other than Women,latin,1,7006,Rohtak__Rohtak.pdf
Rohtak,Rohtak,11,Chamaria,Woman,NONE,1,Suman,Swaraj Singh,0,0,Women,latin,1,7006,Rohtak__Rohtak.pdf
Rohtak,Rohtak,12,Dhamar,BC-A Other than Woman,BC_A,0,Manjeet Kumar,Raj Kumar,0,0,Backward Class 'A' other than women,latin,1,7006,Rohtak__Rohtak.pdf
Rohtak,Rohtak,13,Dobh,Woman,NONE,1,Mukesh,Pardeep,0,0,Women,latin,1,7006,Rohtak__Rohtak.pdf
Rohtak,Rohtak,14,Gaddi Kheri,SC Woman,SC,1,Neelam Nagar,Ashwani Kumar,0,0,Scheduled Caste Women,latin,1,7006,Rohtak__Rohtak.pdf
Rohtak,Rohtak,15,Ghilor Kalan,Other than Woman,NONE,0,Anil Deswal,Jagbir Singh Deswal,0,0,Other than Women,latin,1,7006,Rohtak__Rohtak.pdf
Rohtak,Rohtak,16,Ghilor Khurd,Woman,NONE,1,Renu Kumari,Kuldeep,0,0,Women,latin,1,7006,Rohtak__Rohtak.pdf
Rohtak,Rohtak,17,Ghuskani,Other than Woman,NONE,0,Vikash,Randhir Singh,0,0,Other than Women,latin,1,7006,Rohtak__Rohtak.pdf
Rohtak,Rohtak,18,Humayunpur,Woman,NONE,1,Sharmila Devi,Satyadev Dhankhar,0,0,Women,latin,1,7006,Rohtak__Rohtak.pdf
Rohtak,Rohtak,19,Jassia,Other than Woman,NONE,0,Omparkash,Ram Kishan,0,0,Other than Women,latin,1,7006,Rohtak__Rohtak.pdf
Rohtak,Rohtak,20,Jindran,Woman,NONE,1,Parmila,Ashok,0,0,Women,latin,1,7006,Rohtak__Rohtak.pdf
Rohtak,Rohtak,21,Kabulpur,Other than Woman,NONE,0,Amar,Vinod Kumar,0,0,Other than Women,latin,1,7006,Rohtak__Rohtak.pdf
Rohtak,Rohtak,22,Kahni 12.5,Woman,NONE,1,Ekta,Dalbir Singh,0,0,Women,latin,1,7006,Rohtak__Rohtak.pdf
Rohtak,Rohtak,23,Kahni 7.5,Other than Woman,NONE,0,Pardeep,Ram Parshad,0,0,Other than Women,latin,1,7006,Rohtak__Rohtak.pdf
Rohtak,Rohtak,24,Kansala,Woman,NONE,1,Sneh Lata,Rajesh Kumar,0,0,Women,latin,1,7006,Rohtak__Rohtak.pdf
Rohtak,Rohtak,25,Karauntha,Other than Woman,NONE,0,Arvin Kumar,Jaibir Singh,0,0,Other than Women,latin,1,7006,Rohtak__Rohtak.pdf
Rohtak,Rohtak,26,Katwara,Woman,NONE,1,Sushila,Manjeet,0,0,Women,latin,1,7006,Rohtak__Rohtak.pdf
Rohtak,Rohtak,27,Khidwali,SC Other than Woman,SC,0,Bijender,Mangat Ram,0,0,Scheduled Caste other than women,latin,1,7006,Rohtak__Rohtak.pdf
Rohtak,Rohtak,28,Kiloi Dopana,SC Woman,SC,1,Pooja Rani,Bhajan Lal,0,0,Scheduled Caste Women,latin,1,7006,Rohtak__Rohtak.pdf
Rohtak,Rohtak,29,Kiloi Khas,SC Other than Woman,SC,0,Vijay Kumar,Kartar Singh,0,0,Scheduled Caste other than women,latin,1,7006,Rohtak__Rohtak.pdf
Rohtak,Rohtak,30,Ladhot,Other than Woman,NONE,0,Sandeep,Bani Singh,0,0,Other than Women,latin,1,7006,Rohtak__Rohtak.pdf
Rohtak,Rohtak,31,Maina,Woman,NONE,1,Manisha,Parveen,0,0,Women,latin,0,7006,Rohtak__Rohtak.pdf
Rohtak,Rohtak,32,Makrauli Kalan,SC Woman,SC,1,Sarita,Yashpal,0,0,Scheduled Caste Women,latin,0,7006,Rohtak__Rohtak.pdf
Rohtak,Rohtak,33,Makrauli Khurd,Other than Woman,NONE,0,Jaswant,Kartar Singh,0,0,Other than Women,latin,0,7006,Rohtak__Rohtak.pdf
Rohtak,Rohtak,34,Mungan,Woman,NONE,1,Darshana,Naresh,0,0,Women,latin,1,7006,Rohtak__Rohtak.pdf
Rohtak,Rohtak,35,Pana Dudan,SC Other than Woman,SC,0,Baljeet,Ramdhari,0,0,Scheduled Caste other than women,latin,1,7006,Rohtak__Rohtak.pdf
Rohtak,Rohtak,36,Polangi,Other than Woman,NONE,0,Manbir Singh,Randhir Singh,0,0,Other than women,latin,1,7006,Rohtak__Rohtak.pdf
Rohtak,Rohtak,37,Ritoli,SC Woman,SC,1,Barkha,Manjeet,0,0,Scheduled Caste Women,latin,1,7006,Rohtak__Rohtak.pdf
Rohtak,Rohtak,38,Rithal Narwal,Woman,NONE,1,Sony,Mohit,0,0,Women,latin,1,7006,Rohtak__Rohtak.pdf
Rohtak,Rohtak,39,Rithal Phougat,Other than Woman,NONE,0,Kaam Singh,Bhikhu Ram,0,0,Other than Women,latin,1,7006,Rohtak__Rohtak.pdf
Rohtak,Rohtak,40,Rurkee,Woman,NONE,1,Santosh,Virender Singh,0,0,Women,latin,1,7006,Rohtak__Rohtak.pdf
Rohtak,Rohtak,41,Samargopapur Kalan,Other than Woman,NONE,0,Rajender Singh,Ramkishan,0,0,Other than Women,latin,1,7006,Rohtak__Rohtak.pdf
Rohtak,Rohtak,42,Samargopalpur Khurd,Woman,NONE,1,Sushila,Sajjan Singh,0,0,Women,latin,1,7006,Rohtak__Rohtak.pdf
Rohtak,Rohtak,43,Sangi,SC Other than Woman,SC,0,Manjeet,Zile Singh,0,0,Scheduled Caste other than women,latin,1,7006,Rohtak__Rohtak.pdf
Rohtak,Rohtak,44,Sarai Ahmad Nasirpur,BC-A Other than Woman,BC_A,0,Raja Ram,Surajbhan,0,0,Backward Class 'A' other than women,latin,1,7006,Rohtak__Rohtak.pdf
Rohtak,Rohtak,45,Shimli,BC-A Woman,BC_A,1,Monika,Dharamedar,0,0,Backward Class 'A' Women,latin,1,7006,Rohtak__Rohtak.pdf
Rohtak,Rohtak,46,Singhpura Kalan,Other than Woman,NONE,0,Sumit,Rajpal Singh,0,0,Other than Women,latin,1,7006,Rohtak__Rohtak.pdf
Rohtak,Rohtak,47,Singhpura Khurd,Woman,NONE,1,Meena Devi,Jagbir Singh,0,0,Women,latin,1,7006,Rohtak__Rohtak.pdf
Rohtak,Rohtak,48,Taja Majra,BC-A Other than Woman,BC_A,0,Dharmender,Rajkishan,0,0,Backward Class 'A' other than women,latin,1,7006,Rohtak__Rohtak.pdf
Rohtak,Sampla,1,Attail,Other than Woman,NONE,0,Rajbir Singh,Same Ram,0,0,Other than Women,latin,1,6997,Rohtak__Sampla.pdf
Rohtak,Sampla,2,Bhainsru Kalan,Woman,NONE,1,Sunita,Rishi Kumar,0,0,Women,latin,1,6997,Rohtak__Sampla.pdf
Rohtak,Sampla,3,Bhainsru Khurd,Other than Woman,NONE,0,Punit,Ramphal Singh,0,0,Other than Women,latin,1,6997,Rohtak__Sampla.pdf
Rohtak,Sampla,4,Chuliana Duhan,BC-A Woman,BC_A,1,Anita,Sunil Kumar,0,0,Backward Class 'A' Women,latin,1,6997,Rohtak__Sampla.pdf
Rohtak,Sampla,5,Chuliana Roj,Other than Woman,NONE,0,Parmod Kumar,Dharambir,0,0,Other than Women,latin,1,6997,Rohtak__Sampla.pdf
Rohtak,Sampla,6,Dattaur,Woman,NONE,1,Pooja Rani,Rakesh Kumar,0,0,Women,latin,1,6997,Rohtak__Sampla.pdf
Rohtak,Sampla,7,Gandhra,Other than Woman,NONE,0,Yogesh,Jogi Ram,0,0,Other than Women,latin,1,6997,Rohtak__Sampla.pdf
Rohtak,Sampla,8,Garhi Sampla,Woman,NONE,1,Ritu,Sandeep,0,0,Women,latin,1,6997,Rohtak__Sampla.pdf
Rohtak,Sampla,9,Gijhi,Other than Woman,NONE,0,Sukhbir,RamPhal,0,0,Other than Women,latin,1,6997,Rohtak__Sampla.pdf
Rohtak,Sampla,10,Hassangarh,BC-A Woman,BC_A,1,Kiran Bala,Parmod Kumar Verma,0,0,Backward Class 'A' Women,latin,1,6997,Rohtak__Sampla.pdf
Rohtak,Sampla,11,Ismaila-9B,Woman,NONE,1,Manita,Rohit,0,0,Women,latin,1,6997,Rohtak__Sampla.pdf
Rohtak,Sampla,12,Ismaila-11B,Other than Woman,NONE,0,Mukesh Kumar,Zile Singh,0,0,Other than Women,latin,1,6997,Rohtak__Sampla.pdf
Rohtak,Sampla,13,Karor,Other than Woman,NONE,0,Mahi Pal,Manphool,0,0,Other than Women,latin,1,6997,Rohtak__Sampla.pdf
Rohtak,Sampla,14,Kharawar,Woman,NONE,1,Saroj Bala,Balwan Singh,0,0,Women,latin,1,6997,Rohtak__Sampla.pdf
Rohtak,Sampla,15,Kisrenti,Other than Woman,NONE,0,Naresh,Bhim Singh,0,0,Other than Women,latin,1,6997,Rohtak__Sampla.pdf
Rohtak,Sampla,16,Kultana,SC Other than Woman,SC,0,Amir Singh Ranga,Jugga Ram,0,0,Scheduled Caste other than women,latin,1,6997,Rohtak__Sampla.pdf
Rohtak,Sampla,17,Morkheri,Woman,NONE,1,Usha,Sunil,0,0,Women,latin,1,6997,Rohtak__Sampla.pdf
Rohtak,Sampla,18,Naya Bans,SC Woman,SC,1,Kavita Devi,Parveen Kumar,0,0,Scheduled Caste Women,latin,1,6997,Rohtak__Sampla.pdf
Rohtak,Sampla,19,Nonand,Other than Woman,NONE,0,Manish Kumar,Sombir,0,0,Other than Women,latin,1,6997,Rohtak__Sampla.pdf
Rohtak,Sampla,20,Pakasma,SC Other than Woman,SC,0,JaiBhagwan,Mehar Singh,0,0,Scheduled Caste other than women,latin,1,6997,Rohtak__Sampla.pdf
Rohtak,Sampla,21,Samchana,Woman,NONE,1,Renu,Satish Kumar,0,0,Women,latin,1,6997,Rohtak__Sampla.pdf
Sirsa,Baragudha,1,Alikan,Other than Woman,NONE,0,Amit Kumar,Sham Lal,0,0,Other than Women,latin,1,7097,Sirsa__Baragudha.pdf
Sirsa,Baragudha,2,Baragudha,Woman,NONE,1,Sukhvinder Kaur,Jagdish Singh,0,0,Women,latin,1,7097,Sirsa__Baragudha.pdf
Sirsa,Baragudha,3,Bhadra,Other than Woman,NONE,0,Manjeet Singh,Mani Ram,0,0,Other than Women,latin,1,7097,Sirsa__Baragudha.pdf
Sirsa,Baragudha,4,Bhagsar,SC Other than Woman,SC,0,Mukhtiar Singh,Bhajan Singh,0,0,Scheduled caste Other than Women,latin,1,7097,Sirsa__Baragudha.pdf
Sirsa,Baragudha,5,Bhangu,BC-A Woman,BC_A,1,Sukhmail Kaur,Satnam Singh,0,0,Backward Calss 'A' Women,latin,1,7097,Sirsa__Baragudha.pdf
Sirsa,Baragudha,6,Bhiwan,Other than Woman,NONE,0,Varinder Singh,Buta Singh,0,0,Other than Women,latin,1,7097,Sirsa__Baragudha.pdf
Sirsa,Baragudha,7,Biruwalagudha,BC-A Other than Woman,BC_A,0,Sukhwinder Singh,Satnam Singh,0,0,Backward Calss 'A' Other than Women,latin,1,7097,Sirsa__Baragudha.pdf
Sirsa,Baragudha,8,Bhudhabhana,BC-A Woman,BC_A,1,Happy Bala,Sunil Kumar,0,0,Backward Calss 'A' Women,latin,1,7097,Sirsa__Baragudha.pdf
Sirsa,Baragudha,9,Bupp,Woman,NONE,1,Mamta Rani,Bansi Lal,0,0,Women,latin,1,7097,Sirsa__Baragudha.pdf
Sirsa,Baragudha,10,Burj Bhangu,SC Woman,SC,1,Sunita,Deshraj,0,0,Scheduled caste Women,latin,1,7097,Sirsa__Baragudha.pdf
Sirsa,Baragudha,11,Burj Karamgarh,Other than Woman,NONE,0,Manoj Kumar,Dhalu Ram,0,0,Other than Women,latin,1,7097,Sirsa__Baragudha.pdf
Sirsa,Baragudha,12,Chhatrian,Woman,NONE,1,Kamla Devi,Jagdish,0,0,Women,latin,1,7097,Sirsa__Baragudha.pdf
Sirsa,Baragudha,13,Deshukhurd,Woman,NONE,1,Kulwinder Kaur,Satguru Singh,0,0,Women,latin,1,7097,Sirsa__Baragudha.pdf
Sirsa,Baragudha,14,Dhaban,Other than Woman,NONE,0,Kapil Kumar,Badrinarayan,0,0,Other than Women,latin,1,7097,Sirsa__Baragudha.pdf
Sirsa,Baragudha,15,Daulatpur Khera,Other than Woman,NONE,0,Prithvi Singh,Ganesha Ram,0,0,Other than Women,latin,1,7097,Sirsa__Baragudha.pdf
Sirsa,Baragudha,16,Fatehpur Niyamatkhan,Woman,NONE,1,Sunita Rani,Rakesh Kumar,0,0,Women,latin,1,7097,Sirsa__Baragudha.pdf
Sirsa,Baragudha,17,Jhiri,Other than Woman,NONE,0,Lakhvinder Singh,Niranjan Singh,0,0,Other than Women,latin,1,7097,Sirsa__Baragudha.pdf
Sirsa,Baragudha,18,Jhorar Rohi,Woman,NONE,1,Kulwinder Kaur,Bhagwant Singh,0,0,Women,latin,1,7097,Sirsa__Baragudha.pdf
Sirsa,Baragudha,19,Kamaal,Other than Woman,NONE,0,Jagjeet Singh,Darshan Singh,1,0,Other than Women,latin,1,7097,Sirsa__Baragudha.pdf
Sirsa,Baragudha,20,Karamgarh,Woman,NONE,1,Bhateri,Raja Ram,0,0,Women,latin,1,7097,Sirsa__Baragudha.pdf
Sirsa,Baragudha,21,Khai Shergarh,Other than Woman,NONE,0,Rahul,Rohtash,0,0,Other than Women,latin,1,7097,Sirsa__Baragudha.pdf
Sirsa,Baragudha,22,Khuyian Nepal Pur,Woman,NONE,1,Anjali,Radhey Shyam,0,0,Women,latin,1,7097,Sirsa__Baragudha.pdf
Sirsa,Baragudha,23,Kirarkot,Other than Woman,NONE,0,Ashwani Kumar,Udha Ram,1,0,Other than Women,latin,1,7097,Sirsa__Baragudha.pdf
Sirsa,Baragudha,24,Kurangawali,SC Woman,SC,1,Nirmal Rani,Manjeet Singh,0,0,Scheduled caste Women,latin,1,7097,Sirsa__Baragudha.pdf
Sirsa,Baragudha,25,Lahengewala,SC Other than Woman,SC,0,Makhan Singh,Kartar Singh,0,0,Scheduled caste Other than Women,latin,1,7097,Sirsa__Baragudha.pdf
Sirsa,Baragudha,26,Mallewala,SC Woman,SC,1,Soni Bai,Manoj Kumar,0,0,Scheduled caste Women,latin,1,7097,Sirsa__Baragudha.pdf
Sirsa,Baragudha,27,Malri,Woman,NONE,1,Manpreet Kaur,Jagraj Singh,0,0,Women,latin,1,7097,Sirsa__Baragudha.pdf
Sirsa,Baragudha,28,Mattar,SC Other than Woman,SC,0,Ajaib Singh,Labh Singh,0,0,Scheduled caste Other than Women,latin,1,7097,Sirsa__Baragudha.pdf
Sirsa,Baragudha,29,Nagoki,SC Woman,SC,1,Sukhpal Kaur,Gurmeet Singh,0,0,Scheduled caste Women,latin,1,7097,Sirsa__Baragudha.pdf
Sirsa,Baragudha,30,Nejadela Khurd,SC Other than Woman,SC,0,Amarjit,Sansara Ram,0,0,Scheduled caste Other than Women,latin,1,7097,Sirsa__Baragudha.pdf
Sirsa,Baragudha,31,Pacca Shahidan,SC Other than Woman,SC,0,Balbir Singh,Karnail Singh,0,0,Scheduled caste Other than Women,latin,1,7097,Sirsa__Baragudha.pdf
Sirsa,Baragudha,32,Panjuana,SC Woman,SC,1,Prerna,Tejpal,0,0,Scheduled caste Women,latin,1,7097,Sirsa__Baragudha.pdf
Sirsa,Baragudha,33,Phaggu,SC Other than Woman,SC,0,Ravinder Pal Singh,Randhir Singh,0,0,Scheduled caste Other than Women,latin,1,7097,Sirsa__Baragudha.pdf
Sirsa,Baragudha,34,Raguana,SC Woman,SC,1,Gurmeet Kaur,Rajinder Singh,0,0,Scheduled caste Women,latin,1,7097,Sirsa__Baragudha.pdf
Sirsa,Baragudha,35,Ranga,Other than Woman,NONE,0,Karamjeet Singh,Bant Singh,0,0,Other than Women,latin,1,7097,Sirsa__Baragudha.pdf
Sirsa,Baragudha,36,Rohan,Woman,NONE,1,Paramjeet Kaur,Jagseer Singh,0,0,Women,latin,1,7097,Sirsa__Baragudha.pdf
Sirsa,Baragudha,37,Rori,SC Other than Woman,SC,0,Darshan Singh,Harnam Singh,0,0,Scheduled caste Other than Women,latin,1,7097,Sirsa__Baragudha.pdf
Sirsa,Baragudha,38,Saharni,BC-A Other than Woman,BC_A,0,Satpal,Patlu Ram,0,0,Backward Calss 'A' Other than Women,latin,1,7097,Sirsa__Baragudha.pdf
Sirsa,Baragudha,39,Sahuwala -I,SC Woman,SC,1,Kavita Rani,Madan Lal,0,0,scheduled caste Women,latin,1,7097,Sirsa__Baragudha.pdf
Sirsa,Baragudha,40,Shekhupuria,SC Other than Woman,SC,0,Naresh Kumar,Vazeer Singh,0,0,Scheduled caste Other than Women,latin,1,7097,Sirsa__Baragudha.pdf
Sirsa,Baragudha,41,Sukhchain,SC Woman,SC,1,Sarbjeet Kaur,Baldev Singh,0,0,scheduled caste Women,latin,1,7097,Sirsa__Baragudha.pdf
Sirsa,Baragudha,42,Suba Khera,Woman,NONE,1,Gurpreet Kaur,Gursharan Singh,1,0,Women,latin,1,7097,Sirsa__Baragudha.pdf
Sirsa,Baragudha,43,Surtia,Other than Woman,NONE,0,Sukhpal Singh,Preetam Singh,0,0,Other than Women,latin,1,7097,Sirsa__Baragudha.pdf
Sirsa,Baragudha,44,Thiraj,Woman,NONE,1,Jasmeet Kaur,Pargat Singh,0,0,Women,latin,1,7097,Sirsa__Baragudha.pdf
Sirsa,Dabwali,1,Abubshahar,Other than Woman,NONE,0,- -,Bhim Sain,0,0,Other than Women,latin,1,7151,Sirsa__Dabwali.pdf
Sirsa,Dabwali,2,Ahamadpur/ Darewla,Woman,NONE,1,- -,Radhika,0,0,Women,latin,1,7151,Sirsa__Dabwali.pdf
Sirsa,Dabwali,3,Alikan,SC Other than Woman,SC,0,- -,Malkeet Singh,0,0,Scheduled Caste Other than Women,latin,1,7151,Sirsa__Dabwali.pdf
Sirsa,Dabwali,4,Asakhera,Other than Woman,NONE,0,- -,Bhadar Ram,0,0,Other than Women,latin,1,7151,Sirsa__Dabwali.pdf
Sirsa,Dabwali,5,Banwala,SC Woman,SC,1,- -,Manju,0,0,Scheduled Caste Women,latin,1,7151,Sirsa__Dabwali.pdf
Sirsa,Dabwali,6,Bharukhera,Woman,NONE,1,- -,Pinki Devi,0,0,Women,latin,1,7151,Sirsa__Dabwali.pdf
Sirsa,Dabwali,7,Bijuwali,BC-A Other than Woman,BC_A,0,- -,Surender Singh,0,0,Backward Class 'A' Other than Women,latin,1,7151,Sirsa__Dabwali.pdf
Sirsa,Dabwali,8,Chakjalu,BC-A Woman,BC_A,1,- -,Saroj,0,0,Backward Class 'A' Women,latin,1,7151,Sirsa__Dabwali.pdf
Sirsa,Dabwali,9,Chautala,Other than Woman,NONE,0,- -,Subhash Chander,0,0,Other than Women,latin,1,7151,Sirsa__Dabwali.pdf
Sirsa,Dabwali,10,Dabwali (Village),Woman,NONE,1,- -,Manjeet Kaur,0,0,Women,latin,1,7151,Sirsa__Dabwali.pdf
Sirsa,Dabwali,11,Desujodha,Other than Woman,NONE,0,- -,Charanjit Singh,0,0,Other than Women,latin,1,7151,Sirsa__Dabwali.pdf
Sirsa,Dabwali,12,Diwankhera,Woman,NONE,1,- -,Karamjeet Kaur,0,0,Women,latin,1,7151,Sirsa__Dabwali.pdf
Sirsa,Dabwali,13,Ganga,Other than Woman,NONE,0,- -,Harcharan Singh,0,0,Other than Women,latin,1,7151,Sirsa__Dabwali.pdf
Sirsa,Dabwali,14,Giddarkhera,SC Other than Woman,SC,0,- -,Kheta Ram,0,0,Scheduled Caste Other than Women,latin,1,7151,Sirsa__Dabwali.pdf
Sirsa,Dabwali,15,Godikan,Woman,NONE,1,- -,Sumer Jeet,0,0,Women,latin,1,7151,Sirsa__Dabwali.pdf
Sirsa,Dabwali,16,Goriwala,SC Woman,SC,1,- -,Sonia,0,0,Scheduled Caste Women,latin,1,7151,Sirsa__Dabwali.pdf
Sirsa,Dabwali,17,Habuana,Other than Woman,NONE,0,- -,Jagdeep Singh,0,0,Other than Women,latin,1,7151,Sirsa__Dabwali.pdf
Sirsa,Dabwali,18,Jandwala Bishnoian,Woman,NONE,1,- -,Anuja,0,0,Women,latin,1,7151,Sirsa__Dabwali.pdf
Sirsa,Dabwali,19,Jhuthikhera,SC Other than Woman,SC,0,- -,Devi Lal,0,0,Scheduled Caste Other than Women,latin,1,7151,Sirsa__Dabwali.pdf
Sirsa,Dabwali,20,Jogewala,Other than Woman,NONE,0,- -,Kulwinder Singh,0,0,Other than Women,latin,1,7151,Sirsa__Dabwali.pdf
Sirsa,Dabwali,21,Jottanwali,SC Woman,SC,1,- -,Archna,0,0,Scheduled Caste Women,latin,1,7151,Sirsa__Dabwali.pdf
Sirsa,Dabwali,22,Kaluana,SC Other than Woman,SC,0,- -,Daulat Ram,0,0,Scheduled Caste Other than Women,latin,1,7151,Sirsa__Dabwali.pdf
Sirsa,Dabwali,23,Khuyian Malkana,Woman,NONE,1,- -,Ramandeep Kaur,0,0,Women,latin,1,7151,Sirsa__Dabwali.pdf
Sirsa,Dabwali,24,Lakhuana,SC Woman,SC,1,- -,Rekha,0,0,Scheduled Caste Women,latin,1,7151,Sirsa__Dabwali.pdf
Sirsa,Dabwali,25,Lambi,Other than Woman,NONE,0,- -,Rajveer Singh,0,0,Other than Women,latin,1,7151,Sirsa__Dabwali.pdf
Sirsa,Dabwali,26,Lohgarh,SC Other than Woman,SC,0,- -,Mandeep,0,0,Scheduled Caste Other than Women,latin,1,7151,Sirsa__Dabwali.pdf
Sirsa,Dabwali,27,Mangeana,Woman,NONE,1,- -,Sudesh Rani,0,0,Women,latin,1,7151,Sirsa__Dabwali.pdf
Sirsa,Dabwali,28,Masitan,Other than Woman,NONE,0,- -,Jagseer Singh,0,0,Other than Women,latin,1,7151,Sirsa__Dabwali.pdf
Sirsa,Dabwali,29,Mathdadu,Woman,NONE,1,- -,Gagandeep Cheema,0,0,Women,latin,1,7151,Sirsa__Dabwali.pdf
Sirsa,Dabwali,30,Maujgarh,Other than Woman,NONE,0,- -,Prince Bishnoi,0,0,Other than Women,latin,1,7151,Sirsa__Dabwali.pdf
Sirsa,Dabwali,31,Modi,Woman,NONE,1,- -,Manveer Kaur,0,0,Women,latin,1,7151,Sirsa__Dabwali.pdf
Sirsa,Dabwali,32,Munnawali,SC Woman,SC,1,- -,Poonam Rani,0,0,Scheduled Caste Women,latin,1,7151,Sirsa__Dabwali.pdf
Sirsa,Dabwali,33,Nilanwali,SC Other than Woman,SC,0,- -,Labh Singh,0,0,Scheduled Caste Other than Women,latin,1,7151,Sirsa__Dabwali.pdf
Sirsa,Dabwali,34,Paniwala Morika,SC Woman,SC,1,- -,Rajwant Kaur,0,0,Scheduled Caste Women,latin,1,7151,Sirsa__Dabwali.pdf
Sirsa,Dabwali,35,Paniwala Ruldu,SC Other than Woman,SC,0,- -,Amritpal Singh,0,0,Scheduled Caste Other than Women,latin,1,7151,Sirsa__Dabwali.pdf
Sirsa,Dabwali,36,Panna,Other than Woman,NONE,0,- -,Gurpreet Singh,0,0,Other than Women,latin,1,7151,Sirsa__Dabwali.pdf
Sirsa,Dabwali,37,Phullo,Woman,NONE,1,- -,Veerpal Kaur,0,0,Women,latin,1,7151,Sirsa__Dabwali.pdf
Sirsa,Dabwali,38,Rajpura,Other than Woman,NONE,0,- -,Chander Singh,0,0,Other than Women,latin,1,7151,Sirsa__Dabwali.pdf
Sirsa,Dabwali,39,Rajpura Majra,SC Woman,SC,1,- -,Kamalpreet Kaur,0,0,Scheduled Caste Women,latin,1,7151,Sirsa__Dabwali.pdf
Sirsa,Dabwali,40,Ramgarh,Woman,NONE,1,- -,Saroj,0,0,Women,latin,1,7151,Sirsa__Dabwali.pdf
Sirsa,Dabwali,41,Rampura Bishnoian,SC Other than Woman,SC,0,- -,Sadhu Ram,0,0,Scheduled Caste Other than Women,latin,1,7151,Sirsa__Dabwali.pdf
Sirsa,Dabwali,42,Ratta Khera,BC-A Other than Woman,BC_A,0,- -,Liladhar,0,0,Backward Class 'A' Other than Women,latin,1,7151,Sirsa__Dabwali.pdf
Sirsa,Dabwali,43,Risalia Khera,SC Woman,SC,1,- -,Rekha,0,0,Scheduled Caste Women,latin,1,7151,Sirsa__Dabwali.pdf
Sirsa,Dabwali,44,Sakta Khera,Woman,NONE,1,- -,Veerpal Kaur,0,0,Women,latin,1,7151,Sirsa__Dabwali.pdf
Sirsa,Dabwali,45,Sawant Khera,SC Other than Woman,SC,0,- -,Subhash Kumar,0,0,Scheduled Caste Other than Women,latin,1,7151,Sirsa__Dabwali.pdf
Sirsa,Dabwali,46,Shergarh,SC Woman,SC,1,- -,Saroj Bala,0,0,Scheduled Caste Women,latin,1,7151,Sirsa__Dabwali.pdf
Sirsa,Dabwali,47,Sukhera Khera,Other than Woman,NONE,0,- -,Mehnga Ram,0,0,Other than Women,latin,1,7151,Sirsa__Dabwali.pdf
Sirsa,Dabwali,48,Teja Khera,BC-A Woman,BC_A,1,- -,Kamlesh,0,0,Backward Class 'A' Women,latin,1,7151,Sirsa__Dabwali.pdf
Sirsa,Ellenabad,1,Amritsar Kalan,SC Other than Woman,SC,0,Mangat Ram,Sh. Kaka Ram,0,0,Scheduled Caste Other than Women,latin,1,7160,Sirsa__Ellenabad.pdf
Sirsa,Ellenabad,2,Amritsar Khurd,Other than Woman,NONE,0,Daljeet Singh,Sh. Joginder,0,0,Other than Women,latin,1,7160,Sirsa__Ellenabad.pdf
Sirsa,Ellenabad,3,Beharwala Khurd,Woman,NONE,1,Babita,Sh. Subhash,0,0,Women,latin,1,7160,Sirsa__Ellenabad.pdf
Sirsa,Ellenabad,4,Bhuratwala,BC-A Woman,BC_A,1,Suman,Sh. Rajesh Kumar,0,0,Backward Class 'A' Women,latin,1,7160,Sirsa__Ellenabad.pdf
Sirsa,Ellenabad,5,Budimeri,Other than Woman,NONE,0,Sukhbaj,Sh. Iqbal Singh,0,0,Other than Women,latin,1,7160,Sirsa__Ellenabad.pdf
Sirsa,Ellenabad,6,Chilkani Dhab,Other than Woman,NONE,0,Manoj Kumar,Sh. Ram Swaroop,0,0,Other than Women,latin,1,7160,Sirsa__Ellenabad.pdf
Sirsa,Ellenabad,7,Dalip Nagar,SC Woman,SC,1,Jaswinder,Sh. Avtar Singh,1,0,Scheduled Caste Women,latin,1,7160,Sirsa__Ellenabad.pdf
Sirsa,Ellenabad,8,Damdama,Woman,NONE,1,Paramjit Kaur,Sh. Gurmukh,0,0,Women,latin,1,7160,Sirsa__Ellenabad.pdf
Sirsa,Ellenabad,9,Daya Singh Ther,Other than Woman,NONE,0,Sukhdeep,Sh. Jasvir Singh,1,0,Other than Women,latin,1,7160,Sirsa__Ellenabad.pdf
Sirsa,Ellenabad,10,Dhani Bachan Singh,BC-A Woman,BC_A,1,Balvinder Kaur,Sh. Maluk Singh,0,0,Backward Class 'A' Women,latin,1,7160,Sirsa__Ellenabad.pdf
Sirsa,Ellenabad,11,Dhani Kahan Singh,SC Other than Woman,SC,0,Dilshad Ali,Sh. Bhagdin,0,0,Scheduled Caste Other than Women,latin,1,7160,Sirsa__Ellenabad.pdf
Sirsa,Ellenabad,12,Dhani Santa Singh,SC Woman,SC,1,Amarjeet,Sh. Balwinder,1,0,Scheduled Caste Women,latin,1,7160,Sirsa__Ellenabad.pdf
Sirsa,Ellenabad,13,Dhani Sheran,Other than Woman,NONE,0,Nathu Ram,Sh. Dharampal,0,0,Other than Women,latin,1,7160,Sirsa__Ellenabad.pdf
Sirsa,Ellenabad,14,Dharampura,Woman,NONE,1,Aman Preet Kaur,Sh. Jaspal Singh,0,0,Women,latin,1,7160,Sirsa__Ellenabad.pdf
Sirsa,Ellenabad,15,Dholpalia,SC Other than Woman,SC,0,Mahavir Parsad,Sh. Har Chand,0,0,Scheduled Caste Other than Women,latin,1,7160,Sirsa__Ellenabad.pdf
Sirsa,Ellenabad,16,Harnikhurd,Other than Woman,NONE,0,Gurmukh Singh,Sh. Sukha Singh,0,0,Other than Women,latin,1,7160,Sirsa__Ellenabad.pdf
Sirsa,Ellenabad,17,Himayukhera,SC Woman,SC,1,Manpreet Kaur,Sh. Hardeep Singh,0,0,Scheduled Caste Women,latin,1,7160,Sirsa__Ellenabad.pdf
Sirsa,Ellenabad,18,Jagmalera (Santnagar),Woman,NONE,1,Preet Inder,Sh. Dal Singh,0,0,Women,latin,1,7160,Sirsa__Ellenabad.pdf
Sirsa,Ellenabad,19,Jiwan Nagar,Woman,NONE,1,Simerjeet,Sh. Baljeet Singh,0,0,Women,latin,1,7160,Sirsa__Ellenabad.pdf
Sirsa,Ellenabad,20,Karamsana,SC Other than Woman,SC,0,Subhash,Sh. Krishan,0,0,Scheduled Caste Other than Women,latin,1,7160,Sirsa__Ellenabad.pdf
Sirsa,Ellenabad,21,Kariwala,Other than Woman,NONE,0,Gurmej,Sh. Dalip Singh,1,0,Other than Women,latin,1,7160,Sirsa__Ellenabad.pdf
Sirsa,Ellenabad,22,Kashi Ram Ka Bass,Woman,NONE,1,Vinod Kumari,Sh. Shankar Lal,0,0,Women,latin,1,7160,Sirsa__Ellenabad.pdf
Sirsa,Ellenabad,23,Kesupura,SC Woman,SC,1,Parkash Kaur,Sh. Jangir Lal,0,0,Scheduled Caste Women,latin,1,7160,Sirsa__Ellenabad.pdf
Sirsa,Ellenabad,24,Khari Sureran,Other than Woman,NONE,0,Jaswant,Sh. Bhagi Ram,0,0,Other than Women,latin,1,7160,Sirsa__Ellenabad.pdf
Sirsa,Ellenabad,25,Kishanpura / Dhani Jattan,Woman,NONE,1,Shakila Devi,Sh. Sanjay Kumar,0,0,Women,latin,1,7160,Sirsa__Ellenabad.pdf
Sirsa,Ellenabad,26,Kotli,Other than Woman,NONE,0,Bagich Raj,Sh. Sain Ditta,0,0,Other than Women,latin,1,7160,Sirsa__Ellenabad.pdf
Sirsa,Ellenabad,27,Kumthal,Woman,NONE,1,Nalini Singh,Sh. Ajit Singh,0,0,Women,latin,1,7160,Sirsa__Ellenabad.pdf
Sirsa,Ellenabad,28,Kuttabadh,Other than Woman,NONE,0,Beant Singh,Sh. Balore Singh,0,0,Other than Women,latin,1,7160,Sirsa__Ellenabad.pdf
Sirsa,Ellenabad,29,Mallekan,SC Other than Woman,SC,0,Sukhdev Singh,Sh. Basan Singh,0,0,Scheduled Caste Other than Women,latin,1,7160,Sirsa__Ellenabad.pdf
Sirsa,Ellenabad,30,Mamera Kalan,Woman,NONE,1,Pooja Rani,Sh. Sunil Kumar,0,0,Women,latin,1,7160,Sirsa__Ellenabad.pdf
Sirsa,Ellenabad,31,Mamera Khurd,Other than Woman,NONE,0,Bhim Singh,Sh. Jeet Ram,0,0,Other than Women,latin,1,7160,Sirsa__Ellenabad.pdf
Sirsa,Ellenabad,32,Mehna Khera,SC Woman,SC,1,Pushpa Devi,Sh. Subhash,0,0,Scheduled Caste Women,latin,1,7160,Sirsa__Ellenabad.pdf
Sirsa,Ellenabad,33,Mirja Pur,Woman,NONE,1,Gurinder Kaur,Sh. Gurmel Singh,0,0,Women,latin,1,7160,Sirsa__Ellenabad.pdf
Sirsa,Ellenabad,34,Mithanpura,SC Other than Woman,SC,0,Ajay Kumar,Sh. Megha Ram,0,0,Scheduled Caste Other than Women,latin,1,7160,Sirsa__Ellenabad.pdf
Sirsa,Ellenabad,35,Mithisurera,BC-A Other than Woman,BC_A,0,Satyanarayan,Sh. Tanu Ram,0,0,Backward Class 'A' Other than Women,latin,1,7160,Sirsa__Ellenabad.pdf
Sirsa,Ellenabad,36,Mojukhera,Woman,NONE,1,Raspreet,Sh. Sandeep,0,0,Women,latin,1,7160,Sirsa__Ellenabad.pdf
Sirsa,Ellenabad,37,Mojuki Dhani,SC Woman,SC,1,Akki Rani,Sh. Satpal,0,0,Scheduled Caste Women,latin,1,7160,Sirsa__Ellenabad.pdf
Sirsa,Ellenabad,38,Musli,SC Other than Woman,SC,0,Swaranjeet,Sh. Bhola Singh,1,0,Scheduled Caste Other than Women,latin,1,7160,Sirsa__Ellenabad.pdf
Sirsa,Ellenabad,39,Neemla,Other than Woman,NONE,0,Brij Lal,Sh. Khumana Ram,0,0,Other than Women,latin,1,7160,Sirsa__Ellenabad.pdf
Sirsa,Ellenabad,40,Partap Nagar,Woman,NONE,1,Navneet Kaur,Sh. Jassa Singh,0,0,Women,latin,1,7160,Sirsa__Ellenabad.pdf
Sirsa,Ellenabad,41,Patti Kirpal,BC-A Other than Woman,BC_A,0,Kulwinder,Sh. Jeet Singh,0,0,Backward Class 'A' Other than Women,latin,1,7160,Sirsa__Ellenabad.pdf
Sirsa,Ellenabad,42,Poharkan,Woman,NONE,1,Suman,Sh. Subhash,0,0,Women,latin,1,7160,Sirsa__Ellenabad.pdf
Sirsa,Ellenabad,43,Ratta Khera,Other than Woman,NONE,0,Sukhvinder,Sh. Gurdial Singh,0,0,Other than Women,latin,1,7160,Sirsa__Ellenabad.pdf
Sirsa,Ellenabad,44,Shekhukhera,Other than Woman,NONE,0,Jaskaran Singh,Sh. Jasbir Singh,0,0,Other than Women,latin,1,7160,Sirsa__Ellenabad.pdf
Sirsa,Ellenabad,45,Talwara Khurd,Woman,NONE,1,Neelam,Sh. Rajender,0,0,Women,latin,1,7160,Sirsa__Ellenabad.pdf
Sirsa,Ellenabad,46,Thobarian,Other than Woman,NONE,0,Angrej Singh,Sh. Manjeet Singh,0,0,Other than Women,latin,1,7160,Sirsa__Ellenabad.pdf
Sirsa,Ellenabad,47,Umedpura,SC Woman,SC,1,Renu Bala,Sh. Shalender,0,0,Scheduled Caste Women,latin,1,7160,Sirsa__Ellenabad.pdf
Sirsa,Nathusari Chopta,1,Ali Mohamad,SC Other than Woman,SC,0,Gugan Ram,Kumbh Ram,0,0,Scheduled Caste Other than Women,latin,1,7115,Sirsa__Nathusari-Chopta.pdf
Sirsa,Nathusari Chopta,2,Arnia Wali,Other than Woman,NONE,0,Krishan Kumar,Bhup Singh,0,0,Other than Women,latin,1,7115,Sirsa__Nathusari-Chopta.pdf
Sirsa,Nathusari Chopta,3,Bakrianwali,Woman,NONE,1,Vidya Devi,Vinod Kumar,0,0,Women,latin,1,7115,Sirsa__Nathusari-Chopta.pdf
Sirsa,Nathusari Chopta,4,Barasari,Other than Woman,NONE,0,Amar Singh,Har Chand,1,0,Sarpanch Other than Women,latin,1,7115,Sirsa__Nathusari-Chopta.pdf
Sirsa,Nathusari Chopta,5,Baruwali-Ii,BC-A Woman,BC_A,1,Kanta Devi,Dalip Kumar,0,0,Sarpanch Backward Class 'A' Women,latin,1,7115,Sirsa__Nathusari-Chopta.pdf
Sirsa,Nathusari Chopta,6,Chadiwal,Other than Woman,NONE,0,Ved Parkash,Banwari Lal,0,0,Sarpanch Other than Women,latin,1,7115,Sirsa__Nathusari-Chopta.pdf
Sirsa,Nathusari Chopta,7,Chahar Wala,Woman,NONE,1,Kavita,Ashok Kumar,0,0,Women,latin,1,7115,Sirsa__Nathusari-Chopta.pdf
Sirsa,Nathusari Chopta,8,Chouburja,BC-A Other than Woman,BC_A,0,Sunil Kumar,Sher Singh,0,0,Backward Class 'A' Other than Women,latin,1,7115,Sirsa__Nathusari-Chopta.pdf
Sirsa,Nathusari Chopta,9,Darba Kalan / Manak Diwan,Woman,NONE,1,Santosh Kumari,Nand Lal,0,0,Women Women,latin,1,7115,Sirsa__Nathusari-Chopta.pdf
Sirsa,Nathusari Chopta,10,Dhukra,BC-A Other than Woman,BC_A,0,Rajender,Narsi Ram,0,0,Sarpanch Backward Class 'A' Other than Women,latin,1,7115,Sirsa__Nathusari-Chopta.pdf
Sirsa,Nathusari Chopta,11,Ding,Woman,NONE,1,Neetu,Rohit Kumar,0,0,Women,latin,1,7115,Sirsa__Nathusari-Chopta.pdf
Sirsa,Nathusari Chopta,12,Gadli,Other than Woman,NONE,0,Jayant Singh,Inder Singh,0,0,Sarpanch Other than Women,latin,1,7115,Sirsa__Nathusari-Chopta.pdf
Sirsa,Nathusari Chopta,13,Ganja Rupana,Woman,NONE,1,Manju Rani,Kuldeep,0,0,Women Women,latin,1,7115,Sirsa__Nathusari-Chopta.pdf
Sirsa,Nathusari Chopta,14,Gigorani,Other than Woman,NONE,0,Sandeep,Jagdish,1,0,Sarpanch Other than Women,latin,1,7115,Sirsa__Nathusari-Chopta.pdf
Sirsa,Nathusari Chopta,15,Gudia Khera,SC Woman,SC,1,Manju Bala,Atma Ram,0,0,Sarpanch Scheduled Caste Women,latin,1,7115,Sirsa__Nathusari-Chopta.pdf
Sirsa,Nathusari Chopta,16,Gusaiana,SC Other than Woman,SC,0,Raghubir Singh,Raghubir,0,0,Sarpanch Scheduled Caste Other than Women,latin,1,7115,Sirsa__Nathusari-Chopta.pdf
Sirsa,Nathusari Chopta,17,Hanjira,SC Woman,SC,1,Roshani,Bansi Lal,0,0,Sarpanch Scheduled Caste Women,latin,1,7115,Sirsa__Nathusari-Chopta.pdf
Sirsa,Nathusari Chopta,18,Jamal,Woman,NONE,1,Vinod Rani,Om Parkash,0,0,Women,latin,1,7115,Sirsa__Nathusari-Chopta.pdf
Sirsa,Nathusari Chopta,19,Jassania,Other than Woman,NONE,0,Rajender,Khyali Ram,0,0,Sarpanch Other than Women,latin,1,7115,Sirsa__Nathusari-Chopta.pdf
Sirsa,Nathusari Chopta,20,Jodhakan,SC Other than Woman,SC,0,Anand Sawroop,Jagdish Chander,0,0,Scheduled Caste Other than Women,latin,1,7115,Sirsa__Nathusari-Chopta.pdf
Sirsa,Nathusari Chopta,21,Jogiwala,Woman,NONE,1,Samesta,Anil Kumar,1,0,Women,latin,1,7115,Sirsa__Nathusari-Chopta.pdf
Sirsa,Nathusari Chopta,22,Jorian,Other than Woman,NONE,0,Rakesh Kumar,Mahavir,0,0,Other than Women,latin,1,7115,Sirsa__Nathusari-Chopta.pdf
Sirsa,Nathusari Chopta,23,Kagdana,Other than Woman,NONE,0,Promila Devi,Mange Ram,0,0,Women Other than Women,latin,0,7115,Sirsa__Nathusari-Chopta.pdf
Sirsa,Nathusari Chopta,24,Kheri,Other than Woman,NONE,0,Suresh Kumar,Mahabir,0,0,Other than Women,latin,1,7115,Sirsa__Nathusari-Chopta.pdf
Sirsa,Nathusari Chopta,25,Kukarthana,Woman,NONE,1,Kamla Devi,Krishan Kumar,0,0,Women,latin,1,7115,Sirsa__Nathusari-Chopta.pdf
Sirsa,Nathusari Chopta,26,Kumharia,Other than Woman,NONE,0,Rupesh Kumar,Ram Kumar,0,0,Sarpanch Other than Women,latin,1,7115,Sirsa__Nathusari-Chopta.pdf
Sirsa,Nathusari Chopta,27,Kutiana,Woman,NONE,1,Kirna Rani,Vinod Kumar,0,0,Women,latin,1,7115,Sirsa__Nathusari-Chopta.pdf
Sirsa,Nathusari Chopta,28,Ludesar,SC Woman,SC,1,Somvati,Bhal Singh,0,0,Scheduled Caste Women,latin,1,7115,Sirsa__Nathusari-Chopta.pdf
Sirsa,Nathusari Chopta,29,Makhosarani,Other than Woman,NONE,0,Subhash,Shab Ram,0,0,Sarpanch Other than Women,latin,1,7115,Sirsa__Nathusari-Chopta.pdf
Sirsa,Nathusari Chopta,30,Mochi Wali,BC-A Woman,BC_A,1,Samesta,Kuldeep,0,0,Backward Class 'A' Women,latin,1,7115,Sirsa__Nathusari-Chopta.pdf
Sirsa,Nathusari Chopta,31,Modia Khera,SC Other than Woman,SC,0,Bharat,Dalip Kumar,0,0,Sarpanch Scheduled Caste Other than Women,latin,1,7115,Sirsa__Nathusari-Chopta.pdf
Sirsa,Nathusari Chopta,32,Narain Khera,Other than Woman,NONE,0,Satya Parkash,Bhim Singh,0,0,Sarpanch Other than Women,latin,1,7115,Sirsa__Nathusari-Chopta.pdf
Sirsa,Nathusari Chopta,33,Nathusari Kalan,Woman,NONE,1,Reeta,Jagat Pal,0,0,Sarpanch Women Women,latin,1,7115,Sirsa__Nathusari-Chopta.pdf
Sirsa,Nathusari Chopta,34,Nehrana,Other than Woman,NONE,0,Rajesh,Rampal,0,0,Sarpanch Other than Women,latin,1,7115,Sirsa__Nathusari-Chopta.pdf
Sirsa,Nathusari Chopta,35,Nezia Khera,Woman,NONE,1,Sonu,Vikram Kumar,0,0,Women,latin,1,7115,Sirsa__Nathusari-Chopta.pdf
Sirsa,Nathusari Chopta,36,Nirban,Other than Woman,NONE,0,Daulat Ram,Hari Singh,0,0,Sarpanch Other than Women,latin,1,7115,Sirsa__Nathusari-Chopta.pdf
Sirsa,Nathusari Chopta,37,Raipur,Woman,NONE,1,Kavita Rani,Manoj Kumar,0,0,Women,latin,1,7115,Sirsa__Nathusari-Chopta.pdf
Sirsa,Nathusari Chopta,38,Rajpura Kairanwali,Other than Woman,NONE,0,Subhash,Krishan Kumar,0,0,Sarpanch Other than Women,latin,1,7115,Sirsa__Nathusari-Chopta.pdf
Sirsa,Nathusari Chopta,39,Rajpura Sahani,Woman,NONE,1,Nisha,Raj Kumar,0,0,Sarpanch Women Women,latin,1,7115,Sirsa__Nathusari-Chopta.pdf
Sirsa,Nathusari Chopta,40,Rampura Dhillon,Other than Woman,NONE,0,Ravil Kumar,Jagdish Chand,0,0,Sarpanch Other than Women,latin,1,7115,Sirsa__Nathusari-Chopta.pdf
Sirsa,Nathusari Chopta,41,Rampura Nawabad,Woman,NONE,1,Sarla,Sandeep Kumar,0,0,Sarpanch Women Women,latin,1,7115,Sirsa__Nathusari-Chopta.pdf
Sirsa,Nathusari Chopta,42,Randhawa,Other than Woman,NONE,0,Subhash Singh,Inder Singh,0,0,Sarpanch Other than Women,latin,1,7115,Sirsa__Nathusari-Chopta.pdf
Sirsa,Nathusari Chopta,43,Rupana / Darba Khurd,Woman,NONE,1,Ravita,Subhash,0,0,Women Women,latin,1,7115,Sirsa__Nathusari-Chopta.pdf
Sirsa,Nathusari Chopta,44,Rupana Bishnoia,SC Woman,SC,1,Poonam,Kapil Dev,0,0,Sarpanch Scheduled Caste Women,latin,1,7115,Sirsa__Nathusari-Chopta.pdf
Sirsa,Nathusari Chopta,45,Rupawas,Other than Woman,NONE,0,Uday Pal,Shiv Narayan,0,0,Other than Women,latin,1,7115,Sirsa__Nathusari-Chopta.pdf
Sirsa,Nathusari Chopta,46,Sahuwala- Iind,Woman,NONE,1,Rachna Rani,Satpal,0,0,Women Women,latin,1,7115,Sirsa__Nathusari-Chopta.pdf
Sirsa,Nathusari Chopta,48,Shakkar Mandori Shakkar,SC Other than Woman,SC,0,Shri Chand,Ram Ji Lal,0,0,Sarpanch Scheduled Caste Other than Women,latin,1,7115,Sirsa__Nathusari-Chopta.pdf
Sirsa,Nathusari Chopta,49,Sherpura,SC Woman,SC,1,Seema,Vikram,0,0,Sarpanch Scheduled Caste Women,latin,1,7115,Sirsa__Nathusari-Chopta.pdf
Sirsa,Nathusari Chopta,50,Tajia Khera,Woman,NONE,1,Mamta,Rajroop,0,0,Women,latin,1,7115,Sirsa__Nathusari-Chopta.pdf
Sirsa,Nathusari Chopta,51,Tarkanwali,SC Other than Woman,SC,0,Om Parkash,Banwari Lal,0,0,Sarpanch Scheduled Caste Other than Women,latin,1,7115,Sirsa__Nathusari-Chopta.pdf
Sirsa,Odhan,1,Anandgarh,SC Other than Woman,SC,0,Vikas Kumar,Ram Chander,0,0,Scheduled Caste Other than Women,latin,1,7133,Sirsa__Odhan.pdf
Sirsa,Odhan,2,Assir,BC-A Other than Woman,BC_A,0,Malkeet Singh,Chhota Singh Urf Kapoor Singh,0,0,Backward Class ‘A’ Other than Women,latin,1,7133,Sirsa__Odhan.pdf
Sirsa,Odhan,3,Chatha,Woman,NONE,1,Veerpal Kaur,Sukhraj Singh,1,0,Women,latin,1,7133,Sirsa__Odhan.pdf
Sirsa,Odhan,4,Chormar Khera,Other than Woman,NONE,0,Jatinder Singh,Baljeet Singh,0,0,Other than Women,latin,1,7133,Sirsa__Odhan.pdf
Sirsa,Odhan,5,Chukerian,Woman,NONE,1,Amandeep Kaur,Satnam Singh,0,0,Women,latin,1,7133,Sirsa__Odhan.pdf
Sirsa,Odhan,6,Dadu,Other than Woman,NONE,0,Baltej Singh,Hakam Singh,0,0,Other than Women,latin,1,7133,Sirsa__Odhan.pdf
Sirsa,Odhan,7,Desu Malkana,BC-A Woman,BC_A,1,Gurjeet Kaur,Kulwant Singh,0,0,Backward Class ‘A’ Women,latin,1,7133,Sirsa__Odhan.pdf
Sirsa,Odhan,8,Dharampura,Other than Woman,NONE,0,Kuldeep Singh,Nachhattar Singh,0,0,Other than Women,latin,1,7133,Sirsa__Odhan.pdf
Sirsa,Odhan,9,Gadrana,Woman,NONE,1,Samarpal Kaur,Beant Singh,0,0,Women,latin,1,7133,Sirsa__Odhan.pdf
Sirsa,Odhan,10,Ghukanwali,SC Woman,SC,1,Swranjeet Kaur,Baljeet Singh,0,0,Scheduled Caste Women,latin,1,7133,Sirsa__Odhan.pdf
Sirsa,Odhan,11,Hassu,Other than Woman,NONE,0,Jaskaran Singh,Baggad Singh,1,0,Other than Women,latin,1,7133,Sirsa__Odhan.pdf
Sirsa,Odhan,12,Jagmalwali,Woman,NONE,1,Harjinderjit Kaur,Satpal Singh,0,0,Women,latin,1,7133,Sirsa__Odhan.pdf
Sirsa,Odhan,13,Jalalana,SC Other than Woman,SC,0,Angrej Singh,Mander Singh,0,0,Scheduled Caste Other than Women,latin,1,7133,Sirsa__Odhan.pdf
Sirsa,Odhan,14,Jandwala Jattan,SC Woman,SC,1,Manju Bala,Sardul Singh,0,0,Scheduled Caste Women,latin,1,7133,Sirsa__Odhan.pdf
Sirsa,Odhan,15,Kalanwali,SC Other than Woman,SC,0,Ajayb Singh,Mahinder Singh,0,0,Scheduled Caste Other than Women,latin,1,7133,Sirsa__Odhan.pdf
Sirsa,Odhan,16,Kewal,Other than Woman,NONE,0,Gurpreet Singh,Nachhattar Singh,0,0,Other than Women,latin,1,7133,Sirsa__Odhan.pdf
Sirsa,Odhan,17,Khatranwa,Woman,NONE,1,Amandeep Kaur,Sharandeep Singh,0,0,Women,latin,1,7133,Sirsa__Odhan.pdf
Sirsa,Odhan,18,Kheowali,Other than Woman,NONE,0,Sidhant Godara,Jitender Godara,0,0,Other than Women,latin,1,7133,Sirsa__Odhan.pdf
Sirsa,Odhan,19,Khokhar,Woman,NONE,1,Satveer Kaur,Manpreet Singh,0,0,Women,latin,1,7133,Sirsa__Odhan.pdf
Sirsa,Odhan,20,Kingre,SC Woman,SC,1,Amandeep Kaur,Harjinder Singh,0,0,Scheduled Caste Women),latin,1,7133,Sirsa__Odhan.pdf
Sirsa,Odhan,21,Lakranwali,Other than Woman,NONE,0,Bhim Singh,Tara Chand,0,0,Other than Women,latin,1,7133,Sirsa__Odhan.pdf
Sirsa,Odhan,22,Makha,SC Other than Woman,SC,0,Loveprit Singh,Gurtej Singh,0,0,Scheduled Caste Other than Women,latin,1,7133,Sirsa__Odhan.pdf
Sirsa,Odhan,23,Malikpura,Woman,NONE,1,Arshdeep Kaur,Avtar Singh,0,0,Women,latin,1,7133,Sirsa__Odhan.pdf
Sirsa,Odhan,24,Mithri,SC Woman,SC,1,Kuldeep Kaur,Amritpal Singh,0,0,Scheduled Caste Women,latin,1,7133,Sirsa__Odhan.pdf
Sirsa,Odhan,25,Naurang,SC Other than Woman,SC,0,Sukhdeep Singh,Nayab Singh,0,0,Scheduled Caste Other than Women,latin,1,7133,Sirsa__Odhan.pdf
Sirsa,Odhan,26,Nuhianwali,SC Woman,SC,1,Sunita Devi,Atma Ram,0,0,Scheduled Caste Women,latin,1,7133,Sirsa__Odhan.pdf
Sirsa,Odhan,27,Odhan,BC-A Other than Woman,BC_A,0,Sandeep Singh,Randhir Singh,0,0,Backward Class ‘A’ Other than Women,latin,1,7133,Sirsa__Odhan.pdf
Sirsa,Odhan,28,Paniwala Motta,Woman,NONE,1,Manju Bala,Pardeep Kumar,0,0,Women,latin,1,7133,Sirsa__Odhan.pdf
Sirsa,Odhan,29,Pipli,Other than Woman,NONE,0,Kuldeep Kumar,Pargat Ram,0,0,Other than Women,latin,1,7133,Sirsa__Odhan.pdf
Sirsa,Odhan,30,Rohiranwali,SC Other than Woman,SC,0,Mahender Singh,Kanshi Ram,0,0,Scheduled Caste Other than Women,latin,1,7133,Sirsa__Odhan.pdf
Sirsa,Odhan,31,Salam Khera,Woman,NONE,1,Amandeep Kaur,Ravi Kumar,0,0,Women,latin,1,7133,Sirsa__Odhan.pdf
Sirsa,Odhan,32,Singhpura,Other than Woman,NONE,0,Mohanpreet Singh,Hardev Singh,0,0,Other than Women,latin,1,7133,Sirsa__Odhan.pdf
Sirsa,Odhan,33,Takhatmal,SC Woman,SC,1,Saravjeet Kaur,Ranjeet Singh,1,0,Scheduled Caste Women,latin,1,7133,Sirsa__Odhan.pdf
Sirsa,Odhan,34,Tappi,SC Other than Woman,SC,0,Manpreet Singh,Ram Lal,0,0,Scheduled Caste Other than Women,latin,1,7133,Sirsa__Odhan.pdf
Sirsa,Odhan,35,Taruana,Woman,NONE,1,Gurpreet Kour,Gurpyaas Singh,0,0,Women,latin,1,7133,Sirsa__Odhan.pdf
Sirsa,Odhan,36,Tigri,Other than Woman,NONE,0,Pushpindar Singh,Ran Singh,1,0,Other than Women,latin,1,7133,Sirsa__Odhan.pdf
Sirsa,Odhan,37,Tilokewala,Woman,NONE,1,Mandeep Kaur,Balraj Singh,0,0,Women,latin,1,7133,Sirsa__Odhan.pdf
Sirsa,Rania,1,Abholi,SC Other than Woman,SC,0,Shamsher Singh,Sh.Tanna Ram,0,0,Scheduled Caste Other than Women,latin,1,7106,Sirsa__Rania.pdf
Sirsa,Rania,2,Abutgarh,SC Woman,SC,1,Kavita,Sh.Sunil,0,0,Scheduled Caste Women,latin,1,7106,Sirsa__Rania.pdf
Sirsa,Rania,3,Bacher,Other than Woman,NONE,0,Sadhu Ram,Sh.Ram Kumar,0,0,Other than Women,latin,1,7106,Sirsa__Rania.pdf
Sirsa,Rania,4,Bahia,Woman,NONE,1,Soniya Ish Pujani,Sh.Rupesh Kumar,0,0,Women,latin,1,7106,Sirsa__Rania.pdf
Sirsa,Rania,5,Balasar,Other than Woman,NONE,0,Dharampal,Sh.Dalip,0,0,Other than Women,latin,1,7106,Sirsa__Rania.pdf
Sirsa,Rania,6,Bani,Woman,NONE,1,Naina Devi,Sh.Sanjeev Kumar,0,0,Women,latin,1,7106,Sirsa__Rania.pdf
Sirsa,Rania,7,Bharolan- wali,Other than Woman,NONE,0,Gurpreet Singh,Sh.Gurdev Singh,0,0,Other than Women,latin,1,7106,Sirsa__Rania.pdf
Sirsa,Rania,8,Bhuna,Woman,NONE,1,Sharda,Sh.Subash Chander,0,0,Women,latin,1,7106,Sirsa__Rania.pdf
Sirsa,Rania,9,Chak Sahiban,SC Other than Woman,SC,0,Gurcharn Singh,Sh.Harbans Singh,0,0,Scheduled Caste Other than Women,latin,1,7106,Sirsa__Rania.pdf
Sirsa,Rania,10,Chakan,Other than Woman,NONE,0,Amar Singh,Sh.Ramdatt,0,0,Other than Women,latin,1,7106,Sirsa__Rania.pdf
Sirsa,Rania,11,Chakrayian,Woman,NONE,1,Neha,Sh.Amandeep Kumar,0,0,Women,latin,1,7106,Sirsa__Rania.pdf
Sirsa,Rania,12,Darewala,Other than Woman,NONE,0,Jaspreet Pal,Sh.Harcharan Singh,0,0,Other than Women,latin,1,7106,Sirsa__Rania.pdf
Sirsa,Rania,13,Dhamora Thedi,SC Woman,SC,1,Bhago Devi,Sh.Sukhdev Singh,0,0,Scheduled Caste Women,latin,1,7106,Sirsa__Rania.pdf
Sirsa,Rania,14,Dhani Bangi,SC Other than Woman,SC,0,Bhoop Ram,Sh.Pala Ram,0,0,Scheduled Caste Other than Women,latin,1,7106,Sirsa__Rania.pdf
Sirsa,Rania,15,Dhani Partap Singh,SC Woman,SC,1,Priyanka,Sh.Sunil Kumar,0,0,Scheduled Caste Women,latin,1,7106,Sirsa__Rania.pdf
Sirsa,Rania,16,Dhani Satnam Singh,Woman,NONE,1,Raj Kaur,Sh.Sukhdev Singh,0,0,Women,latin,1,7106,Sirsa__Rania.pdf
Sirsa,Rania,17,Dhanoor,SC Other than Woman,SC,0,Chiman Lal,Sh.Pala Ram,0,0,Scheduled Caste Other than Women,latin,1,7106,Sirsa__Rania.pdf
Sirsa,Rania,18,Dhottar,Other than Woman,NONE,0,Rajesh,Sh.Mohan Lal,0,0,Other than Women,latin,1,7106,Sirsa__Rania.pdf
Sirsa,Rania,19,Dhudianwali,Woman,NONE,1,Anita,Sh.Mahabir,0,0,Women,latin,1,7106,Sirsa__Rania.pdf
Sirsa,Rania,20,Fatehpuria,Other than Woman,NONE,0,Kulwant Singh,Sh.Satnarain,0,0,Other than Women,latin,1,7106,Sirsa__Rania.pdf
Sirsa,Rania,21,Ferozabad,SC Woman,SC,1,Charanjeet Kaur,Sh.Tarsem Singh,0,0,Scheduled Caste Women,latin,1,7106,Sirsa__Rania.pdf
Sirsa,Rania,22,Ghoranwali,SC Other than Woman,SC,0,Lachhaman Ram,Sh.Basti Ram,0,0,Scheduled Caste Other than Women,latin,1,7106,Sirsa__Rania.pdf
Sirsa,Rania,23,Gidranwali,BC-A Woman,BC_A,1,Parmjit Kaur,Sh.Sukhdev Singh,0,0,Backward Class 'A' Women,latin,1,7106,Sirsa__Rania.pdf
Sirsa,Rania,24,Gindran,Other than Woman,NONE,0,Jaswant Singh,Sh.Madan Lal,0,0,Other than Women,latin,1,7106,Sirsa__Rania.pdf
Sirsa,Rania,25,Govindpura,BC-A Woman,BC_A,1,Kiran Bala,Sh.Sunil Kumar,0,0,Backward Class 'A' Women,latin,1,7106,Sirsa__Rania.pdf
Sirsa,Rania,26,Haripura,Other than Woman,NONE,0,Karnjeet,Sh.Krishan Lal,0,0,Other than Women,latin,1,7106,Sirsa__Rania.pdf
Sirsa,Rania,27,Himmatpura,Woman,NONE,1,Rajbir Kaur,Sh.Sandeep Singh,0,0,Women,latin,1,7106,Sirsa__Rania.pdf
Sirsa,Rania,28,Jagjeet Nagar,SC Woman,SC,1,Nanki Devi,Sh.Dheer Singh,0,0,Scheduled Caste Women,latin,1,7106,Sirsa__Rania.pdf
Sirsa,Rania,29,Jodhpuria,Other than Woman,NONE,0,Ved Parkash,Sh.Ranjeet Singh,0,0,Other than Women,latin,1,7106,Sirsa__Rania.pdf
Sirsa,Rania,30,Keharwala,Woman,NONE,1,Suman Devi,Sh.Harvind Ram,0,0,Women,latin,1,7106,Sirsa__Rania.pdf
Sirsa,Rania,31,Khaja Khera,Other than Woman,NONE,0,Ravi Kumar,Sh.Suresh Kumar,0,0,Other than Women,latin,1,7106,Sirsa__Rania.pdf
Sirsa,Rania,32,Kharia,Woman,NONE,1,Maya Devi,Sh.Teg Bahadur,0,0,Women,latin,1,7106,Sirsa__Rania.pdf
Sirsa,Rania,33,Kotha Sainpal,Other than Woman,NONE,0,Navpreet Singh,Sh.Dilbag Singh,0,0,Other than Women,latin,1,7106,Sirsa__Rania.pdf
Sirsa,Rania,34,Kussar,Woman,NONE,1,Rajpal Kaur,Sh.Govind Singh,0,0,Women,latin,1,7106,Sirsa__Rania.pdf
Sirsa,Rania,35,Mamerkhera,SC Other than Woman,SC,0,Baldev,Sh.Mahavir,0,0,Scheduled Caste Other than Women,latin,1,7106,Sirsa__Rania.pdf
Sirsa,Rania,36,Mangalia,Other than Woman,NONE,0,Sunil Kumar,Sh.Ram Kumar,0,0,Other than Women,latin,1,7106,Sirsa__Rania.pdf
Sirsa,Rania,37,Mattuwala,Woman,NONE,1,Sunita Devi,Sh.Virander Kumar,0,0,Women,latin,1,7106,Sirsa__Rania.pdf
Sirsa,Rania,38,Mehna Khera,SC Woman,SC,1,Suman,Sh.Jaspal,0,0,Scheduled Caste Women,latin,1,7106,Sirsa__Rania.pdf
Sirsa,Rania,39,Mohmadpuri a,Other than Woman,NONE,0,Joginder Singh,Sh.Hardeep Singh,0,0,Other than Women,latin,1,7106,Sirsa__Rania.pdf
Sirsa,Rania,40,Moujdeen,BC-A Woman,BC_A,1,Pawandeep Kaur,Sh.Baldev Singh,1,0,Backward Class 'A' Women,latin,1,7106,Sirsa__Rania.pdf
Sirsa,Rania,41,Nagrana,Other than Woman,NONE,0,Gurjeet Singh,Sh.Sukhdev Singh,0,0,Other than Women,latin,1,7106,Sirsa__Rania.pdf
Sirsa,Rania,42,Naiwala,Woman,NONE,1,Kiranjeet Kaur,Sh.Gurshej Singh,0,0,Women,latin,1,7106,Sirsa__Rania.pdf
Sirsa,Rania,43,Nakora,Other than Woman,NONE,0,Mahender Singh,Sh.Jaspal Singh,0,0,Other than Women,latin,1,7106,Sirsa__Rania.pdf
Sirsa,Rania,44,Nanuana,SC Other than Woman,SC,0,Heera Lal,Sh.Om Parkash,0,0,Scheduled Caste Other than Women,latin,1,7106,Sirsa__Rania.pdf
Sirsa,Rania,45,Nathor,Woman,NONE,1,Neetu,Sh.Sunil Kumar,1,0,Women,latin,1,7106,Sirsa__Rania.pdf
Sirsa,Rania,46,Ottu,SC Woman,SC,1,Kuldeep Kaur,Sh.Sharanjeet Singh,0,0,Scheduled Caste Women,latin,1,7106,Sirsa__Rania.pdf
Sirsa,Rania,47,Pattirathawas,Other than Woman,NONE,0,Malkhan Singh,Sh.Balvir Singh,0,0,Other than Women,latin,1,7106,Sirsa__Rania.pdf
Sirsa,Rania,48,Peerkhera,Woman,NONE,1,Sulochna,Sh.Kulwant,0,0,Women,latin,1,7106,Sirsa__Rania.pdf
Sirsa,Rania,49,Rampur Thedi,SC Other than Woman,SC,0,Sukhpal Singh,Sh.Baldev Singh,0,0,Scheduled Caste Other than Women,latin,1,7106,Sirsa__Rania.pdf
Sirsa,Rania,50,Ranjitpur Thedi,Other than Woman,NONE,0,Gurmangat Singh,Sh.Karamjeet Singh,0,0,Other than Women,latin,1,7106,Sirsa__Rania.pdf
Sirsa,Rania,51,Sadewala,Woman,NONE,1,Shalu Verma,Sh.Sandeep Kumar,0,0,Women,latin,1,7106,Sirsa__Rania.pdf
Sirsa,Rania,52,Sainpal,SC Woman,SC,1,Jyotan Bai,Sh.Amandeep Singh,0,0,Scheduled Caste Women,latin,1,7106,Sirsa__Rania.pdf
Sirsa,Rania,53,Santawali,Other than Woman,NONE,0,Balraj Singh,Sh.Piara Singh,0,0,Other than Women,latin,1,7106,Sirsa__Rania.pdf
Sirsa,Rania,54,Sultanpuria,BC-A Woman,BC_A,1,Suman Bala,Sh.Bhim Sain,0,0,Backward Class 'A' Women,latin,1,7106,Sirsa__Rania.pdf
Sirsa,Rania,55,Thedi Mohar Singh,Other than Woman,NONE,0,Niranjan Singh,Sh.Pritam Singh,0,0,Other than Women,latin,1,7106,Sirsa__Rania.pdf
Sirsa,Rania,56,Ther Sahindawali,SC Other than Woman,SC,0,Avtar Singh,Sh.Harbilas,0,0,Scheduled Caste Other than Women,latin,1,7106,Sirsa__Rania.pdf
Sirsa,Sirsa,1,Ahamadpur,BC-A Other than Woman,BC_A,0,Sandeep Kumar,Lekh Raj,0,0,Backward Class ‘A’ Other than Women,latin,,7142,Sirsa__Sirsa.pdf
Sirsa,Sirsa,2,Alanoor / Nanakpur,BC-A Woman,BC_A,1,Laxmi Devi,Prem Parkash,1,0,Backward Class ‘A’ Women,latin,1,7142,Sirsa__Sirsa.pdf
Sirsa,Sirsa,3,Alipur Titu Khera,Other than Woman,NONE,0,Sonu,Ladu Ram,0,0,Other than Women,latin,1,7142,Sirsa__Sirsa.pdf
Sirsa,Sirsa,4,Baguwali,SC Other than Woman,SC,0,Rinku Singh,Bhura Singh,0,0,Scheduled Caste Other than Women,latin,1,7142,Sirsa__Sirsa.pdf
Sirsa,Sirsa,5,Bajekan,Woman,NONE,1,Kulbeer Kaur,Rajinder Singh,0,0,Women,latin,1,7142,Sirsa__Sirsa.pdf
Sirsa,Sirsa,6,Bansudhar,Other than Woman,NONE,0,Manoj Kumar,Bharat Singh,0,0,Other than Women,latin,1,7142,Sirsa__Sirsa.pdf
Sirsa,Sirsa,7,Baruwali -Ist,Woman,NONE,1,Sita Rani Urf Sita Kamboj,Rajesh Kumar,0,0,Women,latin,1,7142,Sirsa__Sirsa.pdf
Sirsa,Sirsa,8,Bhambhoor,Other than Woman,NONE,0,Rakesh Kumar,Sham Sunder,0,0,Other than Women,latin,1,7142,Sirsa__Sirsa.pdf
Sirsa,Sirsa,9,Bharokhan,Woman,NONE,1,Sneh Lata,Bhim Singh,1,0,Women,latin,1,7142,Sirsa__Sirsa.pdf
Sirsa,Sirsa,10,Bhavdeen,Other than Woman,NONE,0,Gurinder Singh,Narender Singh,0,0,Other than Women,latin,1,7142,Sirsa__Sirsa.pdf
Sirsa,Sirsa,11,Chamal,SC Woman,SC,1,Manjeet Kaur,Manoj Kumar,0,0,Scheduled Caste Women,latin,1,7142,Sirsa__Sirsa.pdf
Sirsa,Sirsa,12,Darbi,SC Other than Woman,SC,0,Ram Sawroop,Jot Ram,0,0,Scheduled Caste Other than Women,latin,1,7142,Sirsa__Sirsa.pdf
Sirsa,Sirsa,13,Dhani 400,Woman,NONE,1,Sukhvinder Kaur,Jagveer Singh,0,0,Women,latin,1,7142,Sirsa__Sirsa.pdf
Sirsa,Sirsa,14,Dhani Bharokhan,Other than Woman,NONE,0,Milakh Raj,Rakesh Kumar,1,0,Other than Women,latin,1,7142,Sirsa__Sirsa.pdf
Sirsa,Sirsa,15,Dhani Channu Shahid,SC Woman,SC,1,Simran,Laxman Dass,0,0,Scheduled Caste Women,latin,1,7142,Sirsa__Sirsa.pdf
Sirsa,Sirsa,16,Dhani Kheowali,Woman,NONE,1,Sunita Rani,Rinku,0,0,Women,latin,1,7142,Sirsa__Sirsa.pdf
Sirsa,Sirsa,17,Dhani Khuwali,Other than Woman,NONE,0,Om Parkash,Hazara Ram,0,0,Other than Women,latin,1,7142,Sirsa__Sirsa.pdf
Sirsa,Sirsa,18,Dhani Rampura,Woman,NONE,1,Sunita Rani,Sukhdev Chand,0,0,Women,latin,1,7142,Sirsa__Sirsa.pdf
Sirsa,Sirsa,19,Dhingtania,Other than Woman,NONE,0,Rakesh Kumar,Hari Parkash,0,0,Other than Women,latin,1,7142,Sirsa__Sirsa.pdf
Sirsa,Sirsa,20,Ding Road,SC Other than Woman,SC,0,Mukesh Kumar,Ram Chander,0,0,Scheduled Caste Other than Women,latin,1,7142,Sirsa__Sirsa.pdf
Sirsa,Sirsa,21,Farwain Kalan,SC Woman,SC,1,Raj Bala,Rahul Kumar,0,0,Scheduled Caste Women,latin,1,7142,Sirsa__Sirsa.pdf
Sirsa,Sirsa,22,Farwain Khurd,Woman,NONE,1,Gurmeet Kaur,Bhupinder Singh,1,0,Women,latin,1,7142,Sirsa__Sirsa.pdf
Sirsa,Sirsa,23,Fatehpur Vaidwala,Other than Woman,NONE,0,Deep Singh,Balbir Singh,0,0,Other than Women,latin,1,7142,Sirsa__Sirsa.pdf
Sirsa,Sirsa,24,Handi Khera / Kasan Khera,Woman,NONE,1,Kapila Devi,Rajesh Kumar,0,0,Women,latin,1,7142,Sirsa__Sirsa.pdf
Sirsa,Sirsa,25,Jhopra,BC-A Other than Woman,BC_A,0,Sandeep Kumar,Hukam Chand,1,0,Backward Class ‘A’ Other than Women,latin,1,7142,Sirsa__Sirsa.pdf
Sirsa,Sirsa,26,Jhorarnali,SC Other than Woman,SC,0,Vijay Kumar,Raja Ram,0,0,Scheduled Caste Other than Women,latin,1,7142,Sirsa__Sirsa.pdf
Sirsa,Sirsa,27,Kanganpur,Woman,NONE,1,Manjit Kaur,Dalbir Singh,0,0,Women,latin,1,7142,Sirsa__Sirsa.pdf
Sirsa,Sirsa,28,Kanwarpura,SC Woman,SC,1,Poonam Devi,Vijay Kumar,0,0,Scheduled Caste Women,latin,1,7142,Sirsa__Sirsa.pdf
Sirsa,Sirsa,29,Kasumbi,SC Other than Woman,SC,0,Ved Parkash,Sohan Lal,0,0,Scheduled Caste Other than Women,latin,1,7142,Sirsa__Sirsa.pdf
Sirsa,Sirsa,30,Kelnia,SC Woman,SC,1,Anju Bala,Sanjay Kumar,0,0,Scheduled Caste Women,latin,1,7142,Sirsa__Sirsa.pdf
Sirsa,Sirsa,31,Khairekan,Other than Woman,NONE,0,Suman Kumar,Ram Savroop,0,0,Other than Women,latin,1,7142,Sirsa__Sirsa.pdf
Sirsa,Sirsa,32,Kotli,Woman,NONE,1,Pinki,Satish Kumar,0,0,Women,latin,1,7142,Sirsa__Sirsa.pdf
Sirsa,Sirsa,33,Madhosinghana / Liwal Wali,Other than Woman,NONE,0,Vinod Kumar,Hari Singh,1,0,Other than Women,latin,1,7142,Sirsa__Sirsa.pdf
Sirsa,Sirsa,34,Mangala,Woman,NONE,1,Anita Rani,Prem Chand,0,0,Women,latin,1,7142,Sirsa__Sirsa.pdf
Sirsa,Sirsa,35,Meerpur,Other than Woman,NONE,0,Ved Parkash,Kashmir Chand,0,0,Other than Women,latin,1,7142,Sirsa__Sirsa.pdf
Sirsa,Sirsa,36,Mirpur Colony,Woman,NONE,1,Karmpreet Kaur,Baljeet Singh,0,0,Women,latin,1,7142,Sirsa__Sirsa.pdf
Sirsa,Sirsa,37,Mohamadpur Salarpur,Other than Woman,NONE,0,Jasvinder Singh,Sukhwant Singh,1,0,Other than Women,latin,1,7142,Sirsa__Sirsa.pdf
Sirsa,Sirsa,38,Mojukhera,SC Other than Woman,SC,0,Harpal Singh,Sarmail Singh,0,0,Scheduled Caste Other than Women,latin,1,7142,Sirsa__Sirsa.pdf
Sirsa,Sirsa,39,Moriwala,SC Woman,SC,1,Sumitra Bai,Gurdeep Singh,0,0,Scheduled Caste Women,latin,1,7142,Sirsa__Sirsa.pdf
Sirsa,Sirsa,40,Musahibwala,Woman,NONE,1,Gunjan,Narender Kumar,0,0,Women,latin,1,7142,Sirsa__Sirsa.pdf
Sirsa,Sirsa,41,Narel Khera,Other than Woman,NONE,0,Hardeep Singh,Hajara Singh,1,0,Other than Women,latin,1,7142,Sirsa__Sirsa.pdf
Sirsa,Sirsa,42,Nattar,SC Other than Woman,SC,0,Babu Ram,Lachhman Das,0,0,Scheduled Caste Other than Women,latin,1,7142,Sirsa__Sirsa.pdf
Sirsa,Sirsa,43,Neza Dela Kalan,Woman,NONE,1,Sona Devi,Dharmpal,0,0,Women,latin,1,7142,Sirsa__Sirsa.pdf
Sirsa,Sirsa,44,Panihari,SC Woman,SC,1,Nitu Rani,Resham Lal,0,0,Scheduled Caste Women,latin,1,7142,Sirsa__Sirsa.pdf
Sirsa,Sirsa,45,Patli Dabar,Other than Woman,NONE,0,Lakhvinder Singh,Ajit Singh,0,0,Other than Women,latin,1,7142,Sirsa__Sirsa.pdf
Sirsa,Sirsa,46,Phoolkan,SC Other than Woman,SC,0,Kailash Chander,Jagdish Chander,0,0,Scheduled Caste Other than Women,latin,1,7142,Sirsa__Sirsa.pdf
Sirsa,Sirsa,47,Rangri Khera,SC Woman,SC,1,Gurpreet Kaur,Angrej Singh,0,0,Scheduled Caste Women,latin,1,7142,Sirsa__Sirsa.pdf
Sirsa,Sirsa,48,Rasulpur,BC-A Woman,BC_A,1,Kailash Rani,Som Chand,0,0,Backward Class ‘A’ Women,latin,1,7142,Sirsa__Sirsa.pdf
Sirsa,Sirsa,49,Sahindawali,SC Other than Woman,SC,0,Sita Ram,Kela Ram,0,0,Scheduled Caste Other than Women,latin,1,7142,Sirsa__Sirsa.pdf
Sirsa,Sirsa,50,Sahpur Begu,SC Woman,SC,1,Paramjeet Kaur,Gurtej Singh,0,0,Scheduled Caste Women,latin,1,7142,Sirsa__Sirsa.pdf
Sirsa,Sirsa,51,Sangarsarista,Other than Woman,NONE,0,Aman Deep,Kashmir Chand,0,0,Other than Women,latin,1,7142,Sirsa__Sirsa.pdf
Sirsa,Sirsa,52,Shah Satnampura,SC Other than Woman,SC,0,Charanjeet Singh Insan,Balwant Singh,1,0,Scheduled Caste Other than Women,latin,1,7142,Sirsa__Sirsa.pdf
Sirsa,Sirsa,53,Shamshabad Patti,Woman,NONE,1,Daljit Kaur,Randeep Singh,0,0,Women,latin,1,7142,Sirsa__Sirsa.pdf
Sirsa,Sirsa,54,Sikandarpur,Other than Woman,NONE,0,Malkeet Singh,Ram Singh,0,0,Other than Women,latin,1,7142,Sirsa__Sirsa.pdf
Sirsa,Sirsa,55,Suchan,Woman,NONE,1,Mamta Rani,Rohtash Hans,0,0,Women,latin,1,7142,Sirsa__Sirsa.pdf
Sirsa,Sirsa,56,Thedi Baba Sawan Singh,Other than Woman,NONE,0,Milkh Raj,Dayal Chand,0,0,Other than Women,latin,1,7142,Sirsa__Sirsa.pdf
Sonipat,Ganaur,1,Agwanpur,BC-A Other than Woman,BC_A,0,Manjit,Vishnu,0,0,Backward Class ‘A’ other than Women,latin,,7546,Sonipat__Ganaur.pdf
Sonipat,Ganaur,2,Ahulana,Woman,NONE,1,Sunil Devi,Ajit Singh,0,0,Women,latin,,7546,Sonipat__Ganaur.pdf
Sonipat,Ganaur,3,Atail,Other than Woman,NONE,0,Satbir,Hardev Singh,0,0,Other than Women,latin,,7546,Sonipat__Ganaur.pdf
Sonipat,Ganaur,4,Bain,Woman,NONE,1,Kajal,Deepak Kumar,0,0,Women,latin,,7546,Sonipat__Ganaur.pdf
Sonipat,Ganaur,5,Bajana Kalan,Other than Woman,NONE,0,Mehar Singh Kadyan,Mange Ram Kadyan,0,0,Other than Women,latin,,7546,Sonipat__Ganaur.pdf
Sonipat,Ganaur,6,Bajana Khurd,Woman,NONE,1,Neeraj Sharma,Ramesh Kumar,0,0,Women,latin,,7546,Sonipat__Ganaur.pdf
Sonipat,Ganaur,7,Bali Qutabpur,Other than Woman,NONE,0,Devender Singh,Chand Ram,0,0,Other than Women,latin,,7546,Sonipat__Ganaur.pdf
Sonipat,Ganaur,8,Bari,Woman,NONE,1,Neeraj,Arun,0,0,Women,latin,,7546,Sonipat__Ganaur.pdf
Sonipat,Ganaur,9,Bega,Other than Woman,NONE,0,Surender Kumar,Mange Ram,0,0,Other than Women,latin,,7546,Sonipat__Ganaur.pdf
Sonipat,Ganaur,10,Bhadi,Woman,NONE,1,Parmila,Naresh Kumar,0,0,Women,latin,,7546,Sonipat__Ganaur.pdf
Sonipat,Ganaur,11,Bhakharpur,Other than Woman,NONE,0,Rajender,Panjuram,0,0,Other than Women,latin,,7546,Sonipat__Ganaur.pdf
Sonipat,Ganaur,12,Bhanwar,Woman,NONE,1,Monika Devi,Devender Kumar,0,0,Women,latin,,7546,Sonipat__Ganaur.pdf
Sonipat,Ganaur,13,Bhogipur,SC Other than Woman,SC,0,Sawan Kumar,Suresh Kumar,0,0,Scheduled Caste other than Women,latin,,7546,Sonipat__Ganaur.pdf
Sonipat,Ganaur,14,Bhora Rasulpur,SC Woman,SC,1,Sangeeta,Sohan Lal,0,0,Scheduled Caste Women,latin,,7546,Sonipat__Ganaur.pdf
Sonipat,Ganaur,15,Bulandpur,Other than Woman,NONE,0,Mahipal,Omparkash,0,0,Other than Women,latin,,7546,Sonipat__Ganaur.pdf
Sonipat,Ganaur,16,Chatia Deva,Woman,NONE,1,Mukesh,Pawan Kumar,0,0,Women,latin,,7546,Sonipat__Ganaur.pdf
Sonipat,Ganaur,17,Chirasmi,SC Other than Woman,SC,0,Jasbir,Omparkash,0,0,Scheduled Caste other than Women,latin,,7546,Sonipat__Ganaur.pdf
Sonipat,Ganaur,18,Dabarpur,Other than Woman,NONE,0,Sunil,Randhir,0,0,Other than Women,latin,,7546,Sonipat__Ganaur.pdf
Sonipat,Ganaur,19,Datauli,Woman,NONE,1,Geeta Devi,Lokesh Kumar,0,0,Women,latin,,7546,Sonipat__Ganaur.pdf
Sonipat,Ganaur,20,Dubheta,Other than Woman,NONE,0,Vikas Arya,Rajender Singh,0,0,Other than Women,latin,,7546,Sonipat__Ganaur.pdf
Sonipat,Ganaur,21,Garhi Gulama,Woman,NONE,1,Veena,Deshraj,0,0,Women,latin,,7546,Sonipat__Ganaur.pdf
Sonipat,Ganaur,22,Garhi Jhajhara,SC Woman,SC,1,Rachna,Kamal Nath,0,0,Scheduled Caste Women,latin,,7546,Sonipat__Ganaur.pdf
Sonipat,Ganaur,23,Garhi Kalan,SC Other than Woman,SC,0,Rakesh Kumar,Gyan Chand,0,0,Scheduled Caste other than Women,latin,,7546,Sonipat__Ganaur.pdf
Sonipat,Ganaur,24,Ghasauli,Other than Woman,NONE,0,Mahesh,Mohinder Tyagi,0,0,Other than Women,latin,,7546,Sonipat__Ganaur.pdf
Sonipat,Ganaur,25,Gumar,Woman,NONE,1,Sanjeeta,Ravinder Pahal,0,0,Women,latin,,7546,Sonipat__Ganaur.pdf
Sonipat,Ganaur,26,Kailana,SC Woman,SC,1,Jyoti Rani,Shri Kant,0,0,Scheduled Caste Women,latin,,7546,Sonipat__Ganaur.pdf
Sonipat,Ganaur,27,Kheri Gujjar,Other than Woman,NONE,0,Jagbir,Tilak Chand,0,0,Other than Women,latin,,7546,Sonipat__Ganaur.pdf
Sonipat,Ganaur,28,Kheri Taga,SC Other than Woman,SC,0,Ved Parkash,Pokher Das,0,0,Scheduled Caste other than Women,latin,,7546,Sonipat__Ganaur.pdf
Sonipat,Ganaur,29,Khizarur Ahir,Woman,NONE,1,Neha Yadav,Narender Yadav,0,0,Women,latin,,7546,Sonipat__Ganaur.pdf
Sonipat,Ganaur,30,Khubru,SC Woman,SC,1,Sapna Rani,Upnesh,0,0,Scheduled Caste Women,latin,,7546,Sonipat__Ganaur.pdf
Sonipat,Ganaur,31,Lalheri,Other than Woman,NONE,0,Mehar Singh,Banwari Lal,0,0,Other than Women,latin,,7546,Sonipat__Ganaur.pdf
Sonipat,Ganaur,32,Mahmudpur Majra,Woman,NONE,1,Seema Rani,Dalbir Singh,0,0,Women,latin,,7546,Sonipat__Ganaur.pdf
Sonipat,Ganaur,33,Majri,Other than Woman,NONE,0,Kapil Dev,Tara Chand,0,0,Other than Women,latin,,7546,Sonipat__Ganaur.pdf
Sonipat,Ganaur,34,Moi,Woman,NONE,1,Poonam Devi,Karishan Kumar,0,0,Women,latin,,7546,Sonipat__Ganaur.pdf
Sonipat,Ganaur,35,Naya Bans,Other than Woman,NONE,0,Pardeep Kumar,Rajender Singh,0,0,Other than Women,latin,,7546,Sonipat__Ganaur.pdf
Sonipat,Ganaur,36,Panchi Jatan,SC Other than Woman,SC,0,Ashok,Lachhman,0,0,Scheduled Caste other than Women,latin,,7546,Sonipat__Ganaur.pdf
Sonipat,Ganaur,37,Patti Brahmanan,Woman,NONE,1,Preity Kumari,Devender Sharma,0,0,Women,latin,,7546,Sonipat__Ganaur.pdf
Sonipat,Ganaur,38,Pir Garhi,Other than Woman,NONE,0,Sandeep,Prem,0,0,Other than Women,latin,,7546,Sonipat__Ganaur.pdf
Sonipat,Ganaur,39,Pugthala,Woman,NONE,1,Poonam Devi,Somdutt,0,0,Women,latin,,7546,Sonipat__Ganaur.pdf
Sonipat,Ganaur,40,Purkhas Dhiran,Other than Woman,NONE,0,Bahadur Singh,Preet Singh,0,0,Other than Women,latin,,7546,Sonipat__Ganaur.pdf
Sonipat,Ganaur,41,Purkhas Rathi,BC-A Woman,BC_A,1,Monika,Sunil,0,0,Backward Class ‘A’ Women,latin,,7546,Sonipat__Ganaur.pdf
Sonipat,Ganaur,42,Rajlu Garhi,Other than Woman,NONE,0,Bijender Kumar,Dayanand,0,0,Other than Women,latin,,7546,Sonipat__Ganaur.pdf
Sonipat,Ganaur,43,Rehmana,BC-A Woman,BC_A,1,Pushpa,Navrattan,0,0,Backward Class ‘A’ Women,latin,,7546,Sonipat__Ganaur.pdf
Sonipat,Ganaur,44,Samaspur,Other than Woman,NONE,0,Gurmail,Vedpal Singh,0,0,Other than Women,latin,,7546,Sonipat__Ganaur.pdf
Sonipat,Ganaur,45,Sardhana,Woman,NONE,1,Kavita Devi,Sunder Singh,0,0,Women,latin,,7546,Sonipat__Ganaur.pdf
Sonipat,Ganaur,46,Sayan Khera,Other than Woman,NONE,0,Atar Singh,Dhan Singh,0,0,Other than Women,latin,,7546,Sonipat__Ganaur.pdf
Sonipat,Ganaur,47,Shahpur Taga,Woman,NONE,1,Geeta,Sunder Lal,0,0,Women,latin,,7546,Sonipat__Ganaur.pdf
Sonipat,Ganaur,48,Shekhpura,Other than Woman,NONE,0,Karambir,Raghbir,0,0,Other than Women,latin,,7546,Sonipat__Ganaur.pdf
Sonipat,Ganaur,49,Sitawali,Woman,NONE,1,Parmila,Narender,0,0,Women,latin,,7546,Sonipat__Ganaur.pdf
Sonipat,Ganaur,50,Teha,Other than Woman,NONE,0,Ashish,Shivdutt,0,0,Other than Women,latin,,7546,Sonipat__Ganaur.pdf
Sonipat,Ganaur,51,Tewari,BC-A Woman,BC_A,1,Renu Bala,Sandeep,0,0,Backward Class ‘A’ Women,latin,,7546,Sonipat__Ganaur.pdf
Sonipat,Ganaur,52,Udeshipur,Other than Woman,NONE,0,Azad Singh,Dalip Singh,0,0,Other than Women,latin,,7546,Sonipat__Ganaur.pdf
Sonipat,Ganaur,53,Zafarpur,Woman,NONE,1,Veena Kumari,Afsar,0,0,Women,latin,,7546,Sonipat__Ganaur.pdf
Sonipat,Gohana,1,Anwali,Other than Woman,NONE,0,Manoj Kumar,Sunder Singh,1,0,Other than women,latin,,7528,Sonipat__Gohana.pdf
Sonipat,Gohana,2,Bali Brahmnan,BC-A Woman,BC_A,1,Jyoti,Vinod Kumar,0,0,Backward Class ‘A’ Women,latin,1,7528,Sonipat__Gohana.pdf
Sonipat,Gohana,3,Barota,Other than Woman,NONE,0,Sandeep,Narayan Singh,0,0,Other than women,latin,1,7528,Sonipat__Gohana.pdf
Sonipat,Gohana,4,Bhainswal Kalan Bawala,Woman,NONE,1,Sumitra,Amarjeet,0,0,Women,latin,1,7528,Sonipat__Gohana.pdf
Sonipat,Gohana,5,Bhainswal Kalan Mithan,Other than Woman,NONE,0,Sandeep,Rajvir,0,0,Other than women,latin,1,7528,Sonipat__Gohana.pdf
Sonipat,Gohana,6,Bidhal,Woman,NONE,1,Poonam,Joginder Malik,0,0,Women,latin,1,7528,Sonipat__Gohana.pdf
Sonipat,Gohana,7,Bilbilan,Other than Woman,NONE,0,Basant,Karambir,0,0,Other than women,latin,1,7528,Sonipat__Gohana.pdf
Sonipat,Gohana,8,Gamri,Woman,NONE,1,Sheela,Balraj,0,0,Women,latin,1,7528,Sonipat__Gohana.pdf
Sonipat,Gohana,9,Garhi Sarai Namdar Khan,Other than Woman,NONE,0,Sunder Singh,Dhanpat Singh,0,0,Other than women,latin,1,7528,Sonipat__Gohana.pdf
Sonipat,Gohana,10,Garhi Ujale Khan,SC Other than Woman,SC,0,Ravinder,Bhim Singh,0,0,Scheduled Caste Other than Women,latin,1,7528,Sonipat__Gohana.pdf
Sonipat,Gohana,11,Giwana,Woman,NONE,1,Varsha,Mohit,0,0,Women,latin,1,7528,Sonipat__Gohana.pdf
Sonipat,Gohana,12,Jasrana,Other than Woman,NONE,0,Jaikaran,Satpal,0,0,Other than women,latin,1,7528,Sonipat__Gohana.pdf
Sonipat,Gohana,14,Kailana Khas,Woman,NONE,1,Parmila Kumari,Kuldeep Singh,0,0,Women,latin,1,7528,Sonipat__Gohana.pdf
Sonipat,Gohana,15,Kakana Bhadri,Other than Woman,NONE,0,Parmod,Raj Singh,0,0,Other than women,latin,1,7528,Sonipat__Gohana.pdf
Sonipat,Gohana,16,Kasanda,BC-A Woman,BC_A,1,Babita Devi,Bijender Singh,0,0,Backward Class ‘A’ Women,latin,1,7528,Sonipat__Gohana.pdf
Sonipat,Gohana,17,Kasandi,Other than Woman,NONE,0,Sandeep,Satyapal,0,0,Other than women,latin,1,7528,Sonipat__Gohana.pdf
Sonipat,Gohana,18,Katwal,SC Other than Woman,SC,0,Krishan Kumar,Balwan Singh,0,0,Scheduled Caste Other than Women,latin,1,7528,Sonipat__Gohana.pdf
Sonipat,Gohana,19,Khanpur Kalan,Woman,NONE,1,Sangeeta,Dilawar,0,0,Women,latin,1,7528,Sonipat__Gohana.pdf
Sonipat,Gohana,20,Kheri Damkan,Other than Woman,NONE,0,Sanjay Kumar,Maman Singh,0,0,Other than women,latin,1,7528,Sonipat__Gohana.pdf
Sonipat,Gohana,21,Lath,Woman,NONE,1,Rimpi,Amit Kumar,0,0,Women,latin,1,7528,Sonipat__Gohana.pdf
Sonipat,Gohana,22,Mahra,SC Woman,SC,1,Poonam,Parveen,0,0,Scheduled Caste Women,latin,1,7528,Sonipat__Gohana.pdf
Sonipat,Gohana,23,Moi Hooda,Other than Woman,NONE,0,Pawan Kumar,Bal Kishan,0,0,Other than women,latin,1,7528,Sonipat__Gohana.pdf
Sonipat,Gohana,24,Nagar,Woman,NONE,1,Yogita,Parveen Kumar,0,0,Women,latin,1,7528,Sonipat__Gohana.pdf
Sonipat,Gohana,25,Nayat,Other than Woman,NONE,0,Subhash,Dharam Singh,0,0,Other than women,latin,1,7528,Sonipat__Gohana.pdf
Sonipat,Gohana,26,Puthi,Woman,NONE,1,Poonam,Anand,0,0,Women,latin,1,7528,Sonipat__Gohana.pdf
Sonipat,Gohana,27,Rabhara,SC Other than Woman,SC,0,Jaivir,Ranbir,0,0,Scheduled Caste Other than Women,latin,1,7528,Sonipat__Gohana.pdf
Sonipat,Gohana,28,Riwara,Other than Woman,NONE,0,Ashish,Jagbir Singh,0,0,Other than women,latin,1,7528,Sonipat__Gohana.pdf
Sonipat,Gohana,29,Rukhi,Woman,NONE,1,Meena,Rajmal,0,0,Women,latin,1,7528,Sonipat__Gohana.pdf
Sonipat,Gohana,30,Rukhi Khas,SC Woman,SC,1,Poonam,Raj Kumar,0,0,Scheduled Caste Women,latin,1,7528,Sonipat__Gohana.pdf
Sonipat,Gohana,31,Sainipura,Other than Woman,NONE,0,Karambir,Dhajjaram,0,0,Other than women,latin,1,7528,Sonipat__Gohana.pdf
Sonipat,Gohana,32,Sargthal,SC Other than Woman,SC,0,Rajesh Kumar,Ramphal,0,0,Scheduled Caste Other than Women,latin,1,7528,Sonipat__Gohana.pdf
Sonipat,Gohana,33,Sikandarpur Majra,Woman,NONE,1,Ramrati Devi,Darshan Kumar,0,0,Women,latin,1,7528,Sonipat__Gohana.pdf
Sonipat,Gohana,34,Tihar Malik,Other than Woman,NONE,0,Naredner Singh,Ramdhari,0,0,Other than women,latin,1,7528,Sonipat__Gohana.pdf
Sonipat,Gohana,35,Wazirpura,BC-A Woman,BC_A,1,Rekha Devi,Manjeet,0,0,Backward Class ‘A’ Women,latin,1,7528,Sonipat__Gohana.pdf
Sonipat,Kathura,1,Ahulana,BC-A Other than Woman,BC_A,0,Kuldeep,Hoshiyar,0,0,Backward Class ‘A’ other than Women,latin,,7537,Sonipat__Kathura.pdf
Sonipat,Kathura,2,Banwasa,Woman,NONE,1,Sunita Rani,Tek Ram,0,0,Women,latin,,7537,Sonipat__Kathura.pdf
Sonipat,Kathura,3,Bhainswan Khurd,Other than Woman,NONE,0,Sunil,Raghunath,0,0,Other than Women,latin,,7537,Sonipat__Kathura.pdf
Sonipat,Kathura,4,Bhanderi,Woman,NONE,1,Sonia,Pardeep,1,0,Women,latin,,7537,Sonipat__Kathura.pdf
Sonipat,Kathura,5,Bhawar Boora,SC Other than Woman,SC,0,Ramdhari,Maha Singh,0,0,Scheduled Caste other than Women,latin,,7537,Sonipat__Kathura.pdf
Sonipat,Kathura,6,Bhawar Kaliraman,Other than Woman,NONE,0,Bijender Singh,Partap Singh,0,0,Other than Women,latin,,7537,Sonipat__Kathura.pdf
Sonipat,Kathura,7,Chhapra,Woman,NONE,1,Preeti,Ashok Kumar,0,0,Women,latin,,7537,Sonipat__Kathura.pdf
Sonipat,Kathura,8,Chhichhrana,Other than Woman,NONE,0,Rajesh,Raghbir Singh,0,0,Other than Women,latin,,7537,Sonipat__Kathura.pdf
Sonipat,Kathura,9,Dhanana,Woman,NONE,1,Munni,Anil,0,0,Women,latin,,7537,Sonipat__Kathura.pdf
Sonipat,Kathura,10,Gharwal,Other than Woman,NONE,0,Yashpal,Bhim Singh,0,0,Other than Women,latin,,7537,Sonipat__Kathura.pdf
Sonipat,Kathura,11,Gharwal Pana Tihai,Woman,NONE,1,Kusum,Ankit,0,0,Women,latin,,7537,Sonipat__Kathura.pdf
Sonipat,Kathura,12,Gudha,Other than Woman,NONE,0,Samunder Singh,Mahender Singh,0,0,Other than Women,latin,,7537,Sonipat__Kathura.pdf
Sonipat,Kathura,13,Kathura,SC Woman,SC,1,Nisha,Naveen,0,0,Scheduled Caste Women,latin,,7537,Sonipat__Kathura.pdf
Sonipat,Kathura,14,Kehlpa,BC-A Woman,BC_A,1,Sonia,Monu,0,0,Backward Class ‘A’ Women,latin,,7537,Sonipat__Kathura.pdf
Sonipat,Kathura,15,Madina,Other than Woman,NONE,0,Amit,Rammehar,0,0,Other than Women,latin,,7537,Sonipat__Kathura.pdf
Sonipat,Kathura,16,Mirzapur Kheri,SC Other than Woman,SC,0,Manjeet Kumar,Krishan Kumar,0,0,Scheduled Caste other than Women,latin,,7537,Sonipat__Kathura.pdf
Sonipat,Kathura,17,Nizampur,Woman,NONE,1,Radhika,Anil Kumar,0,0,Women,latin,,7537,Sonipat__Kathura.pdf
Sonipat,Kathura,18,Rindhana,SC Woman,SC,1,Sheetal,Satyawan,0,0,Scheduled Caste Women,latin,,7537,Sonipat__Kathura.pdf
Sonipat,Kathura,19,Rindhana Jisarthan Pana,Other than Woman,NONE,0,Chand Singh,Raj Singh,0,0,Other than Women,latin,,7537,Sonipat__Kathura.pdf
Sonipat,Kathura,20,Thaska,Woman,NONE,1,Poonam Devi,Yogesh,0,0,Women,latin,,7537,Sonipat__Kathura.pdf
Sonipat,Kharkhoda,1,Anandpur,Other than Woman,NONE,0,Prahlad,Rajender Singh,0,0,Other than Women,latin,,7519,Sonipat__Kharkhoda.pdf
Sonipat,Kharkhoda,2,Ashrafpur Matindu,SC Other than Woman,SC,0,Virender,Surajbhan,0,0,Scheduled Caste other than women,latin,,7519,Sonipat__Kharkhoda.pdf
Sonipat,Kharkhoda,3,Barona,Woman,NONE,1,Geeta,Ajay Kumar,0,0,Women,latin,1,7519,Sonipat__Kharkhoda.pdf
Sonipat,Kharkhoda,4,Bidhlan,Other than Woman,NONE,0,Subhash,Raj Singh,0,0,Other than Women,latin,1,7519,Sonipat__Kharkhoda.pdf
Sonipat,Kharkhoda,5,Chhinoli,Woman,NONE,1,Rinki,Vijay Kohar,0,0,Women,latin,1,7519,Sonipat__Kharkhoda.pdf
Sonipat,Kharkhoda,6,Farmana Mehlan,SC Woman,SC,1,Sushila,Satish,0,0,Scheduled Caste women,latin,1,7519,Sonipat__Kharkhoda.pdf
Sonipat,Kharkhoda,7,Farmana Lurjan,Other than Woman,NONE,0,Jagdish,Daya Singh,0,0,Other than Women,latin,1,7519,Sonipat__Kharkhoda.pdf
Sonipat,Kharkhoda,8,Fatehpur,SC Other than Woman,SC,0,Karan Singh,Udai Singh,0,0,Scheduled Caste other than women,latin,1,7519,Sonipat__Kharkhoda.pdf
Sonipat,Kharkhoda,9,Firojpur Bangar,Woman,NONE,1,Rekha,Dinesh,0,0,Women,latin,1,7519,Sonipat__Kharkhoda.pdf
Sonipat,Kharkhoda,10,Garhi Sisana,SC Woman,SC,1,Kavita,Naresh Kumar,0,0,Scheduled Caste women,latin,1,7519,Sonipat__Kharkhoda.pdf
Sonipat,Kharkhoda,11,Gopalpur,Other than Woman,NONE,0,Vinod,Ram Karan,0,0,Other than Women,latin,1,7519,Sonipat__Kharkhoda.pdf
Sonipat,Kharkhoda,12,Gopalpur Rajanpana,SC Other than Woman,SC,0,Mukesh,Mauji Ram,0,0,Scheduled Caste other than women,latin,1,7519,Sonipat__Kharkhoda.pdf
Sonipat,Kharkhoda,13,Gorar,Woman,NONE,1,Anju,Pawan Kumar,0,0,Women,latin,1,7519,Sonipat__Kharkhoda.pdf
Sonipat,Kharkhoda,14,Jatola,Other than Woman,NONE,0,Sushil,Satvir,0,0,Other than Women,latin,1,7519,Sonipat__Kharkhoda.pdf
Sonipat,Kharkhoda,15,Jharoth,Woman,NONE,1,Renu,Ram Singh,0,0,Women,latin,1,7519,Sonipat__Kharkhoda.pdf
Sonipat,Kharkhoda,16,Jharothi,Other than Woman,NONE,0,Joginder,Rohtash,0,0,Other than Women,latin,1,7519,Sonipat__Kharkhoda.pdf
Sonipat,Kharkhoda,17,Kanwali,SC Woman,SC,1,Preeti,Harinder,0,0,Scheduled Caste women,latin,1,7519,Sonipat__Kharkhoda.pdf
Sonipat,Kharkhoda,18,Khanda,Woman,NONE,1,Bala Devi,Bijender,0,0,Women,latin,1,7519,Sonipat__Kharkhoda.pdf
Sonipat,Kharkhoda,19,Khanda Almanpana,BC-A Other than Woman,BC_A,0,Vinod,Om Parkash,0,0,Backward Class 'A' other than women,latin,1,7519,Sonipat__Kharkhoda.pdf
Sonipat,Kharkhoda,20,Kheri Dahiya,Woman,NONE,1,Neelam,Sombir,0,0,Women,latin,1,7519,Sonipat__Kharkhoda.pdf
Sonipat,Kharkhoda,21,Khurampur,SC Other than Woman,SC,0,Prahalad Singh,Rati Ram,0,0,Scheduled Caste other than women,latin,1,7519,Sonipat__Kharkhoda.pdf
Sonipat,Kharkhoda,22,Kidoli,Other than Woman,NONE,0,Pawan,Suraj Mal,0,0,Other than Women,latin,1,7519,Sonipat__Kharkhoda.pdf
Sonipat,Kharkhoda,23,Kundal,Woman,NONE,1,Usha Devi,Sushil Kumar,0,0,Women,latin,1,7519,Sonipat__Kharkhoda.pdf
Sonipat,Kharkhoda,24,Mandaura,Other than Woman,NONE,0,Anil Kumar Dahiya,Prem Singh,0,0,Other than Women,latin,1,7519,Sonipat__Kharkhoda.pdf
Sonipat,Kharkhoda,25,Mandori,SC Woman,SC,1,Priya,Mohit,0,0,Scheduled Caste women,latin,1,7519,Sonipat__Kharkhoda.pdf
Sonipat,Kharkhoda,26,Mojam Nagar,SC Other than Woman,SC,0,Manjeet,Bansilal,0,0,Scheduled Caste other than women,latin,1,7519,Sonipat__Kharkhoda.pdf
Sonipat,Kharkhoda,27,Nakloi,Woman,NONE,1,Mukesh Devi,Surender Kumar,0,0,Women,latin,1,7519,Sonipat__Kharkhoda.pdf
Sonipat,Kharkhoda,28,Nasirpur Cholka,Other than Woman,NONE,0,Rakesh Kumar,Sarup Singh,0,0,Other than Women,latin,1,7519,Sonipat__Kharkhoda.pdf
Sonipat,Kharkhoda,29,Nijampur Khurd,Woman,NONE,1,Seema,Yudhvir,0,0,Women,latin,1,7519,Sonipat__Kharkhoda.pdf
Sonipat,Kharkhoda,30,Nijampur Majra,Woman,NONE,1,Seema,Ashish,0,0,Women,latin,1,7519,Sonipat__Kharkhoda.pdf
Sonipat,Kharkhoda,31,Nirthan,Other than Woman,NONE,0,Rajesh Kumar,Randhir Singh,0,0,Other than Women,latin,1,7519,Sonipat__Kharkhoda.pdf
Sonipat,Kharkhoda,32,Pai,Other than Woman,NONE,0,Ashwani Kumar,Ved Parkash,0,0,Other than Women,latin,1,7519,Sonipat__Kharkhoda.pdf
Sonipat,Kharkhoda,33,Pehladpur,SC Woman,SC,1,Meena Kumari,Sanjay,0,0,Scheduled Caste women,latin,1,7519,Sonipat__Kharkhoda.pdf
Sonipat,Kharkhoda,34,Pipli,BC-A Woman,BC_A,1,Sonia Gaur,Sunil Kumar,0,0,Backward Class 'A' women,latin,1,7519,Sonipat__Kharkhoda.pdf
Sonipat,Kharkhoda,35,Rampur,BC-A Other than Woman,BC_A,0,Jaiparkash,Ramchander,0,0,Backward Class 'A' other than women,latin,1,7519,Sonipat__Kharkhoda.pdf
Sonipat,Kharkhoda,36,Ridhau,Woman,NONE,1,Rakhi,Krishan,0,0,Women,latin,1,7519,Sonipat__Kharkhoda.pdf
Sonipat,Kharkhoda,37,Rohna,Woman,NONE,1,Sumitra,Satyaprakash,0,0,Women,latin,1,7519,Sonipat__Kharkhoda.pdf
Sonipat,Kharkhoda,38,Rohat,Other than Woman,NONE,0,Sandeep,Omparkash,0,0,Other than Women,latin,,7519,Sonipat__Kharkhoda.pdf
Sonipat,Kharkhoda,39,Saidpur,Other than Woman,NONE,0,Parmod Kumar,Charan Singh,0,0,Other than Women,latin,,7519,Sonipat__Kharkhoda.pdf
Sonipat,Kharkhoda,40,Sehri,Woman,NONE,1,Soniya,Bijender,0,0,Women,latin,1,7519,Sonipat__Kharkhoda.pdf
Sonipat,Kharkhoda,41,Sohati,Woman,NONE,1,Babita,Jitender,0,0,Women,latin,1,7519,Sonipat__Kharkhoda.pdf
Sonipat,Kharkhoda,42,Silana,BC-A Other than Woman,BC_A,0,Balwan Singh,Ganga Ram,0,0,Backward Class 'A' other than women,latin,1,7519,Sonipat__Kharkhoda.pdf
Sonipat,Kharkhoda,43,Sisana-1,Woman,NONE,1,Sudesh Kumari,Suresh,0,0,Women,latin,1,7519,Sonipat__Kharkhoda.pdf
Sonipat,Kharkhoda,44,Sisana-2,Other than Woman,NONE,0,Jagbir,Ran Singh,0,0,Other than Women,latin,1,7519,Sonipat__Kharkhoda.pdf
Sonipat,Kharkhoda,45,Thana Kalan,Other than Woman,NONE,0,Ashish Dahiya,Satbir Singh,0,0,Other than Women,latin,1,7519,Sonipat__Kharkhoda.pdf
Sonipat,Kharkhoda,46,Thana Khurad,Woman,NONE,1,Priyanka,Sumit Kumar,0,0,Women,latin,1,7519,Sonipat__Kharkhoda.pdf
Sonipat,Kharkhoda,47,Turakpur,Other than Woman,NONE,0,Jagbir Singh,Lakhi Ram,0,0,Other than Women,latin,1,7519,Sonipat__Kharkhoda.pdf
Sonipat,Mundlana,1,Ahmadpur Majra,Other than Woman,NONE,0,Govind,Subhash,0,0,Other than Women,latin,1,7492,Sonipat__Mundlana.pdf
Sonipat,Mundlana,2,Baroda Mor,SC Other than Woman,SC,0,Wazir Singh,Nafe Singh,0,0,Scheduled Caste Other than Women,latin,1,7492,Sonipat__Mundlana.pdf
Sonipat,Mundlana,3,Baroda Thuthan,Woman,NONE,1,Seema,Jitender,0,0,Women,latin,1,7492,Sonipat__Mundlana.pdf
Sonipat,Mundlana,4,Bhadoti Khas,Other than Woman,NONE,0,Styawan,Jai Bhagwan,0,0,Sarpanch Other than Women,latin,1,7492,Sonipat__Mundlana.pdf
Sonipat,Mundlana,5,Bichpari,Woman,NONE,1,Rajesh Kumari,Jasvir,0,0,Women,latin,1,7492,Sonipat__Mundlana.pdf
Sonipat,Mundlana,6,Busana,Other than Woman,NONE,0,Rampal,Raj Singh,0,0,Sarpanch Other than Women,latin,1,7492,Sonipat__Mundlana.pdf
Sonipat,Mundlana,7,Butana Khetlan,Woman,NONE,1,Seema,Ramniwas,0,0,Sarpanch Women Women,latin,1,7492,Sonipat__Mundlana.pdf
Sonipat,Mundlana,8,Butana Kundu,Other than Woman,NONE,0,Manoj,Randhir Singh,0,0,Other than Women,latin,1,7492,Sonipat__Mundlana.pdf
Sonipat,Mundlana,9,Chhathera,BC-A Woman,BC_A,1,Meetu,Karambir,0,0,Sarpanch Backward Class 'A' Women,latin,1,7492,Sonipat__Mundlana.pdf
Sonipat,Mundlana,10,Chidana,Other than Woman,NONE,0,Sandeep Kumar,Ram Singh,0,0,Sarpanch Other than Women,latin,1,7492,Sonipat__Mundlana.pdf
Sonipat,Mundlana,11,Dhurana,SC Woman,SC,1,Surekha,Anil,0,0,Sarpanch Scheduled Caste Women,latin,1,7492,Sonipat__Mundlana.pdf
Sonipat,Mundlana,12,Gangana,SC Other than Woman,SC,0,Satbir Singh,Surat Singh,0,0,Scheduled Caste Other than Women,latin,1,7492,Sonipat__Mundlana.pdf
Sonipat,Mundlana,13,Gangana Pedra Pana,Woman,NONE,1,Sweety,Pawan,0,0,Women Women,latin,1,7492,Sonipat__Mundlana.pdf
Sonipat,Mundlana,14,Gangana Tandia Pana,Other than Woman,NONE,0,Narender,Dharampal,0,0,Sarpanch Other than Women,latin,1,7492,Sonipat__Mundlana.pdf
Sonipat,Mundlana,15,Gangesar,BC-A Woman,BC_A,1,Savita,Vikaram Singh,0,0,Sarpanch Backward Class 'A' Women,latin,1,7492,Sonipat__Mundlana.pdf
Sonipat,Mundlana,16,Hassangarh,Other than Woman,NONE,0,Suresh Kumar,Sher Singh,0,0,Sarpanch Other than Women,latin,1,7492,Sonipat__Mundlana.pdf
Sonipat,Mundlana,17,Ishapur Kheri,Woman,NONE,1,Nirmla,Raj Singh,0,0,Women,latin,1,7492,Sonipat__Mundlana.pdf
Sonipat,Mundlana,18,Jagsi Sehrawat,Other than Woman,NONE,0,Ramesh,Hawa Singh,0,0,Other than Women,latin,1,7492,Sonipat__Mundlana.pdf
Sonipat,Mundlana,19,Jagsi Sura,SC Woman,SC,1,Komal,Dalbir,0,0,Scheduled Caste Women,latin,1,7492,Sonipat__Mundlana.pdf
Sonipat,Mundlana,20,Jawahra,Woman,NONE,1,Krishana,Arjun,0,0,Women,latin,1,7492,Sonipat__Mundlana.pdf
Sonipat,Mundlana,21,Khanderai,Other than Woman,NONE,0,Jai Singh,Vijay Singh,0,0,Sarpanch Other than Women,latin,1,7492,Sonipat__Mundlana.pdf
Sonipat,Mundlana,22,Khanpur Khurd,Woman,NONE,1,Nisha Rani,Devender,0,0,Women Women,latin,1,7492,Sonipat__Mundlana.pdf
Sonipat,Mundlana,23,Kohla,SC Other than Woman,SC,0,Pawan,Mahabir Singh,0,0,Scheduled Caste Other than Women,latin,1,7492,Sonipat__Mundlana.pdf
Sonipat,Mundlana,24,Matand,Other than Woman,NONE,0,Rajesh Kumar,Laxmi Narayan,0,0,Sarpanch Other than Women,latin,1,7492,Sonipat__Mundlana.pdf
Sonipat,Mundlana,25,Mehmoodpur Chahal,SC Woman,SC,1,Kiran Rani,Suresh,0,0,Sarpanch Scheduled Caste Women,latin,1,7492,Sonipat__Mundlana.pdf
Sonipat,Mundlana,26,Mehmoodpur Maan,Woman,NONE,1,Rajpati,Satpal,0,0,Women,latin,1,7492,Sonipat__Mundlana.pdf
Sonipat,Mundlana,27,Mundlana,Other than Woman,NONE,0,Shivnarayan,Hazari Lal,0,0,Other than Women,latin,1,7492,Sonipat__Mundlana.pdf
Sonipat,Mundlana,28,Nuran Khera,BC-A Woman,BC_A,1,Usha Devi,Sukhrampal,0,0,Backward Class 'A' Women,latin,1,7492,Sonipat__Mundlana.pdf
Sonipat,Mundlana,29,Rana Kheri,Other than Woman,NONE,0,Pale Ram,Ram Singh,0,0,Sarpanch Other than Women,latin,1,7492,Sonipat__Mundlana.pdf
Sonipat,Mundlana,30,Shamri Buran,Woman,NONE,1,Balkesh,Hariram,0,0,Women Women,latin,1,7492,Sonipat__Mundlana.pdf
Sonipat,Mundlana,31,Shamri Lochab Bairan,Other than Woman,NONE,0,Inderpal,Om Parkash,0,0,Other than Women Other than Women,latin,1,7492,Sonipat__Mundlana.pdf
Sonipat,Mundlana,32,Shamri Sisan,SC Other than Woman,SC,0,Sunil Kumar alias Sunil,Ramdhari,0,0,Scheduled Caste Other than Women,latin,1,7492,Sonipat__Mundlana.pdf
Sonipat,Mundlana,33,Sirsad,Woman,NONE,1,Poonam,Sandeep,0,0,Women,latin,1,7492,Sonipat__Mundlana.pdf
Sonipat,Mundlana,34,Siwanka,Other than Woman,NONE,0,Bijender Singh,Surajbhan,0,0,Sarpanch Other than Women,latin,1,7492,Sonipat__Mundlana.pdf
Sonipat,Murthal,1,Asadpur,Other than Woman,NONE,0,Mukesh Kumar,Mange Ram,0,0,Other than Women,latin,,7510,Sonipat__Murthal.pdf
Sonipat,Murthal,2,Barouli,Woman,NONE,1,Manisha,Keshav,0,0,Women,latin,,7510,Sonipat__Murthal.pdf
Sonipat,Murthal,3,Basoudi,Other than Woman,NONE,0,Sunil,Satish,0,0,Other than Women,latin,1,7510,Sonipat__Murthal.pdf
Sonipat,Murthal,4,Bhigan,Woman,NONE,1,Sunita,Ramphal,0,0,Women,latin,1,7510,Sonipat__Murthal.pdf
Sonipat,Murthal,5,Bhuri,Other than Woman,NONE,0,Ramroop Sharma,Ramchander Sharma,0,0,Other than Women,latin,1,7510,Sonipat__Murthal.pdf
Sonipat,Murthal,6,Deepalpur,SC Other than Woman,SC,0,Ram Kuwar Toor,Ramehar Toor,0,0,Scheduled Caste Other than women,latin,1,7510,Sonipat__Murthal.pdf
Sonipat,Murthal,7,Dhaturi,Woman,NONE,1,Kiran,Ashu Tyagi,0,0,Women,latin,1,7510,Sonipat__Murthal.pdf
Sonipat,Murthal,8,Garh-Mirakpur,Other than Woman,NONE,0,Pawan Kumar,Umed Singh,0,0,Other than Women,latin,1,7510,Sonipat__Murthal.pdf
Sonipat,Murthal,9,Garhi- Bakhtawarpur,Woman,NONE,1,Anita,Azad Singh,0,0,Women,latin,1,7510,Sonipat__Murthal.pdf
Sonipat,Murthal,10,Gyaspur,Other than Woman,NONE,0,Vinod,Sunder Lal,0,0,Other than Women,latin,1,7510,Sonipat__Murthal.pdf
Sonipat,Murthal,11,Hasanpur,Woman,NONE,1,Rajpati,Karambir,0,0,Women,latin,1,7510,Sonipat__Murthal.pdf
Sonipat,Murthal,12,Jagdishpur,SC Woman,SC,1,Pushpa Devi,Jitender Kumar,0,0,Scheduled Caste women,latin,1,7510,Sonipat__Murthal.pdf
Sonipat,Murthal,13,Jainpur,Other than Woman,NONE,0,Parvinder,Bhulan,0,0,Other than Women,latin,1,7510,Sonipat__Murthal.pdf
Sonipat,Murthal,14,Jajal,Woman,NONE,1,Sheetal,Jaipal,0,0,Women,latin,1,7510,Sonipat__Murthal.pdf
Sonipat,Murthal,15,Jhundpur,BC-A Other than Woman,BC_A,0,Devender Kumar,Manu Ram,0,0,Backward Class 'A' Other than Women,latin,1,7510,Sonipat__Murthal.pdf
Sonipat,Murthal,16,Joshi-Chouhan,Woman,NONE,1,Jaivanti,Noraj,0,0,Women,latin,1,7510,Sonipat__Murthal.pdf
Sonipat,Murthal,17,Kami,Other than Woman,NONE,0,Balraj,Ishwar Singh,0,0,Other than Women,latin,1,7510,Sonipat__Murthal.pdf
Sonipat,Murthal,18,Khewra,SC Other than Woman,SC,0,Bahadur Singh,Tara Chand,0,0,Scheduled Caste Other than women,latin,1,7510,Sonipat__Murthal.pdf
Sonipat,Murthal,19,Kisora,SC Woman,SC,1,Sheela Devi,Naresh,0,0,Scheduled Caste women,latin,1,7510,Sonipat__Murthal.pdf
Sonipat,Murthal,20,Kumaspur,Woman,NONE,1,Savita,Satender,0,0,Women,latin,1,7510,Sonipat__Murthal.pdf
Sonipat,Murthal,21,Kurar- Ibrahimpur,Other than Woman,NONE,0,Manjeet,Hargian Singh,0,0,Other than Women,latin,1,7510,Sonipat__Murthal.pdf
Sonipat,Murthal,22,Larsauli,Woman,NONE,1,Sushila,Priyavert,0,0,Women,latin,1,7510,Sonipat__Murthal.pdf
Sonipat,Murthal,23,Machhrola,Other than Woman,NONE,0,Manoj Kumar,Mool Chand,0,0,Other than Women,latin,1,7510,Sonipat__Murthal.pdf
Sonipat,Murthal,24,Malikpur,SC Other than Woman,SC,0,Vikky,Surjeet,0,0,Scheduled Caste Other than women,latin,1,7510,Sonipat__Murthal.pdf
Sonipat,Murthal,25,Mehandipur,Woman,NONE,1,Sarita Devi,Naresh Kumar,0,0,Women,latin,1,7510,Sonipat__Murthal.pdf
Sonipat,Murthal,26,Mimarpur,BC-A Other than Woman,BC_A,0,Sahddin,Badru,0,0,Backward Class 'A' Other than Women,latin,1,7510,Sonipat__Murthal.pdf
Sonipat,Murthal,27,Mukimpur,Woman,NONE,1,Poonam Devi,Deepak Kumar,0,0,Women,latin,1,7510,Sonipat__Murthal.pdf
Sonipat,Murthal,28,Murthal,Other than Woman,NONE,0,Rameshwar,Jile Singh,0,0,Other than Women,latin,1,7510,Sonipat__Murthal.pdf
Sonipat,Murthal,29,Nandnaur,Woman,NONE,1,Nirmla,Ranbir Singh,0,0,Women,latin,1,7510,Sonipat__Murthal.pdf
Sonipat,Murthal,30,Nangal-Khurd,Other than Woman,NONE,0,Arjun Singh,Randhir Singh,0,0,Other than Women,latin,1,7510,Sonipat__Murthal.pdf
Sonipat,Murthal,31,Pabnera,BC-A Woman,BC_A,1,Poonam,Parveen Kumar,0,0,Backward Class 'A' Women,latin,1,7510,Sonipat__Murthal.pdf
Sonipat,Murthal,32,Palra,Other than Woman,NONE,0,Manoj Kumar,Than Singh,0,0,Other than Women,latin,1,7510,Sonipat__Murthal.pdf
Sonipat,Murthal,33,Palri-Kalan,Woman,NONE,1,Sudesh,Deshraj,0,0,Women,latin,1,7510,Sonipat__Murthal.pdf
Sonipat,Murthal,34,Palri-Khurd,Other than Woman,NONE,0,Mohan Kishor,Padam Singh,0,0,Other than Women,latin,1,7510,Sonipat__Murthal.pdf
Sonipat,Murthal,35,Pipli-Khera,Woman,NONE,1,Urmila,Sanjay,0,0,Women,latin,1,7510,Sonipat__Murthal.pdf
Sonipat,Murthal,36,Rajpur,Other than Woman,NONE,0,Kapil,Anil,0,0,Other than Women,latin,1,7510,Sonipat__Murthal.pdf
Sonipat,Murthal,37,Ramnagar,SC Woman,SC,1,Sudesh Kumari,Balraj,0,0,Scheduled Caste women,latin,1,7510,Sonipat__Murthal.pdf
Sonipat,Murthal,38,Rasulpur,Woman,NONE,1,Neelam,Anil Kumar,0,0,Women,latin,1,7510,Sonipat__Murthal.pdf
Sonipat,Murthal,39,Sanpera,Other than Woman,NONE,0,Parmod Dhaka,Dharampal Dhaka,1,0,Other than Women,latin,1,7510,Sonipat__Murthal.pdf
Sonipat,Murthal,40,Tajpur,Woman,NONE,1,Sudesh Kumari,Surender,0,0,Women,latin,1,7510,Sonipat__Murthal.pdf
Sonipat,Murthal,41,Tanda,SC Other than Woman,SC,0,Rajesh Kumar,Ramlal,0,0,Scheduled Caste Other than women,latin,1,7510,Sonipat__Murthal.pdf
Sonipat,Murthal,42,Tikola,SC Woman,SC,1,Deep Shikha,Subhash,0,0,Scheduled Caste women,latin,1,7510,Sonipat__Murthal.pdf
Sonipat,Murthal,43,Umedgarh,Other than Woman,NONE,0,Tinku,Sukhbir Saini,0,0,Other than Women,latin,1,7510,Sonipat__Murthal.pdf
Sonipat,Rai,1,Akbarpur Barota,Other than Woman,NONE,0,Sanjay,Late .Charan Singh,0,0,Other Than Women,latin,,7501,Sonipat__Rai.pdf
Sonipat,Rai,2,Asawarpur,Woman,NONE,1,Monika,Uttam,0,0,Women,latin,1,7501,Sonipat__Rai.pdf
Sonipat,Rai,3,Aterna,SC Other than Woman,SC,0,Ravinder,Dayanand,0,0,Scheduled Caste Other Than Women,latin,1,7501,Sonipat__Rai.pdf
Sonipat,Rai,4,Aurangabad,Other than Woman,NONE,0,Shivam,Mukesh Kaushik,0,0,Other Than Women,latin,1,7501,Sonipat__Rai.pdf
Sonipat,Rai,5,Badhmalik,Woman,NONE,1,Sarita Devi,Phool Kumar,0,0,Women,latin,1,7501,Sonipat__Rai.pdf
Sonipat,Rai,6,Badkhalsa,SC Woman,SC,1,Suman,Rakesh Kumar,0,0,Scheduled Caste Women,latin,1,7501,Sonipat__Rai.pdf
Sonipat,Rai,7,Bazidpur Saboli,Other than Woman,NONE,0,Sunil Kumar,Prem Parkash,0,0,Other Than Women,latin,1,7501,Sonipat__Rai.pdf
Sonipat,Rai,8,Bhaira Bankipur,Woman,NONE,1,Kamlesh,Jai Ram,0,0,Women,latin,1,7501,Sonipat__Rai.pdf
Sonipat,Rai,9,Bahalgarh,Other than Woman,NONE,0,Rajesh Kumar,Nafe Singh,0,0,Other Than Women,latin,1,7501,Sonipat__Rai.pdf
Sonipat,Rai,10,Bhowapur,Woman,NONE,1,Pushpa Devi,Hemchander,0,0,Women,latin,1,7501,Sonipat__Rai.pdf
Sonipat,Rai,11,Bindhroli,Other than Woman,NONE,0,Raj Karan,Ram Kanwar,0,0,Other Than Women,latin,1,7501,Sonipat__Rai.pdf
Sonipat,Rai,12,Chhatehara Bahadurpur,Woman,NONE,1,Mukesh,Ravinder Kumar,0,0,Women,latin,1,7501,Sonipat__Rai.pdf
Sonipat,Rai,13,Dahisara,Other than Woman,NONE,0,Dheer Singh,Moji Ram,0,0,Other Than Women,latin,1,7501,Sonipat__Rai.pdf
Sonipat,Rai,14,Garhi Bala,Woman,NONE,1,Priyanka,Jai Parkash,0,0,Women,latin,1,7501,Sonipat__Rai.pdf
Sonipat,Rai,15,Halalpur,Other than Woman,NONE,0,Virender,Chandan Singh,0,0,Other Than Women,latin,1,7501,Sonipat__Rai.pdf
Sonipat,Rai,16,Jakhauli,Woman,NONE,1,Geetesh,Naveen Kumar,0,0,Women,latin,1,7501,Sonipat__Rai.pdf
Sonipat,Rai,17,Janti Kalan,Other than Woman,NONE,0,Satish Kumar,Jaipal Singh,0,0,Other Than Women,latin,1,7501,Sonipat__Rai.pdf
Sonipat,Rai,18,Janti Khurd,Woman,NONE,1,Mahataka,Tarun Kumar,0,0,Women,latin,1,7501,Sonipat__Rai.pdf
Sonipat,Rai,19,Jatheri,Other than Woman,NONE,0,Yogesh,Kripal Singh,0,0,Other Than Women,latin,1,7501,Sonipat__Rai.pdf
Sonipat,Rai,20,Jhinjhauli,Woman,NONE,1,Nitu,Ram Singh,0,0,Women,latin,1,7501,Sonipat__Rai.pdf
Sonipat,Rai,21,Katlupur,SC Other than Woman,SC,0,Tirath Ram,Chunni Lal,0,0,Scheduled Caste Other Than Women,latin,1,7501,Sonipat__Rai.pdf
Sonipat,Rai,22,Khatkar,Other than Woman,NONE,0,Yogesh Kumar,Radhe,0,0,Other Than Women,latin,1,7501,Sonipat__Rai.pdf
Sonipat,Rai,23,Kheri Manajat,Woman,NONE,1,Reena,Sandeep,0,0,Women,latin,1,7501,Sonipat__Rai.pdf
Sonipat,Rai,24,Khurampur,Other than Woman,NONE,0,Naresh Kumar,Tika Ram,0,0,Other Than Women,latin,1,7501,Sonipat__Rai.pdf
Sonipat,Rai,25,Malha Majra,Woman,NONE,1,Suman Devi,Sandeep,0,0,Women,latin,1,7501,Sonipat__Rai.pdf
Sonipat,Rai,26,Manoli,Other than Woman,NONE,0,Dharambir Singh,Om Dutt,0,0,Other Than Women,latin,,7501,Sonipat__Rai.pdf
Sonipat,Rai,27,Mohamdabad,Woman,NONE,1,Rani,Umesh Kumar,0,0,Women,latin,1,7501,Sonipat__Rai.pdf
Sonipat,Rai,28,Nahara,Other than Woman,NONE,0,Umesh Dahiya,Sultan Singh,0,0,Other Than Women,latin,1,7501,Sonipat__Rai.pdf
Sonipat,Rai,29,Nahri,Woman,NONE,1,Pooja,Ravinder,0,0,Women,latin,1,7501,Sonipat__Rai.pdf
Sonipat,Rai,30,Nahari Pana Sikhan,SC Woman,SC,1,Varsha Rani,Deepak,0,0,Scheduled Caste Women,latin,1,7501,Sonipat__Rai.pdf
Sonipat,Rai,31,Nangal Kalan,Other than Woman,NONE,0,Anil,Prem Singh,0,0,Other Than Women,latin,1,7501,Sonipat__Rai.pdf
Sonipat,Rai,32,Nashirpur Banger,BC-A Woman,BC_A,1,Sarla Devi,Mange Ram,0,0,Back Class 'A' Women,latin,1,7501,Sonipat__Rai.pdf
Sonipat,Rai,33,Nathupur,BC-A Other than Woman,BC_A,0,Sahab Singh,Jeet Ram,0,0,Back Class 'A' Other Than Women,latin,1,7501,Sonipat__Rai.pdf
Sonipat,Rai,34,Pabsara,SC Other than Woman,SC,0,Pankaj Kumar,Rohtash Singh,0,0,Scheduled Caste Other Than Women,latin,1,7501,Sonipat__Rai.pdf
Sonipat,Rai,35,Paritampura,SC Woman,SC,1,Preeti,Harish,0,0,Scheduled Caste Women,latin,1,7501,Sonipat__Rai.pdf
Sonipat,Rai,36,Patla,Woman,NONE,1,Vinita,Vikrant Chauhan,0,0,Women,latin,1,7501,Sonipat__Rai.pdf
Sonipat,Rai,37,Rasoi,SC Other than Woman,SC,0,Ashok Kumar,Kitab Singh,0,0,Scheduled Caste Other Than Women,latin,1,7501,Sonipat__Rai.pdf
Sonipat,Rai,38,Safiyabad,Other than Woman,NONE,0,Sukhbir Dutt,Rishi Ram,0,0,Other Than Women,latin,1,7501,Sonipat__Rai.pdf
Sonipat,Rai,39,Sersa,Woman,NONE,1,Renu,Surender Kumar,0,0,Women,latin,1,7501,Sonipat__Rai.pdf
Sonipat,Rai,40,Sevli,BC-A Other than Woman,BC_A,0,Parshant,Rakesh,0,0,Back Class 'A' Other Than Women,latin,1,7501,Sonipat__Rai.pdf
Sonipat,Rai,41,Toki,Woman,NONE,1,Anshu,Mahesh Pal,0,0,Women,latin,1,7501,Sonipat__Rai.pdf
Sonipat,Sonipat,1,Badsahpur Machhri,Other than Woman,NONE,0,Rajbir Singh,Mange Ram,0,0,Other Than Women,latin,,7483,Sonipat__Sonipat.pdf
Sonipat,Sonipat,2,Bagru,SC Other than Woman,SC,0,Parveen,Partap Singh,0,0,Sarpanch Scheduled Caste Other Than Women,latin,,7483,Sonipat__Sonipat.pdf
Sonipat,Sonipat,3,Barwasani,Woman,NONE,1,Sheela Devi,Shab Singh,0,0,Women,latin,1,7483,Sonipat__Sonipat.pdf
Sonipat,Sonipat,4,Bayapur,BC-A Other than Woman,BC_A,0,Himachal,Kawal Singh,0,0,Sarpanch Backward Class 'A' Other Than Women,latin,1,7483,Sonipat__Sonipat.pdf
Sonipat,Sonipat,5,Bhadana,Woman,NONE,1,Mukesh Devi,Karambir,0,0,Women,latin,1,7483,Sonipat__Sonipat.pdf
Sonipat,Sonipat,6,Bhatana Zafrabad,Other than Woman,NONE,0,Karambir,Bhoop Singh,0,0,Sarpanch Other Than Women,latin,1,7483,Sonipat__Sonipat.pdf
Sonipat,Sonipat,7,Bhatgoan Maliyan,Woman,NONE,1,Savita,Neeraj,0,0,Sarpanch Women Women,latin,1,7483,Sonipat__Sonipat.pdf
Sonipat,Sonipat,8,Bhathgoan Dugran,SC Woman,SC,1,Priyanka,Ravit Kumar,0,0,Scheduled Caste Women,latin,1,7483,Sonipat__Sonipat.pdf
Sonipat,Sonipat,9,Bohla,BC-A Other than Woman,BC_A,0,Raj Singh,Balkishan,0,0,Backward Class 'A' Other Than Women,latin,1,7483,Sonipat__Sonipat.pdf
Sonipat,Sonipat,10,Chatiya Aulia,Woman,NONE,1,Neelam Rani,Jasbir Singh,0,0,Women,latin,1,7483,Sonipat__Sonipat.pdf
Sonipat,Sonipat,11,Chitana,BC-A Other than Woman,BC_A,0,Sanjay Singh,Inder Singh,0,0,Backward Class 'A' Other Than Women,latin,0,7483,Sonipat__Sonipat.pdf
Sonipat,Sonipat,12,Dodva,Woman,NONE,1,Sonia,Ramesh,0,0,Women,latin,1,7483,Sonipat__Sonipat.pdf
Sonipat,Sonipat,13,Garhi Hakikat,Other than Woman,NONE,0,Shamsher,Prempal,0,0,Other Than Women,latin,1,7483,Sonipat__Sonipat.pdf
Sonipat,Sonipat,14,Guhna,Woman,NONE,1,Manju,Rakesh,0,0,Women,latin,1,7483,Sonipat__Sonipat.pdf
Sonipat,Sonipat,15,Harsana Kalan,SC Other than Woman,SC,0,Jagbir,Shyamlal,0,0,Scheduled Caste Other Than Women,latin,1,7483,Sonipat__Sonipat.pdf
Sonipat,Sonipat,16,Hasanyarpur Tihar Kalan Hasanyarpur,BC-A Other than Woman,BC_A,0,Pawan,Rameswer Dayal,0,0,Sarpanch Backward Class 'A' Other Than Women,latin,1,7483,Sonipat__Sonipat.pdf
Sonipat,Sonipat,17,Hullaheri,Woman,NONE,1,Pooja Devi,Naveen Kumar,0,0,Women,latin,1,7483,Sonipat__Sonipat.pdf
Sonipat,Sonipat,18,Jahri,Other than Woman,NONE,0,Vinod,Sukhbir Singh,0,0,Other Than Women,latin,1,7483,Sonipat__Sonipat.pdf
Sonipat,Sonipat,19,Jaji,Woman,NONE,1,Pooja,Chand Singh,0,0,Women,latin,1,7483,Sonipat__Sonipat.pdf
Sonipat,Sonipat,20,Juan-1,SC Woman,SC,1,Vacant,,0,1,Sarpanch Scheduled Caste Women,latin,1,7483,Sonipat__Sonipat.pdf
Sonipat,Sonipat,21,Juan-Ii,Other than Woman,NONE,0,Surender,Dharampal,0,0,Other Than Women,latin,1,7483,Sonipat__Sonipat.pdf
Sonipat,Sonipat,22,Kakroi,SC Other than Woman,SC,0,Karambir Singh,Ram Chander,0,0,Scheduled Caste Other Than Women,latin,1,7483,Sonipat__Sonipat.pdf
Sonipat,Sonipat,23,Karewari,Woman,NONE,1,Usha,Kaptan,0,0,Women,latin,1,7483,Sonipat__Sonipat.pdf
Sonipat,Sonipat,24,Khizarpur Jat Majra,Other than Woman,NONE,0,Satyanarayan,Tek Ram,0,0,Other Than Women,latin,1,7483,Sonipat__Sonipat.pdf
Sonipat,Sonipat,25,Kilohrad,Woman,NONE,1,Rojo Devi,Satish,0,0,Women,latin,1,7483,Sonipat__Sonipat.pdf
Sonipat,Sonipat,26,Luhari Tibba,Other than Woman,NONE,0,Ajay,Ram Niwas,0,0,Other Than Women,latin,1,7483,Sonipat__Sonipat.pdf
Sonipat,Sonipat,27,Mahipur,Woman,NONE,1,Meena,Rajesh,0,0,Women,latin,1,7483,Sonipat__Sonipat.pdf
Sonipat,Sonipat,28,Mahra,Other than Woman,NONE,0,Pawan Kumar,Randhir Singh,0,0,Other Than Women,latin,1,7483,Sonipat__Sonipat.pdf
Sonipat,Sonipat,29,Mehlana,Woman,NONE,1,Monika,Ravinder,0,0,Women,latin,1,7483,Sonipat__Sonipat.pdf
Sonipat,Sonipat,30,Mohana,Other than Woman,NONE,0,Narender,Sunehra,0,0,Other Than Women,latin,1,7483,Sonipat__Sonipat.pdf
Sonipat,Sonipat,31,Nainatatarpur,Woman,NONE,1,Sheetal,Ankit,0,0,Women,latin,1,7483,Sonipat__Sonipat.pdf
Sonipat,Sonipat,32,Pinana,Other than Woman,NONE,0,Rajbir Singh,Ramphal,0,0,Other Than Women,latin,1,7483,Sonipat__Sonipat.pdf
Sonipat,Sonipat,33,Rattan Garh,Woman,NONE,1,Sonia,Kiranpal,0,0,Women,latin,1,7483,Sonipat__Sonipat.pdf
Sonipat,Sonipat,34,Rolad Latifpur,SC Woman,SC,1,Baby,Somvir,0,0,Scheduled Caste Women,latin,1,7483,Sonipat__Sonipat.pdf
Sonipat,Sonipat,35,Salarpur Majra,BC-A Other than Woman,BC_A,0,Azad,Prem Singh,0,0,Backward Class 'A' Other Than Women,latin,1,7483,Sonipat__Sonipat.pdf
Sonipat,Sonipat,36,Salimpur Turali,Woman,NONE,1,Priyanka Malik,Pardeep,0,0,Women Women,latin,1,7483,Sonipat__Sonipat.pdf
Sonipat,Sonipat,37,Salimsar Majra,SC Other than Woman,SC,0,Rajesh Kumar,Vijay Singh,0,0,Scheduled Caste Other Than Women,latin,1,7483,Sonipat__Sonipat.pdf
Sonipat,Sonipat,38,Sandal Kalan,BC-A Other than Woman,BC_A,0,Kuldeep Kumar,Krishan Lal,0,0,Backward Class 'A' Other Than Women,latin,0,7483,Sonipat__Sonipat.pdf
Sonipat,Sonipat,39,Sandal Kalan Niwada,SC Woman,SC,1,Pawan,Sunil,0,0,Sarpanch Scheduled Caste Women,latin,1,7483,Sonipat__Sonipat.pdf
Sonipat,Sonipat,40,Sandal Khurd,Woman,NONE,1,Jyoti,Ravinder,0,0,Women,latin,1,7483,Sonipat__Sonipat.pdf
Sonipat,Sonipat,41,Shahzadpur,Other than Woman,NONE,0,Deepak,Satbir Sharma,0,0,Other Than Women,latin,1,7483,Sonipat__Sonipat.pdf
Sonipat,Sonipat,42,Tajpur Tihad Khurd,Woman,NONE,1,Meena,Sumer Singh,0,0,Women,latin,1,7483,Sonipat__Sonipat.pdf
Sonipat,Sonipat,43,Thariya,BC-A Woman,BC_A,1,Farman,Amardeen,0,0,Sarpanch Backward Class Women,latin,0,7483,Sonipat__Sonipat.pdf
Sonipat,Sonipat,44,Tharu,Woman,NONE,1,Saroj Bala,Ashok,0,0,Women,latin,1,7483,Sonipat__Sonipat.pdf
Sonipat,Sonipat,45,Uldepur,Other than Woman,NONE,0,Sandeep,Ram Kumar,0,0,Other Than Women,latin,1,7483,Sonipat__Sonipat.pdf
Yamunanagar,Bilaspur,1,Aharwala,Other than Woman,NONE,0,Rajkumar,Bhopal Singh,0,0,Other than Women,latin,1,8002,Yamunanagar__Bilaspur.pdf
Yamunanagar,Bilaspur,2,Ajijpur Kalan,SC Other than Woman,SC,0,Vishal,Mahender Pal,0,0,Scheduled Caste Other than Women,latin,0,8002,Yamunanagar__Bilaspur.pdf
Yamunanagar,Bilaspur,3,Alisherpur Majra,SC Woman,SC,1,Shabnam Rani,Ramesh Kumar,0,0,Sarpanch Scheduled Caste Women,latin,1,8002,Yamunanagar__Bilaspur.pdf
Yamunanagar,Bilaspur,4,Araiyanwala,SC Other than Woman,SC,0,Sewa Ram,Mansa Ram,0,0,Scheduled Caste Other than Women,latin,1,8002,Yamunanagar__Bilaspur.pdf
Yamunanagar,Bilaspur,5,Arnouli,Woman,NONE,1,Veena Devi,Thath Singh,0,0,Women,latin,1,8002,Yamunanagar__Bilaspur.pdf
Yamunanagar,Bilaspur,6,Bamnoli,Other than Woman,NONE,0,Arun Kumar,Kurdiya Ram,0,0,Other than Women,latin,1,8002,Yamunanagar__Bilaspur.pdf
Yamunanagar,Bilaspur,7,Bankat,SC Woman,SC,1,Nebo Devi,Sukhvinder,0,0,Scheduled Caste Women,latin,1,8002,Yamunanagar__Bilaspur.pdf
Yamunanagar,Bilaspur,8,Bansewala,Other than Woman,NONE,0,Naresh Kumar,Darshan Lal,0,0,Other than Women,latin,1,8002,Yamunanagar__Bilaspur.pdf
Yamunanagar,Bilaspur,9,Bhagwanpur,Woman,NONE,1,Sethvati,Baldev Singh,0,0,Women,latin,1,8002,Yamunanagar__Bilaspur.pdf
Yamunanagar,Bilaspur,10,Bhattuwala,Woman,NONE,1,Manisha,Kulwant Singh,0,0,Women,latin,1,8002,Yamunanagar__Bilaspur.pdf
Yamunanagar,Bilaspur,11,Bhawanipur,Other than Woman,NONE,0,Sanjeev Kumar,Mem Singh,0,0,Other than Women,latin,1,8002,Yamunanagar__Bilaspur.pdf
Yamunanagar,Bilaspur,12,Bherthal,BC-A Woman,BC_A,1,Rajwinder Kaur,Kamaljeet,0,0,Sarpanch Backward Class 'A' Women,latin,1,8002,Yamunanagar__Bilaspur.pdf
Yamunanagar,Bilaspur,13,Bhil Chhaper,SC Other than Woman,SC,0,Sanjeev Kumar,Bhagwan Dass,0,0,Sarpanch Scheduled Caste Other than Women,latin,1,8002,Yamunanagar__Bilaspur.pdf
Yamunanagar,Bilaspur,14,Bhogpur,Other than Woman,NONE,0,Randhir Singh,Fakirya,0,0,Other than Women,latin,1,8002,Yamunanagar__Bilaspur.pdf
Yamunanagar,Bilaspur,15,Bhutgarh,Woman,NONE,1,Rumal Devi,Pardeep Kumar,0,0,Women,latin,1,8002,Yamunanagar__Bilaspur.pdf
Yamunanagar,Bilaspur,16,Bihta,SC Woman,SC,1,Anju Rani,Sumit Kumar,0,0,Scheduled Caste Women,latin,1,8002,Yamunanagar__Bilaspur.pdf
Yamunanagar,Bilaspur,17,Bijouli,Other than Woman,NONE,0,Sajid Khan,Miriya Din,0,0,Other than Women,latin,1,8002,Yamunanagar__Bilaspur.pdf
Yamunanagar,Bilaspur,18,Bilaspur,Woman,NONE,1,Kirti Rani,Kishor Kumar,0,0,Women,latin,1,8002,Yamunanagar__Bilaspur.pdf
Yamunanagar,Bilaspur,19,Budheri,Other than Woman,NONE,0,Sagar Basati,Sanjeev Kumar,0,0,Other than Women,latin,1,8002,Yamunanagar__Bilaspur.pdf
Yamunanagar,Bilaspur,20,Chaharwala,BC-A Woman,BC_A,1,Rooma Devi,Gurdas,0,0,Backward Class 'A' Women,latin,1,8002,Yamunanagar__Bilaspur.pdf
Yamunanagar,Bilaspur,21,Chajju Nagla,Other than Woman,NONE,0,Sanjeev Kumar,Laxman Dass,0,0,Other than Women,latin,1,8002,Yamunanagar__Bilaspur.pdf
Yamunanagar,Bilaspur,22,Chanda Kheri,SC Other than Woman,SC,0,Manjeet Singh,Ram Pal,0,0,Scheduled Caste Other than Women,latin,1,8002,Yamunanagar__Bilaspur.pdf
Yamunanagar,Bilaspur,23,Changnouli,SC Woman,SC,1,Tarawati,Labh Singh,0,0,Sarpanch Scheduled Caste Women,latin,1,8002,Yamunanagar__Bilaspur.pdf
Yamunanagar,Bilaspur,24,Chaurahi,SC Other than Woman,SC,0,Ram Chander,Phool Singh,0,0,Scheduled Caste Other than Women,latin,1,8002,Yamunanagar__Bilaspur.pdf
Yamunanagar,Bilaspur,25,Chhalour,SC Woman,SC,1,Rajni Bala,Kehar Singh,0,0,Scheduled Caste Women,latin,1,8002,Yamunanagar__Bilaspur.pdf
Yamunanagar,Bilaspur,26,Dariyapur,Woman,NONE,1,Ritu Rani,Varinder Singh,0,0,Women,latin,1,8002,Yamunanagar__Bilaspur.pdf
Yamunanagar,Bilaspur,27,Dhalour,Other than Woman,NONE,0,Narinder Singh,Mahar Singh,0,0,Other than Women,latin,1,8002,Yamunanagar__Bilaspur.pdf
Yamunanagar,Bilaspur,28,Dhanora,Woman,NONE,1,Kusam Devi,Hosiyar Singh,0,0,Women,latin,1,8002,Yamunanagar__Bilaspur.pdf
Yamunanagar,Bilaspur,29,Fatehgarh Tumbi,SC Other than Woman,SC,0,Baldev Singh,Rameshwar,0,0,Scheduled Caste Other than Women,latin,1,8002,Yamunanagar__Bilaspur.pdf
Yamunanagar,Bilaspur,30,Gadwali,Other than Woman,NONE,0,Rohit Kumar,Amarjeet Singh,0,0,Other than Women,latin,1,8002,Yamunanagar__Bilaspur.pdf
Yamunanagar,Bilaspur,31,Gyanewala,SC Woman,SC,1,Parvesh Kumari,Subhesh Chand,0,0,Scheduled Caste Women,latin,1,8002,Yamunanagar__Bilaspur.pdf
Yamunanagar,Bilaspur,32,Haibat Pur,Woman,NONE,1,Satvinder Kaur,Jasvinder Singh,0,0,Women,latin,1,8002,Yamunanagar__Bilaspur.pdf
Yamunanagar,Bilaspur,33,Hartaul,Other than Woman,NONE,0,Yaman Kumar,Mangat Ram,1,0,Other than Women,latin,1,8002,Yamunanagar__Bilaspur.pdf
Yamunanagar,Bilaspur,34,Judda Jattan,Woman,NONE,1,Priyanka Nain,Anuj Kumar,0,0,Women,latin,1,8002,Yamunanagar__Bilaspur.pdf
Yamunanagar,Bilaspur,35,Judda Sekhan,Other than Woman,NONE,0,Trlochan Singh,Kartar Singh,1,0,Sarpanch Other than Women,latin,1,8002,Yamunanagar__Bilaspur.pdf
Yamunanagar,Bilaspur,36,Kakrouni,Woman,NONE,1,Arvind Rani,Vishal Sharma,0,0,Women,latin,1,8002,Yamunanagar__Bilaspur.pdf
Yamunanagar,Bilaspur,37,Kapuri Kalan,BC-A Other than Woman,BC_A,0,Lalit Kumar,Jaswant Singh,0,0,Backward Class 'A' Other than Women,latin,1,8002,Yamunanagar__Bilaspur.pdf
Yamunanagar,Bilaspur,38,Kathgarh,SC Other than Woman,SC,0,Rajbeer,Ramjilal,0,0,Scheduled Caste Other than Women,latin,1,8002,Yamunanagar__Bilaspur.pdf
Yamunanagar,Bilaspur,39,Khera,SC Woman,SC,1,Kajal,Ragvir Singh,0,0,Sarpanch Scheduled Caste Women,latin,1,8002,Yamunanagar__Bilaspur.pdf
Yamunanagar,Bilaspur,40,Khera Brahmnan,SC Other than Woman,SC,0,Binni Lal,Narata Ram,0,0,Scheduled Caste Other than Women,latin,1,8002,Yamunanagar__Bilaspur.pdf
Yamunanagar,Bilaspur,41,Kotra Khas,SC Woman,SC,1,Sunita Devi,Manga Ram,0,0,Sarpanch Scheduled Caste Women,latin,1,8002,Yamunanagar__Bilaspur.pdf
Yamunanagar,Bilaspur,42,Kurali,SC Other than Woman,SC,0,Nikka Singh,Sarup Singh,0,0,Scheduled Caste Other than Women,latin,1,8002,Yamunanagar__Bilaspur.pdf
Yamunanagar,Bilaspur,43,Machhrouli,SC Woman,SC,1,Anu Kaur,Satish Kumar,0,0,Scheduled Caste Women,latin,1,8002,Yamunanagar__Bilaspur.pdf
Yamunanagar,Bilaspur,44,Makhour,SC Other than Woman,SC,0,Manish Kumar,Mehar Chand,0,0,Sarpanch Scheduled Caste Other than Women,latin,1,8002,Yamunanagar__Bilaspur.pdf
Yamunanagar,Bilaspur,45,Malikraipur,SC Woman,SC,1,Geeta,Sunil Kumar,0,0,Sarpanch Scheduled Caste Women,latin,1,8002,Yamunanagar__Bilaspur.pdf
Yamunanagar,Bilaspur,46,Malikpur,BC-A Woman,BC_A,1,Suman Devi,Raj Kumar,0,0,Backward Class 'A' Women,latin,1,8002,Yamunanagar__Bilaspur.pdf
Yamunanagar,Bilaspur,47,Manakpur,Other than Woman,NONE,0,Bharat Singh,Hari Ram,0,0,Other than Women,latin,1,8002,Yamunanagar__Bilaspur.pdf
Yamunanagar,Bilaspur,48,Mandhar,SC Other than Woman,SC,0,Mangat Ram,Kesho Ram,0,0,Sarpanch Scheduled Caste Other than Women,latin,1,8002,Yamunanagar__Bilaspur.pdf
Yamunanagar,Bilaspur,49,Manglour,Woman,NONE,1,Virwati,Ramel Singh,0,0,Women,latin,1,8002,Yamunanagar__Bilaspur.pdf
Yamunanagar,Bilaspur,50,Marwa Kalan,Other than Woman,NONE,0,Amardeep Singh,Rajpal Singh,0,0,Other than Women,latin,1,8002,Yamunanagar__Bilaspur.pdf
Yamunanagar,Bilaspur,51,Marwa Khurd,Woman,NONE,1,Raj Kumari,Ajay Partap,0,0,Women,latin,1,8002,Yamunanagar__Bilaspur.pdf
Yamunanagar,Bilaspur,52,Mehmoodpur,SC Woman,SC,1,Anju Devi,Karam Chand,0,0,Sarpanch Scheduled Caste Women,latin,1,8002,Yamunanagar__Bilaspur.pdf
Yamunanagar,Bilaspur,53,Mianpur,SC Other than Woman,SC,0,Narender,Rati Ram,1,0,Scheduled Caste Other than Women,latin,1,8002,Yamunanagar__Bilaspur.pdf
Yamunanagar,Bilaspur,54,Milk Khas,SC Woman,SC,1,Nisha Rani,Gurdeep Singh,0,0,Sarpanch Scheduled Caste Women,latin,1,8002,Yamunanagar__Bilaspur.pdf
Yamunanagar,Bilaspur,55,Milk Sukhi,SC Other than Woman,SC,0,Jasmer Singh,Ratna Ram,1,0,Sarpanch Scheduled Caste Other than Women,latin,1,8002,Yamunanagar__Bilaspur.pdf
Yamunanagar,Bilaspur,56,Mohri,Other than Woman,NONE,0,Mahinder Singh,Hakam Singh,0,0,Other than Women,latin,1,8002,Yamunanagar__Bilaspur.pdf
Yamunanagar,Bilaspur,57,Mugalwali,BC-A Woman,BC_A,1,Kusam Devi,Gian Chand,0,0,Sarpanch Backward Class 'A' Women,latin,1,8002,Yamunanagar__Bilaspur.pdf
Yamunanagar,Bilaspur,58,Mujafat,BC-A Other than Woman,BC_A,0,Surinder Kumar,Arjun Singh,0,0,Backward Class 'A' Other than Women,latin,1,8002,Yamunanagar__Bilaspur.pdf
Yamunanagar,Bilaspur,59,Munda Khera,SC Woman,SC,1,Meenakshi,Mohit Kumar,0,0,Scheduled Caste Women,latin,1,8002,Yamunanagar__Bilaspur.pdf
Yamunanagar,Bilaspur,60,Mussimble M,Woman,NONE,1,Sukhjot Kaur,Yashpal Singh,0,0,Women,latin,1,8002,Yamunanagar__Bilaspur.pdf
Yamunanagar,Bilaspur,61,Mussimble H,Other than Woman,NONE,0,Hawa Singh,Nakli Ram,0,0,Other than Women,latin,1,8002,Yamunanagar__Bilaspur.pdf
Yamunanagar,Bilaspur,62,Naggal Patti (Machhrouli),Woman,NONE,1,Amandeep Kaur,Parminder Singh,0,0,Women,latin,1,8002,Yamunanagar__Bilaspur.pdf
Yamunanagar,Bilaspur,63,Nagli 264,Other than Woman,NONE,0,Surjeet Singh,Avtar Singh,1,0,Other than Women,latin,1,8002,Yamunanagar__Bilaspur.pdf
Yamunanagar,Bilaspur,64,Nagli 32,Woman,NONE,1,Aaisha,Ahmad Ali,0,0,Women,latin,1,8002,Yamunanagar__Bilaspur.pdf
Yamunanagar,Bilaspur,65,Naiwala,Other than Woman,NONE,0,Sabir,Ilmudeen,1,0,Other than Women,latin,1,8002,Yamunanagar__Bilaspur.pdf
Yamunanagar,Bilaspur,66,Nathanpur,Woman,NONE,1,Asma,Akram,0,0,Women,latin,1,8002,Yamunanagar__Bilaspur.pdf
Yamunanagar,Bilaspur,67,Nawa Shahar,Other than Woman,NONE,0,Rajender Singh,Jagir Singh,0,0,Other than Women,latin,1,8002,Yamunanagar__Bilaspur.pdf
Yamunanagar,Bilaspur,68,Pabni Kalan,Woman,NONE,1,Kajal Rathi,Gulab Singh,0,0,Women,latin,1,8002,Yamunanagar__Bilaspur.pdf
Yamunanagar,Bilaspur,69,Pabni Khurd,SC Other than Woman,SC,0,Gurmej Singh,Mewa Ram,1,0,Scheduled Caste Other than Women,latin,1,8002,Yamunanagar__Bilaspur.pdf
Yamunanagar,Bilaspur,70,Pensal,Other than Woman,NONE,0,Naveen Kamal,Kuldeep Singh,0,0,Other than Women,latin,1,8002,Yamunanagar__Bilaspur.pdf
Yamunanagar,Bilaspur,71,Parbhouli,Woman,NONE,1,Mehfreen,Arshad Ali,0,0,Women,latin,1,8002,Yamunanagar__Bilaspur.pdf
Yamunanagar,Bilaspur,72,Peeruwala,SC Woman,SC,1,Suman Lata,Sukhbir Singh,0,0,Scheduled Caste Women,latin,1,8002,Yamunanagar__Bilaspur.pdf
Yamunanagar,Bilaspur,73,Pheruwala,Other than Woman,NONE,0,Ravi Kumar,Guljar Singh,0,0,Other than Women,latin,1,8002,Yamunanagar__Bilaspur.pdf
Yamunanagar,Bilaspur,74,Pilkhanwala,Woman,NONE,1,Poonam,Shamshad,0,0,Women,latin,1,8002,Yamunanagar__Bilaspur.pdf
Yamunanagar,Bilaspur,75,Pipliwala,Other than Woman,NONE,0,Karamjeet,Amar Nath,0,0,Other than Women,latin,1,8002,Yamunanagar__Bilaspur.pdf
Yamunanagar,Bilaspur,76,Ponti,Woman,NONE,1,Aasma,Akhil Khan,0,0,Women,latin,1,8002,Yamunanagar__Bilaspur.pdf
Yamunanagar,Bilaspur,77,Udhamgarh,Woman,NONE,1,Monika,Rakesh Kumar,0,0,Women,latin,1,8002,Yamunanagar__Bilaspur.pdf
Yamunanagar,Bilaspur,78,Tehi Jattan,SC Other than Woman,SC,0,Arun Kumar,Shiv Dayal,0,0,Sarpanch Scheduled Caste Other than Women,latin,1,8002,Yamunanagar__Bilaspur.pdf
Yamunanagar,Bilaspur,79,Teha Barahmnan,Other than Woman,NONE,0,Mukesh Sharma,Ram Kumar,0,0,Other than Women,latin,1,8002,Yamunanagar__Bilaspur.pdf
Yamunanagar,Bilaspur,80,Taharpur Khurd,Woman,NONE,1,Sudesh Kumari,Prvesh Kumar,0,0,Sarpanch Women,latin,1,8002,Yamunanagar__Bilaspur.pdf
Yamunanagar,Bilaspur,81,Sundar Bahadurpur,Other than Woman,NONE,0,Shaukat Ali,Nasirodeen /,0,0,Sarpanch Other than Women,latin,1,8002,Yamunanagar__Bilaspur.pdf
Yamunanagar,Bilaspur,82,Sultanpur,SC Woman,SC,1,Poonam,Amrit Lal,0,0,Sarpanch Scheduled Caste Women,latin,1,8002,Yamunanagar__Bilaspur.pdf
Yamunanagar,Bilaspur,83,Shergarh,Woman,NONE,1,Jagpreet,Satbir Singh,0,0,Women,latin,1,8002,Yamunanagar__Bilaspur.pdf
Yamunanagar,Bilaspur,84,Shahpur 302,Other than Woman,NONE,0,Jarnail Singh,Jawala Singh,0,0,Other than Women,latin,1,8002,Yamunanagar__Bilaspur.pdf
Yamunanagar,Bilaspur,85,Shah Pur- Jattan,Woman,NONE,1,Reena Devi,Rakesh Kumar,0,0,Sarpanch Women,latin,1,8002,Yamunanagar__Bilaspur.pdf
Yamunanagar,Bilaspur,86,Sarawin,SC Other than Woman,SC,0,Gurmeet Singh,Kulwant Singh,0,0,Scheduled Caste Other than Women,latin,1,8002,Yamunanagar__Bilaspur.pdf
Yamunanagar,Bilaspur,87,Sankhera,BC-A Other than Woman,BC_A,0,Soni,Surjeetsingh,0,0,Sarpanch Backward Class 'A' Other than Women,latin,1,8002,Yamunanagar__Bilaspur.pdf
Yamunanagar,Bilaspur,88,Sandhai,Woman,NONE,1,Anjana Rani,Pardeep Kumar,0,0,Women,latin,1,8002,Yamunanagar__Bilaspur.pdf
Yamunanagar,Bilaspur,89,Safilpur,SC Woman,SC,1,Ruma Devi,Narsi Ram,0,0,Scheduled Caste Women,latin,1,8002,Yamunanagar__Bilaspur.pdf
Yamunanagar,Bilaspur,90,Rohlaheri,Other than Woman,NONE,0,Jasvinder Singh,Rakam Singh,0,0,Other than Women,latin,1,8002,Yamunanagar__Bilaspur.pdf
Yamunanagar,Bilaspur,91,Rasulpur,Woman,NONE,1,Santosh Rani,Vinod Kumar,0,0,Women,latin,1,8002,Yamunanagar__Bilaspur.pdf
Yamunanagar,Bilaspur,92,Ranipur Khurd,SC Other than Woman,SC,0,Garib Chand,Fool Chand,0,0,Scheduled Caste Other than Women,latin,1,8002,Yamunanagar__Bilaspur.pdf
Yamunanagar,Bilaspur,93,Ranipur,Other than Woman,NONE,0,Vishavjeet,Amar Pal Arya,0,0,Other than Women,latin,1,8002,Yamunanagar__Bilaspur.pdf
Yamunanagar,Bilaspur,94,Rampur Kamboyan,Woman,NONE,1,Ravinder Kaur,Ramesh Kumar,0,0,Sarpanch Women,latin,1,8002,Yamunanagar__Bilaspur.pdf
Yamunanagar,Bilaspur,95,Rampur Herian,Other than Woman,NONE,0,Rajesh Kumar,Ved Pal,1,0,Sarpanch Other than Women,latin,1,8002,Yamunanagar__Bilaspur.pdf
Yamunanagar,Bilaspur,96,Ramgarh Majra,Other than Woman,NONE,0,Rajesh Kumar,Rajender Singh,0,0,Other than Women,latin,1,8002,Yamunanagar__Bilaspur.pdf
Yamunanagar,Bilaspur,97,Ram Kheri,BC-A Other than Woman,BC_A,0,Vinod Kumar,Rakha Ram,0,0,Backward Class 'A' Other than Women,latin,1,8002,Yamunanagar__Bilaspur.pdf
Yamunanagar,Chhachhrauli,1,Bada Damopura,SC Other than Woman,SC,0,Sandeep Kumar,Sh.Bali Ram,0,0,Scheduled Caste Other than Women,latin,1,8011,Yamunanagar__Chhachhrauli.pdf
Yamunanagar,Chhachhrauli,2,Balachour,SC Woman,SC,1,Amarjeet,Sh.Sheetal,0,0,Scheduled Caste Women,latin,1,8011,Yamunanagar__Chhachhrauli.pdf
Yamunanagar,Chhachhrauli,3,Balauli,Other than Woman,NONE,0,Shyam Singh,Sh.Bal Sawroop,0,0,Other than Women,latin,1,8011,Yamunanagar__Chhachhrauli.pdf
Yamunanagar,Chhachhrauli,4,Barouli Majra,Woman,NONE,1,Sultana,Sh.Ispak Ali,0,0,Women,latin,1,8011,Yamunanagar__Chhachhrauli.pdf
Yamunanagar,Chhachhrauli,5,Basatian Wala,SC Other than Woman,SC,0,Amnish Kumar,Sh.Banarasi,0,0,Scheduled Caste Other than Women,latin,1,8011,Yamunanagar__Chhachhrauli.pdf
Yamunanagar,Chhachhrauli,6,Bhagwan Pur,Other than Woman,NONE,0,Kapil Kamboj,Sh.Ram Nath,0,0,Other than Women,latin,1,8011,Yamunanagar__Chhachhrauli.pdf
Yamunanagar,Chhachhrauli,7,Bhukhri,BC-A Woman,BC_A,1,Veena Rani,Sh.Ravinder,0,0,Backward Class ̒ A ̓ Women,latin,0,8011,Yamunanagar__Chhachhrauli.pdf
Yamunanagar,Chhachhrauli,8,Chabutron,SC Woman,SC,1,Reena Rani,Sh.Jasbir Singh,0,0,Scheduled Caste Women,latin,1,8011,Yamunanagar__Chhachhrauli.pdf
Yamunanagar,Chhachhrauli,9,Chahron,Other than Woman,NONE,0,Kanwar Pal,Sh.Nirmal Singh,0,0,Other than Women,latin,1,8011,Yamunanagar__Chhachhrauli.pdf
Yamunanagar,Chhachhrauli,10,Chauli,Woman,NONE,1,Poonam Rani,Sh.Ashish,0,0,Women,latin,1,8011,Yamunanagar__Chhachhrauli.pdf
Yamunanagar,Chhachhrauli,11,Chauwala,Other than Woman,NONE,0,Gian Chand,Sh.Rutal Ram,0,0,Other than Women,latin,1,8011,Yamunanagar__Chhachhrauli.pdf
Yamunanagar,Chhachhrauli,12,Chhachhrauli,Woman,NONE,1,Reeta Devi,Sh.Sanjeev,0,0,Women,latin,1,8011,Yamunanagar__Chhachhrauli.pdf
Yamunanagar,Chhachhrauli,13,Chhouli,SC Other than Woman,SC,0,Surjeet Kumar,Sh.Dasoundhi,0,0,Scheduled Caste Other than Women,latin,1,8011,Yamunanagar__Chhachhrauli.pdf
Yamunanagar,Chhachhrauli,14,Chuharpur Khurd,SC Woman,SC,1,Usha Rani,Sh.Munish,0,0,Scheduled Caste Women,latin,1,8011,Yamunanagar__Chhachhrauli.pdf
Yamunanagar,Chhachhrauli,15,Chuharpur Mangal Singh,Other than Woman,NONE,0,Mohammad,Sh.Rahmat Ali,1,0,Other than Women Other than Women,latin,1,8011,Yamunanagar__Chhachhrauli.pdf
Yamunanagar,Chhachhrauli,16,Dadupur Cantt,Woman,NONE,1,Amarjit Kaur,Sh.Amit Kumar,0,0,Sarpanch Women Women,latin,1,8011,Yamunanagar__Chhachhrauli.pdf
Yamunanagar,Chhachhrauli,17,Dadupur Jattan,SC Other than Woman,SC,0,Sandeep Kumar,Sh.Jagmal,0,0,Scheduled Caste Other than Women,latin,1,8011,Yamunanagar__Chhachhrauli.pdf
Yamunanagar,Chhachhrauli,18,Dakwala,Other than Woman,NONE,0,Pawan Kumar,Sh.Balak Ram,0,0,Other than Women,latin,1,8011,Yamunanagar__Chhachhrauli.pdf
Yamunanagar,Chhachhrauli,19,Damouli,SC Woman,SC,1,Kusum Lata,Sh.Dharambeer,0,0,Scheduled Caste Women,latin,1,8011,Yamunanagar__Chhachhrauli.pdf
Yamunanagar,Chhachhrauli,20,Darpur,Woman,NONE,1,Yasmeen,Sh.Aalim,0,0,Women,latin,1,8011,Yamunanagar__Chhachhrauli.pdf
Yamunanagar,Chhachhrauli,21,Daulatpur,Other than Woman,NONE,0,Dilshad,Sh.Jamil,0,0,Other than Women,latin,1,8011,Yamunanagar__Chhachhrauli.pdf
Yamunanagar,Chhachhrauli,22,Dharamkot,Woman,NONE,1,Satbir Kaur,Sh.Kulwant,0,0,Sarpanch Women Women,latin,1,8011,Yamunanagar__Chhachhrauli.pdf
Yamunanagar,Chhachhrauli,23,Fatehgarh,SC Other than Woman,SC,0,Sohan Lal,Sh.Jagdish,0,0,Scheduled Caste Other than Women,latin,1,8011,Yamunanagar__Chhachhrauli.pdf
Yamunanagar,Chhachhrauli,24,Ganoula,SC Woman,SC,1,Komal,Sh.Gurpreet,0,0,Scheduled Caste Women,latin,1,8011,Yamunanagar__Chhachhrauli.pdf
Yamunanagar,Chhachhrauli,25,Ganouli,Other than Woman,NONE,0,Narinder Kumar,Sh.Hari Pal,0,0,Other than Women,latin,1,8011,Yamunanagar__Chhachhrauli.pdf
Yamunanagar,Chhachhrauli,26,Hadouli,SC Other than Woman,SC,0,Surinder Kumar,Sh.Kuraria Ram,0,0,Scheduled Caste Other than Women,latin,1,8011,Yamunanagar__Chhachhrauli.pdf
Yamunanagar,Chhachhrauli,27,Haidarpur,Woman,NONE,1,Pooja Devi,Sh.Jai Kumar,0,0,Women,latin,1,8011,Yamunanagar__Chhachhrauli.pdf
Yamunanagar,Chhachhrauli,28,Ibrahimpur,Other than Woman,NONE,0,Aslam Khan,Sh.Yamin,0,0,Sarpanch Other than Women Other than Women,latin,1,8011,Yamunanagar__Chhachhrauli.pdf
Yamunanagar,Chhachhrauli,29,Jai Rampur Khalsa,Woman,NONE,1,Ruman Panwar,Sh.Ram Gopal,0,0,Women,latin,1,8011,Yamunanagar__Chhachhrauli.pdf
Yamunanagar,Chhachhrauli,30,Jaitpur,Other than Woman,NONE,0,Irfan Khan,Sh.Alijan,0,0,Other than Women,latin,1,8011,Yamunanagar__Chhachhrauli.pdf
Yamunanagar,Chhachhrauli,31,Jatanwala,Woman,NONE,1,Roopsena,Sh.Istak,1,0,Women,latin,1,8011,Yamunanagar__Chhachhrauli.pdf
Yamunanagar,Chhachhrauli,32,Jatehri,Other than Woman,NONE,0,Vinod Kumar,Sh.Hakam,0,0,Sarpanch Other than Women Other than Women,latin,1,8011,Yamunanagar__Chhachhrauli.pdf
Yamunanagar,Chhachhrauli,33,Kanalsi,SC Woman,SC,1,Sarla,Sh.Gurbaksh,0,0,Scheduled Caste Women,latin,1,8011,Yamunanagar__Chhachhrauli.pdf
Yamunanagar,Chhachhrauli,34,Khadri,SC Other than Woman,SC,0,Amar Nath,Sh.Kreshan,0,0,Scheduled Caste Other than Women,latin,1,8011,Yamunanagar__Chhachhrauli.pdf
Yamunanagar,Chhachhrauli,35,Khanpura,Woman,NONE,1,Suman,Sh.Neeraj,0,0,Women Women,latin,1,8011,Yamunanagar__Chhachhrauli.pdf
Yamunanagar,Chhachhrauli,36,Khanuwala,SC Woman,SC,1,Neelam Devi,Sh.Rajesh,0,0,Sarpanch Scheduled Caste Women,latin,1,8011,Yamunanagar__Chhachhrauli.pdf
Yamunanagar,Chhachhrauli,37,Kharwan,SC Other than Woman,SC,0,Gurjant Singh,Sh.Ranjeet,0,0,Sarpanch Scheduled Caste Other than Women,latin,1,8011,Yamunanagar__Chhachhrauli.pdf
Yamunanagar,Chhachhrauli,38,Kishan Pura Majra,SC Woman,SC,1,Seema Devi,Sh.Balwinder,0,0,Scheduled Caste Women,latin,1,8011,Yamunanagar__Chhachhrauli.pdf
Yamunanagar,Chhachhrauli,39,Kot Basawa Singh,Other than Woman,NONE,0,Sukhdev Singh,Sh.Pritam Singh,0,0,Other than Women Other than Women,latin,1,8011,Yamunanagar__Chhachhrauli.pdf
Yamunanagar,Chhachhrauli,40,Kot Mustarka,Woman,NONE,1,Sukhwinder,Sh.Pyara Singh,0,0,Women,latin,1,8011,Yamunanagar__Chhachhrauli.pdf
Yamunanagar,Chhachhrauli,41,Kot Sarkari,SC Other than Woman,SC,0,Manjot,Sh.Gurmej,0,0,Scheduled Caste Other than Women,latin,1,8011,Yamunanagar__Chhachhrauli.pdf
Yamunanagar,Chhachhrauli,42,Kotra Kahan Singh,Other than Woman,NONE,0,Akil Khan,Sh.Tahir Hasan,0,0,Other than Women Other than Women,latin,1,8011,Yamunanagar__Chhachhrauli.pdf
Yamunanagar,Chhachhrauli,43,Lalhari Kalan,Woman,NONE,1,Savita Devi,Sh.Pardeep,0,0,Sarpanch Women Women,latin,1,8011,Yamunanagar__Chhachhrauli.pdf
Yamunanagar,Chhachhrauli,44,Leda Khadar,BC-A Other than Woman,BC_A,0,Anil Kumar,Sh.Soran Singh,0,0,Backward Class ̒ A ̓ Other than Women,latin,0,8011,Yamunanagar__Chhachhrauli.pdf
Yamunanagar,Chhachhrauli,45,Leda Khas,SC Woman,SC,1,Neetu,Sh.Raman,0,0,Scheduled Caste Women,latin,1,8011,Yamunanagar__Chhachhrauli.pdf
Yamunanagar,Chhachhrauli,46,Ledi,Woman,NONE,1,Suman,Sh.Rajesh,0,0,Sarpanch Women Women,latin,1,8011,Yamunanagar__Chhachhrauli.pdf
Yamunanagar,Chhachhrauli,47,Lopon,Other than Woman,NONE,0,Sultan Singh,Sh.Hari Chand,0,0,Other than Women,latin,1,8011,Yamunanagar__Chhachhrauli.pdf
Yamunanagar,Chhachhrauli,48,Mado Haldari,Woman,NONE,1,Rekha,Sh.Parveen,1,0,Women Women,latin,1,8011,Yamunanagar__Chhachhrauli.pdf
Yamunanagar,Chhachhrauli,49,Malikpur Banger,BC-A Other than Woman,BC_A,0,Vikas,Sh.Kulwant,0,0,Sarpanch Backward Class ̒ A ̓ Other than Women,latin,0,8011,Yamunanagar__Chhachhrauli.pdf
Yamunanagar,Chhachhrauli,50,Mamli,Woman,NONE,1,Kirna,Sh.Satpal,0,0,Women,latin,1,8011,Yamunanagar__Chhachhrauli.pdf
Yamunanagar,Chhachhrauli,51,Manakpur 1,BC-A Other than Woman,BC_A,0,Mustkim,Sh.Nisar Ali,0,0,Sarpanch Backward Class ̒ A ̓ Other than Women,latin,0,8011,Yamunanagar__Chhachhrauli.pdf
Yamunanagar,Chhachhrauli,52,Mandkheri,Woman,NONE,1,Roshani Devi,Sh.Salinder,0,0,Women Women,latin,1,8011,Yamunanagar__Chhachhrauli.pdf
Yamunanagar,Chhachhrauli,53,Mandoli Gagar,Other than Woman,NONE,0,Bittu,Sh.Ramdhan,0,0,Sarpanch Other than Women Other than Women,latin,1,8011,Yamunanagar__Chhachhrauli.pdf
Yamunanagar,Chhachhrauli,54,Manipur,Woman,NONE,1,Kuldeep Kaur,Sh.Jagpreet,0,0,Sarpanch Women Women,latin,1,8011,Yamunanagar__Chhachhrauli.pdf
Yamunanagar,Chhachhrauli,55,Mehar Majra,Other than Woman,NONE,0,Parvinder Singh,Sh.Pritam Singh,0,0,Other than Women,latin,1,8011,Yamunanagar__Chhachhrauli.pdf
Yamunanagar,Chhachhrauli,56,Mohiudeenpur,Woman,NONE,1,Mehruna,Sh.Fareed Khan,0,0,Women,latin,1,8011,Yamunanagar__Chhachhrauli.pdf
Yamunanagar,Chhachhrauli,57,Mukarbpur,Other than Woman,NONE,0,Randhir Singh,Sh.Jagmal,0,0,Other than Women,latin,1,8011,Yamunanagar__Chhachhrauli.pdf
Yamunanagar,Chhachhrauli,58,Munda Khera,Woman,NONE,1,Suman Devi,Sh.Sanjeev,0,0,Women,latin,1,8011,Yamunanagar__Chhachhrauli.pdf
Yamunanagar,Chhachhrauli,59,Nahar Taharpur,Other than Woman,NONE,0,Mange Ram,Sh.Jeet Singh,0,0,Other than Women,latin,1,8011,Yamunanagar__Chhachhrauli.pdf
Yamunanagar,Chhachhrauli,60,Panjeton,SC Other than Woman,SC,0,Sajit Kumar,Sh.Bir Bhan,0,0,Scheduled Caste Other than Women,latin,1,8011,Yamunanagar__Chhachhrauli.pdf
Yamunanagar,Chhachhrauli,61,Pirthipur,BC-A Woman,BC_A,1,Rubina,Sh.Ramjan,0,0,Sarpanch Backward Class ̒ A ̓ Women,latin,0,8011,Yamunanagar__Chhachhrauli.pdf
Yamunanagar,Chhachhrauli,62,Raipur,Other than Woman,NONE,0,Vikrant,Sh.Vinod Kumar,0,0,Other than Women,latin,1,8011,Yamunanagar__Chhachhrauli.pdf
Yamunanagar,Chhachhrauli,63,Rajpur Goharabani,Woman,NONE,1,Firoja,Sh.Sharafat Ali,0,0,Women,latin,1,8011,Yamunanagar__Chhachhrauli.pdf
Yamunanagar,Chhachhrauli,64,Ramgarh Urf Arjun Majra,Other than Woman,NONE,0,Shamsher Singh,Sh.Suresh,0,0,Sarpanch Other than Women Other than Women,latin,1,8011,Yamunanagar__Chhachhrauli.pdf
Yamunanagar,Chhachhrauli,65,Rampur Jattan,SC Woman,SC,1,Sonia,Sh.Satish,0,0,Sarpanch Scheduled Caste Women,latin,1,8011,Yamunanagar__Chhachhrauli.pdf
Yamunanagar,Chhachhrauli,66,Salempur Bangar,Woman,NONE,1,Mukesh Kumari,Sh.Sandeep,1,0,Women Women,latin,1,8011,Yamunanagar__Chhachhrauli.pdf
Yamunanagar,Chhachhrauli,67,Salempur Khadar,Other than Woman,NONE,0,Rameshwar,Sh.Chanda Ram,1,0,Other than Women,latin,1,8011,Yamunanagar__Chhachhrauli.pdf
Yamunanagar,Chhachhrauli,68,Salempur Kohi,BC-A Woman,BC_A,1,Beejo Devi,Sh.Sunil Kumar,0,0,Sarpanch Backward Class ̒ A ̓ Women,latin,0,8011,Yamunanagar__Chhachhrauli.pdf
Yamunanagar,Chhachhrauli,69,Sahbudinpur Kalan,SC Other than Woman,SC,0,Daya Ram,Sh.Gurnam,0,0,Sarpanch Scheduled Caste Other than Women,latin,1,8011,Yamunanagar__Chhachhrauli.pdf
Yamunanagar,Chhachhrauli,70,Shahzadpur,Other than Woman,NONE,0,Manmohan,Sh.Rajpal,0,0,Other than Women,latin,1,8011,Yamunanagar__Chhachhrauli.pdf
Yamunanagar,Chhachhrauli,71,Shekhpura,SC Woman,SC,1,Poonam Devi,Sh.Arun Kumar,0,0,Sarpanch Scheduled Caste Women,latin,1,8011,Yamunanagar__Chhachhrauli.pdf
Yamunanagar,Chhachhrauli,72,Sherpur,Woman,NONE,1,Balwinder,Sh.Jagmal,1,0,Sarpanch Women Women,latin,1,8011,Yamunanagar__Chhachhrauli.pdf
Yamunanagar,Chhachhrauli,73,Singhpura,Other than Woman,NONE,0,Jai Parkash,Sh.Phool Chand,0,0,Other than Women,latin,1,8011,Yamunanagar__Chhachhrauli.pdf
Yamunanagar,Chhachhrauli,74,Sipiyanwala,Woman,NONE,1,Harjeet Kaur,Sh.Sandeep,0,0,Sarpanch Women Women,latin,1,8011,Yamunanagar__Chhachhrauli.pdf
Yamunanagar,Chhachhrauli,75,Taharpur Kalan,Other than Woman,NONE,0,Shree Ram,Sh.Chaman Lal,0,0,Other than Women,latin,1,8011,Yamunanagar__Chhachhrauli.pdf
Yamunanagar,Chhachhrauli,76,Taranwala,Woman,NONE,1,Monika Devi,Sh.Sandeep,0,0,Sarpanch Women Women,latin,1,8011,Yamunanagar__Chhachhrauli.pdf
Yamunanagar,Chhachhrauli,77,Taruwala,SC Other than Woman,SC,0,Sanjeev Kumar,Sh.Ved Prakash,0,0,Scheduled Caste Other than Women,latin,1,8011,Yamunanagar__Chhachhrauli.pdf
Yamunanagar,Chhachhrauli,78,Telipura,Other than Woman,NONE,0,Karam Singh,Sh.Bharat Singh,0,0,Other than Women,latin,1,8011,Yamunanagar__Chhachhrauli.pdf
Yamunanagar,Chhachhrauli,79,Tihano,SC Woman,SC,1,Kavita Devi,Sh.Mohan Lal,0,0,Scheduled Caste Women,latin,1,8011,Yamunanagar__Chhachhrauli.pdf
Yamunanagar,Chhachhrauli,80,Tugalpur,Woman,NONE,1,Geeta Rani,Sh.Ram Sharan,0,0,Women,latin,1,8011,Yamunanagar__Chhachhrauli.pdf
Yamunanagar,Chhachhrauli,81,Urjani,Other than Woman,NONE,0,Shiv Charan,Sh.Mehar Singh,1,0,Other than Women,latin,1,8011,Yamunanagar__Chhachhrauli.pdf
Yamunanagar,Jagadhri,1,Ahlu wala,Other than Woman,NONE,0,Amarjeet,Gurnam Singh,0,0,Other Than Women,latin,,7984,Yamunanagar__Jagadhri.pdf
Yamunanagar,Jagadhri,2,Akalgarh,Woman,NONE,1,Babli Devi,Pawan Kumar,0,0,Women,latin,,7984,Yamunanagar__Jagadhri.pdf
Yamunanagar,Jagadhri,3,Amadalpur,SC Other than Woman,SC,0,Lovekesh,Ram Sharan,0,0,Scheduled Caste Other Than Women,latin,1,7984,Yamunanagar__Jagadhri.pdf
Yamunanagar,Jagadhri,4,Bahadarpur,Other than Woman,NONE,0,Sunil Kumar,Desh Raj,0,0,Other Than Women,latin,1,7984,Yamunanagar__Jagadhri.pdf
Yamunanagar,Jagadhri,5,Behrampur,BC-A Other than Woman,BC_A,0,Mohit Kumar,Mahinder Pal,0,0,Backward Class (A) Other Than Women,latin,1,7984,Yamunanagar__Jagadhri.pdf
Yamunanagar,Jagadhri,6,Bakarpur,Woman,NONE,1,Reeju,Jai Parkash,0,0,Women,latin,1,7984,Yamunanagar__Jagadhri.pdf
Yamunanagar,Jagadhri,7,Bhog Pur,Woman,NONE,1,Reman Kumari,Parveen Kumar,0,0,Women,latin,1,7984,Yamunanagar__Jagadhri.pdf
Yamunanagar,Jagadhri,8,Bhoj Pur,Other than Woman,NONE,0,Kamaljit,Soran Singh,0,0,Other Than Women,latin,1,7984,Yamunanagar__Jagadhri.pdf
Yamunanagar,Jagadhri,9,Bibi Pur,BC-A Woman,BC_A,1,Mafee,Aarif Khan,0,0,Backward Class (A) Women,latin,1,7984,Yamunanagar__Jagadhri.pdf
Yamunanagar,Jagadhri,10,Damla,SC Woman,SC,1,Gurbakshi,Ram Pal,0,0,Scheduled Caste Women,latin,1,7984,Yamunanagar__Jagadhri.pdf
Yamunanagar,Jagadhri,11,Darwa Majri,SC Other than Woman,SC,0,Sajjan Singh,Jagjeet Singh,0,0,Scheduled Caste Other Than Women,latin,1,7984,Yamunanagar__Jagadhri.pdf
Yamunanagar,Jagadhri,12,Daulatpur Jagir,Other than Woman,NONE,0,Arjun Singh,Mani Ram,0,0,Other Than Women,latin,1,7984,Yamunanagar__Jagadhri.pdf
Yamunanagar,Jagadhri,13,Dayal Garh,Woman,NONE,1,Ritu Rani,Dinesh Kumar,0,0,Women,latin,1,7984,Yamunanagar__Jagadhri.pdf
Yamunanagar,Jagadhri,14,Dhorang,Other than Woman,NONE,0,Rimpy Kumar,Hansraj,0,0,Other Than Women,latin,1,7984,Yamunanagar__Jagadhri.pdf
Yamunanagar,Jagadhri,15,Dudhla,Woman,NONE,1,Dippi Saini,Mohit Kumar,0,0,Women,latin,1,7984,Yamunanagar__Jagadhri.pdf
Yamunanagar,Jagadhri,16,Dusani,SC Woman,SC,1,Sunita Rani,Rajeshwar,0,0,Scheduled Caste Women,latin,1,7984,Yamunanagar__Jagadhri.pdf
Yamunanagar,Jagadhri,17,Fatehpur-123,SC Other than Woman,SC,0,Arvind Kumar,Raj Kumar,0,0,Scheduled Caste Other Than Women,latin,1,7984,Yamunanagar__Jagadhri.pdf
Yamunanagar,Jagadhri,18,Galouli,Other than Woman,NONE,0,Rishi Pal,Gainda Ram,0,0,Other Than Women,latin,1,7984,Yamunanagar__Jagadhri.pdf
Yamunanagar,Jagadhri,19,Ghoron Pipli,Woman,NONE,1,Aanchal,Sumit,0,0,Women,latin,1,7984,Yamunanagar__Jagadhri.pdf
Yamunanagar,Jagadhri,20,Golanpur,SC Woman,SC,1,Laxmi Devi,Surinder Kuamr,0,0,Scheduled Caste Women,latin,1,7984,Yamunanagar__Jagadhri.pdf
Yamunanagar,Jagadhri,21,Hafij pur,SC Other than Woman,SC,0,Baldev Singh,Nanha Ram,0,0,Scheduled Caste Other Than Women,latin,1,7984,Yamunanagar__Jagadhri.pdf
Yamunanagar,Jagadhri,22,Haripur Jattan,SC Woman,SC,1,Anita Devi,Ram Kumar,1,0,Scheduled Caste Women,latin,1,7984,Yamunanagar__Jagadhri.pdf
Yamunanagar,Jagadhri,23,Haripur Kamboyan,SC Other than Woman,SC,0,Gaurav,Gurmej Singh,0,0,Scheduled Caste Other Than Women,latin,1,7984,Yamunanagar__Jagadhri.pdf
Yamunanagar,Jagadhri,24,Harnol,Woman,NONE,1,Sushma Rani,Nirmal Singh,0,0,Women,latin,1,7984,Yamunanagar__Jagadhri.pdf
Yamunanagar,Jagadhri,25,Haria Bans,Other than Woman,NONE,0,Rajiv Kumar,Yashpal Sharma,0,0,Other Than Women,latin,1,7984,Yamunanagar__Jagadhri.pdf
Yamunanagar,Jagadhri,26,Ishar Pur,Other than Woman,NONE,0,Rinku,Deshraj,0,0,Other Than Women,latin,1,7984,Yamunanagar__Jagadhri.pdf
Yamunanagar,Jagadhri,27,Jai Pur,SC Woman,SC,1,Asha,Jitender Kumar,0,0,Scheduled Caste Women,latin,1,7984,Yamunanagar__Jagadhri.pdf
Yamunanagar,Jagadhri,28,Jhinjron,Woman,NONE,1,Kusum Lata,Manoj Kumar,0,0,Women,latin,1,7984,Yamunanagar__Jagadhri.pdf
Yamunanagar,Jagadhri,29,Kail,Other than Woman,NONE,0,Charan Singh,Des Raj,0,0,Other Than Women,latin,1,7984,Yamunanagar__Jagadhri.pdf
Yamunanagar,Jagadhri,30,Kayampura,SC Other than Woman,SC,0,Raj Kumar,Ram Diya,0,0,Scheduled Caste Other Than Women,latin,1,7984,Yamunanagar__Jagadhri.pdf
Yamunanagar,Jagadhri,31,Kait,SC Other than Woman,SC,0,Lal Singh,Phool Chand,0,0,Scheduled Caste Other Than Women,latin,1,7984,Yamunanagar__Jagadhri.pdf
Yamunanagar,Jagadhri,32,Kalanour,SC Woman,SC,1,Bhagwanti,Vinod Kumar,0,0,Scheduled Caste Women,latin,1,7984,Yamunanagar__Jagadhri.pdf
Yamunanagar,Jagadhri,33,Karera Khurd-1,Woman,NONE,1,Meenu,Rajbir,0,0,Women,latin,1,7984,Yamunanagar__Jagadhri.pdf
Yamunanagar,Jagadhri,34,Karera Khurd-2,Other than Woman,NONE,0,Sanjeev Kumar,Somnath,0,0,Other Than Women,latin,1,7984,Yamunanagar__Jagadhri.pdf
Yamunanagar,Jagadhri,35,Kathwala,Woman,NONE,1,Seema Rani,Deepak Kumar,0,0,Women,latin,1,7984,Yamunanagar__Jagadhri.pdf
Yamunanagar,Jagadhri,36,Khajuri,SC Woman,SC,1,Kamlesh Rani,Agaya Ram,0,0,Scheduled Caste Women,latin,1,7984,Yamunanagar__Jagadhri.pdf
Yamunanagar,Jagadhri,37,Khundewala,SC Other than Woman,SC,0,Sukhdev Raj,Surja Ram,0,0,Scheduled Caste Other Than Women,latin,1,7984,Yamunanagar__Jagadhri.pdf
Yamunanagar,Jagadhri,38,Khurdi,Other than Woman,NONE,0,Ashok Kumar,Raghubir Singh,0,0,Other Than Women,latin,1,7984,Yamunanagar__Jagadhri.pdf
Yamunanagar,Jagadhri,39,Kunjal Jattan,Woman,NONE,1,Paramjot Kaur,Sanjeev Kumar,0,0,Women,latin,1,7984,Yamunanagar__Jagadhri.pdf
Yamunanagar,Jagadhri,40,Kunjal Kamboyan,Other than Woman,NONE,0,Hardeep Singh,Hira Singh,0,0,Other Than Women,latin,1,7984,Yamunanagar__Jagadhri.pdf
Yamunanagar,Jagadhri,41,Lapra,Woman,NONE,1,Ifsana Khatun,Ajij Khan,0,0,Women,latin,1,7984,Yamunanagar__Jagadhri.pdf
Yamunanagar,Jagadhri,42,Mahila Wali,Other than Woman,NONE,0,Dhram Pal,Ruliya Ram,0,0,Other Than Women,latin,1,7984,Yamunanagar__Jagadhri.pdf
Yamunanagar,Jagadhri,43,Mali Majra,BC-A Other than Woman,BC_A,0,Main Pal,Ind Raj Singh,0,0,Backward Class (A) Other Than Women,latin,1,7984,Yamunanagar__Jagadhri.pdf
Yamunanagar,Jagadhri,44,Mandoli,SC Other than Woman,SC,0,Amar Singh,Lal Chand,0,0,Scheduled Caste Other Than Women,latin,1,7984,Yamunanagar__Jagadhri.pdf
Yamunanagar,Jagadhri,45,Mandi,SC Woman,SC,1,Sapna Devi,Dalip Kumar,0,0,Scheduled Caste Women,latin,1,7984,Yamunanagar__Jagadhri.pdf
Yamunanagar,Jagadhri,46,Mahmodpur,Woman,NONE,1,Sahiba Begam,Ali Hasan,0,0,Women,latin,1,7984,Yamunanagar__Jagadhri.pdf
Yamunanagar,Jagadhri,47,Mukarampur,Woman,NONE,1,Shabnam,Javed,0,0,Women,latin,1,7984,Yamunanagar__Jagadhri.pdf
Yamunanagar,Jagadhri,48,Nagal,SC Woman,SC,1,Neeta Devi,Balvinder Singh,0,0,Scheduled Caste Women,latin,1,7984,Yamunanagar__Jagadhri.pdf
Yamunanagar,Jagadhri,49,Nagawa Jagir,BC-A Other than Woman,BC_A,0,Pawan Kumar,Mam Raj,0,0,Backward Class (A) Other Than Women,latin,1,7984,Yamunanagar__Jagadhri.pdf
Yamunanagar,Jagadhri,50,Nahar Pur,Woman,NONE,1,Ashma,Saddam Husain,0,0,Women,latin,1,7984,Yamunanagar__Jagadhri.pdf
Yamunanagar,Jagadhri,51,Naya Gaon,SC Other than Woman,SC,0,Amit Kumar,Kamer Singh,0,0,Scheduled Caste Other Than Women,latin,1,7984,Yamunanagar__Jagadhri.pdf
Yamunanagar,Jagadhri,52,Panjupur,Other than Woman,NONE,0,Ram Saran,Faggu Ram,0,0,Other Than Women,latin,1,7984,Yamunanagar__Jagadhri.pdf
Yamunanagar,Jagadhri,53,Rampur Majra,Woman,NONE,1,Shalu,Gaurav Kumar,0,0,Women,latin,1,7984,Yamunanagar__Jagadhri.pdf
Yamunanagar,Jagadhri,54,Rattan Garh,BC-A Other than Woman,BC_A,0,Sanjeev Kumar,Rameshwar Dass,0,0,Backward Class (A) Other Than Women,latin,1,7984,Yamunanagar__Jagadhri.pdf
Yamunanagar,Jagadhri,55,Road Chhapar,SC Woman,SC,1,Kirna Devi,Dharam Pal,0,0,Scheduled Caste Women,latin,1,7984,Yamunanagar__Jagadhri.pdf
Yamunanagar,Jagadhri,56,Rulha Kheri,SC Other than Woman,SC,0,Rinku Kumar,Bachna Ram,0,0,Scheduled Caste Other Than Women,latin,1,7984,Yamunanagar__Jagadhri.pdf
Yamunanagar,Jagadhri,57,Sabepur,Woman,NONE,1,Sapna Devi,Bankey Lal,0,0,Women,latin,1,7984,Yamunanagar__Jagadhri.pdf
Yamunanagar,Jagadhri,58,Sabhapur,SC Woman,SC,1,Rakhi Devi,Sandeep Kumar,0,0,Scheduled Caste Women,latin,1,7984,Yamunanagar__Jagadhri.pdf
Yamunanagar,Jagadhri,59,Sudhail,Other than Woman,NONE,0,Parveen Kumar,Fakir Chand,0,0,Other Than Women,latin,1,7984,Yamunanagar__Jagadhri.pdf
Yamunanagar,Jagadhri,60,Sudhal,Woman,NONE,1,Parveen Kaur,Sanjeev Kumar,0,0,Women,latin,1,7984,Yamunanagar__Jagadhri.pdf
Yamunanagar,Jagadhri,61,Sugh,Other than Woman,NONE,0,Tawab,Jamil Ahamad,0,0,Other Than Women,latin,1,7984,Yamunanagar__Jagadhri.pdf
Yamunanagar,Jagadhri,62,Sukhpura,SC Other than Woman,SC,0,Rajesh Kumar,Gyan Chand,0,0,Scheduled Caste Other Than Women,latin,1,7984,Yamunanagar__Jagadhri.pdf
Yamunanagar,Jagadhri,63,Tapu Kamalpur,Woman,NONE,1,Kavita,Rahul,0,0,Women,latin,1,7984,Yamunanagar__Jagadhri.pdf
Yamunanagar,Jagadhri,64,Tapu Majri,Other than Woman,NONE,0,Arun Kumar,Partap Singh,0,0,Other Than Women,latin,1,7984,Yamunanagar__Jagadhri.pdf
Yamunanagar,Jagadhri,65,Tigra,Woman,NONE,1,Poonam,Kamal Singh,0,0,Women,latin,1,7984,Yamunanagar__Jagadhri.pdf
Yamunanagar,Jagadhri,66,Tigri,Other than Woman,NONE,0,Sandeep Kumar,Charanjeet,0,0,Other Than Women,latin,1,7984,Yamunanagar__Jagadhri.pdf
Yamunanagar,Jagadhri,67,Todarpur,Woman,NONE,1,Sonam Khatoon,Shehzad Khan,0,0,Women,latin,1,7984,Yamunanagar__Jagadhri.pdf
Yamunanagar,Partap Nagar,1,Ariyanwala,Other than Woman,NONE,0,Sachin,Sh.Lilu Ram,0,0,Other than Women,latin,,,Yamunanagar__Partap-Nagar.pdf
Yamunanagar,Partap Nagar,2,Bagpat,Woman,NONE,1,Nusrat,Sh.Najim,0,0,Women,latin,1,,Yamunanagar__Partap-Nagar.pdf
Yamunanagar,Partap Nagar,3,Bahadurpur,Other than Woman,NONE,0,Parveen Kumar,Sh.Parmod Kumar,0,0,Other than Women,latin,1,,Yamunanagar__Partap-Nagar.pdf
Yamunanagar,Partap Nagar,4,Bakarwala,SC Other than Woman,SC,0,Yogesh Kumar,Sh.Jeet Ram,0,0,Scheduled Caste Other than Women,latin,1,,Yamunanagar__Partap-Nagar.pdf
Yamunanagar,Partap Nagar,5,Balle Majra,Woman,NONE,1,Minakshi,Sh.Munish Kumar,1,0,Women,latin,1,,Yamunanagar__Partap-Nagar.pdf
Yamunanagar,Partap Nagar,6,Baniyawala,Other than Woman,NONE,0,Rajat Kumar,Sh.Anil Kumar,0,0,Other than Women,latin,1,,Yamunanagar__Partap-Nagar.pdf
Yamunanagar,Partap Nagar,7,Begampur,Woman,NONE,1,Alka Devi,Sh.Randhir Singh,0,0,Women,latin,1,,Yamunanagar__Partap-Nagar.pdf
Yamunanagar,Partap Nagar,8,Behlolpur,Other than Woman,NONE,0,Abdul Rahman,Sh.Barkat Ali,0,0,Other than Women,latin,1,,Yamunanagar__Partap-Nagar.pdf
Yamunanagar,Partap Nagar,9,Bhangera,Woman,NONE,1,Meenu,Sh.Deepak,0,0,Women,latin,1,,Yamunanagar__Partap-Nagar.pdf
Yamunanagar,Partap Nagar,10,Bhangeri,Other than Woman,NONE,0,Masoom Ali,Sh.Jamshed,0,0,Other than Women,latin,1,,Yamunanagar__Partap-Nagar.pdf
Yamunanagar,Partap Nagar,11,Bhilpura-200,Woman,NONE,1,Savita Rani,Sh.Sachin Kumar,1,0,Women,latin,1,,Yamunanagar__Partap-Nagar.pdf
Yamunanagar,Partap Nagar,12,Bhilpura -76,Other than Woman,NONE,0,Main Pal,Sh.Jai Chand,1,0,Other than Women,latin,1,,Yamunanagar__Partap-Nagar.pdf
Yamunanagar,Partap Nagar,13,Bhud Kalan,Woman,NONE,1,Balesh Devi,Sh.Amit Kumar,0,0,Women,latin,1,,Yamunanagar__Partap-Nagar.pdf
Yamunanagar,Partap Nagar,14,Bhul Kheri,SC Woman,SC,1,Sapna Rani,Sh.Vikas Kumar,0,0,Scheduled Caste Women,latin,1,,Yamunanagar__Partap-Nagar.pdf
Yamunanagar,Partap Nagar,15,Bombepur,Other than Woman,NONE,0,Ayub Khan,Sh.Fateh Mohammad,0,0,Other than Women,latin,1,,Yamunanagar__Partap-Nagar.pdf
Yamunanagar,Partap Nagar,16,Chikan,Woman,NONE,1,Pooja Rani,Sh.Ram Kumar,1,0,Women,latin,1,,Yamunanagar__Partap-Nagar.pdf
Yamunanagar,Partap Nagar,17,Chuharpur Kalan,BC-A Other than Woman,BC_A,0,Gita Ram,Sh.Ram Diya,0,0,Backward Class 'A' Other than Women,latin,1,,Yamunanagar__Partap-Nagar.pdf
Yamunanagar,Partap Nagar,18,Darwa,Woman,NONE,1,Priyanka Devi,Sh.Rajiv Kumar,0,0,Women,latin,1,,Yamunanagar__Partap-Nagar.pdf
Yamunanagar,Partap Nagar,19,Dasoura,BC-A Other than Woman,BC_A,0,Suresh Pal,Sh.Atma Ram,0,0,Backward Class 'A' Other than Women,latin,1,,Yamunanagar__Partap-Nagar.pdf
Yamunanagar,Partap Nagar,20,Devdhar,Woman,NONE,1,Parveen Kumari,Sh.Soni Kumar,0,0,Women,latin,1,,Yamunanagar__Partap-Nagar.pdf
Yamunanagar,Partap Nagar,21,Gulabgarh,Other than Woman,NONE,0,Vijay Kumar,Sh.Tek Chand,0,0,Other than Women,latin,1,,Yamunanagar__Partap-Nagar.pdf
Yamunanagar,Partap Nagar,22,Hafizpur,Woman,NONE,1,Parmeena,Sh.Shamshad,0,0,Women,latin,1,,Yamunanagar__Partap-Nagar.pdf
Yamunanagar,Partap Nagar,23,Hathnikund,Other than Woman,NONE,0,Akram Khan,Sh.Mohammad Zameel,1,0,Other than Women,latin,1,,Yamunanagar__Partap-Nagar.pdf
Yamunanagar,Partap Nagar,24,Ismailpur,SC Other than Woman,SC,0,Anil Kumar,Sh.Balbir Singh,0,0,Scheduled Caste Other than Women,latin,1,,Yamunanagar__Partap-Nagar.pdf
Yamunanagar,Partap Nagar,25,Jaidhar,Woman,NONE,1,Shabana Azmi,Sh.Khalid,0,0,Women,latin,1,,Yamunanagar__Partap-Nagar.pdf
Yamunanagar,Partap Nagar,26,Jaidhari,Other than Woman,NONE,0,Main Pal,Sh.Pritam Singh,0,0,Other than Women,latin,1,,Yamunanagar__Partap-Nagar.pdf
Yamunanagar,Partap Nagar,27,Kalesar,SC Woman,SC,1,Salindero Devi,Sh.Gian Singh,0,0,Scheduled Caste Women,latin,1,,Yamunanagar__Partap-Nagar.pdf
Yamunanagar,Partap Nagar,28,Kansli,Woman,NONE,1,Sabiya,Sh.Yamin,0,0,Women,latin,1,,Yamunanagar__Partap-Nagar.pdf
Yamunanagar,Partap Nagar,29,Kanya Wala,Other than Woman,NONE,0,Rishu Sharma,Sh.Hira Lal,0,0,Other than Women,latin,1,,Yamunanagar__Partap-Nagar.pdf
Yamunanagar,Partap Nagar,30,Karkouli,SC Other than Woman,SC,0,Bihari Lal,Sh.Hansraj,0,0,Scheduled Caste Other than Women,latin,1,,Yamunanagar__Partap-Nagar.pdf
Yamunanagar,Partap Nagar,31,Khilan Wala,Woman,NONE,1,Rukhsaina,Sh.Aashik,0,0,Women,latin,1,,Yamunanagar__Partap-Nagar.pdf
Yamunanagar,Partap Nagar,32,Khizri,Other than Woman,NONE,0,Rakesh Kumar,Sh.Mohinder Singh,0,0,Other than Women,latin,1,,Yamunanagar__Partap-Nagar.pdf
Yamunanagar,Partap Nagar,33,Kishanpura,Woman,NONE,1,Bulbul,Sh.Sachin Walia,0,0,Women,latin,1,,Yamunanagar__Partap-Nagar.pdf
Yamunanagar,Partap Nagar,34,Lahoriwala,Other than Woman,NONE,0,Anil Kumar,Sh.Kripal Singh,0,0,Other than Women,latin,1,,Yamunanagar__Partap-Nagar.pdf
Yamunanagar,Partap Nagar,35,Lakar-Mai- Pratap Pur,BC-A Other than Woman,BC_A,0,Surender Kumar,Sh.Samay Singh,0,0,Backward Class 'A' Other than Women,latin,1,,Yamunanagar__Partap-Nagar.pdf
Yamunanagar,Partap Nagar,36,Lahsabad,Woman,NONE,1,Harkirat Kaur,Sh.Pawan Kumar,0,0,Women,latin,1,,Yamunanagar__Partap-Nagar.pdf
Yamunanagar,Partap Nagar,37,Malikpur Khader,Woman,NONE,1,Mosina,Sh.Ikram,0,0,Women,latin,1,,Yamunanagar__Partap-Nagar.pdf
Yamunanagar,Partap Nagar,38,Meghu Wala,Other than Woman,NONE,0,Tarseem,Sh.Shakil,0,0,Other than Women,latin,1,,Yamunanagar__Partap-Nagar.pdf
Yamunanagar,Partap Nagar,39,Muzafat Kalan,Woman,NONE,1,Sarita Sharma,Sh.Amit Sharma,0,0,Women,latin,1,,Yamunanagar__Partap-Nagar.pdf
Yamunanagar,Partap Nagar,40,Muzafat Khurd,Other than Woman,NONE,0,Israr Ali,Sh.Shakil,0,0,Other than Women,latin,1,,Yamunanagar__Partap-Nagar.pdf
Yamunanagar,Partap Nagar,41,Naggal Patti Milk,Woman,NONE,1,Masrufa,Sh.Mahboob,0,0,Women,latin,1,,Yamunanagar__Partap-Nagar.pdf
Yamunanagar,Partap Nagar,42,Nandgarh,Other than Woman,NONE,0,Rajesh Kumar,Sh.Mam Chand,0,0,Other than Women,latin,1,,Yamunanagar__Partap-Nagar.pdf
Yamunanagar,Partap Nagar,43,Nathanpur,SC Woman,SC,1,Sheetal,Sh.Abhishek,0,0,Scheduled Caste Women,latin,1,,Yamunanagar__Partap-Nagar.pdf
Yamunanagar,Partap Nagar,44,Niwajpur,Woman,NONE,1,Anuraj,Sh.Sanjeev Kumar,0,0,Women,latin,1,,Yamunanagar__Partap-Nagar.pdf
Yamunanagar,Partap Nagar,45,Pipli Majra,Woman,NONE,1,Nasrin,Sh.Yasin,0,0,Women,latin,1,,Yamunanagar__Partap-Nagar.pdf
Yamunanagar,Partap Nagar,46,Partap Nagar,Other than Woman,NONE,0,Tarun Walia,Sh.Kehar Singh,0,0,Other than Women,latin,1,,Yamunanagar__Partap-Nagar.pdf
Yamunanagar,Partap Nagar,47,Rampur Khadar,BC-A Other than Woman,BC_A,0,Raj Kumar,Sh.Chander Bhan,0,0,Backward Class 'A' Other than Women,latin,1,,Yamunanagar__Partap-Nagar.pdf
Yamunanagar,Partap Nagar,48,Shahjanpur,Woman,NONE,1,Manju Devi,Sh.Vikas Kumar,0,0,Women,latin,1,,Yamunanagar__Partap-Nagar.pdf
Yamunanagar,Partap Nagar,49,Shahzadwala,Other than Woman,NONE,0,Nirmal Singh,Sh.Pala Ram,0,0,Other than Women,latin,1,,Yamunanagar__Partap-Nagar.pdf
Yamunanagar,Partap Nagar,50,Tajewala,Woman,NONE,1,Alisha,Sh.Sohail Khan,0,0,Women,latin,1,,Yamunanagar__Partap-Nagar.pdf
Yamunanagar,Partap Nagar,51,Tihmo,Woman,NONE,1,Rajwant Kaur,Sh.Amardeep Singh,0,0,Women,latin,1,,Yamunanagar__Partap-Nagar.pdf
Yamunanagar,Partap Nagar,52,Tibbi Raiyan,SC Other than Woman,SC,0,Rajnesh Kumar,Sh.Raj Kumar,0,0,Scheduled Caste Other than Women,latin,1,,Yamunanagar__Partap-Nagar.pdf
Yamunanagar,Partap Nagar,53,Tibdiyon,Other than Woman,NONE,0,Farman,Sh.Saleem,0,0,Other than Women,latin,1,,Yamunanagar__Partap-Nagar.pdf
Yamunanagar,Partap Nagar,54,Yakubpur,SC Woman,SC,1,Neelam Kumari,Sh.Ram Kumar,1,0,Scheduled Caste Women,latin,1,,Yamunanagar__Partap-Nagar.pdf
Yamunanagar,Radaur,1,Alahar,Other than Woman,NONE,0,Rajat Kamboj,Naveen Chander,0,0,Other Than Women,latin,1,7993,Yamunanagar__Radaur.pdf
Yamunanagar,Radaur,2,Alipura,Woman,NONE,1,Rajnish,Munish Kumar,0,0,Women,latin,1,7993,Yamunanagar__Radaur.pdf
Yamunanagar,Radaur,3,Amloha,Other than Woman,NONE,0,Rajesh Kumar,Nar Singh,0,0,Other Than Women,latin,1,7993,Yamunanagar__Radaur.pdf
Yamunanagar,Radaur,4,Antawa,Woman,NONE,1,Reena Kumari,Kesar Singh,0,0,Women,latin,1,7993,Yamunanagar__Radaur.pdf
Yamunanagar,Radaur,5,Baindi,Other than Woman,NONE,0,Balwan Singh,Ranjeet Singh,0,0,Other Than Women,latin,1,7993,Yamunanagar__Radaur.pdf
Yamunanagar,Radaur,6,Bakana,Woman,NONE,1,Parmod Kumari,Anup Kumar,0,0,Women,latin,1,7993,Yamunanagar__Radaur.pdf
Yamunanagar,Radaur,7,Bapa,SC Other than Woman,SC,0,Parmjeet Singh,Nishan Singh,0,0,Scheduled Cast Other Than Women,latin,1,7993,Yamunanagar__Radaur.pdf
Yamunanagar,Radaur,8,Bapoli,Other than Woman,NONE,0,Rohit Sharma,Raj Pal,0,0,Other Than Women,latin,1,7993,Yamunanagar__Radaur.pdf
Yamunanagar,Radaur,9,Barheri,Woman,NONE,1,Neelam Rani,Sunil Kumar,0,0,Women,latin,1,7993,Yamunanagar__Radaur.pdf
Yamunanagar,Radaur,10,Barsan,SC Woman,SC,1,Balbinder,Kuldeep Singh,0,0,Scheduled Cast Women,latin,1,7993,Yamunanagar__Radaur.pdf
Yamunanagar,Radaur,11,Basantpura,Other than Woman,NONE,0,Shiv Kumar,Om Parkash,0,0,Other Than Women,latin,1,7993,Yamunanagar__Radaur.pdf
Yamunanagar,Radaur,12,Bhagu Majra,Woman,NONE,1,Kamlesh Rani,Jasvinder Kumar,0,0,Women,latin,1,7993,Yamunanagar__Radaur.pdf
Yamunanagar,Radaur,13,Bhagwangarh,SC Other than Woman,SC,0,Ranjeet Singh,Ganga Ram,1,0,Scheduled Cast Other Than Women,latin,1,7993,Yamunanagar__Radaur.pdf
Yamunanagar,Radaur,14,Bubka,SC Woman,SC,1,Suresh Devi,Chote Lal,0,0,Scheduled Cast Women,latin,1,7993,Yamunanagar__Radaur.pdf
Yamunanagar,Radaur,15,Chamrori,BC-A Other than Woman,BC_A,0,Chanda Singh,Chhanga Ram,1,0,Backward Class 'A' Other Than Women,latin,1,7993,Yamunanagar__Radaur.pdf
Yamunanagar,Radaur,16,Chhari,SC Other than Woman,SC,0,Pawan Kumar,Mehar Chand,0,0,Scheduled Cast Other Than Women,latin,1,7993,Yamunanagar__Radaur.pdf
Yamunanagar,Radaur,17,Daulat Pur,Woman,NONE,1,Ravinder Kaur,Kuldeep Singh,0,0,Women,latin,1,7993,Yamunanagar__Radaur.pdf
Yamunanagar,Radaur,18,Dhanupura,SC Woman,SC,1,Pinki,Sachin Kumar,0,0,Scheduled Cast Women,latin,1,7993,Yamunanagar__Radaur.pdf
Yamunanagar,Radaur,19,Dholi,Other than Woman,NONE,0,Rajneesh,Om Parkash,0,0,Other Than Women,latin,1,7993,Yamunanagar__Radaur.pdf
Yamunanagar,Radaur,20,Dholra,SC Other than Woman,SC,0,Satish Kumar,Ram Singh,0,0,Scheduled Cast Other Than Women,latin,1,7993,Yamunanagar__Radaur.pdf
Yamunanagar,Radaur,21,Fateh Garh,Woman,NONE,1,Neelam Devi,Ravi Kant,1,0,Women,latin,1,7993,Yamunanagar__Radaur.pdf
Yamunanagar,Radaur,22,Gheshpur,SC Woman,SC,1,Krishna Devi,Ramesh Chand,0,0,Scheduled Cast Women,latin,1,7993,Yamunanagar__Radaur.pdf
Yamunanagar,Radaur,23,Ghillour,SC Other than Woman,SC,0,Satish Kumar,Mukund Lal,0,0,Scheduled Cast Other Than Women,latin,1,7993,Yamunanagar__Radaur.pdf
Yamunanagar,Radaur,24,Gumthala,Other than Woman,NONE,0,Parveen Kumar,Bhangi Ram,0,0,Other Than Women,latin,1,7993,Yamunanagar__Radaur.pdf
Yamunanagar,Radaur,25,Hartan,Woman,NONE,1,Rajbir Kaur,Shamsher Singh,0,0,Women,latin,1,7993,Yamunanagar__Radaur.pdf
Yamunanagar,Radaur,26,Hiran Chappar,Other than Woman,NONE,0,Joni Kumar,Mahinder Singh,0,0,Other Than Women,latin,1,7993,Yamunanagar__Radaur.pdf
Yamunanagar,Radaur,27,Ismailpur,SC Woman,SC,1,Sweety Rani,Rajender Singh,0,0,Scheduled Cast Women,latin,1,7993,Yamunanagar__Radaur.pdf
Yamunanagar,Radaur,28,Jathlana,Woman,NONE,1,Kailasho Devi,Veer Singh,0,0,Women,latin,1,7993,Yamunanagar__Radaur.pdf
Yamunanagar,Radaur,29,Jhaguri,Other than Woman,NONE,0,Chatar Pal,Mewa Singh,0,0,Other Than Women,latin,1,7993,Yamunanagar__Radaur.pdf
Yamunanagar,Radaur,30,Jhinverheri,Woman,NONE,1,Nisha,Rahul,0,0,Women,latin,1,7993,Yamunanagar__Radaur.pdf
Yamunanagar,Radaur,31,Jubbal,SC Other than Woman,SC,0,Mukesh Kumar,Prithvi Raj,0,0,Scheduled Cast Other Than Women,latin,1,7993,Yamunanagar__Radaur.pdf
Yamunanagar,Radaur,32,Kandroli,Other than Woman,NONE,0,Mange Ram,Man Singh,0,0,Other Than Women,latin,1,7993,Yamunanagar__Radaur.pdf
Yamunanagar,Radaur,33,Kanjnu,Woman,NONE,1,Rimpy,Sachin Kamboj,0,0,Women,latin,1,7993,Yamunanagar__Radaur.pdf
Yamunanagar,Radaur,34,M.T.Karera,SC Woman,SC,1,Pooja Rani,Ravinder Kumar,0,0,Scheduled Cast Women,latin,1,7993,Yamunanagar__Radaur.pdf
Yamunanagar,Radaur,35,Kartarpur,Other than Woman,NONE,0,Amarpal Kaushik,Soran Lal,0,0,Other Than Women,latin,1,7993,Yamunanagar__Radaur.pdf
Yamunanagar,Radaur,36,Khajuri,SC Other than Woman,SC,0,Sanjeev Kumar,Darshan Lal,0,0,Scheduled Cast Other Than Women,latin,1,7993,Yamunanagar__Radaur.pdf
Yamunanagar,Radaur,37,Kheri Lakha Singh,SC Woman,SC,1,Anita Rani,Nar Singh,0,0,Scheduled Cast Women,latin,1,7993,Yamunanagar__Radaur.pdf
Yamunanagar,Radaur,38,Kherki Brahmnan,Woman,NONE,1,Kulvinder Kaur,Parmjeet Singh,0,0,Women,latin,1,7993,Yamunanagar__Radaur.pdf
Yamunanagar,Radaur,39,Khurdban,Other than Woman,NONE,0,Subhash,Inder Raj,0,0,Other Than Women,latin,1,7993,Yamunanagar__Radaur.pdf
Yamunanagar,Radaur,40,Lakshi Bans,BC-A Woman,BC_A,1,Uma Rani,Dinesh Kumar,0,0,Backward Class 'A' Women,latin,1,7993,Yamunanagar__Radaur.pdf
Yamunanagar,Radaur,41,Lal Chappar,Other than Woman,NONE,0,Akash,Virender Singh,0,0,Other Than Women,latin,1,7993,Yamunanagar__Radaur.pdf
Yamunanagar,Radaur,42,Madhu Bans,SC Other than Woman,SC,0,Vinod Kumar,Nanu Ram,0,0,Scheduled Cast Other Than Women,latin,1,7993,Yamunanagar__Radaur.pdf
Yamunanagar,Radaur,43,Mandhar,BC-A Woman,BC_A,1,Preeti Kamboj,Parvesh Kumar,0,0,Backward Class 'A' Women,latin,1,7993,Yamunanagar__Radaur.pdf
Yamunanagar,Radaur,44,Mansoor Pur,Other than Woman,NONE,0,Neeraj Malik,Gaje Singh,0,0,Other Than Women,latin,1,7993,Yamunanagar__Radaur.pdf
Yamunanagar,Radaur,45,Marupur,BC-A Woman,BC_A,1,Sonia Devi,Vikas Kumar,0,0,Backward Class 'A' Women,latin,1,7993,Yamunanagar__Radaur.pdf
Yamunanagar,Radaur,46,Masana Rangran,Other than Woman,NONE,0,Deep Kumar,Salag Ram,0,0,Other Than Women,latin,1,7993,Yamunanagar__Radaur.pdf
Yamunanagar,Radaur,47,Mohri,Woman,NONE,1,Mamta Devi,Satish Kumar,0,0,Women,latin,1,7993,Yamunanagar__Radaur.pdf
Yamunanagar,Radaur,48,Nachron,SC Woman,SC,1,Rajwinder Kaur,Ricka Ram,0,0,Scheduled Cast Women,latin,1,7993,Yamunanagar__Radaur.pdf
Yamunanagar,Radaur,49,Nagal,Other than Woman,NONE,0,Vijay Kumar,Mam Chand,0,0,Other Than Women,latin,1,7993,Yamunanagar__Radaur.pdf
Yamunanagar,Radaur,50,Nagla Sadhan,Woman,NONE,1,Savita Devi,Gurmej Singh,0,0,Women,latin,1,7993,Yamunanagar__Radaur.pdf
Yamunanagar,Radaur,51,Palaka,Other than Woman,NONE,0,Balbir Singh,Jeet Singh,0,0,Other Than Women,latin,1,7993,Yamunanagar__Radaur.pdf
Yamunanagar,Radaur,52,Palewala,SC Other than Woman,SC,0,Sukhbir,Sher Singh,0,0,Scheduled Cast Other Than Women,latin,1,7993,Yamunanagar__Radaur.pdf
Yamunanagar,Radaur,53,Passidera,SC Woman,SC,1,Bharti,Anil Kumar,0,0,Scheduled Cast Women,latin,1,7993,Yamunanagar__Radaur.pdf
Yamunanagar,Radaur,54,Potli,SC Other than Woman,SC,0,Gorav,Baljeet,0,0,Scheduled Cast Other Than Women,latin,1,7993,Yamunanagar__Radaur.pdf
Yamunanagar,Radaur,55,Purangarh,Woman,NONE,1,Seema Devi,Karamveer,0,0,Women,latin,1,7993,Yamunanagar__Radaur.pdf
Yamunanagar,Radaur,56,Radauri,Other than Woman,NONE,0,Udham Singh,Raj Kumar,0,0,Other Than Women,latin,1,7993,Yamunanagar__Radaur.pdf
Yamunanagar,Radaur,57,Rajheri,SC Woman,SC,1,Monika,Sanjeev Kumar,0,0,Scheduled Cast Women,latin,1,7993,Yamunanagar__Radaur.pdf
Yamunanagar,Radaur,58,Rapri,SC Other than Woman,SC,0,Kuldeep,Shish Pal,0,0,Scheduled Cast Other Than Women,latin,1,7993,Yamunanagar__Radaur.pdf
Yamunanagar,Radaur,59,Rattan Garh,Woman,NONE,1,Manju Bala,Sunil Kumar,0,0,Women,latin,1,7993,Yamunanagar__Radaur.pdf
Yamunanagar,Radaur,60,Sadhura,Other than Woman,NONE,0,Jaswinder Singh,Rajpal,0,0,Other Than Women,latin,1,7993,Yamunanagar__Radaur.pdf
Yamunanagar,Radaur,61,Sagri,Woman,NONE,1,Khushboo Tiwari,Rajesh,0,0,Women,latin,1,7993,Yamunanagar__Radaur.pdf
Yamunanagar,Radaur,62,Sandhala,BC-A Other than Woman,BC_A,0,Satish,Babu Ram,0,0,Backward Class 'A' Other Than Women,latin,1,7993,Yamunanagar__Radaur.pdf
Yamunanagar,Radaur,63,Sandhali,Woman,NONE,1,Vijay Luxmi,Sanjay Kumar,0,0,Women,latin,1,7993,Yamunanagar__Radaur.pdf
Yamunanagar,Radaur,64,Sangipur,Other than Woman,NONE,0,Naib Singh,Surjan Singh,0,0,Other Than Women,latin,1,7993,Yamunanagar__Radaur.pdf
Yamunanagar,Radaur,65,Satgoli,Woman,NONE,1,Rajpal Kaur,Fariyad Malhi,0,0,Women,latin,1,7993,Yamunanagar__Radaur.pdf
Yamunanagar,Radaur,66,Sikandra,Other than Woman,NONE,0,Rajender Kumar,Narata Ram,1,0,Other Than Women,latin,0,7993,Yamunanagar__Radaur.pdf
Yamunanagar,Radaur,67,Silli Kalan,BC-A Woman,BC_A,1,Meenu Rani,Arun Kumar,0,0,Backward Class 'A' Women,latin,,7993,Yamunanagar__Radaur.pdf
Yamunanagar,Radaur,68,Silli Khurd,Other than Woman,NONE,0,Narender Kumar,Satpal,1,0,Other Than Women,latin,1,7993,Yamunanagar__Radaur.pdf
Yamunanagar,Radaur,69,Thaska Khader,Woman,NONE,1,Maya Devi,Subhash Chand,0,0,Women,latin,1,7993,Yamunanagar__Radaur.pdf
Yamunanagar,Radaur,70,Topra Kalan,Other than Woman,NONE,0,Balram Singh,Tara Chand,0,0,Other Than Women,latin,1,7993,Yamunanagar__Radaur.pdf
Yamunanagar,Radaur,71,Unheri,Woman,NONE,1,Parul Pundir,Mohit Rana,0,0,Women,latin,1,7993,Yamunanagar__Radaur.pdf
Yamunanagar,Sadaura,1,Asgarpur,Other than Woman,NONE,0,J,aspal,0,0,Other than Women,latin,1,8029,Yamunanagar__Sadaura.pdf
Yamunanagar,Sadaura,2,Bakala,SC Other than Woman,SC,0,Ravinder Kumar,Sh. Sudes,0,0,Scheduled Cast e Other than Women,latin,0,8029,Yamunanagar__Sadaura.pdf
Yamunanagar,Sadaura,3,Bholiwala,Woman,NONE,1,,Shashi Bala,1,1,Women,latin,1,8029,Yamunanagar__Sadaura.pdf
Yamunanagar,Sadaura,4,J Burj,Other than Woman,NONE,0,Naib,Sh. Fazla,0,0,Sarpanch Other than Women Other than Women,latin,0,8029,Yamunanagar__Sadaura.pdf
Yamunanagar,Sadaura,5,Fazal Pur,Woman,NONE,1,Sharmeena,Sh. Sazid Ali,0,0,Women,latin,1,8029,Yamunanagar__Sadaura.pdf
Yamunanagar,Sadaura,6,Firoj Pu r Raiyan,Other than Woman,NONE,0,Karnail Singh,Sh. Atma Ram,0,0,Other than Women,latin,1,8029,Yamunanagar__Sadaura.pdf
Yamunanagar,Sadaura,7,Galouri,Woman,NONE,1,Geeta Devi,Sh. Baby Kumar,0,0,Women,latin,1,8029,Yamunanagar__Sadaura.pdf
Yamunanagar,Sadaura,8,Haveli,BC-A Other than Woman,BC_A,0,Ranjit Singh,Sh. Mela Singh,0,0,Backward Class 'A ' Other than Women,latin,1,8029,Yamunanagar__Sadaura.pdf
Yamunanagar,Sadaura,9,Islam Nagar slam Nagar,SC Woman,SC,1,Nancy Rani,Sh. Charan Dass,0,0,Sarpanch Scheduled Caste Women,latin,1,8029,Yamunanagar__Sadaura.pdf
Yamunanagar,Sadaura,10,Ismailpur,SC Other than Woman,SC,0,Khareti Lal,Sh. Nathi Ram,0,0,Scheduled Cast e Other than Women,latin,1,8029,Yamunanagar__Sadaura.pdf
Yamunanagar,Sadaura,11,Jaffarpur Jafri,Woman,NONE,1,Shyama Devi,Sh. Jaswinde,0,0,Women Women,latin,1,8029,Yamunanagar__Sadaura.pdf
Yamunanagar,Sadaura,12,2 Jhanda handa,Other than Woman,NONE,0,Pawan Kumar,Sh. Malkha,0,0,Sarpanch Other than Women Other than Women,latin,1,8029,Yamunanagar__Sadaura.pdf
Yamunanagar,Sadaura,13,Kalyanpur Antari,Woman,NONE,1,Ikrana,Sh. Julfan,0,0,Women,latin,1,8029,Yamunanagar__Sadaura.pdf
Yamunanagar,Saraswati Nagar,1,Akalgarh ka Majra,SC Other than Woman,SC,0,Vikram Singh,Raghubir Singh,0,0,Scheduled Caste Other than Women,latin,1,8020,Yamunanagar__Saraswati-Nagar.pdf
Yamunanagar,Saraswati Nagar,2,Akbarpur,Other than Woman,NONE,0,Aman Kumar,Ajmer Singh,1,0,Other Than Women,latin,1,8020,Yamunanagar__Saraswati-Nagar.pdf
Yamunanagar,Saraswati Nagar,3,Ambli,SC Woman,SC,1,Balwinder Kaur,Parveen Kumar,0,0,Scheduled Caste Women,latin,1,8020,Yamunanagar__Saraswati-Nagar.pdf
Yamunanagar,Saraswati Nagar,4,Badanpuri,SC Other than Woman,SC,0,Sanjeev Kumar,Banta Ram,0,0,Scheduled Caste Other than Women,latin,1,8020,Yamunanagar__Saraswati-Nagar.pdf
Yamunanagar,Saraswati Nagar,5,Bal Chhapar,SC Woman,SC,1,Parwinder Kaur,Gulshan Kumar,0,0,Scheduled Caste Women,latin,1,8020,Yamunanagar__Saraswati-Nagar.pdf
Yamunanagar,Saraswati Nagar,6,Bhagwanpur,SC Other than Woman,SC,0,Amar Nath,Kharaiti Lal,0,0,Scheduled Caste Other than Women,latin,1,8020,Yamunanagar__Saraswati-Nagar.pdf
Yamunanagar,Saraswati Nagar,7,Bhambol,SC Woman,SC,1,Kamlesh Rani,Poojan Kumar,0,0,Scheduled Caste Women,latin,1,8020,Yamunanagar__Saraswati-Nagar.pdf
Yamunanagar,Saraswati Nagar,8,Bhamboli,Woman,NONE,1,Sudha Rani,Manoj Kumar,0,0,Women,latin,1,8020,Yamunanagar__Saraswati-Nagar.pdf
Yamunanagar,Saraswati Nagar,9,Bhogpur,Other than Woman,NONE,0,Davinder Singh,Dalbir Singh,0,0,Other Than Women,latin,1,8020,Yamunanagar__Saraswati-Nagar.pdf
Yamunanagar,Saraswati Nagar,10,Bhure ka Majra,Woman,NONE,1,Rekha,Kuldeep Singh,0,0,Women,latin,1,8020,Yamunanagar__Saraswati-Nagar.pdf
Yamunanagar,Saraswati Nagar,11,Bir Balsuha,SC Other than Woman,SC,0,Amit Kumar,Jagmal Singh,0,0,Scheduled Caste Other than Women,latin,1,8020,Yamunanagar__Saraswati-Nagar.pdf
Yamunanagar,Saraswati Nagar,12,Chhapar,BC-A Other than Woman,BC_A,0,Sunil Dutt,Somnath,0,0,Backward Class 'A' Other than Women,latin,1,8020,Yamunanagar__Saraswati-Nagar.pdf
Yamunanagar,Saraswati Nagar,13,Darajpur,Woman,NONE,1,Meena Devi,Kailash Chand,0,0,Women,latin,1,8020,Yamunanagar__Saraswati-Nagar.pdf
Yamunanagar,Saraswati Nagar,14,Daulatpur Maliyan,SC Woman,SC,1,Pinki Rani,Jai Bhagwan,0,0,Scheduled Caste Women,latin,1,8020,Yamunanagar__Saraswati-Nagar.pdf
Yamunanagar,Saraswati Nagar,15,Faridpur,SC Other than Woman,SC,0,Karan Singh,Mehar Chand,0,0,Scheduled Caste Other than Women,latin,1,8020,Yamunanagar__Saraswati-Nagar.pdf
Yamunanagar,Saraswati Nagar,16,Fatehpur,Other than Woman,NONE,0,Amrik Singh,Mam Raj,0,0,Other Than Women,latin,1,8020,Yamunanagar__Saraswati-Nagar.pdf
Yamunanagar,Saraswati Nagar,17,Gadhola,SC Woman,SC,1,Deeksha Rani,Anil Kumar,0,0,Scheduled Caste Women,latin,1,8020,Yamunanagar__Saraswati-Nagar.pdf
Yamunanagar,Saraswati Nagar,18,Gadholi,SC Other than Woman,SC,0,Dilbag Singh,Om Parkash,0,0,Scheduled Caste Other than Women,latin,1,8020,Yamunanagar__Saraswati-Nagar.pdf
Yamunanagar,Saraswati Nagar,19,Gandapura,Woman,NONE,1,Reena Devi,Harbans Kumar,0,0,Women,latin,1,8020,Yamunanagar__Saraswati-Nagar.pdf
Yamunanagar,Saraswati Nagar,20,Garhi Gossai,SC Woman,SC,1,Nirmla,Narinder Kumar,0,0,Scheduled Caste Women,latin,1,8020,Yamunanagar__Saraswati-Nagar.pdf
Yamunanagar,Saraswati Nagar,21,Garhi Sikendra,Other than Woman,NONE,0,Vikash,Raj Kumar,0,0,Other Than Women,latin,1,8020,Yamunanagar__Saraswati-Nagar.pdf
Yamunanagar,Saraswati Nagar,22,Golni,SC Other than Woman,SC,0,Amit Kumar,Mehar Chand,0,0,Scheduled Caste Other than Women,latin,1,8020,Yamunanagar__Saraswati-Nagar.pdf
Yamunanagar,Saraswati Nagar,23,Guglon,SC Woman,SC,1,Sunita Rani,Shiv Kumar,0,0,Scheduled Caste Women,latin,1,8020,Yamunanagar__Saraswati-Nagar.pdf
Yamunanagar,Saraswati Nagar,24,Gundiyana,SC Other than Woman,SC,0,Salinder Kumar,Bachana Ram,0,0,Scheduled Caste Other than Women,latin,1,8020,Yamunanagar__Saraswati-Nagar.pdf
Yamunanagar,Saraswati Nagar,25,Gundiyani,BC-A Woman,BC_A,1,Vacant,,0,1,Backward Class 'A' Women,latin,1,8020,Yamunanagar__Saraswati-Nagar.pdf
Yamunanagar,Saraswati Nagar,26,Hangoli,Other than Woman,NONE,0,Rajiv Kumar,Mangat Ram,0,0,Other Than Women,latin,1,8020,Yamunanagar__Saraswati-Nagar.pdf
Yamunanagar,Saraswati Nagar,27,Hasanpur,SC Woman,SC,1,Sangeeta Devi,Parveen Kumar,0,0,Scheduled Caste Women,latin,1,8020,Yamunanagar__Saraswati-Nagar.pdf
Yamunanagar,Saraswati Nagar,28,Hudia,SC Other than Woman,SC,0,Sunny,Kharaiti Lal,0,0,Scheduled Caste Other than Women,latin,1,8020,Yamunanagar__Saraswati-Nagar.pdf
Yamunanagar,Saraswati Nagar,29,Jagdholi,Woman,NONE,1,Renu,Randeep Singh,0,0,Women,latin,1,8020,Yamunanagar__Saraswati-Nagar.pdf
Yamunanagar,Saraswati Nagar,30,Jamalpur,SC Woman,SC,1,Pardeep Kaur,Balvinder Singh,0,0,Scheduled Caste Women,latin,1,8020,Yamunanagar__Saraswati-Nagar.pdf
Yamunanagar,Saraswati Nagar,31,Janak Ka Majra,SC Other than Woman,SC,0,Lalit,Satpal,1,0,Scheduled Caste Other than Women,latin,1,8020,Yamunanagar__Saraswati-Nagar.pdf
Yamunanagar,Saraswati Nagar,32,Jhar Chandana,SC Woman,SC,1,Paramjeet Kaur,Surender Kumar,0,0,Scheduled Caste Women,latin,1,8020,Yamunanagar__Saraswati-Nagar.pdf
Yamunanagar,Saraswati Nagar,33,Kabulpur,Other than Woman,NONE,0,Satpal Singh,Rajinder Singh,0,0,Other Than Women,latin,1,8020,Yamunanagar__Saraswati-Nagar.pdf
Yamunanagar,Saraswati Nagar,34,Kalanpur,SC Other than Woman,SC,0,Suresh Pal,Surap Chand,0,0,Scheduled Caste Other than Women,latin,1,8020,Yamunanagar__Saraswati-Nagar.pdf
Yamunanagar,Saraswati Nagar,35,Kalawar,BC-A Woman,BC_A,1,Monika Devi,Ashok Kumar,0,0,Backward Class 'A' Women,latin,1,8020,Yamunanagar__Saraswati-Nagar.pdf
Yamunanagar,Saraswati Nagar,36,Kanheri Kalan,Other than Woman,NONE,0,Jasbir Singh,Randip Singh,0,0,Other Than Women,latin,1,8020,Yamunanagar__Saraswati-Nagar.pdf
Yamunanagar,Saraswati Nagar,37,Kanheri Khurd,Woman,NONE,1,Anju Bala,Ravi Kumar,0,0,Women,latin,1,8020,Yamunanagar__Saraswati-Nagar.pdf
Yamunanagar,Saraswati Nagar,38,Kazi Bans,BC-A Other than Woman,BC_A,0,Dev Kant,Ram Parkash,0,0,Backward Class 'A' Other than Women,latin,1,8020,Yamunanagar__Saraswati-Nagar.pdf
Yamunanagar,Saraswati Nagar,39,Khanpur,SC Woman,SC,1,Kavita Devi,Rajbir Singh,0,0,Scheduled Caste Women,latin,1,8020,Yamunanagar__Saraswati-Nagar.pdf
Yamunanagar,Saraswati Nagar,40,Khanpur Rajputan,Woman,NONE,1,Manpreet Kaur,Rahul Saini,0,0,Women,latin,1,8020,Yamunanagar__Saraswati-Nagar.pdf
Yamunanagar,Saraswati Nagar,41,Khera Kalan,Other than Woman,NONE,0,Ranbir Singh,Om Parkash,0,0,Other Than Women,latin,1,8020,Yamunanagar__Saraswati-Nagar.pdf
Yamunanagar,Saraswati Nagar,42,Khera Khurd,Woman,NONE,1,Jagpreet Kaur,Malkit Singh,0,0,Women,latin,1,8020,Yamunanagar__Saraswati-Nagar.pdf
Yamunanagar,Saraswati Nagar,43,Kheri Darshan Singh,SC Other than Woman,SC,0,Jasvinder Singh,Hukam Chand,0,0,Scheduled Caste Other than Women,latin,1,8020,Yamunanagar__Saraswati-Nagar.pdf
Yamunanagar,Saraswati Nagar,44,Koolpur,Other than Woman,NONE,0,Gurmeet Singh,Harminder Singh,1,0,Other Than Women,latin,1,8020,Yamunanagar__Saraswati-Nagar.pdf
Yamunanagar,Saraswati Nagar,45,Kotar Khana,SC Woman,SC,1,Pooja Rani,Kuldeep Kumar,0,0,Scheduled Caste Women,latin,1,8020,Yamunanagar__Saraswati-Nagar.pdf
Yamunanagar,Saraswati Nagar,46,Kul Chandu,Woman,NONE,1,Sonia,Gulab Singh,0,0,Women,latin,1,8020,Yamunanagar__Saraswati-Nagar.pdf
Yamunanagar,Saraswati Nagar,47,Landora,BC-A Other than Woman,BC_A,0,Furkan Ali,Zahur Hassan,0,0,Backward Class 'A' Other than Women,latin,1,8020,Yamunanagar__Saraswati-Nagar.pdf
Yamunanagar,Saraswati Nagar,48,Lawana,Woman,NONE,1,Kusum Lata,Rajeev Kumar,0,0,Women,latin,1,8020,Yamunanagar__Saraswati-Nagar.pdf
Yamunanagar,Saraswati Nagar,49,Lawani,SC Other than Woman,SC,0,Raghubir Singh,Jairam,0,0,Scheduled Caste Other than Women,latin,1,8020,Yamunanagar__Saraswati-Nagar.pdf
Yamunanagar,Saraswati Nagar,50,Magarpur,SC Woman,SC,1,Rajni,Narinder Kumar,0,0,Scheduled Caste Women,latin,1,8020,Yamunanagar__Saraswati-Nagar.pdf
Yamunanagar,Saraswati Nagar,51,Maheshwari,Other than Woman,NONE,0,Hans Raj,Kishna Ram,1,0,Other Than Women,latin,1,8020,Yamunanagar__Saraswati-Nagar.pdf
Yamunanagar,Saraswati Nagar,52,Mali Majra,SC Other than Woman,SC,0,Rajbir,Gyan Chand,0,0,Scheduled Caste Other than Women,latin,1,8020,Yamunanagar__Saraswati-Nagar.pdf
Yamunanagar,Saraswati Nagar,53,Mansoorpur,Woman,NONE,1,Raina Devi,Gurdev Singh,1,0,Women,latin,1,8020,Yamunanagar__Saraswati-Nagar.pdf
Yamunanagar,Saraswati Nagar,54,Massana Jattan,Other than Woman,NONE,0,Pardeep Kumar,Sheo Ram,0,0,Other Than Women,latin,1,8020,Yamunanagar__Saraswati-Nagar.pdf
Yamunanagar,Saraswati Nagar,55,Mehmadpur,Woman,NONE,1,Parveen Kaur,Suba Ram,0,0,Women,latin,1,8020,Yamunanagar__Saraswati-Nagar.pdf
Yamunanagar,Saraswati Nagar,56,Nagla Jagir,Other than Woman,NONE,0,Nagpal Narwal,Kuldeep Singh,0,0,Other Than Women,latin,1,8020,Yamunanagar__Saraswati-Nagar.pdf
Yamunanagar,Saraswati Nagar,57,Nagla Khalsa,Woman,NONE,1,Rajwinder Kaur,Balvinder Singh,0,0,Women,latin,1,8020,Yamunanagar__Saraswati-Nagar.pdf
Yamunanagar,Saraswati Nagar,58,Namdarpur,Other than Woman,NONE,0,Ravinder Pal Singh,Ragubir Singh,0,0,Other Than Women,latin,1,8020,Yamunanagar__Saraswati-Nagar.pdf
Yamunanagar,Saraswati Nagar,59,Pinjori,Woman,NONE,1,Sarabjit Kaur,Diljit Singh,0,0,Women,latin,1,8020,Yamunanagar__Saraswati-Nagar.pdf
Yamunanagar,Saraswati Nagar,60,Pinjora,Other than Woman,NONE,0,Jasbir,Sawan Ram,0,0,Other Than Women,latin,1,8020,Yamunanagar__Saraswati-Nagar.pdf
Yamunanagar,Saraswati Nagar,61,Rajpura,Woman,NONE,1,Paramjit Kaur,Balvinder Pal Singh,1,0,Women,latin,1,8020,Yamunanagar__Saraswati-Nagar.pdf
Yamunanagar,Saraswati Nagar,62,Ramgarh,SC Woman,SC,1,Neha Rani,Sandeep Kumar,0,0,Scheduled Caste Women,latin,1,8020,Yamunanagar__Saraswati-Nagar.pdf
Yamunanagar,Saraswati Nagar,63,Rapoli,Other than Woman,NONE,0,Kabul Singh,Puran Singh,0,0,Other Than Women,latin,1,8020,Yamunanagar__Saraswati-Nagar.pdf
Yamunanagar,Saraswati Nagar,64,Sabalpur,Woman,NONE,1,Pooja Rani,Vishal Saini,0,0,Women,latin,1,8020,Yamunanagar__Saraswati-Nagar.pdf
Yamunanagar,Saraswati Nagar,65,Sabilpur Jattan,Other than Woman,NONE,0,Ram Kumar,Jaswinder Pal,0,0,Other Than Women,latin,1,8020,Yamunanagar__Saraswati-Nagar.pdf
Yamunanagar,Saraswati Nagar,66,Sahabpura,SC Other than Woman,SC,0,Vinod Kumar,Roshan Lal,0,0,Scheduled Caste Other than Women,latin,1,8020,Yamunanagar__Saraswati-Nagar.pdf
Yamunanagar,Saraswati Nagar,67,Saran,Woman,NONE,1,Madhu Bala,Naresh Kumar,0,0,Women,latin,1,8020,Yamunanagar__Saraswati-Nagar.pdf
Yamunanagar,Saraswati Nagar,68,Saraswati Nagar,BC-A Other than Woman,BC_A,0,Sukhraj Singh,Dewinder Singh,0,0,Backward Class 'A' Other than Women,latin,1,8020,Yamunanagar__Saraswati-Nagar.pdf
Yamunanagar,Saraswati Nagar,69,Stari,Woman,NONE,1,Manju,Rakesh Kumar,0,0,Women,latin,1,8020,Yamunanagar__Saraswati-Nagar.pdf
Yamunanagar,Saraswati Nagar,70,Siyalba,SC Woman,SC,1,Pooja,Late Sanjeev Kumr,0,0,Scheduled Caste Women,latin,1,8020,Yamunanagar__Saraswati-Nagar.pdf
Yamunanagar,Saraswati Nagar,71,Sukhdaspur,Other than Woman,NONE,0,Bhupinder Singh,Rameshwar Dass,0,0,Other Than Women,latin,1,8020,Yamunanagar__Saraswati-Nagar.pdf
Yamunanagar,Saraswati Nagar,72,Sultanpur,Woman,NONE,1,Tarun Kumari,Pawan Kumar,0,0,Women,latin,1,8020,Yamunanagar__Saraswati-Nagar.pdf
Yamunanagar,Saraswati Nagar,73,Talakaur,Other than Woman,NONE,0,Sandeep Kumar,Surja Ram,0,0,Other Than Women,latin,1,8020,Yamunanagar__Saraswati-Nagar.pdf
Yamunanagar,Saraswati Nagar,74,Taprapur,Woman,NONE,1,Kusum Lata,Charan Singh,0,0,Women,latin,1,8020,Yamunanagar__Saraswati-Nagar.pdf
Yamunanagar,Saraswati Nagar,75,Tehi,SC Other than Woman,SC,0,Ramesh Kumar,Puran Chand,0,0,Scheduled Caste Other than Women,latin,1,8020,Yamunanagar__Saraswati-Nagar.pdf
Yamunanagar,Saraswati Nagar,76,Topra Khurd,Other than Woman,NONE,0,Davinder Singh,Manjit Singh,0,0,Other Than Women,latin,1,8020,Yamunanagar__Saraswati-Nagar.pdf
Yamunanagar,Saraswati Nagar,77,Uncha Chandana,Woman,NONE,1,Parmita,Dharam Pal,0,0,Women,latin,1,8020,Yamunanagar__Saraswati-Nagar.pdf
